Symbol,Date,Adj Close,Close,High,Low,Open,Volume
AAPL,2018-01-02,40.26708221435547,43.064998626708984,43.07500076293945,42.314998626708984,42.540000915527344,102223600
AAPL,2018-01-03,40.26005172729492,43.057498931884766,43.63750076293945,42.9900016784668,43.13249969482422,118071600
AAPL,2018-01-04,40.44707107543945,43.25749969482422,43.36750030517578,43.02000045776367,43.1349983215332,89738400
AAPL,2018-01-05,40.90757369995117,43.75,43.842498779296875,43.26250076293945,43.36000061035156,94640000
AAPL,2018-01-08,40.75563430786133,43.587501525878906,43.90250015258789,43.48249816894531,43.587501525878906,82271200
AAPL,2018-01-09,40.75096130371094,43.58250045776367,43.76499938964844,43.352500915527344,43.63750076293945,86336000
AAPL,2018-01-10,40.741607666015625,43.5724983215332,43.57500076293945,43.25,43.290000915527344,95839600
AAPL,2018-01-11,40.9730224609375,43.81999969482422,43.872501373291016,43.622501373291016,43.647499084472656,74670800
AAPL,2018-01-12,41.396121978759766,44.272499084472656,44.34000015258789,43.912498474121094,44.04499816894531,101672400
AAPL,2018-01-16,41.18574905395508,44.04750061035156,44.84749984741211,44.03499984741211,44.474998474121094,118263600
AAPL,2018-01-17,41.8659782409668,44.775001525878906,44.8125,43.76750183105469,44.037498474121094,137547200
AAPL,2018-01-18,41.90338897705078,44.814998626708984,45.025001525878906,44.5625,44.842498779296875,124773600
AAPL,2018-01-19,41.71638107299805,44.6150016784668,44.89500045776367,44.352500915527344,44.65250015258789,129700400
AAPL,2018-01-22,41.375091552734375,44.25,44.44499969482422,44.150001525878906,44.32500076293945,108434400
AAPL,2018-01-23,41.384429931640625,44.2599983215332,44.86000061035156,44.20500183105469,44.32500076293945,130756400
AAPL,2018-01-24,40.72523498535156,43.55500030517578,44.32500076293945,43.29999923706055,44.3125,204420400
AAPL,2018-01-25,39.99825668334961,42.77750015258789,43.73749923706055,42.63249969482422,43.627498626708984,166116000
AAPL,2018-01-26,40.09175109863281,42.877498626708984,43.0,42.51499938964844,43.0,156572000
AAPL,2018-01-29,39.261924743652344,41.9900016784668,42.540000915527344,41.76750183105469,42.540000915527344,202561600
AAPL,2018-01-30,39.03050231933594,41.74250030517578,41.842498779296875,41.17499923706055,41.38249969482422,184192800
AAPL,2018-01-31,39.13802719116211,41.85749816894531,42.11000061035156,41.625,41.717498779296875,129915600
AAPL,2018-02-01,39.2198486328125,41.94499969482422,42.154998779296875,41.689998626708984,41.79249954223633,188923200
AAPL,2018-02-02,37.51808166503906,40.125,41.70000076293945,40.025001525878906,41.5,346375200
AAPL,2018-02-05,36.58072280883789,39.122501373291016,40.970001220703125,39.0,39.775001525878906,290954000
AAPL,2018-02-06,38.10950469970703,40.75749969482422,40.93000030517578,38.5,38.70750045776367,272975200
AAPL,2018-02-07,37.29368209838867,39.8849983215332,40.849998474121094,39.76750183105469,40.772499084472656,206434400
AAPL,2018-02-08,36.26748275756836,38.787498474121094,40.25,38.75749969482422,40.0724983215332,217562000
AAPL,2018-02-09,36.71108627319336,39.102500915527344,39.47249984741211,37.560001373291016,39.26750183105469,282690400
AAPL,2018-02-12,38.18975830078125,40.6775016784668,40.97249984741211,39.377498626708984,39.625,243278000
AAPL,2018-02-13,38.57234191894531,41.084999084472656,41.1875,40.412498474121094,40.48749923706055,130196800
AAPL,2018-02-14,39.28351593017578,41.842498779296875,41.8849983215332,40.720001220703125,40.7599983215332,162579600
AAPL,2018-02-15,40.60258102416992,43.247501373291016,43.272499084472656,42.25,42.4474983215332,204588800
AAPL,2018-02-16,40.47115707397461,43.10749816894531,43.70500183105469,42.942501068115234,43.09000015258789,160704400
AAPL,2018-02-20,40.335025787353516,42.962501525878906,43.564998626708984,42.85499954223633,43.01250076293945,135722000
AAPL,2018-02-21,40.151947021484375,42.76750183105469,43.529998779296875,42.752498626708984,43.20750045776367,149886400
AAPL,2018-02-22,40.48757553100586,43.125,43.48749923706055,42.9275016784668,42.95000076293945,123967600
AAPL,2018-02-23,41.19171142578125,43.875,43.912498474121094,43.3849983215332,43.41749954223633,135249600
AAPL,2018-02-26,42.006160736083984,44.74250030517578,44.84749984741211,44.0525016784668,44.087501525878906,152648800
AAPL,2018-02-27,41.87002182006836,44.59749984741211,45.119998931884766,44.540000915527344,44.775001525878906,155712400
AAPL,2018-02-28,41.806644439697266,44.529998779296875,45.154998779296875,44.51250076293945,44.814998626708984,151128400
AAPL,2018-03-01,41.07435607910156,43.75,44.94499969482422,43.165000915527344,44.6349983215332,195208000
AAPL,2018-03-02,41.35835266113281,44.0525016784668,44.07500076293945,43.11249923706055,43.20000076293945,153816000
AAPL,2018-03-05,41.50153350830078,44.20500183105469,44.435001373291016,43.630001068115234,43.8025016784668,113605600
AAPL,2018-03-06,41.466331481933594,44.16749954223633,44.5625,44.032501220703125,44.477500915527344,95154000
AAPL,2018-03-07,41.08139419555664,43.75749969482422,43.962501525878906,43.567501068115234,43.73500061035156,126814000
AAPL,2018-03-08,41.52970504760742,44.23500061035156,44.279998779296875,43.76750183105469,43.869998931884766,95096400
AAPL,2018-03-09,42.24321746826172,44.994998931884766,45.0,44.34749984741211,44.4900016784668,128740800
AAPL,2018-03-12,42.65161895751953,45.43000030517578,45.59749984741211,45.0525016784668,45.0724983215332,128828400
AAPL,2018-03-13,42.24087142944336,44.99250030517578,45.875,44.810001373291016,45.647499084472656,126774000
AAPL,2018-03-14,41.88176345825195,44.61000061035156,45.130001068115234,44.45249938964844,45.08000183105469,117473600
AAPL,2018-03-15,41.931060791015625,44.662498474121094,45.060001373291016,44.51750183105469,44.625,90975200
AAPL,2018-03-16,41.783180236816406,44.505001068115234,44.779998779296875,44.404998779296875,44.662498474121094,157618800
AAPL,2018-03-19,41.144775390625,43.82500076293945,44.36750030517578,43.415000915527344,44.33000183105469,133787200
AAPL,2018-03-20,41.13069534301758,43.810001373291016,44.20000076293945,43.73500061035156,43.810001373291016,78597600
AAPL,2018-03-21,40.19888687133789,42.817501068115234,43.772499084472656,42.814998626708984,43.7599983215332,148219600
AAPL,2018-03-22,39.63088607788086,42.212501525878906,43.16999816894531,42.150001525878906,42.5,165963200
AAPL,2018-03-23,38.71316909790039,41.23500061035156,42.47999954223633,41.23500061035156,42.09749984741211,164115200
AAPL,2018-03-26,40.550941467285156,43.192501068115234,43.275001525878906,41.61000061035156,42.01750183105469,150164800
AAPL,2018-03-27,39.51118087768555,42.084999084472656,43.787498474121094,41.72999954223633,43.41999816894531,163690400
AAPL,2018-03-28,39.07461166381836,41.619998931884766,42.505001068115234,41.29750061035156,41.8125,166674000
AAPL,2018-03-29,39.37975311279297,41.94499969482422,42.9375,41.724998474121094,41.95249938964844,153594000
AAPL,2018-04-02,39.12156677246094,41.66999816894531,42.23500061035156,41.11750030517578,41.65999984741211,150347200
AAPL,2018-04-03,39.52293014526367,42.09749984741211,42.1875,41.220001220703125,41.90999984741211,121112000
AAPL,2018-04-04,40.2786865234375,42.90250015258789,43.002498626708984,41.192501068115234,41.220001220703125,138422000
AAPL,2018-04-05,40.55799865722656,43.20000076293945,43.557498931884766,43.02000045776367,43.14500045776367,107732800
AAPL,2018-04-06,39.52056884765625,42.095001220703125,43.119998931884766,42.04999923706055,42.74250030517578,140021200
AAPL,2018-04-09,39.91254425048828,42.51250076293945,43.272499084472656,42.462501525878906,42.470001220703125,116070800
AAPL,2018-04-10,40.663612365722656,43.3125,43.5,42.88249969482422,43.25,113634400
AAPL,2018-04-11,40.4734992980957,43.11000061035156,43.47999954223633,42.92499923706055,43.057498931884766,89726400
AAPL,2018-04-12,40.87250900268555,43.53499984741211,43.75,43.2599983215332,43.352500915527344,91557200
AAPL,2018-04-13,41.0109748840332,43.682498931884766,43.959999084472656,43.462501525878906,43.69499969482422,100497200
AAPL,2018-04-16,41.26682662963867,43.95500183105469,44.04750061035156,43.70750045776367,43.75749969482422,86313600
AAPL,2018-04-17,41.83481979370117,44.560001373291016,44.73500061035156,44.102500915527344,44.122501373291016,106421600
AAPL,2018-04-18,41.740928649902344,44.459999084472656,44.70500183105469,44.220001220703125,44.45249938964844,83018000
AAPL,2018-04-19,40.55799865722656,43.20000076293945,43.84749984741211,43.165000915527344,43.439998626708984,139235200
AAPL,2018-04-20,38.89625549316406,41.43000030517578,42.80500030517578,41.35749816894531,42.650001525878906,261964400
AAPL,2018-04-23,38.783573150634766,41.310001373291016,41.72999954223633,41.022499084472656,41.70750045776367,146062000
AAPL,2018-04-24,38.24375915527344,40.73500061035156,41.58250045776367,40.30500030517578,41.41749954223633,134768000
AAPL,2018-04-25,38.41039276123047,40.912498474121094,41.35499954223633,40.602500915527344,40.654998779296875,113528400
AAPL,2018-04-26,38.54416275024414,41.05500030517578,41.432498931884766,40.842498779296875,41.029998779296875,111852000
AAPL,2018-04-27,38.098228454589844,40.58000183105469,41.08250045776367,40.157501220703125,41.0,142623200
AAPL,2018-04-30,38.78828811645508,41.314998626708984,41.814998626708984,40.459999084472656,40.532501220703125,169709600
AAPL,2018-05-01,39.689579010009766,42.275001525878906,42.29999923706055,41.317501068115234,41.602500915527344,214277600
AAPL,2018-05-02,41.4428596496582,44.14250183105469,44.4375,43.45000076293945,43.807498931884766,266157600
AAPL,2018-05-03,41.517967224121094,44.22249984741211,44.375,43.61000061035156,43.970001220703125,136272800
AAPL,2018-05-04,43.14686584472656,45.95750045776367,46.0625,44.54249954223633,44.5625,224805200
AAPL,2018-05-07,43.45901870727539,46.290000915527344,46.91749954223633,46.1875,46.29499816894531,169805600
AAPL,2018-05-08,43.66790008544922,46.51250076293945,46.55500030517578,45.91749954223633,46.247501373291016,113611200
AAPL,2018-05-09,43.97538375854492,46.84000015258789,46.849998474121094,46.30500030517578,46.63750076293945,92844800
AAPL,2018-05-10,44.60440444946289,47.5099983215332,47.592498779296875,46.912498474121094,46.935001373291016,111957200
AAPL,2018-05-11,44.43476867675781,47.147499084472656,47.51499938964844,46.86249923706055,47.372501373291016,104848800
AAPL,2018-05-14,44.33109664916992,47.037498474121094,47.38249969482422,46.96500015258789,47.252498626708984,83115200
AAPL,2018-05-15,43.92817687988281,46.61000061035156,46.76750183105469,46.275001525878906,46.69499969482422,94780800
AAPL,2018-05-16,44.338165283203125,47.04499816894531,47.1150016784668,46.5,46.51750183105469,76732400
AAPL,2018-05-17,44.057777404785156,46.747501373291016,47.227500915527344,46.59000015258789,47.0,69176000
AAPL,2018-05-18,43.89756393432617,46.57749938964844,46.95249938964844,46.532501220703125,46.79750061035156,73190800
AAPL,2018-05-21,44.20857620239258,46.907501220703125,47.317501068115234,46.727500915527344,47.0,73603200
AAPL,2018-05-22,44.09783172607422,46.790000915527344,47.220001220703125,46.69499969482422,47.095001220703125,60962800
AAPL,2018-05-23,44.38056945800781,47.09000015258789,47.125,46.439998626708984,46.587501525878906,80233600
AAPL,2018-05-24,44.33109664916992,47.037498474121094,47.209999084472656,46.5525016784668,47.192501068115234,92936000
AAPL,2018-05-25,44.432403564453125,47.14500045776367,47.412498474121094,46.912498474121094,47.057498931884766,69844000
AAPL,2018-05-29,44.27218246459961,46.974998474121094,47.1875,46.717498779296875,46.900001525878906,90056400
AAPL,2018-05-30,44.177940368652344,46.875,47.0,46.69499969482422,46.93000030517578,74762000
AAPL,2018-05-31,44.02949905395508,46.717498779296875,47.057498931884766,46.53499984741211,46.80500030517578,109931200
AAPL,2018-06-01,44.82352066040039,47.560001373291016,47.564998626708984,46.9375,46.997501373291016,93770000
AAPL,2018-06-04,45.198150634765625,47.95750045776367,48.35499954223633,47.837501525878906,47.90999984741211,105064800
AAPL,2018-06-05,45.54685592651367,48.32749938964844,48.48500061035156,48.09000015258789,48.26750183105469,86264000
AAPL,2018-06-06,45.704734802246094,48.494998931884766,48.52000045776367,47.97999954223633,48.407501220703125,83734400
AAPL,2018-06-07,45.58220672607422,48.3650016784668,48.54999923706055,48.084999084472656,48.53499984741211,85388800
AAPL,2018-06-08,45.16753387451172,47.92499923706055,48.0,47.442501068115234,47.79249954223633,106627200
AAPL,2018-06-11,45.05678176879883,47.807498931884766,47.99250030517578,47.5525016784668,47.837501525878906,73234000
AAPL,2018-06-12,45.304176330566406,48.06999969482422,48.15250015258789,47.787498474121094,47.84749984741211,67644400
AAPL,2018-06-13,44.931907653808594,47.67499923706055,48.220001220703125,47.61000061035156,48.10499954223633,86553600
AAPL,2018-06-14,44.95547866821289,47.70000076293945,47.89250183105469,47.55500030517578,47.88750076293945,86440400
AAPL,2018-06-15,44.4936637878418,47.209999084472656,47.540000915527344,47.064998626708984,47.50749969482422,246876800
AAPL,2018-06-18,44.47011184692383,47.185001373291016,47.30500030517578,46.79999923706055,46.970001220703125,73939600
AAPL,2018-06-19,43.75148391723633,46.42250061035156,46.58250045776367,45.86249923706055,46.28499984741211,134314000
AAPL,2018-06-20,43.94232940673828,46.625,46.79999923706055,46.432498931884766,46.587501525878906,82514800
AAPL,2018-06-21,43.69728469848633,46.3650016784668,47.087501525878906,46.23500061035156,46.8125,102847600
AAPL,2018-06-22,43.57006072998047,46.22999954223633,46.537498474121094,46.17499923706055,46.529998779296875,108801600
AAPL,2018-06-25,42.9221076965332,45.54249954223633,46.22999954223633,45.182498931884766,45.849998474121094,126652400
AAPL,2018-06-26,43.4546012878418,46.10749816894531,46.63249969482422,45.6349983215332,45.747501373291016,98276800
AAPL,2018-06-27,43.3909797668457,46.040000915527344,46.81999969482422,46.00749969482422,46.307498931884766,101141200
AAPL,2018-06-28,43.706703186035156,46.375,46.5525016784668,45.95000076293945,46.025001525878906,69460800
AAPL,2018-06-29,43.61481857299805,46.27750015258789,46.79750061035156,45.727500915527344,46.5724983215332,90950800
AAPL,2018-07-02,44.102535247802734,46.79499816894531,46.82500076293945,45.85499954223633,45.95500183105469,70925200
AAPL,2018-07-03,43.33444595336914,45.97999954223633,46.98749923706055,45.8849983215332,46.9474983215332,55819200
AAPL,2018-07-05,43.68314743041992,46.349998474121094,46.602500915527344,46.06999969482422,46.314998626708984,66416800
AAPL,2018-07-06,44.28867721557617,46.99250030517578,47.10749816894531,46.29999923706055,46.35499954223633,69940800
AAPL,2018-07-09,44.903629302978516,47.64500045776367,47.66999816894531,47.32500076293945,47.375,79026400
AAPL,2018-07-10,44.84944152832031,47.587501525878906,47.81999969482422,47.54499816894531,47.6775016784668,63756400
AAPL,2018-07-11,44.26747512817383,46.970001220703125,47.44499969482422,46.90250015258789,47.125,75326000
AAPL,2018-07-12,45.00965881347656,47.75749969482422,47.852500915527344,47.32749938964844,47.38249969482422,72164400
AAPL,2018-07-13,45.080360412597656,47.83250045776367,47.959999084472656,47.724998474121094,47.77000045776367,50055600
AAPL,2018-07-16,44.981388092041016,47.727500915527344,48.162498474121094,47.60499954223633,47.880001068115234,60172400
AAPL,2018-07-17,45.10862350463867,47.86249923706055,47.967498779296875,47.29999923706055,47.4375,62138000
AAPL,2018-07-18,44.86122131347656,47.599998474121094,47.95000076293945,47.48249816894531,47.94499969482422,65573600
AAPL,2018-07-19,45.209930419921875,47.970001220703125,48.13750076293945,47.42250061035156,47.42250061035156,81147200
AAPL,2018-07-20,45.10626983642578,47.86000061035156,48.10749816894531,47.54249954223633,47.94499969482422,82704800
AAPL,2018-07-23,45.14632034301758,47.90250015258789,47.9900016784668,47.38999938964844,47.66999816894531,63957600
AAPL,2018-07-24,45.47382354736328,48.25,48.415000915527344,48.01250076293945,48.11249923706055,74791600
AAPL,2018-07-25,45.90263748168945,48.70500183105469,48.712501525878906,48.10749816894531,48.26499938964844,66839600
AAPL,2018-07-26,45.758934020996094,48.5525016784668,48.9900016784668,48.40250015258789,48.65250015258789,76304000
AAPL,2018-07-27,44.997886657714844,47.744998931884766,48.79750061035156,47.525001525878906,48.747501373291016,96096000
AAPL,2018-07-30,44.74578857421875,47.477500915527344,48.04999923706055,47.26750183105469,47.974998474121094,84118000
AAPL,2018-07-31,44.835304260253906,47.5724983215332,48.03499984741211,47.334999084472656,47.57500076293945,157492000
AAPL,2018-08-01,47.4765625,50.375,50.439998626708984,49.32749938964844,49.782501220703125,271742800
AAPL,2018-08-02,48.864341735839844,51.84749984741211,52.095001220703125,50.087501525878906,50.14500045776367,249616000
AAPL,2018-08-03,49.00570297241211,51.997501373291016,52.185001373291016,51.369998931884766,51.75749969482422,133789600
AAPL,2018-08-06,49.26017761230469,52.26750183105469,52.3125,51.76750183105469,52.0,101701600
AAPL,2018-08-07,48.798362731933594,51.77750015258789,52.375,51.689998626708984,52.33000183105469,102349600
AAPL,2018-08-08,48.83135223388672,51.8125,51.95249938964844,51.130001068115234,51.51250076293945,90102000
AAPL,2018-08-09,49.215415954589844,52.220001220703125,52.44499969482422,51.79999923706055,52.38249969482422,93970400
AAPL,2018-08-10,49.06880569458008,51.88249969482422,52.275001525878906,51.66749954223633,51.84000015258789,98444800
AAPL,2018-08-13,49.385643005371094,52.217498779296875,52.73749923706055,51.92499923706055,52.32749938964844,103563600
AAPL,2018-08-14,49.59371566772461,52.4375,52.63999938964844,52.064998626708984,52.540000915527344,82992000
AAPL,2018-08-15,49.709571838378906,52.560001373291016,52.685001373291016,52.08250045776367,52.30500030517578,115230400
AAPL,2018-08-16,50.43781661987305,53.33000183105469,53.45249938964844,52.86750030517578,52.9375,114001600
AAPL,2018-08-17,51.4450569152832,54.39500045776367,54.48749923706055,53.290000915527344,53.36000061035156,141708000
AAPL,2018-08-20,50.94380187988281,53.8650016784668,54.79499816894531,53.77750015258789,54.525001525878906,121150800
AAPL,2018-08-21,50.844482421875,53.7599983215332,54.29750061035156,53.50749969482422,54.20000076293945,104639200
AAPL,2018-08-22,50.84685516357422,53.76250076293945,54.09000015258789,53.459999084472656,53.525001525878906,76072400
AAPL,2018-08-23,50.95088577270508,53.872501373291016,54.26250076293945,53.650001525878906,53.662498474121094,75532800
AAPL,2018-08-24,51.10930633544922,54.040000915527344,54.224998474121094,53.77750015258789,54.150001525878906,73905600
AAPL,2018-08-27,51.530174255371094,54.48500061035156,54.685001373291016,54.08250045776367,54.287498474121094,82100400
AAPL,2018-08-28,51.946311950683594,54.92499923706055,55.1349983215332,54.72999954223633,54.752498626708984,91107200
AAPL,2018-08-29,52.72183609008789,55.744998931884766,55.872501373291016,54.852500915527344,55.037498474121094,109019200
AAPL,2018-08-30,53.2065544128418,56.25749969482422,57.064998626708984,55.599998474121094,55.8125,195175200
AAPL,2018-08-31,53.82130432128906,56.907501220703125,57.217498779296875,56.5,56.627498626708984,173360400
AAPL,2018-09-04,53.993900299072266,57.09000015258789,57.29499816894531,56.657501220703125,57.102500915527344,109560400
AAPL,2018-09-05,53.6416015625,56.717498779296875,57.41749954223633,56.275001525878906,57.247501373291016,133332000
AAPL,2018-09-06,52.750213623046875,55.775001525878906,56.837501525878906,55.32500076293945,56.557498931884766,137160000
AAPL,2018-09-07,52.32461929321289,55.32500076293945,56.342498779296875,55.1775016784668,55.462501525878906,150479200
AAPL,2018-09-10,51.62238311767578,54.58250045776367,55.462501525878906,54.11750030517578,55.23749923706055,158066000
AAPL,2018-09-11,52.92753982543945,55.962501525878906,56.07500076293945,54.13999938964844,54.502498626708984,142996000
AAPL,2018-09-12,52.270225524902344,55.26750183105469,56.25,54.959999084472656,56.23500061035156,197114800
AAPL,2018-09-13,53.532840728759766,56.602500915527344,57.087501525878906,55.64250183105469,55.880001068115234,166825600
AAPL,2018-09-14,52.925174713134766,55.959999084472656,56.709999084472656,55.630001068115234,56.4375,127997200
AAPL,2018-09-17,51.51598358154297,54.470001220703125,55.73749923706055,54.317501068115234,55.537498474121094,148780400
AAPL,2018-09-18,51.601104736328125,54.560001373291016,55.462501525878906,54.279998779296875,54.4474983215332,126286800
AAPL,2018-09-19,51.63184356689453,54.592498779296875,54.904998779296875,53.82500076293945,54.625,108495200
AAPL,2018-09-20,52.02434158325195,55.00749969482422,55.56999969482422,54.787498474121094,55.060001373291016,106435200
AAPL,2018-09-21,51.4639778137207,54.415000915527344,55.34000015258789,54.3224983215332,55.19499969482422,384986800
AAPL,2018-09-24,52.20402908325195,55.1974983215332,55.314998626708984,54.157501220703125,54.20500183105469,110773600
AAPL,2018-09-25,52.535057067871094,55.54750061035156,55.70500183105469,54.92499923706055,54.9375,98217600
AAPL,2018-09-26,52.116546630859375,55.10499954223633,55.9375,54.939998626708984,55.25,95938800
AAPL,2018-09-27,53.1876220703125,56.23749923706055,56.61000061035156,55.8849983215332,55.95500183105469,120724800
AAPL,2018-09-28,53.37442398071289,56.435001373291016,56.459999084472656,56.005001068115234,56.1974983215332,91717600
AAPL,2018-10-01,53.73380661010742,56.814998626708984,57.35499954223633,56.587501525878906,56.98749923706055,94403200
AAPL,2018-10-02,54.21143341064453,57.31999969482422,57.5,56.657501220703125,56.8125,99152800
AAPL,2018-10-03,54.87110137939453,58.01750183105469,58.36750030517578,57.44499969482422,57.51250076293945,114619200
AAPL,2018-10-04,53.90641403198242,56.997501373291016,58.087501525878906,56.682498931884766,57.69499969482422,128168000
AAPL,2018-10-05,53.03156661987305,56.0724983215332,57.102500915527344,55.14500045776367,56.9900016784668,134322000
AAPL,2018-10-08,52.908626556396484,55.942501068115234,56.20000076293945,55.04999923706055,55.5525016784668,118655600
AAPL,2018-10-09,53.6416015625,56.717498779296875,56.817501068115234,55.5625,55.90999984741211,107564000
AAPL,2018-10-10,51.15658187866211,54.09000015258789,56.587501525878906,54.01250076293945,56.3650016784668,167962400
AAPL,2018-10-11,50.704994201660156,53.61249923706055,54.875,53.08000183105469,53.630001068115234,212497600
AAPL,2018-10-12,52.516136169433594,55.52750015258789,55.720001220703125,54.209999084472656,55.10499954223633,161351600
AAPL,2018-10-15,51.39303970336914,54.34000015258789,55.45750045776367,54.317501068115234,55.290000915527344,123164000
AAPL,2018-10-16,52.52559280395508,55.537498474121094,55.747501373291016,54.189998626708984,54.73249816894531,116736000
AAPL,2018-10-17,52.298622131347656,55.29750061035156,55.65999984741211,54.834999084472656,55.57500076293945,91541600
AAPL,2018-10-18,51.07620620727539,54.005001068115234,54.935001373291016,53.25,54.46500015258789,130325200
AAPL,2018-10-19,51.85409927368164,54.82749938964844,55.314998626708984,54.35749816894531,54.51499938964844,132314800
AAPL,2018-10-22,52.17093276977539,55.162498474121094,55.84000015258789,54.73500061035156,54.9474983215332,115168400
AAPL,2018-10-23,52.662715911865234,55.682498931884766,55.8125,53.67499923706055,53.95750045776367,155071200
AAPL,2018-10-24,50.85630798339844,53.772499084472656,56.057498931884766,53.6349983215332,55.650001525878906,163702000
AAPL,2018-10-25,51.96995162963867,54.95000076293945,55.345001220703125,54.1875,54.4275016784668,119423200
AAPL,2018-10-26,51.14240646362305,54.07500076293945,55.04750061035156,53.16749954223633,53.974998474121094,189033600
AAPL,2018-10-29,50.182456970214844,53.060001373291016,54.92250061035156,51.522499084472656,54.79750061035156,183742000
AAPL,2018-10-30,50.43309020996094,53.32500076293945,53.79499816894531,52.317501068115234,52.787498474121094,146640000
AAPL,2018-10-31,51.74772262573242,54.71500015258789,55.11249923706055,54.154998779296875,54.220001220703125,153435600
AAPL,2018-11-01,52.542144775390625,55.55500030517578,55.59000015258789,54.20249938964844,54.76250076293945,233292800
AAPL,2018-11-02,49.05698776245117,51.869998931884766,53.412498474121094,51.35749816894531,52.38750076293945,365314800
AAPL,2018-11-05,47.664344787597656,50.397499084472656,51.09749984741211,49.54249954223633,51.07500076293945,264654800
AAPL,2018-11-06,48.17978286743164,50.942501068115234,51.18000030517578,50.42250061035156,50.47999954223633,127531600
AAPL,2018-11-07,49.6409912109375,52.48749923706055,52.51499938964844,51.032501220703125,51.49250030517578,133697600
AAPL,2018-11-08,49.46779251098633,52.122501373291016,52.529998779296875,51.6875,52.494998931884766,101450400
AAPL,2018-11-09,48.51397705078125,51.11750030517578,51.502498626708984,50.5625,51.38750076293945,137463200
AAPL,2018-11-12,46.07012939453125,48.54249954223633,49.962501525878906,48.4474983215332,49.75,204542000
AAPL,2018-11-13,45.60983657836914,48.057498931884766,49.29499816894531,47.86249923706055,47.907501220703125,187531600
AAPL,2018-11-14,44.32148361206055,46.70000076293945,48.619998931884766,46.48249816894531,48.474998474121094,243204000
AAPL,2018-11-15,45.4152717590332,47.852500915527344,47.99250030517578,46.724998474121094,47.09749984741211,185915200
AAPL,2018-11-16,45.918277740478516,48.38249969482422,48.74250030517578,47.3650016784668,47.625,147713200
AAPL,2018-11-19,44.09844970703125,46.46500015258789,47.67499923706055,46.247501373291016,47.5,167701200
AAPL,2018-11-20,41.991519927978516,44.244998931884766,45.36750030517578,43.877498626708984,44.592498779296875,271300800
AAPL,2018-11-21,41.944061279296875,44.19499969482422,45.067501068115234,44.13750076293945,44.932498931884766,124496800
AAPL,2018-11-23,40.87873077392578,43.0724983215332,44.150001525878906,43.025001525878906,43.73500061035156,94496000
AAPL,2018-11-26,41.43156433105469,43.654998779296875,43.73749923706055,42.564998626708984,43.560001373291016,179994000
AAPL,2018-11-27,41.341407775878906,43.560001373291016,43.692501068115234,42.720001220703125,42.877498626708984,165549600
AAPL,2018-11-28,42.931087493896484,45.23500061035156,45.3224983215332,43.73249816894531,44.182498931884766,184250000
AAPL,2018-11-29,42.60129165649414,44.88750076293945,45.70000076293945,44.42499923706055,45.665000915527344,167080000
AAPL,2018-11-30,42.371131896972656,44.64500045776367,45.08250045776367,44.25749969482422,45.0724983215332,158126000
AAPL,2018-12-03,43.8516731262207,46.20500183105469,46.23500061035156,45.3025016784668,46.1150016784668,163210000
AAPL,2018-12-04,41.92270278930664,44.17250061035156,45.59749984741211,44.067501068115234,45.23749923706055,165377200
AAPL,2018-12-06,41.45528793334961,43.68000030517578,43.69499969482422,42.60499954223633,42.939998626708984,172393600
AAPL,2018-12-07,39.977108001708984,42.122501373291016,43.622501373291016,42.07500076293945,43.372501373291016,169126400
AAPL,2018-12-10,40.240482330322266,42.400001525878906,42.522499084472656,40.83250045776367,41.25,248104000
AAPL,2018-12-11,40.01033020019531,42.157501220703125,42.9474983215332,41.75,42.915000915527344,189126800
AAPL,2018-12-12,40.12186050415039,42.275001525878906,42.97999954223633,42.255001068115234,42.599998474121094,142510800
AAPL,2018-12-13,40.56079864501953,42.73749923706055,43.14250183105469,42.38750076293945,42.622501373291016,127594400
AAPL,2018-12-14,39.262943267822266,41.369998931884766,42.27000045776367,41.31999969482422,42.25,162814800
AAPL,2018-12-17,38.89754867553711,40.98500061035156,42.087501525878906,40.682498931884766,41.36249923706055,177151600
AAPL,2018-12-18,39.402923583984375,41.51750183105469,41.88249969482422,41.09749984741211,41.345001220703125,135366000
AAPL,2018-12-19,38.17388153076172,40.22249984741211,41.86249923706055,39.772499084472656,41.5,196189200
AAPL,2018-12-20,37.21058654785156,39.20750045776367,40.52750015258789,38.82500076293945,40.099998474121094,259092000
AAPL,2018-12-21,35.76325988769531,37.682498931884766,39.540000915527344,37.407501220703125,39.21500015258789,382978400
AAPL,2018-12-24,34.83791732788086,36.70750045776367,37.88750076293945,36.647499084472656,37.037498474121094,148676800
AAPL,2018-12-26,37.29125213623047,39.29249954223633,39.307498931884766,36.68000030517578,37.07500076293945,234330000
AAPL,2018-12-27,37.04924011230469,39.037498474121094,39.192501068115234,37.51750183105469,38.959999084472656,212468400
AAPL,2018-12-28,37.06821823120117,39.057498931884766,39.630001068115234,38.63750076293945,39.375,169165600
AAPL,2018-12-31,37.42649841308594,39.435001373291016,39.84000015258789,39.119998931884766,39.63249969482422,140014000
AAPL,2019-01-02,37.469207763671875,39.47999954223633,39.712501525878906,38.557498931884766,38.72249984741211,148158800
AAPL,2019-01-03,33.73699188232422,35.54750061035156,36.43000030517578,35.5,35.994998931884766,365248800
AAPL,2019-01-04,35.17720413208008,37.064998626708984,37.13750076293945,35.95000076293945,36.13249969482422,234428400
AAPL,2019-01-07,35.098899841308594,36.98249816894531,37.20750045776367,36.474998474121094,37.17499923706055,219111200
AAPL,2019-01-08,35.76800537109375,37.6875,37.95500183105469,37.130001068115234,37.38999938964844,164101200
AAPL,2019-01-09,36.37540054321289,38.32749938964844,38.63249969482422,37.407501220703125,37.8224983215332,180396400
AAPL,2019-01-10,36.49167251586914,38.45000076293945,38.49250030517578,37.71500015258789,38.125,143122800
AAPL,2019-01-11,36.13339614868164,38.0724983215332,38.42499923706055,37.877498626708984,38.220001220703125,108092800
AAPL,2019-01-14,35.59004211425781,37.5,37.817501068115234,37.30500030517578,37.712501525878906,129756800
AAPL,2019-01-15,36.31847381591797,38.26750183105469,38.34749984741211,37.51250076293945,37.567501068115234,114843600
AAPL,2019-01-16,36.762149810791016,38.73500061035156,38.970001220703125,38.25,38.27000045776367,122278800
AAPL,2019-01-17,36.98043441772461,38.96500015258789,39.415000915527344,38.314998626708984,38.54999923706055,119284800
AAPL,2019-01-18,37.20821762084961,39.20500183105469,39.470001220703125,38.994998931884766,39.375,135004000
AAPL,2019-01-22,36.3730354309082,38.32500076293945,39.182498931884766,38.154998779296875,39.102500915527344,121576000
AAPL,2019-01-23,36.52013397216797,38.47999954223633,38.78499984741211,37.92499923706055,38.537498474121094,92522400
AAPL,2019-01-24,36.23066329956055,38.17499923706055,38.619998931884766,37.935001373291016,38.52750015258789,101766000
AAPL,2019-01-25,37.431243896484375,39.439998626708984,39.532501220703125,38.58000183105469,38.869998931884766,134142000
AAPL,2019-01-28,37.0848388671875,39.07500076293945,39.08250045776367,38.415000915527344,38.9474983215332,104768400
AAPL,2019-01-29,36.70045471191406,38.66999816894531,39.532501220703125,38.52750015258789,39.0625,166348800
AAPL,2019-01-30,39.208377838134766,41.3125,41.537498474121094,40.057498931884766,40.8125,244439200
AAPL,2019-01-31,39.490726470947266,41.61000061035156,42.25,41.13999938964844,41.52750015258789,162958400
AAPL,2019-02-01,39.50970458984375,41.630001068115234,42.244998931884766,41.48249816894531,41.7400016784668,130672400
AAPL,2019-02-04,40.63197326660156,42.8125,42.915000915527344,41.81999969482422,41.852500915527344,125982000
AAPL,2019-02-05,41.32716751098633,43.54499816894531,43.77000045776367,43.087501525878906,43.21500015258789,144406400
AAPL,2019-02-06,41.341407775878906,43.560001373291016,43.89250183105469,43.212501525878906,43.662498474121094,112958400
AAPL,2019-02-07,40.55842590332031,42.73500061035156,43.48500061035156,42.584999084472656,43.099998474121094,126966800
AAPL,2019-02-08,40.606082916259766,42.602500915527344,42.665000915527344,42.10499954223633,42.247501373291016,95280000
AAPL,2019-02-11,40.372554779052734,42.35749816894531,42.8025016784668,42.3125,42.76250076293945,83973600
AAPL,2019-02-12,40.72045135498047,42.72249984741211,42.75,42.42499923706055,42.525001525878906,89134000
AAPL,2019-02-13,40.55126953125,42.54499816894531,43.119998931884766,42.47999954223633,42.84749984741211,89960800
AAPL,2019-02-14,40.699012756347656,42.70000076293945,42.814998626708984,42.345001220703125,42.4275016784668,87342800
AAPL,2019-02-15,40.608455657958984,42.60499954223633,42.92499923706055,42.4375,42.8125,98507200
AAPL,2019-02-19,40.729984283447266,42.73249816894531,42.86000061035156,42.372501373291016,42.4275016784668,75891200
AAPL,2019-02-20,40.992088317871094,43.00749969482422,43.33000183105469,42.747501373291016,42.79750061035156,104457600
AAPL,2019-02-21,40.760955810546875,42.76499938964844,43.092498779296875,42.57500076293945,42.95000076293945,68998800
AAPL,2019-02-22,41.21609878540039,43.24250030517578,43.25,42.845001220703125,42.89500045776367,75652800
AAPL,2019-02-25,41.51633071899414,43.557498931884766,43.967498779296875,43.48749923706055,43.540000915527344,87493600
AAPL,2019-02-26,41.54015350341797,43.58250045776367,43.82500076293945,43.29249954223633,43.4275016784668,68280800
AAPL,2019-02-27,41.6688346862793,43.717498779296875,43.75,43.182498931884766,43.3025016784668,111341600
AAPL,2019-02-28,41.25897979736328,43.287498474121094,43.727500915527344,43.22999954223633,43.58000183105469,112861600
AAPL,2019-03-01,41.692665100097656,43.74250030517578,43.787498474121094,43.22249984741211,43.56999969482422,103544800
AAPL,2019-03-04,41.90234375,43.962501525878906,44.4375,43.49250030517578,43.92250061035156,109744800
AAPL,2019-03-05,41.82609558105469,43.88249969482422,44.0,43.6349983215332,43.98500061035156,78949600
AAPL,2019-03-06,41.585426330566406,43.630001068115234,43.872501373291016,43.48500061035156,43.66749954223633,83241600
AAPL,2019-03-07,41.104087829589844,43.125,43.61000061035156,43.005001068115234,43.467498779296875,99185600
AAPL,2019-03-08,41.2017936706543,43.227500915527344,43.26750183105469,42.375,42.58000183105469,95997600
AAPL,2019-03-11,42.62910461425781,44.724998474121094,44.779998779296875,43.837501525878906,43.872501373291016,128044000
AAPL,2019-03-12,43.108070373535156,45.227500915527344,45.66749954223633,44.842498779296875,45.0,129870400
AAPL,2019-03-13,43.29869079589844,45.4275016784668,45.82500076293945,45.22999954223633,45.5625,124130000
AAPL,2019-03-14,43.780025482177734,45.932498931884766,46.025001525878906,45.63999938964844,45.974998474121094,94318000
AAPL,2019-03-15,44.349525451660156,46.529998779296875,46.83250045776367,45.935001373291016,46.212501525878906,156171600
AAPL,2019-03-18,44.80226135253906,47.005001068115234,47.09749984741211,46.4474983215332,46.45000076293945,104879200
AAPL,2019-03-19,44.447227478027344,46.63249969482422,47.247501373291016,46.47999954223633,47.087501525878906,126585600
AAPL,2019-03-20,44.83563232421875,47.040000915527344,47.372501373291016,46.182498931884766,46.557498931884766,124140800
AAPL,2019-03-21,46.48693084716797,48.772499084472656,49.08250045776367,47.45249938964844,47.505001068115234,204136800
AAPL,2019-03-22,45.52427291870117,47.76250076293945,49.42250061035156,47.69499969482422,48.834999084472656,169630800
AAPL,2019-03-25,44.97383499145508,47.185001373291016,47.994998931884766,46.650001525878906,47.877498626708984,175381200
AAPL,2019-03-26,44.50918197631836,46.6974983215332,48.220001220703125,46.14500045776367,47.915000915527344,199202000
AAPL,2019-03-27,44.90950012207031,47.11750030517578,47.439998626708984,46.63750076293945,47.1875,119393600
AAPL,2019-03-28,44.96907424926758,47.18000030517578,47.38999938964844,46.88249969482422,47.23749923706055,83121600
AAPL,2019-03-29,45.26215744018555,47.48749923706055,47.52000045776367,47.1349983215332,47.45750045776367,94256000
AAPL,2019-04-01,45.56955337524414,47.810001373291016,47.91999816894531,47.095001220703125,47.90999984741211,111448000
AAPL,2019-04-02,46.231971740722656,48.505001068115234,48.6150016784668,47.76250076293945,47.772499084472656,91062800
AAPL,2019-04-03,46.548892974853516,48.837501525878906,49.125,48.287498474121094,48.3125,93087200
AAPL,2019-04-04,46.629913330078125,48.92250061035156,49.092498779296875,48.28499984741211,48.6974983215332,76457200
AAPL,2019-04-05,46.94207000732422,49.25,49.275001525878906,48.98249816894531,49.11249923706055,74106400
AAPL,2019-04-08,47.680755615234375,50.025001525878906,50.057498931884766,49.084999084472656,49.10499954223633,103526800
AAPL,2019-04-09,47.53777313232422,49.875,50.712501525878906,49.807498931884766,50.08000183105469,143072800
AAPL,2019-04-10,47.80464553833008,50.154998779296875,50.185001373291016,49.54499816894531,49.66999816894531,86781200
AAPL,2019-04-11,47.40672302246094,49.73749923706055,50.25,49.61000061035156,50.212501525878906,83603200
AAPL,2019-04-12,47.38766098022461,49.717498779296875,50.03499984741211,49.0525016784668,49.79999923706055,111042800
AAPL,2019-04-15,47.47343826293945,49.807498931884766,49.962501525878906,49.502498626708984,49.64500045776367,70146400
AAPL,2019-04-16,47.478214263916016,49.8125,50.342498779296875,49.63999938964844,49.8650016784668,102785600
AAPL,2019-04-17,48.40275573730469,50.782501220703125,50.845001220703125,49.65250015258789,49.8849983215332,115627200
AAPL,2019-04-18,48.576698303222656,50.96500015258789,51.037498474121094,50.630001068115234,50.779998779296875,96783200
AAPL,2019-04-22,48.73634719848633,51.13249969482422,51.23500061035156,50.584999084472656,50.70750045776367,77758000
AAPL,2019-04-23,49.43928527832031,51.869998931884766,51.9375,50.974998474121094,51.10749816894531,93292000
AAPL,2019-04-24,49.363040924072266,51.790000915527344,52.119998931884766,51.76250076293945,51.84000015258789,70162400
AAPL,2019-04-25,48.9150505065918,51.31999969482422,51.939998626708984,51.279998779296875,51.70750045776367,74172800
AAPL,2019-04-26,48.681541442871094,51.07500076293945,51.25,50.529998779296875,51.224998474121094,74596400
AAPL,2019-04-29,48.755409240722656,51.15250015258789,51.49250030517578,50.96500015258789,51.099998474121094,88818800
AAPL,2019-04-30,47.81657028198242,50.16749954223633,50.849998474121094,49.77750015258789,50.76499938964844,186139600
AAPL,2019-05-01,50.163673400878906,52.630001068115234,53.82749938964844,52.307498931884766,52.470001220703125,259309200
AAPL,2019-05-02,49.83722686767578,52.287498474121094,53.162498474121094,52.032501220703125,52.459999084472656,127985200
AAPL,2019-05-03,50.456764221191406,52.9375,52.959999084472656,52.557498931884766,52.72249984741211,83569600
AAPL,2019-05-06,49.67756652832031,52.119998931884766,52.209999084472656,50.875,51.0724983215332,129772400
AAPL,2019-05-07,48.33842086791992,50.71500015258789,51.85499954223633,50.20750045776367,51.470001220703125,155054800
AAPL,2019-05-08,48.34793472290039,50.724998474121094,51.334999084472656,50.4375,50.474998474121094,105358000
AAPL,2019-05-09,47.82847595214844,50.18000030517578,50.41999816894531,49.165000915527344,50.099998474121094,139634400
AAPL,2019-05-10,47.165889739990234,49.29499816894531,49.712501525878906,48.192501068115234,49.35499954223633,164834800
AAPL,2019-05-13,44.42463684082031,46.43000030517578,47.369998931884766,45.712501525878906,46.9275016784668,229722400
AAPL,2019-05-14,45.12788391113281,47.165000915527344,47.42499923706055,46.352500915527344,46.602500915527344,146118800
AAPL,2019-05-15,45.66849136352539,47.72999954223633,47.9375,46.505001068115234,46.567501068115234,106178800
AAPL,2019-05-16,45.467567443847656,47.52000045776367,48.11750030517578,47.209999084472656,47.477500915527344,132125600
AAPL,2019-05-17,45.20920944213867,47.25,47.724998474121094,46.689998626708984,46.73249816894531,131516400
AAPL,2019-05-20,43.795528411865234,45.772499084472656,46.087501525878906,45.06999969482422,45.880001068115234,154449200
AAPL,2019-05-21,44.635135650634766,46.650001525878906,47.0,46.17499923706055,46.30500030517578,113459200
AAPL,2019-05-22,43.72137451171875,45.69499969482422,46.4275016784668,45.63750076293945,46.165000915527344,118994400
AAPL,2019-05-23,42.975074768066406,44.915000915527344,45.1349983215332,44.45249938964844,44.95000076293945,146118800
AAPL,2019-05-24,42.810020446777344,44.74250030517578,45.53499984741211,44.654998779296875,45.04999923706055,94858800
AAPL,2019-05-28,42.63301467895508,44.557498931884766,45.147499084472656,44.477500915527344,44.72999954223633,111792800
AAPL,2019-05-29,42.429691314697266,44.345001220703125,44.837501525878906,44.0,44.10499954223633,113924800
AAPL,2019-05-30,42.649757385253906,44.57500076293945,44.807498931884766,44.16749954223633,44.48749923706055,84873600
AAPL,2019-05-31,41.877140045166016,43.76750183105469,44.497501373291016,43.747501373291016,44.057498931884766,108174400
AAPL,2019-06-03,41.4537467956543,43.32500076293945,44.47999954223633,42.567501068115234,43.900001525878906,161584400
AAPL,2019-06-04,42.97030258178711,44.90999984741211,44.95750045776367,43.630001068115234,43.86000061035156,123872000
AAPL,2019-06-05,43.663978576660156,45.6349983215332,46.247501373291016,45.28499984741211,46.06999969482422,119093600
AAPL,2019-06-06,44.30504608154297,46.30500030517578,46.36750030517578,45.537498474121094,45.77000045776367,90105200
AAPL,2019-06-07,45.48430633544922,47.537498474121094,47.97999954223633,46.442501068115234,46.627498626708984,122737600
AAPL,2019-06-10,46.06555938720703,48.14500045776367,48.842498779296875,47.904998779296875,47.95249938964844,104883600
AAPL,2019-06-11,46.5989875793457,48.70249938964844,49.0,48.400001525878906,48.71500015258789,107731600
AAPL,2019-06-12,46.45067596435547,48.54750061035156,48.99250030517578,48.34749984741211,48.48749923706055,73012800
AAPL,2019-06-13,46.44112014770508,48.537498474121094,49.1974983215332,48.400001525878906,48.67499923706055,86698400
AAPL,2019-06-14,46.10382843017578,48.185001373291016,48.397499084472656,47.57500076293945,47.88750076293945,75046000
AAPL,2019-06-17,46.37892150878906,48.47249984741211,48.7400016784668,48.04249954223633,48.224998474121094,58676400
AAPL,2019-06-18,47.469688415527344,49.61249923706055,50.0724983215332,48.8025016784668,49.01250076293945,106204000
AAPL,2019-06-19,47.3309440612793,49.467498779296875,49.970001220703125,49.32749938964844,49.91999816894531,84496800
AAPL,2019-06-20,47.711273193359375,49.8650016784668,50.15250015258789,49.50749969482422,50.092498779296875,86056000
AAPL,2019-06-21,47.548622131347656,49.69499969482422,50.212501525878906,49.537498474121094,49.70000076293945,191202400
AAPL,2019-06-24,47.50077819824219,49.64500045776367,50.040000915527344,49.54249954223633,49.6349983215332,72881600
AAPL,2019-06-25,46.780784606933594,48.89250183105469,49.814998626708984,48.8224983215332,49.60749816894531,84281200
AAPL,2019-06-26,47.792598724365234,49.95000076293945,50.247501373291016,49.337501525878906,49.442501068115234,104270000
AAPL,2019-06-27,47.77825164794922,49.935001373291016,50.39250183105469,49.89250183105469,50.0724983215332,83598800
AAPL,2019-06-28,47.34290313720703,49.47999954223633,49.875,49.26250076293945,49.66999816894531,124442400
AAPL,2019-07-01,48.21120834350586,50.38750076293945,51.122501373291016,50.162498474121094,50.79249954223633,109012000
AAPL,2019-07-02,48.49345779418945,50.682498931884766,50.782501220703125,50.34000015258789,50.352500915527344,67740800
AAPL,2019-07-03,48.895320892333984,51.102500915527344,51.11000061035156,50.67250061035156,50.81999969482422,45448000
AAPL,2019-07-05,48.85226821899414,51.057498931884766,51.27000045776367,50.724998474121094,50.837501525878906,69062000
AAPL,2019-07-08,47.84523010253906,50.005001068115234,50.349998474121094,49.602500915527344,50.20249938964844,101354400
AAPL,2019-07-09,48.137054443359375,50.310001373291016,50.377498626708984,49.70249938964844,49.79999923706055,82312000
AAPL,2019-07-10,48.61305618286133,50.807498931884766,50.932498931884766,50.38999938964844,50.462501525878906,71588400
AAPL,2019-07-11,48.25904846191406,50.4375,51.09749984741211,50.4275016784668,50.82749938964844,80767200
AAPL,2019-07-12,48.62981033325195,50.82500076293945,51.0,50.54999923706055,50.61249923706055,70380800
AAPL,2019-07-15,49.08668899536133,51.3025016784668,51.467498779296875,51.0,51.022499084472656,67789600
AAPL,2019-07-16,48.91685104370117,51.125,51.52750015258789,50.875,51.147499084472656,67467200
AAPL,2019-07-17,48.64177322387695,50.837501525878906,51.272499084472656,50.817501068115234,51.01250076293945,56430000
AAPL,2019-07-18,49.1943244934082,51.415000915527344,51.470001220703125,50.92499923706055,51.0,74162400
AAPL,2019-07-19,48.45996856689453,50.647499084472656,51.625,50.59000015258789,51.4474983215332,83717200
AAPL,2019-07-22,49.567481994628906,51.80500030517578,51.807498931884766,50.90250015258789,50.912498474121094,89111600
AAPL,2019-07-23,49.95499038696289,52.209999084472656,52.227500915527344,51.8224983215332,52.1150016784668,73420800
AAPL,2019-07-24,49.914329528808594,52.16749954223633,52.287498474121094,51.79249954223633,51.91749954223633,59966400
AAPL,2019-07-25,49.519657135009766,51.755001068115234,52.310001373291016,51.682498931884766,52.22249984741211,55638400
AAPL,2019-07-26,49.69187927246094,51.935001373291016,52.432498931884766,51.78499984741211,51.869998931884766,70475600
AAPL,2019-07-29,50.15592575073242,52.41999816894531,52.65999984741211,52.11000061035156,52.1150016784668,86693600
AAPL,2019-07-30,49.940635681152344,52.19499969482422,52.540000915527344,51.82749938964844,52.189998626708984,135742800
AAPL,2019-07-31,50.95964431762695,53.2599983215332,55.342498779296875,52.82500076293945,54.10499954223633,277125600
AAPL,2019-08-01,49.85691833496094,52.10749816894531,54.50749969482422,51.685001373291016,53.474998474121094,216071600
AAPL,2019-08-02,48.80202865600586,51.005001068115234,51.60749816894531,50.407501220703125,51.38249969482422,163448400
AAPL,2019-08-05,46.247352600097656,48.334999084472656,49.662498474121094,48.14500045776367,49.497501373291016,209572000
AAPL,2019-08-06,47.122840881347656,49.25,49.51750183105469,48.5099983215332,49.07749938964844,143299200
AAPL,2019-08-07,47.610816955566406,49.7599983215332,49.88999938964844,48.45500183105469,48.852500915527344,133457600
AAPL,2019-08-08,48.66090393066406,50.85749816894531,50.88249969482422,49.84749984741211,50.04999923706055,108038000
AAPL,2019-08-09,48.259918212890625,50.247501373291016,50.689998626708984,49.8224983215332,50.32500076293945,98478800
AAPL,2019-08-12,48.13747787475586,50.119998931884766,50.51250076293945,49.787498474121094,49.904998779296875,89927600
AAPL,2019-08-13,50.175994873046875,52.24250030517578,53.03499984741211,50.119998931884766,50.255001068115234,188874000
AAPL,2019-08-14,48.682525634765625,50.6875,51.61000061035156,50.647499084472656,50.790000915527344,146189600
AAPL,2019-08-15,48.44001007080078,50.435001373291016,51.28499984741211,49.91749954223633,50.8650016784668,108909600
AAPL,2019-08-16,49.58292770385742,51.625,51.790000915527344,50.959999084472656,51.06999969482422,110481600
AAPL,2019-08-19,50.507362365722656,52.587501525878906,53.182498931884766,52.50749969482422,52.654998779296875,97654400
AAPL,2019-08-20,50.509765625,52.59000015258789,53.337501525878906,52.58000183105469,52.720001220703125,107537200
AAPL,2019-08-21,51.05721664428711,53.15999984741211,53.412498474121094,52.900001525878906,53.247501373291016,86141600
AAPL,2019-08-22,51.013999938964844,53.1150016784668,53.61000061035156,52.6875,53.29750061035156,89014800
AAPL,2019-08-23,48.656105041503906,50.65999984741211,53.01250076293945,50.25,52.35749816894531,187272000
AAPL,2019-08-26,49.58053207397461,51.622501373291016,51.79750061035156,51.26499938964844,51.46500015258789,104174400
AAPL,2019-08-27,49.02107238769531,51.040000915527344,52.13750076293945,50.88249969482422,51.96500015258789,103493200
AAPL,2019-08-28,49.35002136230469,51.38249969482422,51.43000030517578,50.83000183105469,51.025001525878906,63755200
AAPL,2019-08-29,50.185611724853516,52.252498626708984,52.33000183105469,51.665000915527344,52.125,83962000
AAPL,2019-08-30,50.12078094482422,52.185001373291016,52.61249923706055,51.79999923706055,52.540000915527344,84573600
AAPL,2019-09-03,49.39083480834961,51.42499923706055,51.744998931884766,51.05500030517578,51.60749816894531,80092000
AAPL,2019-09-04,50.22882843017578,52.29750061035156,52.369998931884766,51.83000183105469,52.09749984741211,76752400
AAPL,2019-09-05,51.210880279541016,53.31999969482422,53.49250030517578,52.877498626708984,53.0,95654800
AAPL,2019-09-06,51.206085205078125,53.314998626708984,53.60499954223633,53.127498626708984,53.51250076293945,77449200
AAPL,2019-09-09,51.424583435058594,53.54249954223633,54.11000061035156,52.76750183105469,53.709999084472656,109237600
AAPL,2019-09-10,52.032066345214844,54.17499923706055,54.19499969482422,52.9275016784668,53.46500015258789,127111600
AAPL,2019-09-11,53.68642807006836,55.897499084472656,55.9275016784668,54.432498931884766,54.51750183105469,177158400
AAPL,2019-09-12,53.566375732421875,55.772499084472656,56.60499954223633,55.71500015258789,56.20000076293945,128906800
AAPL,2019-09-13,52.524295806884766,54.6875,55.1974983215332,54.255001068115234,55.0,159053200
AAPL,2019-09-16,52.800418853759766,54.974998474121094,55.032501220703125,54.38999938964844,54.432498931884766,84632400
AAPL,2019-09-17,52.99250411987305,55.17499923706055,55.20500183105469,54.779998779296875,54.9900016784668,73274800
AAPL,2019-09-18,53.489540100097656,55.692501068115234,55.712501525878906,54.86000061035156,55.26499938964844,101360000
AAPL,2019-09-19,53.05493927001953,55.2400016784668,55.939998626708984,55.092498779296875,55.502498626708984,88242400
AAPL,2019-09-20,52.279388427734375,54.432498931884766,55.63999938964844,54.36750030517578,55.345001220703125,221652400
AAPL,2019-09-23,52.51709747314453,54.68000030517578,54.959999084472656,54.412498474121094,54.73749923706055,76662000
AAPL,2019-09-24,52.26737594604492,54.41999816894531,55.622501373291016,54.29750061035156,55.25749969482422,124763200
AAPL,2019-09-25,53.071739196777344,55.25749969482422,55.375,54.28499984741211,54.63750076293945,87613600
AAPL,2019-09-26,52.79801940917969,54.97249984741211,55.23500061035156,54.70750045776367,55.0,75334000
AAPL,2019-09-27,52.541107177734375,54.70500183105469,55.2400016784668,54.31999969482422,55.1349983215332,101408000
AAPL,2019-09-30,53.777671813964844,55.99250030517578,56.14500045776367,55.1974983215332,55.224998474121094,103909600
AAPL,2019-10-01,53.92654800415039,56.147499084472656,57.05500030517578,56.04999923706055,56.26750183105469,139223200
AAPL,2019-10-02,52.57472610473633,54.7400016784668,55.89500045776367,54.48249816894531,55.76499938964844,138449200
AAPL,2019-10-03,53.02133560180664,55.20500183105469,55.2400016784668,53.782501220703125,54.60749816894531,114426000
AAPL,2019-10-04,54.507606506347656,56.752498626708984,56.872501373291016,55.97249984741211,56.40999984741211,138478800
AAPL,2019-10-07,54.51960372924805,56.76499938964844,57.48249816894531,56.459999084472656,56.567501068115234,122306000
AAPL,2019-10-08,53.88092041015625,56.099998474121094,57.01499938964844,56.08250045776367,56.45500183105469,111820000
AAPL,2019-10-09,54.512420654296875,56.75749969482422,56.9474983215332,56.40999984741211,56.75749969482422,74770400
AAPL,2019-10-10,55.24715042114258,57.522499084472656,57.61000061035156,56.82500076293945,56.98249816894531,113013600
AAPL,2019-10-11,56.71663284301758,59.0525016784668,59.40999984741211,58.07749938964844,58.23749923706055,166795600
AAPL,2019-10-14,56.63499450683594,58.967498779296875,59.532501220703125,58.66749954223633,58.724998474121094,96427600
AAPL,2019-10-15,56.50293731689453,58.83000183105469,59.412498474121094,58.720001220703125,59.09749984741211,87360000
AAPL,2019-10-16,56.27482604980469,58.592498779296875,58.810001373291016,58.29999923706055,58.342498779296875,73903200
AAPL,2019-10-17,56.49332046508789,58.81999969482422,59.037498474121094,58.380001068115234,58.772499084472656,67585200
AAPL,2019-10-18,56.7646598815918,59.102500915527344,59.39500045776367,58.5724983215332,58.647499084472656,97433600
AAPL,2019-10-21,57.74911880493164,60.127498626708984,60.247501373291016,59.33000183105469,59.380001068115234,87247200
AAPL,2019-10-22,57.61705780029297,59.9900016784668,60.54999923706055,59.904998779296875,60.290000915527344,82293600
AAPL,2019-10-23,58.39019775390625,60.79499816894531,60.810001373291016,60.30500030517578,60.525001525878906,75828800
AAPL,2019-10-24,58.48625564575195,60.89500045776367,61.20000076293945,60.45249938964844,61.127498626708984,69275200
AAPL,2019-10-25,59.20658493041992,61.64500045776367,61.682498931884766,60.720001220703125,60.790000915527344,73477200
AAPL,2019-10-28,59.799659729003906,62.26250076293945,62.3125,61.68000030517578,61.85499954223633,96572800
AAPL,2019-10-29,58.41661071777344,60.8224983215332,62.4375,60.64250183105469,62.24250030517578,142839600
AAPL,2019-10-30,58.409420013427734,60.814998626708984,61.32500076293945,60.3025016784668,61.189998626708984,124522000
AAPL,2019-10-31,59.73003005981445,62.189998626708984,62.29249954223633,59.314998626708984,61.810001373291016,139162000
AAPL,2019-11-01,61.42521667480469,63.95500183105469,63.98249816894531,62.290000915527344,62.3849983215332,151125200
AAPL,2019-11-04,61.82860565185547,64.375,64.4625015258789,63.845001220703125,64.3324966430664,103272000
AAPL,2019-11-05,61.73976135253906,64.28250122070312,64.54750061035156,64.08000183105469,64.26249694824219,79897600
AAPL,2019-11-06,61.766170501708984,64.30999755859375,64.37249755859375,63.842498779296875,64.19249725341797,75864400
AAPL,2019-11-07,62.479026794433594,64.85749816894531,65.0875015258789,64.52749633789062,64.68499755859375,94940400
AAPL,2019-11-08,62.650020599365234,65.03500366210938,65.11000061035156,64.2125015258789,64.67250061035156,69986400
AAPL,2019-11-11,63.146121978759766,65.55000305175781,65.61750030517578,64.56999969482422,64.57499694824219,81821200
AAPL,2019-11-12,63.08832550048828,65.48999786376953,65.69750213623047,65.2300033569336,65.38749694824219,87388800
AAPL,2019-11-13,63.692840576171875,66.11750030517578,66.19499969482422,65.26750183105469,65.28250122070312,102734400
AAPL,2019-11-14,63.252098083496094,65.66000366210938,66.22000122070312,65.5250015258789,65.9375,89182800
AAPL,2019-11-15,64.00348663330078,66.44000244140625,66.44499969482422,65.75250244140625,65.91999816894531,100206400
AAPL,2019-11-18,64.32621765136719,66.7750015258789,66.85749816894531,66.05750274658203,66.44999694824219,86703200
AAPL,2019-11-19,64.13114166259766,66.57250213623047,67.0,66.34750366210938,66.9749984741211,76167200
AAPL,2019-11-20,63.38456344604492,65.79750061035156,66.5199966430664,65.0999984741211,66.38500213623047,106234400
AAPL,2019-11-21,63.100379943847656,65.50250244140625,66.00250244140625,65.29499816894531,65.92250061035156,121395200
AAPL,2019-11-22,63.044986724853516,65.44499969482422,65.79499816894531,65.20999908447266,65.64749908447266,65325200
AAPL,2019-11-25,64.15038299560547,66.59249877929688,66.61000061035156,65.62999725341797,65.67749786376953,84020400
AAPL,2019-11-26,63.649478912353516,66.07250213623047,66.79000091552734,65.625,66.73500061035156,105207600
AAPL,2019-11-27,64.50440979003906,66.95999908447266,66.99500274658203,66.32749938964844,66.3949966430664,65235600
AAPL,2019-11-29,64.36233520507812,66.8125,67.0,66.4749984741211,66.6500015258789,46617600
AAPL,2019-12-02,63.6181755065918,66.04000091552734,67.0625,65.86250305175781,66.81749725341797,94487200
AAPL,2019-12-03,62.483848571777344,64.86250305175781,64.88249969482422,64.07250213623047,64.57749938964844,114430400
AAPL,2019-12-04,63.03533935546875,65.43499755859375,65.82749938964844,65.16999816894531,65.26750183105469,67181600
AAPL,2019-12-05,63.960147857666016,66.3949966430664,66.47250366210938,65.68250274658203,65.94750213623047,74424400
AAPL,2019-12-06,65.19563293457031,67.67749786376953,67.75,66.82499694824219,66.87000274658203,106075600
AAPL,2019-12-09,64.28287506103516,66.7300033569336,67.69999694824219,66.22750091552734,67.5,128042400
AAPL,2019-12-10,64.65856170654297,67.12000274658203,67.51750183105469,66.46499633789062,67.1500015258789,90420400
AAPL,2019-12-11,65.21007537841797,67.69249725341797,67.7750015258789,67.125,67.20249938964844,78756800
AAPL,2019-12-12,65.37622833251953,67.86499786376953,68.13999938964844,66.83000183105469,66.94499969482422,137310400
AAPL,2019-12-13,66.26490020751953,68.7874984741211,68.82499694824219,67.73249816894531,67.86499786376953,133587600
AAPL,2019-12-16,67.39921569824219,69.96499633789062,70.19750213623047,69.24500274658203,69.25,128186000
AAPL,2019-12-17,67.53169250488281,70.10250091552734,70.44249725341797,69.69999694824219,69.89250183105469,114158400
AAPL,2019-12-18,67.37031555175781,69.93499755859375,70.4749984741211,69.77999877929688,69.94999694824219,116028400
AAPL,2019-12-19,67.43775177001953,70.00499725341797,70.29499816894531,69.73750305175781,69.875,98369200
AAPL,2019-12-20,67.298095703125,69.86000061035156,70.6624984741211,69.63999938964844,70.55750274658203,275978000
AAPL,2019-12-23,68.3962631225586,71.0,71.0625,70.09249877929688,70.13249969482422,98572000
AAPL,2019-12-24,68.46128845214844,71.06749725341797,71.22250366210938,70.7300033569336,71.17250061035156,48478800
AAPL,2019-12-26,69.81959533691406,72.47750091552734,72.49500274658203,71.17500305175781,71.20500183105469,93121200
AAPL,2019-12-27,69.79308319091797,72.44999694824219,73.49250030517578,72.02999877929688,72.77999877929688,146266000
AAPL,2019-12-30,70.20732879638672,72.87999725341797,73.17250061035156,71.30500030517578,72.36499786376953,144114400
AAPL,2019-12-31,70.72029876708984,73.4124984741211,73.41999816894531,72.37999725341797,72.48249816894531,100805600
AAPL,2020-01-02,72.33385467529297,75.0875015258789,75.1500015258789,73.79750061035156,74.05999755859375,135480400
AAPL,2020-01-03,71.63065338134766,74.35749816894531,75.1449966430664,74.125,74.2874984741211,146322800
AAPL,2020-01-06,72.20142364501953,74.94999694824219,74.98999786376953,73.1875,73.44750213623047,118387200
AAPL,2020-01-07,71.8618392944336,74.59750366210938,75.2249984741211,74.37000274658203,74.95999908447266,108872000
AAPL,2020-01-08,73.0178451538086,75.79750061035156,76.11000061035156,74.29000091552734,74.29000091552734,132079200
AAPL,2020-01-09,74.56877899169922,77.40750122070312,77.60749816894531,76.55000305175781,76.80999755859375,170108400
AAPL,2020-01-10,74.73738098144531,77.5824966430664,78.1675033569336,77.0625,77.6500015258789,140644800
AAPL,2020-01-13,76.3340835571289,79.23999786376953,79.26750183105469,77.7874984741211,77.91000366210938,121532000
AAPL,2020-01-14,75.30332946777344,78.16999816894531,79.39250183105469,78.0425033569336,79.17500305175781,161954400
AAPL,2020-01-15,74.98057556152344,77.83499908447266,78.875,77.38749694824219,77.9625015258789,121923600
AAPL,2020-01-16,75.91985321044922,78.80999755859375,78.92500305175781,78.02249908447266,78.39749908447266,108829200
AAPL,2020-01-17,76.76036834716797,79.68250274658203,79.68499755859375,78.75,79.06749725341797,137816400
AAPL,2020-01-21,76.24015808105469,79.14250183105469,79.75499725341797,79.0,79.29750061035156,110843200
AAPL,2020-01-22,76.5123062133789,79.42500305175781,79.99749755859375,79.32749938964844,79.6449966430664,101832400
AAPL,2020-01-23,76.88080596923828,79.80750274658203,79.88999938964844,78.9124984741211,79.4800033569336,104472000
AAPL,2020-01-24,76.6592025756836,79.57749938964844,80.8324966430664,79.37999725341797,80.0625,146537600
AAPL,2020-01-27,74.40502166748047,77.23750305175781,77.94249725341797,76.22000122070312,77.51499938964844,161940000
AAPL,2020-01-28,76.50989532470703,79.42250061035156,79.5999984741211,78.04750061035156,78.1500015258789,162234000
AAPL,2020-01-29,78.11144256591797,81.08499908447266,81.9625015258789,80.34500122070312,81.11250305175781,216229200
AAPL,2020-01-30,77.99826049804688,80.96749877929688,81.02249908447266,79.6875,80.13500213623047,126743200
AAPL,2020-01-31,74.53987884521484,77.37750244140625,80.66999816894531,77.07250213623047,80.23249816894531,199588400
AAPL,2020-02-03,74.33519744873047,77.16500091552734,78.37249755859375,75.55500030517578,76.07499694824219,173788400
AAPL,2020-02-04,76.78926086425781,79.7125015258789,79.91000366210938,78.40750122070312,78.82749938964844,136616400
AAPL,2020-02-05,77.41542053222656,80.36250305175781,81.19000244140625,79.73750305175781,80.87999725341797,118826800
AAPL,2020-02-06,78.32096099853516,81.30249786376953,81.30500030517578,80.06500244140625,80.64250183105469,105425600
AAPL,2020-02-07,77.2563705444336,80.00749969482422,80.8499984741211,79.5,80.59249877929688,117684000
AAPL,2020-02-10,77.623291015625,80.38749694824219,80.38749694824219,78.4625015258789,78.54499816894531,109348800
AAPL,2020-02-11,77.15495300292969,79.90249633789062,80.9749984741211,79.67749786376953,80.9000015258789,94323200
AAPL,2020-02-12,78.98722076416016,81.80000305175781,81.80500030517578,80.36750030517578,80.36750030517578,113730400
AAPL,2020-02-13,78.42477416992188,81.21749877929688,81.55500030517578,80.8375015258789,81.04750061035156,94747600
AAPL,2020-02-14,78.44406127929688,81.23750305175781,81.49500274658203,80.7125015258789,81.18499755859375,80113600
AAPL,2020-02-18,77.00772094726562,79.75,79.9375,78.65249633789062,78.83999633789062,152531200
AAPL,2020-02-19,78.12300872802734,80.90499877929688,81.14250183105469,80.0,80.0,93984000
AAPL,2020-02-20,77.32151794433594,80.07499694824219,81.1624984741211,79.55249786376953,80.65750122070312,100566000
AAPL,2020-02-21,75.57134246826172,78.26249694824219,80.11250305175781,77.625,79.65499877929688,129554000
AAPL,2020-02-24,71.981689453125,74.54499816894531,76.04499816894531,72.30750274658203,74.31500244140625,222195200
AAPL,2020-02-25,69.54351806640625,72.0199966430664,75.63249969482422,71.53250122070312,75.23750305175781,230673600
AAPL,2020-02-26,70.64675903320312,73.1624984741211,74.47000122070312,71.625,71.63249969482422,198054800
AAPL,2020-02-27,66.0286636352539,68.37999725341797,71.5,68.23999786376953,70.2750015258789,320605600
AAPL,2020-02-28,65.99005126953125,68.33999633789062,69.60250091552734,64.09249877929688,64.31500244140625,426510000
AAPL,2020-03-02,72.13377380371094,74.70249938964844,75.36000061035156,69.43000030517578,70.56999969482422,341397200
AAPL,2020-03-03,69.8428726196289,72.33000183105469,76.0,71.44999694824219,75.9175033569336,319475600
AAPL,2020-03-04,73.0824966430664,75.68499755859375,75.8499984741211,73.28250122070312,74.11000061035156,219178400
AAPL,2020-03-05,70.71192169189453,73.2300033569336,74.88749694824219,72.85250091552734,73.87999725341797,187572800
AAPL,2020-03-06,69.77284240722656,72.25749969482422,72.70500183105469,70.30750274658203,70.5,226176800
AAPL,2020-03-09,64.2543716430664,66.5425033569336,69.52249908447266,65.75,65.9375,286744800
AAPL,2020-03-10,68.88207244873047,71.33499908447266,71.61000061035156,67.34249877929688,69.28500366210938,285290000
AAPL,2020-03-11,66.48977661132812,68.85749816894531,70.30500030517578,67.96499633789062,69.34750366210938,255598800
AAPL,2020-03-12,59.923587799072266,62.057498931884766,67.5,62.0,63.98500061035156,418474000
AAPL,2020-03-13,67.10295867919922,69.49250030517578,69.9800033569336,63.23749923706055,66.22250366210938,370732000
AAPL,2020-03-16,58.47034454345703,60.5525016784668,64.7699966430664,60.0,60.48749923706055,322423600
AAPL,2020-03-17,61.04129409790039,63.21500015258789,64.40249633789062,59.599998474121094,61.877498626708984,324056000
AAPL,2020-03-18,59.547000885009766,61.66749954223633,62.5,59.279998779296875,59.942501068115234,300233600
AAPL,2020-03-19,59.09074783325195,61.19499969482422,63.209999084472656,60.65250015258789,61.84749984741211,271857200
AAPL,2020-03-20,55.33934020996094,57.310001373291016,62.95750045776367,57.0,61.79499816894531,401693200
AAPL,2020-03-23,54.163700103759766,56.092498779296875,57.125,53.15250015258789,57.02000045776367,336752800
AAPL,2020-03-24,59.597694396972656,61.720001220703125,61.92250061035156,58.57500076293945,59.09000015258789,287531200
AAPL,2020-03-25,59.26939010620117,61.380001068115234,64.5625,61.07500076293945,62.6875,303602000
AAPL,2020-03-26,62.388343811035156,64.61000061035156,64.66999816894531,61.59000015258789,61.630001068115234,252087200
AAPL,2020-03-27,59.8053092956543,61.935001373291016,63.967498779296875,61.76250076293945,63.1875,204216800
AAPL,2020-03-30,61.51203155517578,63.70249938964844,63.880001068115234,62.349998474121094,62.685001373291016,167976400
AAPL,2020-03-31,61.38650131225586,63.5724983215332,65.62249755859375,63.0,63.900001525878906,197002000
AAPL,2020-04-01,58.15652084350586,60.227500915527344,62.18000030517578,59.782501220703125,61.625,176218400
AAPL,2020-04-02,59.12696075439453,61.23249816894531,61.287498474121094,59.224998474121094,60.084999084472656,165934000
AAPL,2020-04-03,58.2772216796875,60.352500915527344,61.42499923706055,59.74250030517578,60.70000076293945,129880000
AAPL,2020-04-06,63.36117172241211,65.61750030517578,65.77749633789062,62.345001220703125,62.724998474121094,201820400
AAPL,2020-04-07,62.6273078918457,64.85749816894531,67.92500305175781,64.75,67.69999694824219,202887200
AAPL,2020-04-08,64.23023223876953,66.51750183105469,66.84249877929688,65.30750274658203,65.68499755859375,168895200
AAPL,2020-04-09,64.69371795654297,66.99749755859375,67.51750183105469,66.17500305175781,67.17500305175781,161834800
AAPL,2020-04-13,65.96351623535156,68.3125,68.42500305175781,66.4574966430664,67.07749938964844,131022800
AAPL,2020-04-14,69.29486083984375,71.76249694824219,72.0625,69.51249694824219,70.0,194994800
AAPL,2020-04-15,68.66238403320312,71.10749816894531,71.5824966430664,70.15750122070312,70.5999984741211,131154400
AAPL,2020-04-16,69.20795440673828,71.67250061035156,72.05000305175781,70.5875015258789,71.84500122070312,157125200
AAPL,2020-04-17,68.26891326904297,70.69999694824219,71.73750305175781,69.21499633789062,71.17250061035156,215250000
AAPL,2020-04-20,66.85186004638672,69.23249816894531,70.41999816894531,69.2125015258789,69.48750305175781,130015200
AAPL,2020-04-21,64.78546142578125,67.09249877929688,69.3125,66.35749816894531,69.06999969482422,180991600
AAPL,2020-04-22,66.65152740478516,69.0250015258789,69.4749984741211,68.05000305175781,68.40249633789062,116862400
AAPL,2020-04-23,66.39320373535156,68.75749969482422,70.4375,68.71749877929688,68.96749877929688,124814400
AAPL,2020-04-24,68.3099365234375,70.74250030517578,70.75250244140625,69.25,69.30000305175781,126161200
AAPL,2020-04-27,68.35823059082031,70.7925033569336,71.13500213623047,69.98750305175781,70.44999694824219,117087600
AAPL,2020-04-28,67.25019073486328,69.6449966430664,71.4574966430664,69.55000305175781,71.2699966430664,112004800
AAPL,2020-04-29,69.45902252197266,71.93250274658203,72.4175033569336,70.97250366210938,71.18250274658203,137280800
AAPL,2020-04-30,70.92435455322266,73.44999694824219,73.63249969482422,72.0875015258789,72.48999786376953,183064000
AAPL,2020-05-01,69.78250885009766,72.26750183105469,74.75,71.4625015258789,71.5625,240616800
AAPL,2020-05-04,70.76985168457031,73.29000091552734,73.42250061035156,71.58000183105469,72.2925033569336,133568000
AAPL,2020-05-05,71.83203125,74.38999938964844,75.25,73.61499786376953,73.76499938964844,147751200
AAPL,2020-05-06,72.57313537597656,75.15750122070312,75.80999755859375,74.71749877929688,75.11499786376953,142333600
AAPL,2020-05-07,73.32389831542969,75.93499755859375,76.2925033569336,75.49250030517578,75.80500030517578,115215200
AAPL,2020-05-08,75.0691146850586,77.53250122070312,77.5875015258789,76.07250213623047,76.41000366210938,133838400
AAPL,2020-05-11,76.25037384033203,78.75250244140625,79.26249694824219,76.80999755859375,77.0250015258789,145946400
AAPL,2020-05-12,75.37895965576172,77.85250091552734,79.92250061035156,77.72750091552734,79.4574966430664,162301200
AAPL,2020-05-13,74.46883392333984,76.9124984741211,78.98750305175781,75.80249786376953,78.0374984741211,200622400
AAPL,2020-05-14,74.92631530761719,77.38500213623047,77.44750213623047,75.38249969482422,76.12750244140625,158929200
AAPL,2020-05-15,74.48336791992188,76.92749786376953,76.9749984741211,75.05249786376953,75.0875015258789,166348400
AAPL,2020-05-18,76.23826599121094,78.73999786376953,79.125,77.58000183105469,78.2925033569336,135178400
AAPL,2020-05-19,75.79772186279297,78.28500366210938,79.62999725341797,78.25250244140625,78.75749969482422,101729600
AAPL,2020-05-20,77.27186584472656,79.80750274658203,79.87999725341797,79.12999725341797,79.16999816894531,111504800
AAPL,2020-05-21,76.69575500488281,79.2125015258789,80.22250366210938,78.96749877929688,79.66500091552734,102688800
AAPL,2020-05-22,77.18956756591797,79.72250366210938,79.80750274658203,78.8375015258789,78.94249725341797,81803200
AAPL,2020-05-26,76.66670989990234,79.18250274658203,81.05999755859375,79.125,80.875,125522000
AAPL,2020-05-27,77.00076293945312,79.52749633789062,79.67749786376953,78.27249908447266,79.03500366210938,112945200
AAPL,2020-05-28,77.03465270996094,79.5625,80.86000061035156,78.90750122070312,79.19249725341797,133560800
AAPL,2020-05-29,76.95960235595703,79.48500061035156,80.2874984741211,79.11750030517578,79.8125,153532400
AAPL,2020-06-01,77.9060287475586,80.4625015258789,80.5875015258789,79.30249786376953,79.4375,80791200
AAPL,2020-06-02,78.26671600341797,80.83499908447266,80.86000061035156,79.73249816894531,80.1875,87642800
AAPL,2020-06-03,78.69755554199219,81.27999877929688,81.55000305175781,80.57499694824219,81.16500091552734,104491200
AAPL,2020-06-04,78.01980590820312,80.58000183105469,81.40499877929688,80.19499969482422,81.09750366210938,87560400
AAPL,2020-06-05,80.24188995361328,82.875,82.9375,80.80750274658203,80.8375015258789,137250400
AAPL,2020-06-08,80.71632385253906,83.36499786376953,83.4000015258789,81.83000183105469,82.5625,95654400
AAPL,2020-06-09,83.26518249511719,85.99749755859375,86.40249633789062,83.00250244140625,83.03500366210938,147712400
AAPL,2020-06-10,85.4073715209961,88.20999908447266,88.69249725341797,86.52249908447266,86.9749984741211,166651600
AAPL,2020-06-11,81.30695343017578,83.9749984741211,87.76499938964844,83.87000274658203,87.32749938964844,201662400
AAPL,2020-06-12,82.0088882446289,84.69999694824219,86.94999694824219,83.55500030517578,86.18000030517578,200146000
AAPL,2020-06-15,83.02310943603516,85.74749755859375,86.41999816894531,83.1449966430664,83.3125,138808800
AAPL,2020-06-16,85.22341918945312,88.0199966430664,88.30000305175781,86.18000030517578,87.86499786376953,165428800
AAPL,2020-06-17,85.10482788085938,87.89749908447266,88.8499984741211,87.77249908447266,88.7874984741211,114406400
AAPL,2020-06-18,85.13870239257812,87.93250274658203,88.36250305175781,87.30500030517578,87.85250091552734,96820400
AAPL,2020-06-19,84.65217590332031,87.43000030517578,89.13999938964844,86.2874984741211,88.66000366210938,264476000
AAPL,2020-06-22,86.86700439453125,89.71749877929688,89.86499786376953,87.7874984741211,87.83499908447266,135445200
AAPL,2020-06-23,88.72113037109375,91.63249969482422,93.09500122070312,90.56749725341797,91.0,212155600
AAPL,2020-06-24,87.15504455566406,90.01499938964844,92.19750213623047,89.62999725341797,91.25,192623200
AAPL,2020-06-25,88.31205749511719,91.20999908447266,91.25,89.39250183105469,90.17500305175781,137522400
AAPL,2020-06-26,85.59859466552734,88.40750122070312,91.33000183105469,88.25499725341797,91.10250091552734,205256800
AAPL,2020-06-29,87.5713882446289,90.44499969482422,90.5425033569336,87.81999969482422,88.3125,130646000
AAPL,2020-06-30,88.30238342285156,91.19999694824219,91.49500274658203,90.0,90.0199966430664,140223200
AAPL,2020-07-01,88.1353530883789,91.02749633789062,91.83999633789062,90.97750091552734,91.27999877929688,110737200
AAPL,2020-07-02,88.1353530883789,91.02749633789062,92.61750030517578,90.91000366210938,91.9625015258789,114041600
AAPL,2020-07-06,90.49301147460938,93.4625015258789,93.94499969482422,92.46749877929688,92.5,118655600
AAPL,2020-07-07,90.21221923828125,93.17250061035156,94.65499877929688,93.05750274658203,93.85250091552734,112424400
AAPL,2020-07-08,92.31328582763672,95.34249877929688,95.375,94.08999633789062,94.18000030517578,117092000
AAPL,2020-07-09,92.71026611328125,95.75250244140625,96.31749725341797,94.67250061035156,96.26249694824219,125642800
AAPL,2020-07-10,92.87240600585938,95.91999816894531,95.9800033569336,94.70500183105469,95.33499908447266,90257200
AAPL,2020-07-13,92.44397735595703,95.47750091552734,99.95500183105469,95.25749969482422,97.26499938964844,191649200
AAPL,2020-07-14,93.97379302978516,97.05750274658203,97.25499725341797,93.87750244140625,94.83999633789062,170989200
AAPL,2020-07-15,94.62007141113281,97.7249984741211,99.24749755859375,96.48999786376953,98.98999786376953,153198000
AAPL,2020-07-16,93.45578002929688,96.52249908447266,97.40499877929688,95.90499877929688,96.5625,110577600
AAPL,2020-07-17,93.26698303222656,96.32749938964844,97.14749908447266,95.83999633789062,96.98750305175781,92186800
AAPL,2020-07-20,95.23246765136719,98.35749816894531,98.5,96.0625,96.4175033569336,90318000
AAPL,2020-07-21,93.9181137084961,97.0,99.25,96.74250030517578,99.17250061035156,103433200
AAPL,2020-07-22,94.18195343017578,97.27249908447266,97.9749984741211,96.60250091552734,96.69249725341797,89001600
AAPL,2020-07-23,89.89511108398438,92.84500122070312,97.07749938964844,92.01000213623047,96.99749755859375,197004400
AAPL,2020-07-24,89.67242431640625,92.61499786376953,92.97000122070312,89.1449966430664,90.98750305175781,185438800
AAPL,2020-07-27,91.79768371582031,94.80999755859375,94.90499877929688,93.4800033569336,93.70999908447266,121214000
AAPL,2020-07-28,90.2896728515625,93.25250244140625,94.55000305175781,93.24749755859375,94.36750030517578,103625600
AAPL,2020-07-29,92.02040100097656,95.04000091552734,95.2300033569336,93.7125015258789,93.75,90329200
AAPL,2020-07-30,93.13384246826172,96.19000244140625,96.29750061035156,93.76750183105469,94.1875,158130000
AAPL,2020-07-31,102.8839111328125,106.26000213623047,106.41500091552734,100.82499694824219,102.88500213623047,374336800
AAPL,2020-08-03,105.47631072998047,108.9375,111.63749694824219,107.89250183105469,108.19999694824219,308151200
AAPL,2020-08-04,106.18073272705078,109.66500091552734,110.79000091552734,108.38749694824219,109.13249969482422,173071600
AAPL,2020-08-05,106.56558990478516,110.0625,110.39250183105469,108.89749908447266,109.37750244140625,121776800
AAPL,2020-08-06,110.28357696533203,113.90249633789062,114.4124984741211,109.79750061035156,110.40499877929688,202428800
AAPL,2020-08-07,107.77617645263672,111.11250305175781,113.67500305175781,110.2925033569336,113.20500183105469,198045600
AAPL,2020-08-10,109.34272003173828,112.72750091552734,113.7750015258789,110.0,112.5999984741211,212403600
AAPL,2020-08-11,106.09086608886719,109.375,112.48249816894531,109.10749816894531,111.97000122070312,187902400
AAPL,2020-08-12,109.61672973632812,113.01000213623047,113.2750015258789,110.29750061035156,110.49749755859375,165598000
AAPL,2020-08-13,111.55667877197266,115.01000213623047,116.0425033569336,113.92749786376953,114.43000030517578,210082000
AAPL,2020-08-14,111.4572525024414,114.90750122070312,115.0,113.04499816894531,114.83000183105469,165565200
AAPL,2020-08-17,111.166259765625,114.60749816894531,116.0875015258789,113.9625015258789,116.0625,119561600
AAPL,2020-08-18,112.09257507324219,115.5625,116.0,114.00749969482422,114.35250091552734,105633600
AAPL,2020-08-19,112.23322296142578,115.7074966430664,117.1624984741211,115.61000061035156,115.98249816894531,145538000
AAPL,2020-08-20,114.72364044189453,118.2750015258789,118.39250183105469,115.73249816894531,115.75,126907200
AAPL,2020-08-21,120.63563537597656,124.37000274658203,124.86750030517578,119.25,119.26249694824219,338054800
AAPL,2020-08-24,122.07845306396484,125.85749816894531,128.78500366210938,123.9375,128.69749450683594,345937600
AAPL,2020-08-25,121.07695007324219,124.82499694824219,125.18000030517578,123.05249786376953,124.69750213623047,211495600
AAPL,2020-08-26,122.72348022460938,126.52249908447266,126.99250030517578,125.0824966430664,126.18000030517578,163022400
AAPL,2020-08-27,121.25640106201172,125.01000213623047,127.48500061035156,123.8324966430664,127.14250183105469,155552400
AAPL,2020-08-28,121.05997467041016,124.80750274658203,126.44249725341797,124.57749938964844,126.01249694824219,187630000
AAPL,2020-08-31,125.16541290283203,129.0399932861328,131.0,126.0,127.58000183105469,225702700
AAPL,2020-09-01,130.1510467529297,134.17999267578125,134.8000030517578,130.52999877929688,132.75999450683594,151948100
AAPL,2020-09-02,127.45452880859375,131.39999389648438,137.97999572753906,127.0,137.58999633789062,200119000
AAPL,2020-09-03,117.25039672851562,120.87999725341797,128.83999633789062,120.5,126.91000366210938,257599600
AAPL,2020-09-04,117.32801055908203,120.95999908447266,123.69999694824219,110.88999938964844,120.06999969482422,332607200
AAPL,2020-09-08,109.43243408203125,112.81999969482422,118.98999786376953,112.68000030517578,113.94999694824219,231366600
AAPL,2020-09-09,113.79729461669922,117.31999969482422,119.13999938964844,115.26000213623047,117.26000213623047,176940500
AAPL,2020-09-10,110.0822982788086,113.48999786376953,120.5,112.5,120.36000061035156,182274400
AAPL,2020-09-11,108.63704681396484,112.0,115.2300033569336,110.0,114.56999969482422,180860300
AAPL,2020-09-14,111.89616394042969,115.36000061035156,115.93000030517578,112.80000305175781,114.72000122070312,140150100
AAPL,2020-09-15,112.07074737548828,115.54000091552734,118.83000183105469,113.61000061035156,118.33000183105469,184642000
AAPL,2020-09-16,108.76313018798828,112.12999725341797,116.0,112.04000091552734,115.2300033569336,154679000
AAPL,2020-09-17,107.02688598632812,110.33999633789062,112.19999694824219,108.70999908447266,109.72000122070312,178011000
AAPL,2020-09-18,103.6319808959961,106.83999633789062,110.87999725341797,106.08999633789062,110.4000015258789,287104900
AAPL,2020-09-21,106.77471923828125,110.08000183105469,110.19000244140625,103.0999984741211,104.54000091552734,195713800
AAPL,2020-09-22,108.45274353027344,111.80999755859375,112.86000061035156,109.16000366210938,112.68000030517578,183055400
AAPL,2020-09-23,103.90357971191406,107.12000274658203,112.11000061035156,106.7699966430664,111.62000274658203,150718700
AAPL,2020-09-24,104.9705581665039,108.22000122070312,110.25,105.0,105.16999816894531,167743300
AAPL,2020-09-25,108.90865325927734,112.27999877929688,112.44000244140625,107.66999816894531,108.43000030517578,149981400
AAPL,2020-09-28,111.5081787109375,114.95999908447266,115.31999969482422,112.77999877929688,115.01000213623047,137672400
AAPL,2020-09-29,110.6642837524414,114.08999633789062,115.30999755859375,113.56999969482422,114.55000305175781,99382200
AAPL,2020-09-30,112.3326416015625,115.80999755859375,117.26000213623047,113.62000274658203,113.79000091552734,142675200
AAPL,2020-10-01,113.28321075439453,116.79000091552734,117.72000122070312,115.83000183105469,117.63999938964844,116120400
AAPL,2020-10-02,109.62640380859375,113.0199966430664,115.37000274658203,112.22000122070312,112.88999938964844,144712000
AAPL,2020-10-05,113.0019302368164,116.5,116.6500015258789,113.55000305175781,113.91000366210938,106243800
AAPL,2020-10-06,109.76221466064453,113.16000366210938,116.12000274658203,112.25,115.69999694824219,161498200
AAPL,2020-10-07,111.62455749511719,115.08000183105469,115.55000305175781,114.12999725341797,114.62000274658203,96849000
AAPL,2020-10-08,111.51786804199219,114.97000122070312,116.4000015258789,114.58999633789062,116.25,83477200
AAPL,2020-10-09,113.45780944824219,116.97000122070312,117.0,114.91999816894531,115.27999877929688,100506900
AAPL,2020-10-12,120.66471862792969,124.4000015258789,125.18000030517578,119.27999877929688,120.05999755859375,240226800
AAPL,2020-10-13,117.46379852294922,121.0999984741211,125.38999938964844,119.6500015258789,125.2699966430664,262330500
AAPL,2020-10-14,117.55109405517578,121.19000244140625,123.02999877929688,119.62000274658203,121.0,150712000
AAPL,2020-10-15,117.08552551269531,120.70999908447266,121.19999694824219,118.1500015258789,118.72000122070312,112559200
AAPL,2020-10-16,115.44627380371094,119.0199966430664,121.55000305175781,118.80999755859375,121.27999877929688,115393800
AAPL,2020-10-19,112.49755096435547,115.9800033569336,120.41999816894531,115.66000366210938,119.95999908447266,120639300
AAPL,2020-10-20,113.98162841796875,117.51000213623047,118.9800033569336,115.62999725341797,116.19999694824219,124423700
AAPL,2020-10-21,113.36083221435547,116.87000274658203,118.70999908447266,116.44999694824219,116.66999816894531,89946000
AAPL,2020-10-22,112.27445220947266,115.75,118.04000091552734,114.58999633789062,117.44999694824219,101988000
AAPL,2020-10-23,111.58576965332031,115.04000091552734,116.55000305175781,114.27999877929688,116.38999938964844,82572600
AAPL,2020-10-26,111.59547424316406,115.05000305175781,116.55000305175781,112.87999725341797,114.01000213623047,111850700
AAPL,2020-10-27,113.09894561767578,116.5999984741211,117.27999877929688,114.54000091552734,115.48999786376953,92276800
AAPL,2020-10-28,107.861083984375,111.19999694824219,115.43000030517578,111.0999984741211,115.05000305175781,143937800
AAPL,2020-10-29,111.85736083984375,115.31999969482422,116.93000030517578,112.19999694824219,112.37000274658203,146129200
AAPL,2020-10-30,105.59132385253906,108.86000061035156,111.98999786376953,107.72000122070312,111.05999755859375,190272600
AAPL,2020-11-02,105.50403594970703,108.7699966430664,110.68000030517578,107.31999969482422,109.11000061035156,122866900
AAPL,2020-11-03,107.12388610839844,110.44000244140625,111.48999786376953,108.7300033569336,109.66000366210938,107624400
AAPL,2020-11-04,111.49846649169922,114.94999694824219,115.58999633789062,112.3499984741211,114.13999938964844,138235500
AAPL,2020-11-05,115.45597839355469,119.02999877929688,119.62000274658203,116.87000274658203,117.94999694824219,126387100
AAPL,2020-11-06,115.32478332519531,118.69000244140625,119.19999694824219,116.12999725341797,118.31999969482422,114457900
AAPL,2020-11-09,113.02198791503906,116.31999969482422,121.98999786376953,116.05000305175781,120.5,154515300
AAPL,2020-11-10,112.6819076538086,115.97000122070312,117.58999633789062,114.12999725341797,115.55000305175781,138023400
AAPL,2020-11-11,116.10209655761719,119.48999786376953,119.62999725341797,116.44000244140625,117.19000244140625,112295000
AAPL,2020-11-12,115.83003997802734,119.20999908447266,120.52999877929688,118.56999969482422,119.62000274658203,103162300
AAPL,2020-11-13,115.8786392211914,119.26000213623047,119.66999816894531,117.87000274658203,119.44000244140625,81581900
AAPL,2020-11-16,116.88915252685547,120.30000305175781,120.98999786376953,118.1500015258789,118.91999816894531,91183000
AAPL,2020-11-17,116.00495910644531,119.38999938964844,120.66999816894531,118.95999908447266,119.55000305175781,74271000
AAPL,2020-11-18,114.6834945678711,118.02999877929688,119.81999969482422,118.0,118.61000061035156,76322100
AAPL,2020-11-19,115.27619934082031,118.63999938964844,119.05999755859375,116.80999755859375,117.58999633789062,74113000
AAPL,2020-11-20,114.01306915283203,117.33999633789062,118.7699966430664,117.29000091552734,118.63999938964844,73604300
AAPL,2020-11-23,110.62200164794922,113.8499984741211,117.62000274658203,113.75,117.18000030517578,127959300
AAPL,2020-11-24,111.90459442138672,115.16999816894531,115.8499984741211,112.58999633789062,113.91000366210938,113874200
AAPL,2020-11-25,112.7402114868164,116.02999877929688,116.75,115.16999816894531,115.55000305175781,76499200
AAPL,2020-11-27,113.2843246459961,116.58999633789062,117.48999786376953,116.22000122070312,116.56999969482422,46691300
AAPL,2020-11-30,115.67457580566406,119.05000305175781,120.97000122070312,116.80999755859375,116.97000122070312,169410200
AAPL,2020-12-01,119.24052429199219,122.72000122070312,123.47000122070312,120.01000213623047,121.01000213623047,127728200
AAPL,2020-12-02,119.59032440185547,123.08000183105469,123.37000274658203,120.88999938964844,122.0199966430664,89004200
AAPL,2020-12-03,119.45428466796875,122.94000244140625,123.77999877929688,122.20999908447266,123.5199966430664,78967600
AAPL,2020-12-04,118.78385925292969,122.25,122.86000061035156,121.5199966430664,122.5999984741211,78260400
AAPL,2020-12-07,120.24132537841797,123.75,124.56999969482422,122.25,122.30999755859375,86712000
AAPL,2020-12-08,120.85346221923828,124.37999725341797,124.9800033569336,123.08999633789062,124.37000274658203,82225500
AAPL,2020-12-09,118.32717895507812,121.77999877929688,125.94999694824219,121.0,124.52999877929688,115089200
AAPL,2020-12-10,119.74579620361328,123.23999786376953,123.87000274658203,120.1500015258789,120.5,81312200
AAPL,2020-12-11,118.93933868408203,122.41000366210938,122.76000213623047,120.55000305175781,122.43000030517578,86939800
AAPL,2020-12-14,118.32717895507812,121.77999877929688,123.3499984741211,121.54000091552734,122.5999984741211,79184500
AAPL,2020-12-15,124.2542495727539,127.87999725341797,127.9000015258789,124.12999725341797,124.33999633789062,157243700
AAPL,2020-12-16,124.18621063232422,127.80999755859375,128.3699951171875,126.55999755859375,127.41000366210938,98208600
AAPL,2020-12-17,125.05098724365234,128.6999969482422,129.5800018310547,128.0399932861328,128.89999389648438,94359800
AAPL,2020-12-18,123.0688247680664,126.66000366210938,129.10000610351562,126.12000274658203,128.9600067138672,192541500
AAPL,2020-12-21,124.59429168701172,128.22999572753906,128.30999755859375,123.44999694824219,125.0199966430664,121251600
AAPL,2020-12-22,128.14083862304688,131.8800048828125,134.41000366210938,129.64999389648438,131.61000061035156,168904800
AAPL,2020-12-23,127.24691009521484,130.9600067138672,132.42999267578125,130.77999877929688,132.16000366210938,88223700
AAPL,2020-12-24,128.22828674316406,131.97000122070312,133.4600067138672,131.10000610351562,131.32000732421875,54930100
AAPL,2020-12-28,132.81443786621094,136.69000244140625,137.33999633789062,133.50999450683594,133.99000549316406,124486200
AAPL,2020-12-29,131.04600524902344,134.8699951171875,138.7899932861328,134.33999633789062,138.0500030517578,121047300
AAPL,2020-12-30,129.9286346435547,133.72000122070312,135.99000549316406,133.39999389648438,135.5800018310547,96452100
AAPL,2020-12-31,128.92787170410156,132.69000244140625,134.74000549316406,131.72000122070312,134.0800018310547,99116600
AAPL,2021-01-04,125.74085998535156,129.41000366210938,133.61000061035156,126.76000213623047,133.52000427246094,143301900
AAPL,2021-01-05,127.29548645019531,131.00999450683594,131.74000549316406,128.42999267578125,128.88999938964844,97664900
AAPL,2021-01-06,123.01051330566406,126.5999984741211,131.0500030517578,126.37999725341797,127.72000122070312,155088000
AAPL,2021-01-07,127.20802307128906,130.9199981689453,131.6300048828125,127.86000061035156,128.36000061035156,109578200
AAPL,2021-01-08,128.3059539794922,132.0500030517578,132.6300048828125,130.22999572753906,132.42999267578125,105158200
AAPL,2021-01-11,125.32305145263672,128.97999572753906,130.1699981689453,128.5,129.19000244140625,100384500
AAPL,2021-01-12,125.14815521240234,128.8000030517578,129.69000244140625,126.86000061035156,128.5,91951100
AAPL,2021-01-13,127.17890930175781,130.88999938964844,131.4499969482422,128.49000549316406,128.75999450683594,88636800
AAPL,2021-01-14,125.2550277709961,128.91000366210938,131.0,128.75999450683594,130.8000030517578,90221800
AAPL,2021-01-15,123.53521728515625,127.13999938964844,130.22000122070312,127.0,128.77999877929688,111598500
AAPL,2021-01-19,124.20565032958984,127.83000183105469,128.7100067138672,126.94000244140625,127.77999877929688,90757300
AAPL,2021-01-20,128.2865753173828,132.02999877929688,132.49000549316406,128.5500030517578,128.66000366210938,104319500
AAPL,2021-01-21,132.98931884765625,136.8699951171875,139.6699981689453,133.58999633789062,133.8000030517578,120150900
AAPL,2021-01-22,135.12692260742188,139.07000732421875,139.85000610351562,135.02000427246094,136.27999877929688,114459400
AAPL,2021-01-25,138.86781311035156,142.9199981689453,145.08999633789062,136.5399932861328,143.07000732421875,157611700
AAPL,2021-01-26,139.10101318359375,143.16000366210938,144.3000030517578,141.3699951171875,143.60000610351562,98390600
AAPL,2021-01-27,138.03219604492188,142.05999755859375,144.3000030517578,140.41000366210938,143.42999267578125,140843800
AAPL,2021-01-28,133.20309448242188,137.08999633789062,141.99000549316406,136.6999969482422,139.52000427246094,142621100
AAPL,2021-01-29,128.2185821533203,131.9600067138672,136.74000549316406,130.2100067138672,135.8300018310547,177523800
AAPL,2021-02-01,130.33670043945312,134.13999938964844,135.3800048828125,130.92999267578125,133.75,106239800
AAPL,2021-02-02,131.16265869140625,134.99000549316406,136.30999755859375,134.61000061035156,135.72999572753906,83305400
AAPL,2021-02-03,130.14239501953125,133.94000244140625,135.77000427246094,133.61000061035156,135.75999450683594,89880900
AAPL,2021-02-04,133.49456787109375,137.38999938964844,137.39999389648438,134.58999633789062,136.3000030517578,84183100
AAPL,2021-02-05,133.08102416992188,136.75999450683594,137.4199981689453,135.86000061035156,137.35000610351562,75693800
AAPL,2021-02-08,133.2270050048828,136.91000366210938,136.9600067138672,134.9199981689453,136.02999877929688,71297200
AAPL,2021-02-09,132.35121154785156,136.00999450683594,137.8800048828125,135.85000610351562,136.6199951171875,76774200
AAPL,2021-02-10,131.74789428710938,135.38999938964844,136.99000549316406,134.39999389648438,136.47999572753906,73046600
AAPL,2021-02-11,131.494873046875,135.1300048828125,136.38999938964844,133.77000427246094,135.89999389648438,64280000
AAPL,2021-02-12,131.72840881347656,135.3699951171875,135.52999877929688,133.69000244140625,134.35000610351562,60145100
AAPL,2021-02-16,129.60708618164062,133.19000244140625,136.00999450683594,132.7899932861328,135.49000549316406,80576300
AAPL,2021-02-17,127.32028198242188,130.83999633789062,132.22000122070312,129.47000122070312,131.25,97918500
AAPL,2021-02-18,126.22069549560547,129.7100067138672,130.0,127.41000366210938,129.1999969482422,96856700
AAPL,2021-02-19,126.37638092041016,129.8699951171875,130.7100067138672,128.8000030517578,130.24000549316406,87668800
AAPL,2021-02-22,122.6104965209961,126.0,129.72000122070312,125.5999984741211,128.00999450683594,103916400
AAPL,2021-02-23,122.4742431640625,125.86000061035156,126.70999908447266,118.38999938964844,123.76000213623047,158273000
AAPL,2021-02-24,121.97798156738281,125.3499984741211,125.55999755859375,122.2300033569336,124.94000244140625,111039900
AAPL,2021-02-25,117.7352294921875,120.98999786376953,126.45999908447266,120.54000091552734,124.68000030517578,148199500
AAPL,2021-02-26,117.99801635742188,121.26000213623047,124.8499984741211,121.19999694824219,122.58999633789062,164560400
AAPL,2021-03-01,124.35232543945312,127.79000091552734,127.93000030517578,122.79000091552734,123.75,116307900
AAPL,2021-03-02,121.754150390625,125.12000274658203,128.72000122070312,125.01000213623047,128.41000366210938,102260900
AAPL,2021-03-03,118.7764663696289,122.05999755859375,125.70999908447266,121.83999633789062,124.80999755859375,112966300
AAPL,2021-03-04,116.89839172363281,120.12999725341797,123.5999984741211,118.62000274658203,121.75,178155000
AAPL,2021-03-05,118.15367126464844,121.41999816894531,121.94000244140625,117.56999969482422,120.9800033569336,153766600
AAPL,2021-03-08,113.22978210449219,116.36000061035156,121.0,116.20999908447266,120.93000030517578,154376600
AAPL,2021-03-09,117.83255004882812,121.08999633789062,122.05999755859375,118.79000091552734,119.02999877929688,129525800
AAPL,2021-03-10,116.7524185180664,119.9800033569336,122.16999816894531,119.44999694824219,121.69000244140625,111943300
AAPL,2021-03-11,118.67916107177734,121.95999908447266,123.20999908447266,121.26000213623047,122.54000091552734,103026500
AAPL,2021-03-12,117.77416229248047,121.02999877929688,121.16999816894531,119.16000366210938,120.4000015258789,88105100
AAPL,2021-03-15,120.65453338623047,123.98999786376953,124.0,120.41999816894531,121.41000366210938,92403800
AAPL,2021-03-16,122.19205474853516,125.56999969482422,127.22000122070312,124.72000122070312,125.69999694824219,115227900
AAPL,2021-03-17,121.4038314819336,124.76000213623047,125.86000061035156,122.33999633789062,124.05000305175781,111932600
AAPL,2021-03-18,117.2876205444336,120.52999877929688,123.18000030517578,120.31999969482422,122.87999725341797,121229700
AAPL,2021-03-19,116.76213836669922,119.98999786376953,121.43000030517578,119.68000030517578,119.9000015258789,185549500
AAPL,2021-03-22,120.07069396972656,123.38999938964844,123.87000274658203,120.26000213623047,120.33000183105469,111912300
AAPL,2021-03-23,119.24356842041016,122.54000091552734,124.23999786376953,122.13999938964844,123.33000183105469,95467100
AAPL,2021-03-24,116.85946655273438,120.08999633789062,122.9000015258789,120.06999969482422,122.81999969482422,88530500
AAPL,2021-03-25,117.34600830078125,120.58999633789062,121.66000366210938,119.0,119.54000091552734,98844700
AAPL,2021-03-26,117.94932556152344,121.20999908447266,121.4800033569336,118.91999816894531,120.3499984741211,94071200
AAPL,2021-03-29,118.1244888305664,121.38999938964844,122.58000183105469,120.7300033569336,121.6500015258789,80819200
AAPL,2021-03-30,116.67457580566406,119.9000015258789,120.4000015258789,118.86000061035156,120.11000061035156,85671900
AAPL,2021-03-31,118.86405181884766,122.1500015258789,123.5199966430664,121.1500015258789,121.6500015258789,118323800
AAPL,2021-04-01,119.69120788574219,123.0,124.18000030517578,122.48999786376953,123.66000366210938,75089100
AAPL,2021-04-05,122.51318359375,125.9000015258789,126.16000366210938,123.06999969482422,123.87000274658203,88651200
AAPL,2021-04-06,122.81483459472656,126.20999908447266,127.12999725341797,125.6500015258789,126.5,80171300
AAPL,2021-04-07,124.45936584472656,127.9000015258789,127.91999816894531,125.13999938964844,125.83000183105469,83466700
AAPL,2021-04-08,126.85319519042969,130.36000061035156,130.38999938964844,128.52000427246094,128.9499969482422,88844600
AAPL,2021-04-09,129.4221954345703,133.0,133.0399932861328,129.47000122070312,129.8000030517578,106686700
AAPL,2021-04-12,127.70954132080078,131.24000549316406,132.85000610351562,130.6300048828125,132.52000427246094,91420000
AAPL,2021-04-13,130.81369018554688,134.42999267578125,134.66000366210938,131.92999267578125,132.44000244140625,91266500
AAPL,2021-04-14,128.478271484375,132.02999877929688,135.0,131.66000366210938,134.94000244140625,87222800
AAPL,2021-04-15,130.8818359375,134.5,135.0,133.63999938964844,133.82000732421875,89347100
AAPL,2021-04-16,130.5509796142578,134.16000366210938,134.6699981689453,133.27999877929688,134.3000030517578,84922400
AAPL,2021-04-19,131.21266174316406,134.83999633789062,135.47000122070312,133.33999633789062,133.50999450683594,94264200
AAPL,2021-04-20,129.5291748046875,133.11000061035156,135.52999877929688,131.80999755859375,135.02000427246094,94812300
AAPL,2021-04-21,129.9087677001953,133.5,133.75,131.3000030517578,132.36000061035156,68847100
AAPL,2021-04-22,128.3907012939453,131.94000244140625,134.14999389648438,131.41000366210938,133.0399932861328,84566500
AAPL,2021-04-23,130.70668029785156,134.32000732421875,135.1199951171875,132.16000366210938,132.16000366210938,78657500
AAPL,2021-04-26,131.09588623046875,134.72000122070312,135.05999755859375,133.55999755859375,134.8300018310547,66905100
AAPL,2021-04-27,130.77474975585938,134.38999938964844,135.41000366210938,134.11000061035156,135.00999450683594,66015800
AAPL,2021-04-28,129.98658752441406,133.5800018310547,135.02000427246094,133.0800018310547,134.30999755859375,107760100
AAPL,2021-04-29,129.88926696777344,133.47999572753906,137.07000732421875,132.4499969482422,136.47000122070312,151101000
AAPL,2021-04-30,127.92361450195312,131.4600067138672,133.55999755859375,131.07000732421875,131.77999877929688,109839500
AAPL,2021-05-03,128.97450256347656,132.5399932861328,134.07000732421875,131.8300018310547,132.0399932861328,75135100
AAPL,2021-05-04,124.41070556640625,127.8499984741211,131.49000549316406,126.69999694824219,131.19000244140625,137564700
AAPL,2021-05-05,124.65399169921875,128.10000610351562,130.4499969482422,127.97000122070312,129.1999969482422,84000900
AAPL,2021-05-06,126.24986267089844,129.74000549316406,129.75,127.12999725341797,127.88999938964844,78128300
AAPL,2021-05-07,126.92247009277344,130.2100067138672,131.25999450683594,129.47999572753906,130.85000610351562,78973300
AAPL,2021-05-10,123.64727020263672,126.8499984741211,129.5399932861328,126.80999755859375,129.41000366210938,88071200
AAPL,2021-05-11,122.73102569580078,125.91000366210938,126.2699966430664,122.7699966430664,123.5,126142800
AAPL,2021-05-12,119.6702880859375,122.7699966430664,124.63999938964844,122.25,123.4000015258789,112172300
AAPL,2021-05-13,121.81474304199219,124.97000122070312,126.1500015258789,124.26000213623047,124.58000183105469,105861300
AAPL,2021-05-14,124.23213195800781,127.44999694824219,127.88999938964844,125.8499984741211,126.25,81918000
AAPL,2021-05-17,123.08191680908203,126.2699966430664,126.93000030517578,125.16999816894531,126.81999969482422,74244600
AAPL,2021-05-18,121.6977767944336,124.8499984741211,126.98999786376953,124.77999877929688,126.55999755859375,63342900
AAPL,2021-05-19,121.54180908203125,124.69000244140625,124.91999816894531,122.86000061035156,123.16000366210938,92612000
AAPL,2021-05-20,124.09565734863281,127.30999755859375,127.72000122070312,125.0999984741211,125.2300033569336,76857100
AAPL,2021-05-21,122.26314544677734,125.43000030517578,128.0,125.20999908447266,127.81999969482422,79295400
AAPL,2021-05-24,123.89094543457031,127.0999984741211,127.94000244140625,125.94000244140625,126.01000213623047,63092900
AAPL,2021-05-25,123.6960220336914,126.9000015258789,128.32000732421875,126.31999969482422,127.81999969482422,72009500
AAPL,2021-05-26,123.64727020263672,126.8499984741211,127.38999938964844,126.41999816894531,126.95999908447266,56575900
AAPL,2021-05-27,122.11692810058594,125.27999877929688,127.63999938964844,125.08000183105469,126.44000244140625,94625600
AAPL,2021-05-28,121.46383666992188,124.61000061035156,125.80000305175781,124.55000305175781,125.56999969482422,71311100
AAPL,2021-06-01,121.14217376708984,124.27999877929688,125.3499984741211,123.94000244140625,125.08000183105469,67637100
AAPL,2021-06-02,121.90247344970703,125.05999755859375,125.23999786376953,124.05000305175781,124.27999877929688,59278900
AAPL,2021-06-03,120.42085266113281,123.54000091552734,124.8499984741211,123.12999725341797,124.68000030517578,76229200
AAPL,2021-06-04,122.71150970458984,125.88999938964844,126.16000366210938,123.8499984741211,124.06999969482422,75169300
AAPL,2021-06-07,122.72127532958984,125.9000015258789,126.31999969482422,124.83000183105469,126.16999816894531,71057600
AAPL,2021-06-08,123.54004669189453,126.73999786376953,128.4600067138672,126.20999908447266,126.5999984741211,74403800
AAPL,2021-06-09,123.92020416259766,127.12999725341797,127.75,126.5199966430664,127.20999908447266,56877900
AAPL,2021-06-10,122.92595672607422,126.11000061035156,128.19000244140625,125.94000244140625,127.0199966430664,71186400
AAPL,2021-06-11,124.13465118408203,127.3499984741211,127.44000244140625,126.0999984741211,126.52999877929688,53522400
AAPL,2021-06-14,127.1856460571289,130.47999572753906,130.5399932861328,127.06999969482422,127.81999969482422,96906500
AAPL,2021-06-15,126.36683654785156,129.63999938964844,130.60000610351562,129.38999938964844,129.94000244140625,62746300
AAPL,2021-06-16,126.86395263671875,130.14999389648438,130.88999938964844,128.4600067138672,130.3699951171875,91815000
AAPL,2021-06-17,128.46255493164062,131.7899932861328,132.5500030517578,129.64999389648438,129.8000030517578,96721700
AAPL,2021-06-18,127.16618347167969,130.4600067138672,131.50999450683594,130.24000549316406,130.7100067138672,108953300
AAPL,2021-06-21,128.95968627929688,132.3000030517578,132.41000366210938,129.2100067138672,130.3000030517578,79663300
AAPL,2021-06-22,130.5972442626953,133.97999572753906,134.0800018310547,131.6199951171875,132.1300048828125,74783600
AAPL,2021-06-23,130.3243408203125,133.6999969482422,134.32000732421875,133.22999572753906,133.77000427246094,60214200
AAPL,2021-06-24,130.04164123535156,133.41000366210938,134.63999938964844,132.92999267578125,134.4499969482422,68711000
AAPL,2021-06-25,129.7491912841797,133.11000061035156,133.88999938964844,132.80999755859375,133.4600067138672,70783700
AAPL,2021-06-28,131.37705993652344,134.77999877929688,135.25,133.35000610351562,133.41000366210938,62111300
AAPL,2021-06-29,132.88790893554688,136.3300018310547,136.49000549316406,134.35000610351562,134.8000030517578,64556100
AAPL,2021-06-30,133.5020294189453,136.9600067138672,137.41000366210938,135.8699951171875,136.1699981689453,63261400
AAPL,2021-07-01,133.80419921875,137.27000427246094,137.3300018310547,135.75999450683594,136.60000610351562,52485800
AAPL,2021-07-02,136.42628479003906,139.9600067138672,140.0,137.75,137.89999389648438,78852600
AAPL,2021-07-06,138.4342498779297,142.02000427246094,143.14999389648438,140.07000732421875,140.07000732421875,108181800
AAPL,2021-07-07,140.91989135742188,144.57000732421875,144.88999938964844,142.66000366210938,143.5399932861328,104911600
AAPL,2021-07-08,139.62347412109375,143.24000549316406,144.05999755859375,140.6699981689453,141.5800018310547,105575500
AAPL,2021-07-09,141.44625854492188,145.11000061035156,145.64999389648438,142.64999389648438,142.75,99890800
AAPL,2021-07-12,140.8516387939453,144.5,146.32000732421875,144.0,146.2100067138672,76299700
AAPL,2021-07-13,141.962890625,145.63999938964844,147.4600067138672,143.6300048828125,144.02999877929688,100827100
AAPL,2021-07-14,145.3842315673828,149.14999389648438,149.57000732421875,147.67999267578125,148.10000610351562,127050800
AAPL,2021-07-15,144.73117065429688,148.47999572753906,150.0,147.08999633789062,149.24000549316406,106820300
AAPL,2021-07-16,142.69393920898438,146.38999938964844,149.75999450683594,145.8800048828125,148.4600067138672,93251400
AAPL,2021-07-19,138.8533935546875,142.4499969482422,144.07000732421875,141.6699981689453,143.75,121434600
AAPL,2021-07-20,142.45999145507812,146.14999389648438,147.10000610351562,142.9600067138672,143.4600067138672,96350000
AAPL,2021-07-21,141.7289276123047,145.39999389648438,146.1300048828125,144.6300048828125,145.52999877929688,74993500
AAPL,2021-07-22,143.0935821533203,146.8000030517578,148.1999969482422,145.80999755859375,145.94000244140625,77338200
AAPL,2021-07-23,144.80914306640625,148.55999755859375,148.72000122070312,146.9199981689453,147.5500030517578,71447400
AAPL,2021-07-26,145.22830200195312,148.99000549316406,149.8300018310547,147.6999969482422,148.27000427246094,72434100
AAPL,2021-07-27,143.06436157226562,146.77000427246094,149.2100067138672,145.5500030517578,149.1199951171875,104818600
AAPL,2021-07-28,141.31951904296875,144.97999572753906,146.97000122070312,142.5399932861328,144.80999755859375,118931200
AAPL,2021-07-29,141.962890625,145.63999938964844,146.5500030517578,144.5800018310547,144.69000244140625,56699500
AAPL,2021-07-30,142.17727661132812,145.86000061035156,146.3300018310547,144.11000061035156,144.3800048828125,70440600
AAPL,2021-08-02,141.8459014892578,145.52000427246094,146.9499969482422,145.25,146.36000061035156,62880000
AAPL,2021-08-03,143.63941955566406,147.36000061035156,148.0399932861328,145.17999267578125,145.80999755859375,64786600
AAPL,2021-08-04,143.2397918701172,146.9499969482422,147.7899932861328,146.27999877929688,147.27000427246094,56368300
AAPL,2021-08-05,143.34701538085938,147.05999755859375,147.83999633789062,146.1699981689453,146.97999572753906,46397700
AAPL,2021-08-06,142.66363525390625,146.13999938964844,147.11000061035156,145.6300048828125,146.35000610351562,54126800
AAPL,2021-08-09,142.61485290527344,146.08999633789062,146.6999969482422,145.52000427246094,146.1999969482422,48908700
AAPL,2021-08-10,142.1365509033203,145.60000610351562,147.7100067138672,145.3000030517578,146.44000244140625,69023100
AAPL,2021-08-11,142.39031982421875,145.86000061035156,146.72000122070312,145.52999877929688,146.0500030517578,48493500
AAPL,2021-08-12,145.34823608398438,148.88999938964844,149.0500030517578,145.83999633789062,146.19000244140625,72282600
AAPL,2021-08-13,145.5532684326172,149.10000610351562,149.44000244140625,148.27000427246094,148.97000122070312,59375000
AAPL,2021-08-16,147.52520751953125,151.1199951171875,151.19000244140625,146.47000122070312,148.5399932861328,103296000
AAPL,2021-08-17,146.61729431152344,150.19000244140625,151.67999267578125,149.08999633789062,150.22999572753906,92229700
AAPL,2021-08-18,142.87841796875,146.36000061035156,150.72000122070312,146.14999389648438,149.8000030517578,86326000
AAPL,2021-08-19,143.21034240722656,146.6999969482422,148.0,144.5,145.02999877929688,86960300
AAPL,2021-08-20,144.66490173339844,148.19000244140625,148.5,146.77999877929688,147.44000244140625,60549600
AAPL,2021-08-23,146.1487579345703,149.7100067138672,150.19000244140625,147.88999938964844,148.30999755859375,60131800
AAPL,2021-08-24,146.06089782714844,149.6199951171875,150.86000061035156,149.14999389648438,149.4499969482422,48606400
AAPL,2021-08-25,144.83084106445312,148.36000061035156,150.32000732421875,147.8000030517578,149.80999755859375,58991300
AAPL,2021-08-26,144.03036499023438,147.5399932861328,149.1199951171875,147.50999450683594,148.35000610351562,48597200
AAPL,2021-08-27,145.06517028808594,148.60000610351562,148.75,146.8300018310547,147.47999572753906,55802400
AAPL,2021-08-30,149.4776153564453,153.1199951171875,153.49000549316406,148.61000061035156,149.0,90956700
AAPL,2021-08-31,148.21836853027344,151.8300018310547,152.8000030517578,151.2899932861328,152.66000366210938,86453100
AAPL,2021-09-01,148.8821258544922,152.50999450683594,154.97999572753906,152.33999633789062,152.8300018310547,80313700
AAPL,2021-09-02,149.99501037597656,153.64999389648438,154.72000122070312,152.39999389648438,153.8699951171875,71115500
AAPL,2021-09-03,150.62960815429688,154.3000030517578,154.6300048828125,153.08999633789062,153.75999450683594,57808700
AAPL,2021-09-07,152.9626922607422,156.69000244140625,157.25999450683594,154.38999938964844,154.97000122070312,82278300
AAPL,2021-09-08,151.42030334472656,155.11000061035156,157.0399932861328,153.97999572753906,156.97999572753906,74420200
AAPL,2021-09-09,150.40504455566406,154.07000732421875,156.11000061035156,153.9499969482422,155.49000549316406,57305700
AAPL,2021-09-10,145.42636108398438,148.97000122070312,155.47999572753906,148.6999969482422,155.0,140893200
AAPL,2021-09-13,145.99256896972656,149.5500030517578,151.4199981689453,148.75,150.6300048828125,102404300
AAPL,2021-09-14,144.59658813476562,148.1199951171875,151.07000732421875,146.91000366210938,150.35000610351562,109296300
AAPL,2021-09-15,145.4849395751953,149.02999877929688,149.44000244140625,146.3699951171875,148.55999755859375,83281300
AAPL,2021-09-16,145.2506103515625,148.7899932861328,148.97000122070312,147.22000122070312,148.44000244140625,68034100
AAPL,2021-09-17,142.58555603027344,146.05999755859375,148.82000732421875,145.75999450683594,148.82000732421875,129868800
AAPL,2021-09-20,139.53976440429688,142.94000244140625,144.83999633789062,141.27000427246094,143.8000030517578,123478900
AAPL,2021-09-21,140.01812744140625,143.42999267578125,144.60000610351562,142.77999877929688,143.92999267578125,75834000
AAPL,2021-09-22,142.3805694580078,145.85000610351562,146.42999267578125,143.6999969482422,144.4499969482422,76404300
AAPL,2021-09-23,143.3372344970703,146.8300018310547,147.0800018310547,145.63999938964844,146.64999389648438,64838200
AAPL,2021-09-24,143.42514038085938,146.9199981689453,147.47000122070312,145.55999755859375,145.66000366210938,53477900
AAPL,2021-09-27,141.91195678710938,145.3699951171875,145.9600067138672,143.82000732421875,145.47000122070312,74150700
AAPL,2021-09-28,138.5343017578125,141.91000366210938,144.75,141.69000244140625,143.25,108972300
AAPL,2021-09-29,139.43238830566406,142.8300018310547,144.4499969482422,142.02999877929688,142.47000122070312,74602000
AAPL,2021-09-30,138.134033203125,141.5,144.3800048828125,141.27999877929688,143.66000366210938,89056700
AAPL,2021-10-01,139.25669860839844,142.64999389648438,142.9199981689453,139.11000061035156,141.89999389648438,94639600
AAPL,2021-10-04,135.8302001953125,139.13999938964844,142.2100067138672,138.27000427246094,141.75999450683594,98322000
AAPL,2021-10-05,137.75331115722656,141.11000061035156,142.24000549316406,139.36000061035156,139.49000549316406,80861100
AAPL,2021-10-06,138.62217712402344,142.0,142.14999389648438,138.3699951171875,139.47000122070312,83221100
AAPL,2021-10-07,139.8814697265625,143.2899932861328,144.22000122070312,142.72000122070312,143.05999755859375,61732700
AAPL,2021-10-08,139.500732421875,142.89999389648438,144.17999267578125,142.55999755859375,144.02999877929688,58773200
AAPL,2021-10-11,139.41287231445312,142.80999755859375,144.80999755859375,141.80999755859375,142.27000427246094,64452200
AAPL,2021-10-12,138.14381408691406,141.50999450683594,143.25,141.0399932861328,143.22999572753906,73035900
AAPL,2021-10-13,137.5580596923828,140.91000366210938,141.39999389648438,139.1999969482422,141.24000549316406,78762700
AAPL,2021-10-14,140.3402862548828,143.75999450683594,143.8800048828125,141.50999450683594,142.11000061035156,69907100
AAPL,2021-10-15,141.39459228515625,144.83999633789062,144.89999389648438,143.50999450683594,143.77000427246094,67940300
AAPL,2021-10-18,143.0639190673828,146.5500030517578,146.83999633789062,143.16000366210938,143.4499969482422,85589200
AAPL,2021-10-19,145.22134399414062,148.75999450683594,149.1699981689453,146.5500030517578,147.00999450683594,76378900
AAPL,2021-10-20,145.70944213867188,149.25999450683594,149.75,148.1199951171875,148.6999969482422,58418800
AAPL,2021-10-21,145.9241943359375,149.47999572753906,149.63999938964844,147.8699951171875,148.80999755859375,61421000
AAPL,2021-10-22,145.1529998779297,148.69000244140625,150.17999267578125,148.63999938964844,149.69000244140625,58883400
AAPL,2021-10-25,145.1042022705078,148.63999938964844,149.3699951171875,147.6199951171875,148.67999267578125,50720600
AAPL,2021-10-26,145.76803588867188,149.32000732421875,150.83999633789062,149.00999450683594,149.3300018310547,60893400
AAPL,2021-10-27,145.3092498779297,148.85000610351562,149.72999572753906,148.49000549316406,149.36000061035156,56094900
AAPL,2021-10-28,148.9407196044922,152.57000732421875,153.1699981689453,149.72000122070312,149.82000732421875,100077900
AAPL,2021-10-29,146.23660278320312,149.8000030517578,149.94000244140625,146.41000366210938,147.22000122070312,124953200
AAPL,2021-11-01,145.4165802001953,148.9600067138672,149.6999969482422,147.8000030517578,148.99000549316406,74588300
AAPL,2021-11-02,146.45138549804688,150.02000427246094,151.57000732421875,148.64999389648438,148.66000366210938,69122000
AAPL,2021-11-03,147.8864288330078,151.49000549316406,151.97000122070312,149.82000732421875,150.38999938964844,54511500
AAPL,2021-11-04,147.3690185546875,150.9600067138672,152.42999267578125,150.63999938964844,151.5800018310547,60394600
AAPL,2021-11-05,147.89697265625,151.27999877929688,152.1999969482422,150.05999755859375,151.88999938964844,65463900
AAPL,2021-11-08,147.0757293701172,150.44000244140625,151.57000732421875,150.16000366210938,151.41000366210938,55020900
AAPL,2021-11-09,147.43743896484375,150.80999755859375,151.42999267578125,150.05999755859375,150.1999969482422,56787900
AAPL,2021-11-10,144.612060546875,147.9199981689453,150.1300048828125,147.85000610351562,150.02000427246094,65187100
AAPL,2021-11-11,144.5631866455078,147.8699951171875,149.42999267578125,147.67999267578125,148.9600067138672,41000000
AAPL,2021-11-12,146.63577270507812,149.99000549316406,150.39999389648438,147.47999572753906,148.42999267578125,63804000
AAPL,2021-11-15,146.6455535888672,150.0,151.8800048828125,149.42999267578125,150.3699951171875,59222800
AAPL,2021-11-16,147.62319946289062,151.0,151.49000549316406,149.33999633789062,149.94000244140625,59256200
AAPL,2021-11-17,150.0575408935547,153.49000549316406,155.0,150.99000549316406,151.0,88807000
AAPL,2021-11-18,154.33953857421875,157.8699951171875,158.6699981689453,153.0500030517578,153.7100067138672,137827700
AAPL,2021-11-19,156.95962524414062,160.5500030517578,161.02000427246094,156.52999877929688,157.64999389648438,117305600
AAPL,2021-11-22,157.4191131591797,161.02000427246094,165.6999969482422,161.0,161.67999267578125,117467900
AAPL,2021-11-23,157.8004150390625,161.41000366210938,161.8000030517578,159.05999755859375,161.1199951171875,96041900
AAPL,2021-11-24,158.3185577392578,161.94000244140625,162.13999938964844,159.63999938964844,160.75,69463600
AAPL,2021-11-26,153.30328369140625,156.80999755859375,160.4499969482422,156.36000061035156,159.57000732421875,76959800
AAPL,2021-11-29,156.6565704345703,160.24000549316406,161.19000244140625,158.7899932861328,159.3699951171875,88748200
AAPL,2021-11-30,161.60340881347656,165.3000030517578,165.52000427246094,159.9199981689453,159.99000549316406,174048100
AAPL,2021-12-01,161.0852813720703,164.77000427246094,170.3000030517578,164.52999877929688,167.47999572753906,152052500
AAPL,2021-12-02,160.09786987304688,163.75999450683594,164.1999969482422,157.8000030517578,158.74000549316406,136739200
AAPL,2021-12-03,158.2207794189453,161.83999633789062,164.9600067138672,159.72000122070312,164.02000427246094,118023100
AAPL,2021-12-06,161.62295532226562,165.32000732421875,167.8800048828125,164.27999877929688,164.2899932861328,107497000
AAPL,2021-12-07,167.35191345214844,171.17999267578125,171.5800018310547,168.33999633789062,169.0800018310547,120405400
AAPL,2021-12-08,171.16473388671875,175.0800018310547,175.9600067138672,170.6999969482422,172.1300048828125,116998900
AAPL,2021-12-09,170.65631103515625,174.55999755859375,176.75,173.9199981689453,174.91000366210938,108923700
AAPL,2021-12-10,175.43699645996094,179.4499969482422,179.6300048828125,174.69000244140625,175.2100067138672,115402700
AAPL,2021-12-13,171.8099365234375,175.74000549316406,182.1300048828125,175.52999877929688,181.1199951171875,153237000
AAPL,2021-12-14,170.43148803710938,174.3300018310547,177.74000549316406,172.2100067138672,175.25,139380400
AAPL,2021-12-15,175.2903289794922,179.3000030517578,179.5,172.30999755859375,175.11000061035156,131063300
AAPL,2021-12-16,168.4077911376953,172.25999450683594,181.13999938964844,170.75,179.27999877929688,150185800
AAPL,2021-12-17,167.3127899169922,171.13999938964844,173.47000122070312,169.69000244140625,169.92999267578125,195432700
AAPL,2021-12-20,165.95387268066406,169.75,170.5800018310547,167.4600067138672,168.27999877929688,107499100
AAPL,2021-12-21,169.12144470214844,172.99000549316406,173.1999969482422,169.1199951171875,171.55999755859375,91185900
AAPL,2021-12-22,171.712158203125,175.63999938964844,175.86000061035156,172.14999389648438,173.0399932861328,92135300
AAPL,2021-12-23,172.337890625,176.27999877929688,176.85000610351562,175.27000427246094,175.85000610351562,68356600
AAPL,2021-12-27,176.2972869873047,180.3300018310547,180.4199981689453,177.07000732421875,177.08999633789062,74919600
AAPL,2021-12-28,175.28054809570312,179.2899932861328,181.3300018310547,178.52999877929688,180.16000366210938,79144300
AAPL,2021-12-29,175.36856079101562,179.3800048828125,180.6300048828125,178.13999938964844,179.3300018310547,62348900
AAPL,2021-12-30,174.2149658203125,178.1999969482422,180.57000732421875,178.08999633789062,179.47000122070312,59773000
AAPL,2021-12-31,173.59898376464844,177.57000732421875,179.22999572753906,177.25999450683594,178.08999633789062,64062300
AAPL,2022-01-03,177.93972778320312,182.00999450683594,182.8800048828125,177.7100067138672,177.8300018310547,104487900
AAPL,2022-01-04,175.68136596679688,179.6999969482422,182.94000244140625,179.1199951171875,182.6300048828125,99310400
AAPL,2022-01-05,171.00827026367188,174.9199981689453,180.1699981689453,174.63999938964844,179.61000061035156,94537600
AAPL,2022-01-06,168.153564453125,172.0,175.3000030517578,171.63999938964844,172.6999969482422,96904000
AAPL,2022-01-07,168.3197479248047,172.1699981689453,174.13999938964844,171.02999877929688,172.88999938964844,86709100
AAPL,2022-01-10,168.33935546875,172.19000244140625,172.5,168.1699981689453,169.0800018310547,106765600
AAPL,2022-01-11,171.16473388671875,175.0800018310547,175.17999267578125,170.82000732421875,172.32000732421875,76138300
AAPL,2022-01-12,171.60467529296875,175.52999877929688,177.17999267578125,174.82000732421875,176.1199951171875,74805200
AAPL,2022-01-13,168.33935546875,172.19000244140625,176.6199951171875,171.7899932861328,175.77999877929688,84505800
AAPL,2022-01-14,169.19967651367188,173.07000732421875,173.77999877929688,171.08999633789062,171.33999633789062,80440800
AAPL,2022-01-18,166.0027618408203,169.8000030517578,172.5399932861328,169.41000366210938,171.50999450683594,90956700
AAPL,2022-01-19,162.51260375976562,166.22999572753906,171.0800018310547,165.94000244140625,170.0,94815000
AAPL,2022-01-20,160.8311004638672,164.50999450683594,169.67999267578125,164.17999267578125,166.97999572753906,91420500
AAPL,2022-01-21,158.778076171875,162.41000366210938,166.3300018310547,162.3000030517578,164.4199981689453,122848900
AAPL,2022-01-24,158.00572204589844,161.6199951171875,162.3000030517578,154.6999969482422,160.02000427246094,162294600
AAPL,2022-01-25,156.20684814453125,159.77999877929688,162.75999450683594,157.02000427246094,158.97999572753906,115798400
AAPL,2022-01-26,156.11883544921875,159.69000244140625,164.38999938964844,157.82000732421875,163.5,108275300
AAPL,2022-01-27,155.6593780517578,159.22000122070312,163.83999633789062,158.27999877929688,162.4499969482422,121954600
AAPL,2022-01-28,166.5209197998047,170.3300018310547,170.35000610351562,162.8000030517578,165.7100067138672,179935700
AAPL,2022-01-31,170.87142944335938,174.77999877929688,175.0,169.50999450683594,170.16000366210938,115541600
AAPL,2022-02-01,170.7052001953125,174.61000061035156,174.83999633789062,172.30999755859375,174.00999450683594,86213900
AAPL,2022-02-02,171.90768432617188,175.83999633789062,175.8800048828125,173.3300018310547,174.75,84914300
AAPL,2022-02-03,169.033447265625,172.89999389648438,176.24000549316406,172.1199951171875,174.47999572753906,89418100
AAPL,2022-02-04,168.74957275390625,172.38999938964844,174.10000610351562,170.67999267578125,171.67999267578125,82465400
AAPL,2022-02-07,168.0349884033203,171.66000366210938,173.9499969482422,170.9499969482422,172.86000061035156,77251200
AAPL,2022-02-08,171.13807678222656,174.8300018310547,175.35000610351562,171.42999267578125,171.72999572753906,74829200
AAPL,2022-02-09,172.55743408203125,176.27999877929688,176.64999389648438,174.89999389648438,176.0500030517578,71285000
AAPL,2022-02-10,168.4852752685547,172.1199951171875,175.47999572753906,171.5500030517578,174.13999938964844,90865900
AAPL,2022-02-11,165.07875061035156,168.63999938964844,173.0800018310547,168.0399932861328,172.3300018310547,98670700
AAPL,2022-02-14,165.31369018554688,168.8800048828125,169.5800018310547,166.55999755859375,167.3699951171875,86185500
AAPL,2022-02-15,169.14111328125,172.7899932861328,172.9499969482422,170.25,170.97000122070312,62527400
AAPL,2022-02-16,168.90623474121094,172.5500030517578,173.33999633789062,170.0500030517578,171.85000610351562,61177400
AAPL,2022-02-17,165.31369018554688,168.8800048828125,171.91000366210938,168.47000122070312,171.02999877929688,69589300
AAPL,2022-02-18,163.76707458496094,167.3000030517578,170.5399932861328,166.19000244140625,169.82000732421875,82772700
AAPL,2022-02-22,160.8499755859375,164.32000732421875,166.69000244140625,162.14999389648438,164.97999572753906,91162800
AAPL,2022-02-23,156.68972778320312,160.07000732421875,166.14999389648438,159.75,165.5399932861328,90009200
AAPL,2022-02-24,159.30337524414062,162.74000549316406,162.85000610351562,152.0,152.5800018310547,141147500
AAPL,2022-02-25,161.36883544921875,164.85000610351562,165.1199951171875,160.8699951171875,163.83999633789062,91974200
AAPL,2022-02-28,161.63308715820312,165.1199951171875,165.4199981689453,162.42999267578125,163.05999755859375,95056600
AAPL,2022-03-01,159.75364685058594,163.1999969482422,166.60000610351562,161.97000122070312,164.6999969482422,83474400
AAPL,2022-03-02,163.04270935058594,166.55999755859375,167.36000061035156,162.9499969482422,164.38999938964844,79724800
AAPL,2022-03-03,162.7196502685547,166.22999572753906,168.91000366210938,165.5500030517578,168.47000122070312,76678400
AAPL,2022-03-04,159.72425842285156,163.1699981689453,165.5500030517578,162.10000610351562,164.49000549316406,83737200
AAPL,2022-03-07,155.9359893798828,159.3000030517578,165.02000427246094,159.0399932861328,163.36000061035156,96418800
AAPL,2022-03-08,154.11524963378906,157.44000244140625,162.8800048828125,155.8000030517578,158.82000732421875,131148300
AAPL,2022-03-09,159.50894165039062,162.9499969482422,163.41000366210938,159.41000366210938,161.47999572753906,91454900
AAPL,2022-03-10,155.1724853515625,158.52000427246094,160.38999938964844,155.97999572753906,160.1999969482422,105342000
AAPL,2022-03-11,151.46250915527344,154.72999572753906,159.27999877929688,154.5,158.92999267578125,96970100
AAPL,2022-03-14,147.4392852783203,150.6199951171875,154.1199951171875,150.10000610351562,151.4499969482422,108732100
AAPL,2022-03-15,151.81491088867188,155.08999633789062,155.57000732421875,150.3800048828125,150.89999389648438,92964300
AAPL,2022-03-16,156.2198944091797,159.58999633789062,160.0,154.4600067138672,157.0500030517578,102300200
AAPL,2022-03-17,157.22813415527344,160.6199951171875,161.0,157.6300048828125,158.61000061035156,75615400
AAPL,2022-03-18,160.51719665527344,163.97999572753906,164.47999572753906,159.75999450683594,160.50999450683594,123511700
AAPL,2022-03-21,161.8876190185547,165.3800048828125,166.35000610351562,163.00999450683594,163.50999450683594,95811400
AAPL,2022-03-22,165.25494384765625,168.82000732421875,169.4199981689453,164.91000366210938,165.50999450683594,81532000
AAPL,2022-03-23,166.61561584472656,170.2100067138672,172.63999938964844,167.64999389648438,167.99000549316406,98062700
AAPL,2022-03-24,170.39410400390625,174.07000732421875,174.13999938964844,170.2100067138672,171.05999755859375,90131400
AAPL,2022-03-25,171.03038024902344,174.72000122070312,175.27999877929688,172.75,173.8800048828125,80546200
AAPL,2022-03-28,171.89178466796875,175.60000610351562,175.72999572753906,172.0,172.1699981689453,90371900
AAPL,2022-03-29,175.18084716796875,178.9600067138672,179.00999450683594,176.33999633789062,176.69000244140625,100589400
