Symbol,Date,Adj Close,Close,High,Low,Open,Volume
GOOG,2018-01-02,52.784610748291016,53.25,53.34700012207031,52.26150131225586,52.41699981689453,24752000
GOOG,2018-01-03,53.65097427368164,54.124000549316406,54.31449890136719,53.160499572753906,53.21549987792969,28604000
GOOG,2018-01-04,53.84526443481445,54.31999969482422,54.67850112915039,54.20009994506836,54.400001525878906,20092000
GOOG,2018-01-05,54.62984085083008,55.11149978637695,55.212501525878906,54.599998474121094,54.70000076293945,25582000
GOOG,2018-01-08,54.86328125,55.34700012207031,55.563499450683594,55.08100128173828,55.11149978637695,20952000
GOOG,2018-01-09,54.82958221435547,55.3129997253418,55.528499603271484,55.06155014038086,55.470001220703125,18050000
GOOG,2018-01-10,54.648677825927734,55.13050079345703,55.22999954223633,54.80550003051758,54.85499954223633,20856000
GOOG,2018-01-11,54.792911529541016,55.2760009765625,55.32624816894531,54.97949981689453,55.314998626708984,19566000
GOOG,2018-01-12,55.622589111328125,56.112998962402344,56.214500427246094,55.057498931884766,55.12049865722656,34410000
GOOG,2018-01-16,55.59781265258789,56.0880012512207,56.99549865722656,55.8916015625,56.6254997253418,31506000
GOOG,2018-01-17,56.104347229003906,56.5989990234375,56.630001068115234,55.85049819946289,56.31100082397461,24052000
GOOG,2018-01-18,55.99580383300781,56.489498138427734,56.6254997253418,55.875,56.570499420166016,23964000
GOOG,2018-01-19,56.3784294128418,56.8754997253418,56.893001556396484,56.415000915527344,56.59149932861328,35564000
GOOG,2018-01-22,57.285430908203125,57.79050064086914,57.99399948120117,56.75550079345703,56.8745002746582,32360000
GOOG,2018-01-23,57.987239837646484,58.49850082397461,58.58134841918945,57.9375,57.99250030517578,26662000
GOOG,2018-01-24,57.7032470703125,58.21200180053711,58.99300003051758,58.0525016784668,58.86650085449219,28332000
GOOG,2018-01-25,58.00707244873047,58.51850128173828,58.797000885009766,58.13800048828125,58.62649917602539,29610000
GOOG,2018-01-26,58.278175354003906,58.79199981689453,58.79199981689453,57.90549850463867,58.75400161743164,40376000
GOOG,2018-01-29,58.265289306640625,58.77899932861328,59.34450149536133,58.5989990234375,58.82400131225586,27578000
GOOG,2018-01-30,57.675994873046875,58.18450164794922,58.82600021362305,58.17599868774414,58.39149856567383,31126000
GOOG,2018-01-31,57.98575973510742,58.49700164794922,58.650001525878906,57.95650100708008,58.528499603271484,30774000
GOOG,2018-02-01,57.87473678588867,58.3849983215332,58.70000076293945,57.875999450683594,58.13050079345703,48242000
GOOG,2018-02-02,55.10911560058594,55.595001220703125,56.153499603271484,55.36389923095703,56.099998474121094,97158000
GOOG,2018-02-05,52.32863998413086,52.790000915527344,55.5,52.60150146484375,54.529998779296875,75966000
GOOG,2018-02-06,53.55779266357422,54.029998779296875,54.08549880981445,51.1568489074707,51.35900115966797,68960000
GOOG,2018-02-07,51.97079086303711,52.42900085449219,54.0890007019043,52.41299819946289,54.07699966430664,47384000
GOOG,2018-02-08,49.63834762573242,50.07600021362305,52.930999755859375,50.03300094604492,52.77050018310547,57182000
GOOG,2018-02-09,51.43550491333008,51.888999938964844,52.19850158691406,49.62799835205078,50.86249923706055,70118000
GOOG,2018-02-12,52.13731384277344,52.59700012207031,53.07500076293945,52.0463981628418,52.400001525878906,41154000
GOOG,2018-02-13,52.1452522277832,52.60499954223633,52.91849899291992,52.204349517822266,52.25,25302000
GOOG,2018-02-14,53.01755905151367,53.48500061035156,53.58599853515625,52.337501525878906,52.4474983215332,31116000
GOOG,2018-02-15,53.999900817871094,54.47600173950195,54.573951721191406,53.21699905395508,53.95349884033203,36868000
GOOG,2018-02-16,54.26158905029297,54.7400016784668,55.23350143432617,54.4156494140625,54.420501708984375,33590000
GOOG,2018-02-20,54.64124298095703,55.12300109863281,55.6974983215332,54.42599868774414,54.528499603271484,28462000
GOOG,2018-02-21,55.08136749267578,55.56700134277344,56.69850158691406,55.31650161743164,55.32350158691406,30258000
GOOG,2018-02-22,54.84792709350586,55.33150100708008,56.14099884033203,55.12950134277344,55.80950164794922,26344000
GOOG,2018-02-23,55.84711456298828,56.339500427246094,56.36399841308594,55.23569869995117,55.63199996948242,25220000
GOOG,2018-02-26,56.68770980834961,57.1875,57.198001861572266,56.33475112915039,56.38999938964844,31182000
GOOG,2018-02-27,55.42583084106445,55.91450119018555,57.20199966430664,55.900001525878906,57.0620002746582,35482000
GOOG,2018-02-28,54.75374984741211,55.23649978637695,56.37649917602539,55.1619987487793,56.1515007019043,37652000
GOOG,2018-03-01,53.00864028930664,53.47600173950195,55.50600051879883,53.35005187988281,55.39350128173828,50318000
GOOG,2018-03-02,53.47452926635742,53.94599914550781,54.09994888305664,52.4057502746582,52.65399932861328,45432000
GOOG,2018-03-05,54.069786071777344,54.54650115966797,54.85499954223633,53.45000076293945,53.75699996948242,24044000
GOOG,2018-03-06,54.27447509765625,54.75299835205078,55.092498779296875,54.48875045776367,54.96099853515625,30656000
GOOG,2018-03-07,54.997100830078125,55.481998443603516,55.611000061035156,54.27410125732422,54.45949935913086,25850000
GOOG,2018-03-08,55.80795669555664,56.29999923706055,56.380001068115234,55.63999938964844,55.76599884033203,27102000
GOOG,2018-03-09,57.495086669921875,58.00199890136719,58.040000915527344,56.623050689697266,56.79999923706055,42560000
GOOG,2018-03-12,57.71613693237305,58.224998474121094,58.852500915527344,57.87099838256836,58.192501068115234,43446000
GOOG,2018-03-13,56.41114044189453,56.90850067138672,58.8380012512207,56.666500091552734,58.5,38144000
GOOG,2018-03-14,56.97219467163086,57.4744987487793,57.929500579833984,57.071998596191406,57.260501861572266,25828000
GOOG,2018-03-15,56.976654052734375,57.479000091552734,58.05400085449219,56.72700119018555,57.49800109863281,27908000
GOOG,2018-03-16,56.290199279785156,56.7864990234375,57.79399871826172,56.597999572753906,57.707000732421875,61840000
GOOG,2018-03-19,54.51039505004883,54.99100112915039,56.0994987487793,54.45050048828125,56.0004997253418,56118000
GOOG,2018-03-20,54.40582275390625,54.885501861572266,55.2599983215332,54.17300033569336,54.95000076293945,36638000
GOOG,2018-03-21,54.06729507446289,54.54399871826172,55.314998626708984,54.25749969482422,54.637001037597656,37578000
GOOG,2018-03-22,51.995567321777344,52.45399856567383,54.14500045776367,52.295501708984375,54.09400177001953,53340000
GOOG,2018-03-23,50.63208770751953,51.07849884033203,53.167999267578125,51.06100082397461,52.35150146484375,43134000
GOOG,2018-03-26,52.20026397705078,52.660499572753906,52.78150177001953,50.41999816894531,52.29999923706055,53302000
GOOG,2018-03-27,49.81578826904297,50.255001068115234,53.24195098876953,49.84600067138672,53.150001525878906,61906000
GOOG,2018-03-28,49.78902053833008,50.22800064086914,51.21149826049805,49.03200149536133,49.900001525878906,67386000
GOOG,2018-03-29,51.13862609863281,51.589500427246094,52.150001525878906,50.14500045776367,50.58150100708008,54536000
GOOG,2018-04-02,49.88369369506836,50.32350158691406,51.7400016784668,49.51850128173828,51.14099884033203,53608000
GOOG,2018-04-03,50.2276611328125,50.670501708984375,51.04949951171875,49.70349884033203,50.695499420166016,45502000
GOOG,2018-04-04,50.80902862548828,51.25699996948242,51.4359016418457,49.650001525878906,49.670501708984375,49694000
GOOG,2018-04-05,50.94136428833008,51.390499114990234,52.13949966430664,51.00654983520508,52.06650161743164,27260000
GOOG,2018-04-06,49.91193771362305,50.35200119018555,51.57099914550781,50.1515007019043,51.0,34928000
GOOG,2018-04-09,50.328765869140625,50.772499084472656,51.97999954223633,50.70399856567383,50.84000015258789,35032000
GOOG,2018-04-10,51.131195068359375,51.582000732421875,51.81399917602539,50.56700134277344,51.321998596191406,39490000
GOOG,2018-04-11,50.55279541015625,50.99850082397461,51.568199157714844,50.79349899291992,51.39950180053711,29678000
GOOG,2018-04-12,51.174312591552734,51.6254997253418,52.03450012207031,51.07175064086914,51.25199890136719,27140000
GOOG,2018-04-13,51.01372528076172,51.4635009765625,52.32099914550781,51.14899826049805,52.04399871826172,24460000
GOOG,2018-04-16,51.44541549682617,51.89899826049805,52.1619987487793,51.33700180053711,51.849998474121094,24224000
GOOG,2018-04-17,53.238609313964844,53.70800018310547,53.89400100708008,52.41299819946289,52.56850051879883,46406000
GOOG,2018-04-18,53.13551330566406,53.604000091552734,53.871498107910156,53.311248779296875,53.871498107910156,26882000
GOOG,2018-04-19,53.90969467163086,54.3849983215332,54.708248138427734,53.409000396728516,53.470001220703125,34954000
GOOG,2018-04-20,53.17912673950195,53.64799880981445,54.61750030517578,53.47850036621094,54.099998474121094,37794000
GOOG,2018-04-23,52.906044006347656,53.372501373291016,54.13600158691406,53.03499984741211,53.893001556396484,46826000
GOOG,2018-04-24,50.55329132080078,50.999000549316406,52.849998474121094,50.52949905395508,52.599998474121094,95206000
GOOG,2018-04-25,50.612762451171875,51.058998107910156,51.6245002746582,50.765499114990234,51.2760009765625,47822000
GOOG,2018-04-26,51.547523498535156,52.00199890136719,52.39899826049805,50.90950012207031,51.47549819946289,41590000
GOOG,2018-04-27,51.052391052246094,51.502498626708984,52.474998474121094,51.27949905395508,52.29999923706055,32396000
GOOG,2018-04-30,50.42194747924805,50.86650085449219,51.849998474121094,50.842498779296875,51.5004997253418,33426000
GOOG,2018-05-01,51.41221618652344,51.865501403808594,51.923500061035156,50.410499572753906,50.68299865722656,28558000
GOOG,2018-05-02,50.7713623046875,51.21900177001953,52.01945114135742,51.14350128173828,51.404998779296875,32062000
GOOG,2018-05-03,50.738651275634766,51.18600082397461,51.48374938964844,50.31449890136719,50.95000076293945,36302000
GOOG,2018-05-04,51.95245361328125,52.410499572753906,52.425498962402344,50.845001220703125,50.845001220703125,38774000
GOOG,2018-05-07,52.27857208251953,52.739498138427734,53.08399963378906,52.35499954223633,52.46149826049805,29322000
GOOG,2018-05-08,52.23495864868164,52.695499420166016,53.02750015258789,52.35725021362305,52.926998138427734,24354000
GOOG,2018-05-09,53.66485595703125,54.13800048828125,54.27199935913086,52.8182487487793,52.904998779296875,40656000
GOOG,2018-05-10,54.39888381958008,54.878501892089844,55.02199935913086,54.28200149536133,54.30149841308594,28860000
GOOG,2018-05-11,54.43307113647461,54.91299819946289,55.06650161743164,54.545501708984375,54.68000030517578,25074000
GOOG,2018-05-14,54.52923583984375,55.0099983215332,55.537498474121094,54.955501556396484,55.0,30362000
GOOG,2018-05-15,53.48989486694336,53.96149826049805,54.502498626708984,53.673500061035156,54.5,29898000
GOOG,2018-05-16,53.615779876708984,54.0885009765625,54.4635009765625,53.8129997253418,53.865501403808594,21946000
GOOG,2018-05-17,53.45817184448242,53.929500579833984,54.34349822998047,53.67499923706055,53.99449920654297,20876000
GOOG,2018-05-18,52.852020263671875,53.31800079345703,53.49700164794922,53.034000396728516,53.09299850463867,31304000
GOOG,2018-05-21,53.50724411010742,53.979000091552734,54.400001525878906,53.682498931884766,53.702999114990234,20464000
GOOG,2018-05-22,53.019046783447266,53.48649978637695,54.329498291015625,53.33449935913086,54.178001403808594,21800000
GOOG,2018-05-23,53.512699127197266,53.984500885009766,54.03900146484375,53.08549880981445,53.256500244140625,21214000
GOOG,2018-05-24,53.490394592285156,53.96200180053711,54.02349853515625,53.307498931884766,53.95000076293945,15336000
GOOG,2018-05-25,53.31295394897461,53.78300094604492,54.12799835205078,53.688751220703125,53.95100021362305,17988000
GOOG,2018-05-29,52.55266189575195,53.01599884033203,53.66849899291992,52.76100158691406,53.24449920654297,37302000
GOOG,2018-05-30,52.92338562011719,53.38999938964844,53.46049880981445,52.84149932861328,53.1515007019043,22770000
GOOG,2018-05-31,53.77538299560547,54.2495002746582,54.859500885009766,53.37799835205078,53.37799835205078,61766000
GOOG,2018-06-01,55.48579788208008,55.974998474121094,56.0,54.92499923706055,54.967498779296875,48432000
GOOG,2018-06-04,56.46665573120117,56.964500427246094,57.09450149536133,56.100250244140625,56.11650085449219,37792000
GOOG,2018-06-05,56.48499298095703,56.983001708984375,57.28689956665039,56.65950012207031,57.04949951171875,33560000
GOOG,2018-06-06,56.34720230102539,56.84400177001953,57.150001525878906,56.28715133666992,57.10850143432617,33964000
GOOG,2018-06-07,55.701900482177734,56.19300079345703,56.79100036621094,55.82600021362305,56.566001892089844,30400000
GOOG,2018-06-08,55.55370330810547,56.04349899291992,56.333499908447266,55.60749816894531,55.909000396728516,25816000
GOOG,2018-06-11,56.00571060180664,56.4995002746582,56.862998962402344,55.93000030517578,55.93000030517578,21586000
GOOG,2018-06-12,56.4681396484375,56.965999603271484,56.989498138427734,56.53675079345703,56.55350112915039,18240000
GOOG,2018-06-13,56.24361038208008,56.739498138427734,57.32500076293945,56.66899871826172,57.055999755859375,30128000
GOOG,2018-06-14,57.1025390625,57.60599899291992,57.77349853515625,57.03200149536133,57.192501068115234,26868000
GOOG,2018-06-15,57.10948181152344,57.612998962402344,57.67100143432617,57.174251556396484,57.44300079345703,42450000
GOOG,2018-06-18,58.160213470458984,58.67300033569336,58.71549987792969,57.179500579833984,57.182498931884766,28274000
GOOG,2018-06-19,57.892578125,58.40299987792969,58.563499450683594,57.70050048828125,57.92499923706055,32420000
GOOG,2018-06-20,57.98080062866211,58.492000579833984,59.314300537109375,58.45800018310547,58.765499114990234,32970000
GOOG,2018-06-21,57.37712097167969,57.882999420166016,58.864749908447266,57.61159896850586,58.74250030517578,24762000
GOOG,2018-06-22,57.26907730102539,57.77399826049805,58.12485122680664,57.362998962402344,57.957000732421875,26220000
GOOG,2018-06-25,55.74898147583008,56.240501403808594,57.195499420166016,55.638999938964844,57.18000030517578,43146000
GOOG,2018-06-26,55.43424987792969,55.92300033569336,56.660499572753906,55.832950592041016,56.400001525878906,31264000
GOOG,2018-06-27,54.71657943725586,55.19900131225586,56.591800689697266,55.180999755859375,56.06700134277344,25878000
GOOG,2018-06-28,55.22410202026367,55.71099853515625,56.115501403808594,54.800498962402344,55.10449981689453,21448000
GOOG,2018-06-29,55.29497528076172,55.782501220703125,56.41135025024414,55.75,56.0,26302000
GOOG,2018-07-02,55.88031768798828,56.37300109863281,56.400001525878906,54.689998626708984,54.95000076293945,24346000
GOOG,2018-07-03,54.662559509277344,55.144500732421875,56.79100036621094,55.000999450683594,56.79100036621094,13580000
GOOG,2018-07-05,55.72221755981445,56.2135009765625,56.375,55.42399978637695,55.5265007019043,21334000
GOOG,2018-07-06,56.51026916503906,57.00849914550781,57.04650115966797,56.03684997558594,56.17900085449219,19922000
GOOG,2018-07-09,57.198204040527344,57.70249938964844,57.73350143432617,57.17100143432617,57.42399978637695,18180000
GOOG,2018-07-10,57.13822555541992,57.641998291015625,57.97949981689453,57.47949981689453,57.8489990234375,15968000
GOOG,2018-07-11,57.190765380859375,57.69499969482422,58.214500427246094,57.04999923706055,57.22949981689453,22400000
GOOG,2018-07-12,58.65684127807617,59.17399978637695,59.22050094604492,57.796749114990234,57.99449920654297,25038000
GOOG,2018-07-13,58.92150115966797,59.441001892089844,59.770851135253906,59.0,59.25,24438000
GOOG,2018-07-16,58.67567443847656,59.19300079345703,59.54999923706055,58.9640007019043,59.46950149536133,21114000
GOOG,2018-07-17,59.416141510009766,59.939998626708984,60.152000427246094,58.529998779296875,58.611000061035156,32208000
GOOG,2018-07-18,59.27141571044922,59.79399871826172,60.224998474121094,59.516998291015625,59.827999114990234,27872000
GOOG,2018-07-19,58.82931900024414,59.347999572753906,60.0,59.16600036621094,59.54999923706055,25534000
GOOG,2018-07-20,58.72771072387695,59.24549865722656,59.84299850463867,59.21099853515625,59.347999572753906,24948000
GOOG,2018-07-23,59.748226165771484,60.275001525878906,60.324501037597656,59.04999923706055,59.050498962402344,52384000
GOOG,2018-07-24,61.858612060546875,62.40399932861328,63.29999923706055,61.77799987792969,63.12950134277344,66364000
GOOG,2018-07-25,62.63278579711914,63.185001373291016,63.292999267578125,61.95650100708008,61.95650100708008,42556000
GOOG,2018-07-26,62.86226272583008,63.416500091552734,63.488548278808594,62.45100021362305,62.54999923706055,48112000
GOOG,2018-07-27,61.38379669189453,61.92499923706055,63.69449996948242,61.54999923706055,63.54999923706055,42612000
GOOG,2018-07-30,60.4539909362793,60.98699951171875,61.74580001831055,60.57350158691406,61.4005012512207,36998000
GOOG,2018-07-31,60.33107376098633,60.862998962402344,61.379398345947266,60.279998779296875,61.0004997253418,32894000
GOOG,2018-08-01,60.46737289428711,61.0004997253418,61.673500061035156,60.510501861572266,61.400001525878906,31344000
GOOG,2018-08-02,60.77169418334961,61.307498931884766,61.49399948120117,60.239498138427734,60.29499816894531,30626000
GOOG,2018-08-03,60.650760650634766,61.18550109863281,61.5,60.75299835205078,61.48099899291992,21792000
GOOG,2018-08-06,60.70329284667969,61.23849868774414,61.30440139770508,60.78984832763672,61.25,21634000
GOOG,2018-08-07,61.56817626953125,62.111000061035156,62.55849838256836,61.80849838256836,61.849998474121094,29880000
GOOG,2018-08-08,61.73619079589844,62.28049850463867,62.82500076293945,61.90039825439453,62.02349853515625,27406000
GOOG,2018-08-09,61.9091682434082,62.45500183105469,62.777099609375,62.300498962402344,62.494998931884766,16972000
GOOG,2018-08-10,61.33968734741211,61.88050079345703,62.284751892089844,61.599998474121094,62.150001525878906,22174000
GOOG,2018-08-13,61.2108154296875,61.7504997253418,62.46364974975586,61.68204879760742,61.8489990234375,19946000
GOOG,2018-08-14,61.56222152709961,62.10499954223633,62.29349899291992,61.25550079345703,61.759498596191406,26962000
GOOG,2018-08-15,60.18833923339844,60.71900177001953,61.762001037597656,60.47549819946289,61.4630012512207,36576000
GOOG,2018-08-16,59.79729080200195,60.324501037597656,61.29999923706055,60.127498626708984,61.23649978637695,26864000
GOOG,2018-08-17,59.52320098876953,60.04800033569336,60.45100021362305,59.4119987487793,60.10150146484375,27792000
GOOG,2018-08-20,59.8607292175293,60.38850021362305,60.54999923706055,59.731300354003906,60.250999450683594,17416000
GOOG,2018-08-21,59.555912017822266,60.08100128173828,60.862998962402344,60.0177001953125,60.400001525878906,24112000
GOOG,2018-08-22,59.83891296386719,60.36650085449219,60.59199905395508,59.95000076293945,60.0,17748000
GOOG,2018-08-23,59.74226760864258,60.26900100708008,61.06399917602539,60.21200180053711,60.356998443603516,19852000
GOOG,2018-08-24,60.49909973144531,61.032501220703125,61.08250045776367,60.31795120239258,60.441001892089844,18932000
GOOG,2018-08-27,61.54834747314453,62.090999603271484,62.15449905395508,61.28580093383789,61.380001068115234,23126000
GOOG,2018-08-28,61.019508361816406,61.557498931884766,62.12725067138672,61.43450164794922,62.06449890136719,26080000
GOOG,2018-08-29,61.91908264160156,62.46500015258789,62.53300094604492,61.81795120239258,61.872501373291016,25978000
GOOG,2018-08-30,61.41452407836914,61.95600128173828,62.6817512512207,61.62950134277344,62.21149826049805,26628000
GOOG,2018-08-31,60.377174377441406,60.90950012207031,61.93299865722656,60.56425094604492,61.749000549316406,36328000
GOOG,2018-09-04,59.326927185058594,59.849998474121094,60.64950180053711,59.625,60.2135009765625,36620000
GOOG,2018-09-05,58.8055305480957,59.32400131225586,59.95050048828125,58.099998474121094,59.689998626708984,41226000
GOOG,2018-09-06,58.060096740722656,58.571998596191406,59.314998626708984,57.599998474121094,59.314998626708984,37770000
GOOG,2018-09-07,57.73249435424805,58.24150085449219,58.76300048828125,57.860748291015625,57.93349838256836,28026000
GOOG,2018-09-10,57.72306442260742,58.231998443603516,58.72700119018555,58.00550079345703,58.609500885009766,22308000
GOOG,2018-09-11,58.353515625,58.86800003051758,58.933998107910156,57.8120002746582,58.08150100708008,24186000
GOOG,2018-09-12,57.63286209106445,58.14099884033203,58.93050003051758,57.917999267578125,58.63600158691406,25910000
GOOG,2018-09-13,58.252899169921875,58.76649856567383,58.93050003051758,58.14250183105469,58.5369987487793,28624000
GOOG,2018-09-14,58.11412048339844,58.62649917602539,59.0212516784668,58.416500091552734,58.95500183105469,18880000
GOOG,2018-09-17,57.29732894897461,57.8025016784668,58.86199951171875,57.701499938964844,58.50699996948242,26130000
GOOG,2018-09-18,57.553565979003906,58.06100082397461,58.80400085449219,57.85449981689453,57.85449981689453,24072000
GOOG,2018-09-19,58.04275131225586,58.554500579833984,58.660499572753906,57.729000091552734,58.249000549316406,23828000
GOOG,2018-09-20,58.82485580444336,59.34349822998047,59.49449920654297,58.667999267578125,58.9995002746582,24508000
GOOG,2018-09-21,57.79493713378906,58.304500579833984,59.61050033569336,58.301998138427734,59.599998474121094,88112000
GOOG,2018-09-24,58.155757904052734,58.66849899291992,58.900001525878906,57.34550094604492,57.85850143432617,25420000
GOOG,2018-09-25,58.71482849121094,59.23249816894531,59.34400177001953,58.400001525878906,58.807498931884766,19554000
GOOG,2018-09-26,58.50864791870117,59.02450180053711,59.71149826049805,58.738250732421875,59.25749969482422,29246000
GOOG,2018-09-27,59.209964752197266,59.731998443603516,60.10499954223633,59.18149948120117,59.33649826049805,25216000
GOOG,2018-09-28,59.1519775390625,59.673500061035156,59.77050018310547,59.224998474121094,59.59349822998047,27612000
GOOG,2018-10-01,59.243167877197266,59.765499114990234,60.494998931884766,59.51499938964844,59.99449920654297,27152000
GOOG,2018-10-02,59.481075286865234,60.00550079345703,60.49800109863281,59.33150100708008,59.54800033569336,33758000
GOOG,2018-10-03,59.62183380126953,60.147499084472656,60.320499420166016,59.69150161743164,60.25,25124000
GOOG,2018-10-04,57.89902114868164,58.40950012207031,59.8754997253418,57.77880096435547,59.76649856567383,44190000
GOOG,2018-10-05,57.361759185791016,57.86750030517578,58.67499923706055,57.25600051879883,58.375,23686000
GOOG,2018-10-08,56.9464225769043,57.44850158691406,58.400001525878906,56.36819839477539,57.50550079345703,38648000
GOOG,2018-10-09,56.443355560302734,56.941001892089844,57.717498779296875,56.87860107421875,57.307498931884766,26174000
GOOG,2018-10-10,53.588531494140625,54.06100082397461,56.60850143432617,54.05649948120117,56.55400085449219,53514000
GOOG,2018-10-11,53.49435806274414,53.965999603271484,55.31999969482422,53.41350173950195,53.64699935913086,58980000
GOOG,2018-10-12,55.018917083740234,55.50400161743164,55.75,54.320098876953125,55.400001525878906,42026000
GOOG,2018-10-15,54.13520812988281,54.61249923706055,55.672298431396484,54.45000076293945,55.445499420166016,27448000
GOOG,2018-10-16,55.57401657104492,56.06399917602539,56.21099853515625,55.125,55.22949981689453,38570000
GOOG,2018-10-17,55.296966552734375,55.78450012207031,56.449501037597656,55.109500885009766,56.323001861572266,29344000
GOOG,2018-10-18,53.923072814941406,54.39849853515625,56.09199905395508,53.85449981689453,56.09199905395508,41890000
GOOG,2018-10-19,54.343868255615234,54.823001861572266,55.518001556396484,54.38750076293945,54.66849899291992,25352000
GOOG,2018-10-22,54.576805114746094,55.05799865722656,55.61149978637695,54.54999923706055,55.15299987792969,30284000
GOOG,2018-10-23,54.70220947265625,55.18450164794922,55.394500732421875,53.5,54.044498443603516,36974000
GOOG,2018-10-24,52.07635498046875,52.535499572753906,55.305999755859375,52.4370002746582,55.212501525878906,39648000
GOOG,2018-10-25,54.299747467041016,54.778499603271484,55.54899978637695,53.477500915527344,53.589500427246094,50916000
GOOG,2018-10-26,53.10528564453125,53.57350158691406,55.326499938964844,51.704498291015625,51.85150146484375,83752000
GOOG,2018-10-29,50.55824279785156,51.00400161743164,54.85200119018555,49.791500091552734,54.12350082397461,77614000
GOOG,2018-10-30,51.357696533203125,51.81050109863281,51.8745002746582,50.037498474121094,50.42300033569336,64254000
GOOG,2018-10-31,53.367977142333984,53.8385009765625,54.59700012207031,52.849998474121094,52.990501403808594,50596000
GOOG,2018-11-01,53.03242874145508,53.5,54.19874954223633,53.12300109863281,53.790000915527344,29640000
GOOG,2018-11-02,52.42726516723633,52.88949966430664,54.14875030517578,52.730499267578125,53.686500549316406,36780000
GOOG,2018-11-05,51.54999542236328,52.00450134277344,52.923500061035156,51.0620002746582,52.75,48828000
GOOG,2018-11-06,52.32912826538086,52.79050064086914,53.21725082397461,51.903499603271484,51.9739990234375,24666000
GOOG,2018-11-07,54.19170379638672,54.669498443603516,54.77299880981445,53.29499816894531,53.45000076293945,41168000
GOOG,2018-11-08,53.64700698852539,54.119998931884766,54.66350173950195,53.61024856567383,54.569000244140625,29764000
GOOG,2018-11-09,52.841609954833984,53.307498931884766,53.77799987792969,52.65549850463867,53.699501037597656,26864000
GOOG,2018-11-12,51.477638244628906,51.93149948120117,53.10599899291992,51.54999923706055,53.06949996948242,29436000
GOOG,2018-11-13,51.349761962890625,51.8025016784668,52.83024978637695,51.557498931884766,52.16450119018555,30274000
GOOG,2018-11-14,51.72693634033203,52.18299865722656,52.72819900512695,51.54999923706055,52.5,31318000
GOOG,2018-11-15,52.770240783691406,53.23550033569336,53.592498779296875,51.5890007019043,52.23550033569336,36722000
GOOG,2018-11-16,52.61064910888672,53.074501037597656,53.349998474121094,52.44900131225586,52.97050094604492,33162000
GOOG,2018-11-19,50.55427551269531,51.0,53.03950119018555,50.8129997253418,52.86000061035156,37172000
GOOG,2018-11-20,50.839752197265625,51.28799819946289,51.58700180053711,49.80099868774414,50.0,48982000
GOOG,2018-11-21,51.427085876464844,51.88050079345703,52.428001403808594,51.673500061035156,51.8380012512207,30686000
GOOG,2018-11-23,50.74658203125,51.194000244140625,51.87950134277344,51.11994934082031,51.5,13830000
GOOG,2018-11-26,51.97277069091797,52.430999755859375,52.46549987792969,51.695499420166016,51.91749954223633,38856000
GOOG,2018-11-27,51.76411056518555,52.22050094604492,52.87900161743164,51.92449951171875,52.04999923706055,36064000
GOOG,2018-11-28,53.83683395385742,54.311500549316406,54.34199905395508,51.78799819946289,52.4379997253418,49508000
GOOG,2018-11-29,53.93942642211914,54.415000915527344,54.712249755859375,53.79999923706055,53.80400085449219,29378000
GOOG,2018-11-30,54.24325180053711,54.721500396728516,54.778499603271484,53.89400100708008,54.45349884033203,51604000
GOOG,2018-12-03,54.838008880615234,55.32149887084961,56.23249816894531,55.183250427246094,56.15700149536133,39824000
GOOG,2018-12-04,52.081809997558594,52.54100036621094,55.22100067138672,52.499000549316406,55.15599822998047,46904000
GOOG,2018-12-06,52.969486236572266,53.436500549316406,53.560001373291016,51.53850173950195,51.7130012512207,55384000
GOOG,2018-12-07,51.37602996826172,51.82899856567383,53.76300048828125,51.42499923706055,53.0004997253418,42024000
GOOG,2018-12-10,51.52322769165039,51.977500915527344,52.42250061035156,51.16450119018555,51.752498626708984,36154000
GOOG,2018-12-11,52.12790298461914,52.587501525878906,53.029998779296875,51.992000579833984,52.824501037597656,27894000
GOOG,2018-12-12,52.71918487548828,53.183998107910156,54.08250045776367,53.13949966430664,53.400001525878906,30476000
GOOG,2018-12-13,52.63097381591797,53.095001220703125,53.987998962402344,52.69649887084961,53.403499603271484,26596000
GOOG,2018-12-14,51.649620056152344,52.10499954223633,53.130001068115234,52.03950119018555,52.499000549316406,33732000
GOOG,2018-12-17,50.382293701171875,50.826499938964844,52.657501220703125,50.39500045776367,51.8754997253418,47708000
GOOG,2018-12-18,50.9859733581543,51.43550109863281,52.4739990234375,51.071998596191406,51.304500579833984,43850000
GOOG,2018-12-19,50.703460693359375,51.1505012512207,53.099998474121094,50.40250015258789,51.699501037597656,49586000
GOOG,2018-12-20,50.02940368652344,50.47050094604492,51.71099853515625,49.81800079345703,50.90650177001953,53470000
GOOG,2018-12-21,48.5489616394043,48.97700119018555,51.20100021362305,48.68450164794922,50.76499938964844,91920000
GOOG,2018-12-24,48.38441467285156,48.81100082397461,50.176998138427734,48.50550079345703,48.69499969482422,31806000
GOOG,2018-12-26,51.51877975463867,51.972999572753906,52.0,49.150001525878906,49.45050048828125,47466000
GOOG,2018-12-27,51.73784255981445,52.194000244140625,52.19449996948242,49.849998474121094,50.85749816894531,42196000
GOOG,2018-12-28,51.40081024169922,51.854000091552734,52.77799987792969,51.654998779296875,52.48099899291992,28296000
GOOG,2018-12-31,51.32795333862305,51.78049850463867,52.6349983215332,51.179500579833984,52.54800033569336,29866000
GOOG,2019-01-02,51.835479736328125,52.29249954223633,52.61600112915039,50.785499572753906,50.82849884033203,30652000
GOOG,2019-01-03,50.3589973449707,50.803001403808594,52.8489990234375,50.70349884033203,52.04999923706055,36822000
GOOG,2019-01-04,53.067623138427734,53.535499572753906,53.54199981689453,51.37089920043945,51.62950134277344,41878000
GOOG,2019-01-07,52.9526252746582,53.419498443603516,53.70000076293945,52.737998962402344,53.57500076293945,39638000
GOOG,2019-01-08,53.34368133544922,53.81399917602539,54.22800064086914,53.0265007019043,53.80550003051758,35298000
GOOG,2019-01-09,53.26339340209961,53.733001708984375,54.131500244140625,53.31999969482422,54.08250045776367,23986000
GOOG,2019-01-10,53.04878234863281,53.51649856567383,53.557498931884766,52.885501861572266,53.382999420166016,29128000
GOOG,2019-01-11,52.397525787353516,52.859500885009766,53.188751220703125,52.42399978637695,53.159000396728516,30416000
GOOG,2019-01-14,51.77798843383789,52.234500885009766,52.576499938964844,52.06275177001953,52.34600067138672,22886000
GOOG,2019-01-15,53.386802673339844,53.85749816894531,54.002498626708984,52.367000579833984,52.50849914550781,29272000
GOOG,2019-01-16,53.57613754272461,54.048500061035156,54.618751525878906,53.96699905395508,54.0,26636000
GOOG,2019-01-17,54.018733978271484,54.494998931884766,54.59000015258789,53.67499923706055,53.9734992980957,24854000
GOOG,2019-01-18,54.43307113647461,54.91299819946289,55.417598724365234,54.54499816894531,55.0,39112000
GOOG,2019-01-22,53.05820083618164,53.5260009765625,54.57550048828125,53.173500061035156,54.400001525878906,32270000
GOOG,2019-01-23,53.30849075317383,53.778499603271484,54.246498107910156,52.98749923706055,53.86750030517578,19340000
GOOG,2019-01-24,53.2257194519043,53.69499969482422,53.973751068115234,53.03499984741211,53.82400131225586,27226000
GOOG,2019-01-25,54.072750091552734,54.54949951171875,54.70000076293945,54.090999603271484,54.25,22382000
GOOG,2019-01-28,53.03639221191406,53.50400161743164,54.150001525878906,53.189998626708984,54.00550079345703,25686000
GOOG,2019-01-29,52.56752014160156,53.03099822998047,53.75749969482422,52.793251037597656,53.63399887084961,20436000
GOOG,2019-01-30,53.97709274291992,54.452999114990234,54.54999923706055,53.342498779296875,53.42150115966797,25596000
GOOG,2019-01-31,55.33066177368164,55.81850051879883,55.86650085449219,54.77050018310547,55.150001525878906,30766000
GOOG,2019-02-01,55.052120208740234,55.537498474121094,56.25,55.24449920654297,55.619998931884766,29244000
GOOG,2019-02-04,56.144989013671875,56.63999938964844,56.63999938964844,55.45100021362305,55.632999420166016,51530000
GOOG,2019-02-05,56.7987174987793,57.29949951171875,57.342498779296875,55.86240005493164,56.242000579833984,71044000
GOOG,2019-02-06,55.2741584777832,55.76150131225586,57.349998474121094,55.63850021362305,56.97850036621094,42112000
GOOG,2019-02-07,54.45539093017578,54.93550109863281,55.242000579833984,54.29999923706055,55.20800018310547,40896000
GOOG,2019-02-08,54.27447509765625,54.75299835205078,54.945499420166016,54.32749938964844,54.349998474121094,21516000
GOOG,2019-02-11,54.272003173828125,54.7504997253418,55.29724884033203,54.643001556396484,54.84749984741211,21304000
GOOG,2019-02-12,55.57848358154297,56.06850051879883,56.26475143432617,55.29249954223633,55.34000015258789,32182000
GOOG,2019-02-13,55.51851272583008,56.007999420166016,56.73649978637695,55.92499923706055,56.2495002746582,20996000
GOOG,2019-02-14,55.593353271484375,56.083499908447266,56.4114990234375,55.52225112915039,55.90250015258789,18952000
GOOG,2019-02-15,55.19585418701172,55.682498931884766,56.583499908447266,55.532501220703125,56.50400161743164,28996000
GOOG,2019-02-19,55.439208984375,55.928001403808594,56.09450149536133,55.5,55.5,20928000
GOOG,2019-02-20,55.203285217285156,55.689998626708984,56.170501708984375,55.263999938964844,55.9995002746582,21756000
GOOG,2019-02-21,54.369144439697266,54.8484992980957,55.59700012207031,54.625999450683594,55.54199981689453,28302000
GOOG,2019-02-22,55.03329086303711,55.51850128173828,55.5620002746582,54.779998779296875,55.04499816894531,20990000
GOOG,2019-02-25,54.985206604003906,55.470001220703125,55.926998138427734,55.36349868774414,55.79999923706055,28262000
GOOG,2019-02-26,55.26921081542969,55.756500244140625,55.97549819946289,54.99599838256836,55.287498474121094,29426000
GOOG,2019-02-27,55.31480407714844,55.8025016784668,55.89899826049805,55.04999923706055,55.34749984741211,19368000
GOOG,2019-02-28,55.506614685058594,55.99599838256836,56.38249969482422,55.550498962402344,55.564998626708984,30850000
GOOG,2019-03-01,56.5509033203125,57.04949951171875,57.14849853515625,56.23749923706055,56.244998931884766,29006000
GOOG,2019-03-04,56.88843536376953,57.38999938964844,57.91400146484375,56.53450012207031,57.3494987487793,28920000
GOOG,2019-03-05,57.593711853027344,58.10150146484375,58.480499267578125,57.309749603271484,57.50299835205078,28864000
GOOG,2019-03-06,57.38703155517578,57.893001556396484,58.378299713134766,57.77450180053711,58.1245002746582,21986000
GOOG,2019-03-07,56.6653938293457,57.165000915527344,57.83774948120117,56.74549865722656,57.7859992980957,23332000
GOOG,2019-03-08,56.6168327331543,57.11600112915039,57.354000091552734,56.165000915527344,56.33649826049805,24248000
GOOG,2019-03-11,58.27421188354492,58.78799819946289,58.80950164794922,57.22249984741211,57.22249984741211,34384000
GOOG,2019-03-12,59.138587951660156,59.65999984741211,60.0,58.91299819946289,58.91299819946289,40262000
GOOG,2019-03-13,59.14453887939453,59.66600036621094,60.04650115966797,59.59700012207031,60.032249450683594,28718000
GOOG,2019-03-14,58.759437561035156,59.27750015258789,59.89400100708008,59.2239990234375,59.72549819946289,23456000
GOOG,2019-03-15,58.705406188964844,59.222999572753906,59.82849884033203,59.13050079345703,59.66899871826172,49236000
GOOG,2019-03-18,58.695499420166016,59.2130012512207,59.5,58.87105178833008,59.165000915527344,25852000
GOOG,2019-03-19,59.41862869262695,59.942501068115234,60.0,59.29349899291992,59.44049835205078,30414000
GOOG,2019-03-20,60.66365051269531,61.19850158691406,61.356998443603516,59.80849838256836,59.86750030517578,44548000
GOOG,2019-03-21,61.038841247558594,61.57699966430664,61.589500427246094,60.657501220703125,60.79999923706055,24080000
GOOG,2019-03-22,59.748226165771484,60.275001525878906,61.5,60.14125061035156,61.316001892089844,34284000
GOOG,2019-03-25,59.128684997558594,59.650001525878906,60.31990051269531,59.35200119018555,59.846500396728516,29936000
GOOG,2019-03-26,58.71333694458008,59.23099899291992,60.14149856567383,58.83599853515625,59.92649841308594,38024000
GOOG,2019-03-27,58.13841247558594,58.6510009765625,59.37794876098633,57.96849822998047,59.275001525878906,28004000
GOOG,2019-03-28,57.91389083862305,58.42449951171875,58.578250885009766,57.97154998779297,58.57699966430664,19234000
GOOG,2019-03-29,58.15279006958008,58.66550064086914,58.949501037597656,58.14400100708008,58.744998931884766,25398000
GOOG,2019-04-01,59.19955062866211,59.721500396728516,59.83300018310547,59.099998474121094,59.20500183105469,25050000
GOOG,2019-04-02,59.49990463256836,60.02450180053711,60.067501068115234,59.285499572753906,59.76599884033203,16558000
GOOG,2019-04-03,59.76902770996094,60.29600143432617,60.814998626708984,60.025001525878906,60.374000549316406,20286000
GOOG,2019-04-04,60.21906280517578,60.75,60.78350067138672,60.20650100708008,60.297000885009766,19000000
GOOG,2019-04-05,59.829994201660156,60.35749816894531,60.81100082397461,60.25149917602539,60.7495002746582,18144000
GOOG,2019-04-08,59.66593933105469,60.19200134277344,60.43450164794922,59.99300003051758,60.394500732421875,17204000
GOOG,2019-04-09,59.33932113647461,59.86249923706055,60.114498138427734,59.65399932861328,59.79999923706055,17528000
GOOG,2019-04-10,59.582679748535156,60.108001708984375,60.18925094604492,59.82175064086914,60.034000396728516,14492000
GOOG,2019-04-11,59.70460510253906,60.23099899291992,60.39799880981445,60.006500244140625,60.198001861572266,14204000
GOOG,2019-04-12,60.36132049560547,60.89350128173828,60.91749954223633,60.40549850463867,60.5,18668000
GOOG,2019-04-15,60.521400451660156,61.05500030517578,61.209999084472656,60.455501556396484,60.900001525878906,23748000
GOOG,2019-04-16,60.82026290893555,61.35649871826172,61.54100036621094,61.00600051879883,61.25,17126000
GOOG,2019-04-17,61.2767448425293,61.81700134277344,62.02799987792969,61.39099884033203,61.650001525878906,24438000
GOOG,2019-04-18,61.278228759765625,61.81850051879883,62.099998474121094,61.730499267578125,61.95899963378906,26636000
GOOG,2019-04-22,61.89628601074219,62.44200134277344,62.454498291015625,61.41550064086914,61.79949951171875,16146000
GOOG,2019-04-23,62.67491912841797,63.227500915527344,63.45000076293945,62.319000244140625,62.53450012207031,26398000
GOOG,2019-04-24,62.25114059448242,62.79999923706055,63.4005012512207,62.75,63.20600128173828,20376000
GOOG,2019-04-25,62.620391845703125,63.17250061035156,63.370399475097656,62.60150146484375,63.23849868774414,22146000
GOOG,2019-04-26,63.05308532714844,63.60900115966797,63.653499603271484,63.01599884033203,63.45000076293945,24828000
GOOG,2019-04-29,63.816349029541016,64.37899780273438,64.4635009765625,63.31475067138672,63.70000076293945,49988000
GOOG,2019-04-30,58.90464782714844,59.42399978637695,59.640499114990234,58.75,59.25,124140000
GOOG,2019-05-01,57.8935661315918,58.40399932861328,59.40250015258789,58.35900115966797,59.40250015258789,52784000
GOOG,2019-05-02,57.622467041015625,58.13050079345703,58.70949935913086,57.750099182128906,58.38800048828125,38896000
GOOG,2019-05-03,58.75199890136719,59.27000045776367,59.34000015258789,58.45000076293945,58.682498931884766,39614000
GOOG,2019-05-06,58.94976043701172,59.46950149536133,59.54249954223633,58.3129997253418,58.3129997253418,31278000
GOOG,2019-05-07,58.19193649291992,58.70500183105469,59.52199935913086,58.051998138427734,59.02349853515625,31028000
GOOG,2019-05-08,57.803855895996094,58.313499450683594,59.02119827270508,58.2869987487793,58.60049819946289,26186000
GOOG,2019-05-09,57.611061096191406,58.11899948120117,58.483001708984375,57.54249954223633,57.951499938964844,23714000
GOOG,2019-05-10,57.704742431640625,58.2135009765625,58.630001068115234,57.125,58.179500579833984,26290000
GOOG,2019-05-13,56.1068229675293,56.60150146484375,57.39699935913086,56.105499267578125,57.097999572753906,37212000
GOOG,2019-05-14,55.53238296508789,56.02199935913086,57.020999908447266,55.977500915527344,56.86050033569336,36732000
GOOG,2019-05-15,57.701759338378906,58.21049880981445,58.56650161743164,55.83330154418945,55.89350128173828,45786000
GOOG,2019-05-16,58.433807373046875,58.94900131225586,59.40800094604492,58.141998291015625,58.22549819946289,30628000
GOOG,2019-05-17,57.607093811035156,58.1150016784668,59.00749969482422,58.0004997253418,58.423500061035156,24172000
GOOG,2019-05-20,56.44484329223633,56.942501068115234,57.33985137939453,56.57215118408203,57.224998474121094,27066000
GOOG,2019-05-21,56.9791259765625,57.48149871826172,57.635398864746094,56.89699935913086,57.42449951171875,23196000
GOOG,2019-05-22,57.06784439086914,57.57099914550781,57.92599868774414,57.294498443603516,57.337501525878906,18290000
GOOG,2019-05-23,56.54000473022461,57.03850173950195,57.298648834228516,56.46120071411133,57.025001525878906,23978000
GOOG,2019-05-24,56.178192138671875,56.673500061035156,57.488250732421875,56.58300018310547,57.36800003051758,22240000
GOOG,2019-05-28,56.21189498901367,56.70750045776367,57.579349517822266,56.65599822998047,56.70000076293945,27300000
GOOG,2019-05-29,55.33512878417969,55.823001861572266,56.45500183105469,55.4109992980957,56.375999450683594,30764000
GOOG,2019-05-30,55.40897750854492,55.897499084472656,56.15650177001953,55.60599899291992,55.777000427246094,19038000
GOOG,2019-05-31,54.69923400878906,55.18149948120117,55.47999954223633,55.00899887084961,55.06449890136719,30156000
GOOG,2019-06-03,51.358680725097656,51.811500549316406,53.275001525878906,51.25,53.275001525878906,102612000
GOOG,2019-06-04,52.19234085083008,52.65250015258789,52.8025016784668,51.68450164794922,52.14500045776367,56670000
GOOG,2019-06-05,51.65556335449219,52.111000061035156,52.6775016784668,51.52450180053711,52.57699966430664,43368000
GOOG,2019-06-06,51.76063919067383,52.21699905395508,52.3745002746582,51.685001373291016,52.2495002746582,34064000
GOOG,2019-06-07,52.83616256713867,53.301998138427734,53.54600143432617,52.41999816894531,52.53150177001953,36048000
GOOG,2019-06-10,53.546897888183594,54.01900100708008,54.632999420166016,53.6161003112793,53.64899826049805,29284000
GOOG,2019-06-11,53.46461868286133,53.93600082397461,55.0994987487793,53.880149841308594,54.69900131225586,28734000
GOOG,2019-06-12,53.380859375,53.85150146484375,54.04650115966797,53.37699890136719,53.900001525878906,21220000
GOOG,2019-06-13,53.96272277832031,54.438499450683594,54.708499908447266,54.00749969482422,54.18199920654297,21154000
GOOG,2019-06-14,53.7932243347168,54.26750183105469,54.634498596191406,54.00859832763672,54.32099914550781,22230000
GOOG,2019-06-17,54.14759826660156,54.625,54.95899963378906,54.31399917602539,54.31399917602539,18832000
GOOG,2019-06-18,54.69774627685547,55.18000030517578,55.81949996948242,54.949501037597656,55.484500885009766,27734000
GOOG,2019-06-19,54.63479995727539,55.11650085449219,55.349998474121094,54.67399978637695,55.279998779296875,26776000
GOOG,2019-06-20,55.085330963134766,55.57099914550781,56.00600051879883,55.23699951171875,55.9995002746582,25240000
GOOG,2019-06-21,55.603759765625,56.09400177001953,56.205501556396484,55.40399932861328,55.46200180053711,38952000
GOOG,2019-06-24,55.288536071777344,55.7760009765625,56.099998474121094,55.550498962402344,55.980499267578125,27912000
GOOG,2019-06-25,53.8427848815918,54.317501068115234,55.717498779296875,54.189998626708984,55.632999420166016,30938000
GOOG,2019-06-26,53.51814651489258,53.9900016784668,54.64849853515625,53.61199951171875,54.32500076293945,36218000
GOOG,2019-06-27,53.330299377441406,53.800498962402344,54.35499954223633,53.76449966430664,54.20000076293945,20086000
GOOG,2019-06-28,53.57316207885742,54.045501708984375,54.04999923706055,53.66849899291992,53.81949996948242,33864000
GOOG,2019-07-01,54.41771697998047,54.897499084472656,55.37900161743164,54.685150146484375,54.900001525878906,28726000
GOOG,2019-07-02,55.076904296875,55.5625,55.5885009765625,54.90850067138672,55.11199951171875,19832000
GOOG,2019-07-03,55.58888626098633,56.07899856567383,56.3380012512207,55.69300079345703,55.87049865722656,15340000
GOOG,2019-07-05,56.08501052856445,56.579498291015625,56.64400100708008,55.80699920654297,55.88999938964844,25286000
GOOG,2019-07-08,55.329673767089844,55.817501068115234,56.29899978637695,55.56050109863281,56.25849914550781,24728000
GOOG,2019-07-09,55.74996566772461,56.24150085449219,56.401248931884766,55.35850143432617,55.59000015258789,26608000
GOOG,2019-07-10,56.5256233215332,57.02399826049805,57.102500915527344,56.548500061035156,56.56100082397461,24190000
GOOG,2019-07-11,56.71050262451172,57.21049880981445,57.653499603271484,56.979000091552734,57.162498474121094,23910000
GOOG,2019-07-12,56.74470138549805,57.244998931884766,57.367000579833984,56.93899917602539,57.199501037597656,17280000
GOOG,2019-07-15,57.01431655883789,57.516998291015625,57.54100036621094,56.970001220703125,57.34299850463867,18076000
GOOG,2019-07-16,57.17490768432617,57.67900085449219,57.92900085449219,57.25,57.29999923706055,24776000
GOOG,2019-07-17,56.816566467285156,57.317501068115234,57.917999267578125,57.28850173950195,57.548500061035156,23400000
GOOG,2019-07-18,56.81557083129883,57.31650161743164,57.3802490234375,56.63650131225586,57.08700180053711,25814000
GOOG,2019-07-19,56.011165618896484,56.505001068115234,57.55699920654297,56.48099899291992,57.40950012207031,32944000
GOOG,2019-07-22,56.40618133544922,56.903499603271484,56.962501525878906,56.21200180053711,56.67250061035156,26030000
GOOG,2019-07-23,56.80962371826172,57.31050109863281,57.345001220703125,56.59000015258789,57.20000076293945,21874000
GOOG,2019-07-24,56.39329528808594,56.890499114990234,57.20000076293945,56.3494987487793,56.595001220703125,31796000
GOOG,2019-07-25,56.11128234863281,56.60599899291992,57.084999084472656,56.04600143432617,56.89099884033203,44196000
GOOG,2019-07-26,61.974098205566406,62.52050018310547,63.27750015258789,61.20000076293945,61.20199966430664,96116000
GOOG,2019-07-29,61.42890167236328,61.97050094604492,62.368499755859375,61.4114990234375,62.0525016784668,44474000
GOOG,2019-07-30,60.72163772583008,61.25699996948242,61.743499755859375,61.165000915527344,61.27050018310547,29066000
GOOG,2019-07-31,60.30232620239258,60.83399963378906,61.70000076293945,60.38819885253906,61.150001525878906,34510000
GOOG,2019-08-01,59.922183990478516,60.45050048828125,61.705501556396484,60.2859992980957,60.701499938964844,33970000
GOOG,2019-08-02,59.17774963378906,59.699501037597656,60.345001220703125,59.446998596191406,60.0369987487793,32902000
GOOG,2019-08-05,57.11245346069336,57.61600112915039,58.762001037597656,57.00699996948242,58.50199890136719,51950000
GOOG,2019-08-06,57.98625183105469,58.497501373291016,58.99800109863281,58.0,58.16550064086914,34188000
GOOG,2019-08-07,58.18648910522461,58.699501037597656,58.92224884033203,57.481201171875,57.79999923706055,28886000
GOOG,2019-08-08,59.71352767944336,60.2400016784668,60.2504997253418,58.6510009765625,59.14149856567383,29360000
GOOG,2019-08-09,58.8813591003418,59.4005012512207,60.194000244140625,59.18014907836914,59.89950180053711,21314000
GOOG,2019-08-12,58.22217559814453,58.73550033569336,59.24800109863281,58.38359832763672,58.96049880981445,20060000
GOOG,2019-08-13,59.34031295776367,59.86349868774414,60.23899841308594,58.573001861572266,58.573001861572266,25888000
GOOG,2019-08-14,57.70572280883789,58.214500427246094,59.1150016784668,58.027000427246094,58.81549835205078,31574000
GOOG,2019-08-15,57.85292434692383,58.362998962402344,58.79199981689453,58.105499267578125,58.17499923706055,24374000
GOOG,2019-08-16,58.36540222167969,58.880001068115234,59.13600158691406,58.59049987792969,58.977500915527344,26266000
GOOG,2019-08-19,59.39879608154297,59.92250061035156,60.3494987487793,59.50450134277344,59.50450134277344,24632000
GOOG,2019-08-20,58.61768341064453,59.134498596191406,59.803001403808594,59.105499267578125,59.76250076293945,18310000
GOOG,2019-08-21,59.04194259643555,59.5625,59.95000076293945,59.371498107910156,59.657501220703125,14814000
GOOG,2019-08-22,58.95669937133789,59.47650146484375,59.90060043334961,58.92900085449219,59.70349884033203,18950000
GOOG,2019-08-23,57.0614013671875,57.56449890136719,59.70399856567383,57.38750076293945,59.0994987487793,33740000
GOOG,2019-08-26,57.9337158203125,58.44449996948242,58.4734992980957,57.64799880981445,57.862998962402344,24522000
GOOG,2019-08-27,57.881675720214844,58.391998291015625,59.119998931884766,58.0724983215332,59.0265007019043,21544000
GOOG,2019-08-28,58.039283752441406,58.55099868774414,58.82099914550781,57.8650016784668,58.08549880981445,16040000
GOOG,2019-08-29,59.121246337890625,59.64250183105469,59.803001403808594,59.055999755859375,59.055999755859375,21768000
GOOG,2019-08-30,58.88582229614258,59.404998779296875,59.92499923706055,59.19015121459961,59.92499923706055,22596000
GOOG,2019-09-03,57.90892791748047,58.419498443603516,59.34450149536133,58.15999984741211,58.85150146484375,29598000
GOOG,2019-09-04,58.55424118041992,59.070499420166016,59.17399978637695,58.54999923706055,58.83549880981445,21378000
GOOG,2019-09-05,60.03964614868164,60.569000244140625,60.652000427246094,59.576499938964844,59.576499938964844,28162000
GOOG,2019-09-06,59.71996307373047,60.246498107910156,60.60074996948242,60.1260986328125,60.40650177001953,21442000
GOOG,2019-09-09,59.69419479370117,60.22050094604492,61.0,59.63100051879883,60.20000076293945,29438000
GOOG,2019-09-10,59.77299880981445,60.29999923706055,60.5,59.729000091552734,59.75749969482422,25202000
GOOG,2019-09-11,60.475311279296875,61.00849914550781,61.130001068115234,60.11000061035156,60.170501708984375,26140000
GOOG,2019-09-12,61.17315673828125,61.712501525878906,62.09299850463867,61.1510009765625,61.21500015258789,34518000
GOOG,2019-09-13,61.436336517333984,61.97800064086914,62.04399871826172,61.35049819946289,61.567501068115234,26028000
GOOG,2019-09-16,61.02693557739258,61.564998626708984,61.97800064086914,61.28049850463867,61.47600173950195,21066000
GOOG,2019-09-17,60.920379638671875,61.45750045776367,61.75,61.18450164794922,61.52000045776367,19102000
GOOG,2019-09-18,61.08196258544922,61.62049865722656,61.78049850463867,60.826499938964844,61.3754997253418,22702000
GOOG,2019-09-19,61.39420700073242,61.93550109863281,62.22200012207031,61.60100173950195,61.60300064086914,19920000
GOOG,2019-09-20,60.95903778076172,61.496498107910156,62.16600036621094,61.15399932861328,61.65599822998047,45400000
GOOG,2019-09-23,61.162254333496094,61.701499938964844,61.954498291015625,61.208499908447266,61.29999923706055,21248000
GOOG,2019-09-24,60.40542984008789,60.9379997253418,62.33700180053711,60.534000396728516,62.0,31664000
GOOG,2019-09-25,61.781288146972656,62.32600021362305,62.415000915527344,60.50450134277344,60.79100036621094,29060000
GOOG,2019-09-26,61.527034759521484,62.06949996948242,62.25,61.613399505615234,62.097999572753906,30760000
GOOG,2019-09-27,60.71915817260742,61.25450134277344,62.20100021362305,60.72249984741211,62.1505012512207,27078000
GOOG,2019-09-30,60.417320251464844,60.95000076293945,61.29999923706055,60.6150016784668,61.048500061035156,28082000
GOOG,2019-10-01,59.728397369384766,60.255001068115234,61.561500549316406,60.17900085449219,60.95000076293945,25470000
GOOG,2019-10-02,58.31733322143555,58.83150100708008,59.8489990234375,58.56449890136719,59.8489990234375,32302000
GOOG,2019-10-03,58.8724365234375,59.39149856567383,59.452999114990234,58.121498107910156,59.0,32424000
GOOG,2019-10-04,59.921688079833984,60.45000076293945,60.571998596191406,59.458499908447266,59.59450149536133,23248000
GOOG,2019-10-07,59.856258392333984,60.38399887084961,60.91019821166992,60.1875,60.220001220703125,16858000
GOOG,2019-10-08,58.93687438964844,59.45650100708008,60.30400085449219,59.45050048828125,59.87950134277344,20786000
GOOG,2019-10-09,59.590110778808594,60.115501403808594,60.41749954223633,59.881500244140625,59.967498779296875,17354000
GOOG,2019-10-10,59.90532684326172,60.43349838256836,60.75,59.867000579833984,59.92900085449219,16932000
GOOG,2019-10-11,60.241371154785156,60.772499084472656,61.419498443603516,60.6870002746582,61.11050033569336,25454000
GOOG,2019-10-14,60.32512664794922,60.856998443603516,61.31650161743164,60.5880012512207,60.617000579833984,17350000
GOOG,2019-10-15,61.60732650756836,62.1505012512207,62.36650085449219,61.02000045776367,61.02000045776367,27634000
GOOG,2019-10-16,61.638553619384766,62.18199920654297,62.73699951171875,61.92250061035156,62.05849838256836,21892000
GOOG,2019-10-17,62.105926513671875,62.653499603271484,63.1662483215332,62.49700164794922,62.54650115966797,19048000
GOOG,2019-10-18,61.73024368286133,62.27450180053711,62.94449996948242,62.05400085449219,62.67300033569336,27056000
GOOG,2019-10-21,61.76295471191406,62.307498931884766,62.731449127197266,62.029998779296875,62.612998962402344,20544000
GOOG,2019-10-22,61.59691619873047,62.13999938964844,62.529998779296875,62.069000244140625,62.39250183105469,20476000
GOOG,2019-10-23,62.40628433227539,62.95650100708008,62.99449920654297,62.11800003051758,62.11800003051758,18230000
GOOG,2019-10-24,62.498470306396484,63.04949951171875,63.20000076293945,62.68574905395508,63.04499816894531,20562000
GOOG,2019-10-25,62.70366287231445,63.256500244140625,63.47999954223633,62.5004997253418,62.55149841308594,24262000
GOOG,2019-10-28,63.9362907409668,64.5,64.96549987792969,63.62699890136719,63.772499084472656,52264000
GOOG,2019-10-29,62.579261779785156,63.13100051879883,64.07949829101562,62.860599517822266,63.811500549316406,37728000
GOOG,2019-10-30,62.51333236694336,63.06449890136719,63.46799850463867,62.599998474121094,62.64849853515625,28178000
GOOG,2019-10-31,62.454856872558594,63.00550079345703,63.38349914550781,62.54214859008789,63.06399917602539,29114000
GOOG,2019-11-01,63.130401611328125,63.6870002746582,63.73099899291992,63.025001525878906,63.25,33402000
GOOG,2019-11-04,64.00419616699219,64.56849670410156,64.70649719238281,63.8177490234375,63.8224983215332,30020000
GOOG,2019-11-05,64.03691864013672,64.60150146484375,64.94650268554688,64.56144714355469,64.64450073242188,25654000
GOOG,2019-11-06,64.02550506591797,64.58999633789062,64.6865005493164,64.125,64.4729995727539,23060000
GOOG,2019-11-07,64.87105560302734,65.44300079345703,66.18699645996094,64.71224975585938,64.71399688720703,40600000
GOOG,2019-11-08,64.99544525146484,65.56849670410156,65.9000015258789,65.21824645996094,65.26399993896484,25028000
GOOG,2019-11-11,64.39177703857422,64.95950317382812,65.32125091552734,64.87049865722656,65.15899658203125,20238000
GOOG,2019-11-12,64.3724594116211,64.94000244140625,65.5,64.78849792480469,65.0,21718000
GOOG,2019-11-13,64.33279418945312,64.9000015258789,65.21499633789062,64.67549896240234,64.70349884033203,16534000
GOOG,2019-11-14,64.99990844726562,65.572998046875,65.8499984741211,64.78250122070312,64.875,23870000
GOOG,2019-11-15,66.16018676757812,66.74349975585938,66.74400329589844,65.71399688720703,65.9469985961914,35652000
GOOG,2019-11-18,65.4578857421875,66.03500366210938,66.77645111083984,65.875,66.61100006103516,29748000
GOOG,2019-11-19,65.19816589355469,65.77300262451172,66.38500213623047,65.63999938964844,66.38500213623047,25384000
GOOG,2019-11-20,64.58309173583984,65.15249633789062,65.75,64.55750274658203,65.58699798583984,26172000
GOOG,2019-11-21,64.49883270263672,65.06749725341797,65.62950134277344,64.6500015258789,65.0739974975586,19910000
GOOG,2019-11-22,64.20095825195312,64.76699829101562,65.4365005493164,64.57050323486328,65.28099822998047,27714000
GOOG,2019-11-25,64.76350402832031,65.33450317382812,65.56549835205078,64.90650177001953,64.95899963378906,20724000
GOOG,2019-11-26,65.10350036621094,65.67749786376953,65.73999786376953,65.25450134277344,65.49299621582031,21394000
GOOG,2019-11-27,65.07575225830078,65.64949798583984,65.91799926757812,65.48149871826172,65.75,19912000
GOOG,2019-11-29,64.6777572631836,65.24800109863281,65.51024627685547,65.19850158691406,65.35600280761719,11740000
GOOG,2019-12-02,63.932334899902344,64.49600219726562,65.29149627685547,64.05000305175781,65.05000305175781,30218000
GOOG,2019-12-03,64.197998046875,64.76399993896484,64.92304992675781,63.95000076293945,63.97850036621094,22876000
GOOG,2019-12-04,65.44994354248047,66.0270004272461,66.29000091552734,65.24349975585938,65.35050201416016,30750000
GOOG,2019-12-05,65.82613372802734,66.40650177001953,66.46790313720703,65.8219985961914,66.4000015258789,24254000
GOOG,2019-12-06,66.44517517089844,67.03099822998047,67.19999694824219,66.6719970703125,66.6719970703125,26296000
GOOG,2019-12-09,66.59088134765625,67.1780014038086,67.97250366210938,66.89199829101562,66.9020004272461,27086000
GOOG,2019-12-10,66.6454086303711,67.23300170898438,67.49874877929688,66.802001953125,67.07499694824219,21882000
GOOG,2019-12-11,66.66324615478516,67.2509994506836,67.55999755859375,67.13349914550781,67.54199981689453,17008000
GOOG,2019-12-12,66.9234390258789,67.51349639892578,67.78874969482422,67.0250015258789,67.2969970703125,25620000
GOOG,2019-12-13,66.80252838134766,67.3915023803711,67.65464782714844,67.19349670410156,67.39749908447266,30992000
GOOG,2019-12-16,67.46369934082031,68.05850219726562,68.23400115966797,67.63349914550781,67.82499694824219,27946000
GOOG,2019-12-17,67.16382598876953,67.75599670410156,68.25,67.56614685058594,68.14450073242188,37080000
GOOG,2019-12-18,67.0399398803711,67.63099670410156,68.02349853515625,67.55000305175781,67.83000183105469,30452000
GOOG,2019-12-19,67.20943450927734,67.802001953125,67.90499877929688,67.44924926757812,67.59100341796875,29398000
GOOG,2019-12-20,66.8897476196289,67.47949981689453,68.18199920654297,67.44999694824219,68.1675033569336,66300000
GOOG,2019-12-23,66.85257720947266,67.44200134277344,67.98999786376953,67.32550048828125,67.79350280761719,17662000
GOOG,2019-12-24,66.59088134765625,67.1780014038086,67.51300048828125,67.13899993896484,67.42500305175781,6950000
GOOG,2019-12-26,67.42552185058594,68.0199966430664,68.06635284423828,67.22350311279297,67.30850219726562,13350000
GOOG,2019-12-27,67.00373840332031,67.59449768066406,68.22650146484375,67.46549987792969,68.14949798583984,20768000
GOOG,2019-12-30,66.22313690185547,66.80699920654297,67.6500015258789,66.70099639892578,67.5,21018000
GOOG,2019-12-31,66.2667465209961,66.85099792480469,66.9000015258789,66.4542465209961,66.50550079345703,19236000
GOOG,2020-01-02,67.77098846435547,68.36849975585938,68.40699768066406,67.07749938964844,67.07749938964844,28132000
GOOG,2020-01-03,67.43841552734375,68.03299713134766,68.625,67.2771987915039,67.39299774169922,23728000
GOOG,2020-01-06,69.10125732421875,69.71050262451172,69.82499694824219,67.5,67.5,34646000
GOOG,2020-01-07,69.05813598632812,69.66699981689453,70.14949798583984,69.51899719238281,69.89700317382812,30054000
GOOG,2020-01-08,69.60234069824219,70.21600341796875,70.5790023803711,69.54199981689453,69.60399627685547,30560000
GOOG,2020-01-09,70.37105560302734,70.99150085449219,71.36650085449219,70.51349639892578,71.02850341796875,30018000
GOOG,2020-01-10,70.86174011230469,71.48650360107422,71.74645233154297,70.9175033569336,71.37799835205078,36414000
GOOG,2020-01-13,71.33257293701172,71.96150207519531,72.0260009765625,71.3010025024414,71.80650329589844,33046000
GOOG,2020-01-14,70.9187240600586,71.54399871826172,72.08999633789062,71.41850280761719,71.95050048828125,31178000
GOOG,2020-01-15,71.33109283447266,71.95999908447266,72.06974792480469,71.510498046875,71.510498046875,25654000
GOOG,2020-01-16,71.95063018798828,72.58499908447266,72.59950256347656,72.0459976196289,72.37200164794922,23474000
GOOG,2020-01-17,73.37259674072266,74.01950073242188,74.06475067138672,72.91100311279297,73.14550018310547,47924000
GOOG,2020-01-21,73.57135009765625,74.22000122070312,74.59249877929688,73.55999755859375,73.95600128173828,40734000
GOOG,2020-01-22,73.6481704711914,74.29750061035156,75.16069793701172,74.24649810791016,74.55000305175781,32216000
GOOG,2020-01-23,73.6828384399414,74.3324966430664,74.7760009765625,74.1050033569336,74.38200378417969,27024000
GOOG,2020-01-24,72.694580078125,73.33550262451172,74.77474975585938,73.26249694824219,74.67949676513672,35692000
GOOG,2020-01-27,71.06841278076172,71.69499969482422,71.90350341796875,71.05999755859375,71.55000305175781,35104000
GOOG,2020-01-28,71.99324798583984,72.62799835205078,72.80000305175781,71.62349700927734,72.1500015258789,31548000
GOOG,2020-01-29,72.29409790039062,72.93150329589844,73.27149963378906,72.33699798583984,72.94000244140625,21554000
GOOG,2020-01-30,72.15582275390625,72.79199981689453,72.86399841308594,71.81999969482422,71.99800109863281,26788000
GOOG,2020-01-31,71.08476257324219,71.71150207519531,73.50650024414062,71.42649841308594,73.44499969482422,48344000
GOOG,2020-02-03,73.64767456054688,74.2969970703125,74.5,72.94950103759766,73.0999984741211,60736000
GOOG,2020-02-04,71.72115325927734,72.35350036621094,73.4749984741211,71.31500244140625,72.85350036621094,78660000
GOOG,2020-02-05,71.77865600585938,72.4114990234375,73.19200134277344,71.52799987792969,73.12100219726562,39724000
GOOG,2020-02-06,73.16641235351562,73.8115005493164,74.0999984741211,72.47850036621094,72.5165023803711,33588000
GOOG,2020-02-07,73.31510162353516,73.96150207519531,74.29199981689453,73.31749725341797,73.36499786376953,23446000
GOOG,2020-02-10,74.77472686767578,75.43399810791016,75.4749984741211,73.71600341796875,73.71600341796875,28398000
GOOG,2020-02-11,74.78018951416016,75.43949890136719,76.48149871826172,75.28189849853516,75.59049987792969,26892000
GOOG,2020-02-12,75.25003051757812,75.91349792480469,76.03475189208984,75.40550231933594,75.7239990234375,23352000
GOOG,2020-02-13,75.07112884521484,75.73300170898438,76.35900115966797,75.2300033569336,75.6344985961914,18590000
GOOG,2020-02-14,75.37246704101562,76.03700256347656,76.03700256347656,75.36699676513672,75.77999877929688,23956000
GOOG,2020-02-18,75.31942749023438,75.9834976196289,76.58149719238281,75.62950134277344,75.75,22414000
GOOG,2020-02-19,75.66736602783203,76.33450317382812,76.60530090332031,76.06999969482422,76.25350189208984,18986000
GOOG,2020-02-20,75.24410247802734,75.90750122070312,76.48200225830078,75.34100341796875,76.0999984741211,21932000
GOOG,2020-02-21,73.60652160644531,74.25550079345703,75.61074829101562,74.02200317382812,75.40149688720703,34634000
GOOG,2020-02-24,70.45828247070312,71.07949829101562,71.84850311279297,70.56950378417969,71.30549621582031,57342000
GOOG,2020-02-25,68.81578063964844,69.42250061035156,71.90699768066406,69.12000274658203,71.6500015258789,49566000
GOOG,2020-02-26,69.05020904541016,69.65899658203125,70.78500366210938,68.94999694824219,69.80699920654297,44048000
GOOG,2020-02-27,65.32852172851562,65.90450286865234,68.58519744873047,65.8584976196289,68.10299682617188,59566000
GOOG,2020-02-28,66.38124084472656,66.96649932861328,67.05699920654297,63.54999923706055,63.875,75782000
GOOG,2020-03-02,68.84848022460938,69.45549774169922,69.54350280761719,66.34075164794922,67.58049774169922,48630000
GOOG,2020-03-03,66.48334503173828,67.06950378417969,70.50749969482422,66.5999984741211,69.97100067138672,48046000
GOOG,2020-03-04,68.7201156616211,69.32599639892578,69.40450286865234,67.15550231933594,67.96150207519531,38266000
GOOG,2020-03-05,65.37559509277344,65.9520034790039,67.94550323486328,65.25499725341797,67.51000213623047,51226000
GOOG,2020-03-06,64.35311889648438,64.92050170898438,65.31099700927734,63.0525016784668,63.85300064086914,53212000
GOOG,2020-03-09,60.246822357177734,60.77799987792969,62.737998962402344,60.0,60.26499938964844,67308000
GOOG,2020-03-10,63.45999526977539,64.01950073242188,64.05750274658203,60.938499450683594,63.0,52228000
GOOG,2020-03-11,60.23938751220703,60.77050018310547,63.04800033569336,59.80350112915039,62.48500061035156,52170000
GOOG,2020-03-12,55.258304595947266,55.74549865722656,59.69350051879883,55.665000915527344,56.29999923706055,84534000
GOOG,2020-03-13,60.453495025634766,60.98649978637695,60.987998962402344,55.85715103149414,58.95000076293945,74002000
GOOG,2020-03-16,53.7426643371582,54.21649932861328,57.61334991455078,53.72200012207031,54.79999923706055,85048000
GOOG,2020-03-17,55.50066375732422,55.9900016784668,56.542999267578125,52.800498962402344,54.65549850463867,77230000
GOOG,2020-03-18,54.3607177734375,54.84000015258789,55.32500076293945,51.86399841308594,52.82550048828125,84668000
GOOG,2020-03-19,55.27713394165039,55.76449966430664,57.89849853515625,53.005401611328125,54.65250015258789,73022000
GOOG,2020-03-20,53.147422790527344,53.61600112915039,57.199501037597656,53.27450180053711,56.7859992980957,72036000
GOOG,2020-03-23,52.369285583496094,52.83100128173828,53.566001892089844,50.67679977416992,53.066001892089844,80882000
GOOG,2020-03-24,56.227256774902344,56.722999572753906,56.75,54.53099822998047,55.188499450683594,66890000
GOOG,2020-03-25,54.64273452758789,55.1245002746582,57.44499969482422,54.300498962402344,56.32350158691406,81630000
GOOG,2020-03-26,57.579833984375,58.087501525878906,58.49850082397461,54.67649841308594,55.59000015258789,71434000
GOOG,2020-03-27,55.05013656616211,55.535499572753906,57.53350067138672,55.295501708984375,56.28350067138672,64170000
GOOG,2020-03-30,56.8398551940918,57.340999603271484,57.58150100708008,54.82400131225586,56.25199890136719,51482000
GOOG,2020-03-31,57.63237762451172,58.140499114990234,58.765499114990234,56.90700149536133,57.3650016784668,49728000
GOOG,2020-04-01,54.79785919189453,55.28099822998047,56.484500885009766,54.872501373291016,56.099998474121094,46884000
GOOG,2020-04-02,55.552207946777344,56.04199981689453,56.34299850463867,54.81999969482422,54.91299819946289,39298000
GOOG,2020-04-03,54.41424560546875,54.89400100708008,56.176998138427734,53.990501403808594,55.950748443603516,46268000
GOOG,2020-04-06,58.827335357666016,59.34600067138672,59.733001708984375,56.547000885009766,56.900001525878906,53294000
GOOG,2020-04-07,58.80701446533203,59.32550048828125,61.25,59.11149978637695,61.04999923706055,47746000
GOOG,2020-04-08,59.98512649536133,60.513999938964844,60.95349884033203,59.40800094604492,60.32500076293945,39502000
GOOG,2020-04-09,60.04311752319336,60.5724983215332,61.278499603271484,59.83675003051758,61.20399856567383,43508000
GOOG,2020-04-13,60.345943450927734,60.87799835205078,61.0255012512207,59.37990188598633,60.45899963378906,34796000
GOOG,2020-04-14,62.906864166259766,63.46149826049805,64.10350036621094,61.846500396728516,62.25450134277344,49408000
GOOG,2020-04-15,62.57181930541992,63.12350082397461,64.02300262451172,62.02000045776367,62.28049850463867,33434000
GOOG,2020-04-16,62.62138748168945,63.173500061035156,63.95000076293945,62.13100051879883,63.70500183105469,50362000
GOOG,2020-04-17,63.601741790771484,64.1624984741211,64.72149658203125,63.561500549316406,64.24250030517578,38980000
GOOG,2020-04-20,62.777015686035156,63.330501556396484,64.08000183105469,63.06850051879883,63.54999923706055,33910000
GOOG,2020-04-21,60.28548812866211,60.81700134277344,62.7135009765625,60.48550033569336,62.349998474121094,43060000
GOOG,2020-04-22,62.60849380493164,63.160499572753906,64.28064727783203,62.099998474121094,62.277000427246094,41848000
GOOG,2020-04-23,63.25777816772461,63.81549835205078,64.66549682617188,63.28350067138672,63.57749938964844,31324000
GOOG,2020-04-24,63.406463623046875,63.96549987792969,64.0199966430664,62.47249984741211,63.05849838256836,32792000
GOOG,2020-04-27,63.2364616394043,63.79399871826172,64.80750274658203,63.45000076293945,64.80000305175781,32012000
GOOG,2020-04-28,61.144405364990234,61.68349838256836,64.40249633789062,61.61000061035156,64.39649963378906,59026000
GOOG,2020-04-29,66.48779296875,67.0739974975586,67.99949645996094,66.26699829101562,67.072998046875,75872000
GOOG,2020-04-30,66.84365844726562,67.43299865722656,67.64099884033203,66.12449645996094,66.24400329589844,53378000
GOOG,2020-05-01,65.45341491699219,66.03050231933594,67.60350036621094,65.55000305175781,66.42500305175781,41450000
GOOG,2020-05-04,65.76020050048828,66.33999633789062,66.38300323486328,64.94999694824219,65.4114990234375,30080000
GOOG,2020-05-05,66.96509552001953,67.55549621582031,68.6969985961914,66.87300109863281,66.89600372314453,33030000
GOOG,2020-05-06,66.7762451171875,67.36499786376953,68.55599975585938,67.364501953125,68.08450317382812,24308000
GOOG,2020-05-07,68.02820587158203,68.62799835205078,68.87999725341797,67.76349639892578,68.2969970703125,27952000
GOOG,2020-05-08,68.81181335449219,69.41850280761719,69.93800354003906,68.77400207519531,69.15650177001953,27738000
GOOG,2020-05-11,69.54978942871094,70.16300201416016,70.82649993896484,68.85759735107422,68.91400146484375,28242000
GOOG,2020-05-12,68.18583679199219,68.78700256347656,70.75,68.7385025024414,70.35600280761719,27812000
GOOG,2020-05-13,66.87686920166016,67.46649932861328,69.27410125732422,66.41999816894531,68.85250091552734,36252000
GOOG,2020-05-14,67.21390533447266,67.80650329589844,67.87100219726562,66.19550323486328,66.7509994506836,32062000
GOOG,2020-05-15,68.0594482421875,68.65950012207031,68.7239990234375,66.94999694824219,67.5,34154000
GOOG,2020-05-18,68.59224700927734,69.1969985961914,69.61624908447266,67.7125015258789,68.0875015258789,36448000
GOOG,2020-05-19,68.07405090332031,68.67424774169922,69.5999984741211,68.67424774169922,69.349853515625,25612000
GOOG,2020-05-20,69.7212905883789,70.33599853515625,70.52100372314453,69.36250305175781,69.47899627685547,33108000
GOOG,2020-05-21,69.52699279785156,70.13999938964844,70.77449798583984,69.67250061035156,70.4000015258789,27700000
GOOG,2020-05-22,69.9046630859375,70.52100372314453,70.63800048828125,69.59149932861328,69.83550262451172,26188000
GOOG,2020-05-26,70.23177337646484,70.85099792480469,72.05000305175781,70.60649871826172,71.8635025024414,41212000
GOOG,2020-05-27,70.27241516113281,70.89199829101562,71.08699798583984,69.56449890136719,70.86250305175781,33716000
GOOG,2020-05-28,70.21741485595703,70.83650207519531,72.04199981689453,69.80000305175781,69.84300231933594,33844000
GOOG,2020-05-29,70.82158660888672,71.44599914550781,71.62850189208984,70.6675033569336,70.84700012207031,36418000
GOOG,2020-06-01,70.96531677246094,71.59100341796875,71.89800262451172,70.9000015258789,70.91950225830078,24342000
GOOG,2020-06-02,71.33208465576172,71.96099853515625,71.98049926757812,70.94149780273438,71.52749633789062,25562000
GOOG,2020-06-03,71.19132995605469,71.81900024414062,72.32759857177734,71.48885345458984,71.91500091552734,25124000
GOOG,2020-06-04,69.99188232421875,70.60900115966797,71.947998046875,70.23650360107422,71.5199966430664,29686000
GOOG,2020-06-05,71.29096984863281,71.91950225830078,72.25250244140625,70.30000305175781,70.65850067138672,34698000
GOOG,2020-06-08,71.69835662841797,72.33049774169922,72.39949798583984,71.11699676513672,71.11699676513672,28084000
GOOG,2020-06-09,72.17167663574219,72.80799865722656,73.4000015258789,72.1604995727539,72.26799774169922,28184000
GOOG,2020-06-10,72.6519546508789,73.2925033569336,73.71295166015625,72.8134994506836,72.97699737548828,30504000
GOOG,2020-06-11,69.57854461669922,70.19200134277344,72.72374725341797,70.0999984741211,72.1240005493164,39826000
GOOG,2020-06-12,70.04146575927734,70.65899658203125,71.8499984741211,69.3010025024414,71.42449951171875,38928000
GOOG,2020-06-15,70.3720474243164,70.99250030517578,71.23999786376953,69.39600372314453,69.54000091552734,30078000
GOOG,2020-06-16,71.50556182861328,72.13600158691406,72.7509994506836,71.29499816894531,72.26100158691406,34184000
GOOG,2020-06-17,71.9218978881836,72.55599975585938,73.0,71.56900024414062,72.35800170898438,30992000
GOOG,2020-06-18,71.1705093383789,71.7979965209961,72.57050323486328,71.35050201416016,72.45800018310547,31638000
GOOG,2020-06-19,70.96037292480469,71.58599853515625,72.38999938964844,71.06749725341797,72.19999694824219,63158000
GOOG,2020-06-22,71.95856475830078,72.59300231933594,72.63749694824219,71.1604995727539,71.44999694824219,30848000
GOOG,2020-06-23,72.58058166503906,73.22049713134766,73.79705047607422,72.26200103759766,72.78199768066406,28596000
GOOG,2020-06-24,70.97274780273438,71.59850311279297,73.77100372314453,71.48750305175781,73.07550048828125,35120000
GOOG,2020-06-25,71.43666076660156,72.06649780273438,72.1449966430664,71.0,71.49500274658203,24610000
GOOG,2020-06-26,67.40074920654297,67.99500274658203,71.67250061035156,67.59950256347656,71.56950378417969,85354000
GOOG,2020-06-29,69.138916015625,69.74849700927734,69.77999877929688,67.35050201416016,67.90899658203125,36204000
GOOG,2020-06-30,70.06278228759766,70.68049621582031,70.93250274658203,69.197998046875,69.52200317382812,40848000
GOOG,2020-07-01,71.27361297607422,71.9020004272461,72.1500015258789,70.49099731445312,70.55500030517578,35504000
GOOG,2020-07-02,72.59493255615234,73.23500061035156,74.14749908447266,72.32099914550781,72.34700012207031,37182000
GOOG,2020-07-06,74.13140869140625,74.78500366210938,75.32949829101562,73.64299774169922,74.00299835205078,31280000
GOOG,2020-07-07,73.61000061035156,74.25900268554688,75.83999633789062,74.17749786376953,74.5,29164000
GOOG,2020-07-08,74.14628601074219,74.80000305175781,75.29399871826172,74.28150177001953,74.71600341796875,24994000
GOOG,2020-07-09,74.88922882080078,75.54949951171875,76.13600158691406,74.40425109863281,75.32250213623047,28466000
GOOG,2020-07-10,76.41328430175781,77.08699798583984,77.19149780273438,74.8270034790039,75.30750274658203,37126000
GOOG,2020-07-13,74.90657806396484,75.56700134277344,78.85659790039062,75.26215362548828,77.5,36928000
GOOG,2020-07-14,75.36453247070312,76.02899932861328,76.14749908447266,74.17500305175781,74.5155029296875,31700000
GOOG,2020-07-15,75.02056884765625,75.68199920654297,76.7665023803711,74.9000015258789,76.15650177001953,32214000
GOOG,2020-07-16,75.23666381835938,75.9000015258789,75.93450164794922,74.31549835205078,75.0,30386000
GOOG,2020-07-17,75.115234375,75.77749633789062,76.1719970703125,74.9209976196289,76.08100128173828,29134000
GOOG,2020-07-20,77.60179901123047,78.28600311279297,78.5145034790039,75.18000030517578,75.76300048828125,31146000
GOOG,2020-07-21,77.239990234375,77.9209976196289,79.34950256347656,77.71399688720703,79.34950256347656,24324000
GOOG,2020-07-22,77.73910522460938,78.42449951171875,78.5,77.30500030517578,78.0250015258789,18640000
GOOG,2020-07-23,75.12167358398438,75.78399658203125,78.59349822998047,75.36959838867188,78.34850311279297,32552000
GOOG,2020-07-24,74.93283081054688,75.59349822998047,75.88179779052734,74.41999816894531,74.94650268554688,30880000
GOOG,2020-07-27,75.84133911132812,76.51000213623047,77.04850006103516,75.760498046875,75.77999877929688,24920000
GOOG,2020-07-28,74.36138916015625,75.01699829101562,76.3239974975586,74.88300323486328,76.25900268554688,34044000
GOOG,2020-07-29,75.43590545654297,76.10099792480469,76.5625991821289,75.06649780273438,75.31600189208984,22130000
GOOG,2020-07-30,75.9032974243164,76.57250213623047,76.89350128173828,74.61100006103516,74.8499984741211,33428000
GOOG,2020-07-31,73.4999771118164,74.14800262451172,75.44750213623047,72.70149993896484,75.25050354003906,68798000
GOOG,2020-08-03,73.07819366455078,73.72250366210938,74.52349853515625,73.28199768066406,74.33200073242188,46604000
GOOG,2020-08-04,72.60832214355469,73.24849700927734,74.27799987792969,72.93250274658203,73.82849884033203,38070000
GOOG,2020-08-05,73.03654479980469,73.68049621582031,74.12049865722656,73.1729965209961,73.46499633789062,39590000
GOOG,2020-08-06,74.34947967529297,75.00499725341797,75.11949920654297,73.30000305175781,73.5875015258789,39908000
GOOG,2020-08-07,74.0714340209961,74.72450256347656,75.84224700927734,74.08200073242188,75.0,31556000
GOOG,2020-08-10,74.1512222290039,74.80500030517578,75.20375061035156,73.65399932861328,74.35900115966797,25786000
GOOG,2020-08-11,73.36912536621094,74.01599884033203,75.5,73.9000015258789,74.62200164794922,29088000
GOOG,2020-08-12,74.67263793945312,75.33100128173828,75.61930084228516,74.26249694824219,74.27899932861328,28740000
GOOG,2020-08-13,75.25896453857422,75.92250061035156,76.86250305175781,75.40025329589844,75.51699829101562,29104000
GOOG,2020-08-14,74.72765350341797,75.3864974975586,76.09500122070312,75.14399719238281,75.78299713134766,27096000
GOOG,2020-08-17,75.23567199707031,75.89900207519531,76.28050231933594,75.39849853515625,75.7334976196289,27566000
GOOG,2020-08-18,77.24890899658203,77.93000030517578,78.12349700927734,76.18550109863281,76.30899810791016,40542000
GOOG,2020-08-19,76.70026397705078,77.37650299072266,78.68399810791016,77.19750213623047,77.66549682617188,33212000
GOOG,2020-08-20,78.39630126953125,79.0875015258789,79.29350280761719,76.91000366210938,77.17250061035156,34138000
GOOG,2020-08-21,78.33039855957031,79.02100372314453,79.88600158691406,78.40025329589844,78.85150146484375,28930000
GOOG,2020-08-24,78.71598815917969,79.41000366210938,80.70850372314453,79.02850341796875,79.6989974975586,28198000
GOOG,2020-08-25,79.70824432373047,80.41100311279297,80.58100128173828,79.10350036621094,79.10350036621094,44942000
GOOG,2020-08-26,81.89694213867188,82.61900329589844,82.96099853515625,80.18000030517578,80.4000015258789,79868000
GOOG,2020-08-27,81.00232696533203,81.71649932861328,82.75,81.2874984741211,82.68399810791016,37232000
GOOG,2020-08-28,81.50192260742188,82.22049713134766,82.3584976196289,81.5374984741211,81.67449951171875,29980000
GOOG,2020-08-31,80.99488830566406,81.70899963378906,82.39824676513672,81.5155029296875,82.39450073242188,36468000
GOOG,2020-09-01,82.30979919433594,83.0354995727539,83.2864990234375,81.61100006103516,81.83149719238281,36506000
GOOG,2020-09-02,85.65877532958984,86.41400146484375,86.65899658203125,83.31649780273438,83.68875122070312,50224000
GOOG,2020-09-03,81.37454986572266,82.09200286865234,85.48570251464844,80.75299835205078,85.48570251464844,62156000
GOOG,2020-09-04,78.85674285888672,79.552001953125,82.25550079345703,77.38065338134766,81.21299743652344,52172000
GOOG,2020-09-08,75.94987487792969,76.61949920654297,78.19325256347656,76.40049743652344,76.67549896240234,52218000
GOOG,2020-09-09,77.16764068603516,77.8479995727539,78.44999694824219,76.80255126953125,77.87650299072266,35494000
GOOG,2020-09-10,75.93152618408203,76.60099792480469,79.20404815673828,76.29025268554688,78.03199768066406,32372000
GOOG,2020-09-11,75.3714828491211,76.03600311279297,78.76000213623047,74.86799621582031,76.80000305175781,31942000
GOOG,2020-09-14,75.30009460449219,75.96399688720703,78.19999694824219,75.78700256347656,76.95024871826172,33932000
GOOG,2020-09-15,76.39840698242188,77.0719985961914,77.97850036621094,76.59175109863281,76.80000305175781,26622000
GOOG,2020-09-16,75.3803939819336,76.04499816894531,78.0999984741211,75.99099731445312,77.7770004272461,26234000
GOOG,2020-09-17,74.12297821044922,74.77649688720703,75.41490173339844,73.5,74.80000305175781,37596000
GOOG,2020-09-18,72.36151123046875,72.99949645996094,75.150146484375,71.85649871826172,74.90049743652344,62078000
GOOG,2020-09-21,70.93260192871094,71.55799865722656,72.41799926757812,70.32749938964844,72.00299835205078,57776000
GOOG,2020-09-22,72.63262176513672,73.27300262451172,73.47599792480469,71.72650146484375,72.50450134277344,31664000
GOOG,2020-09-23,70.14207458496094,70.760498046875,73.0479965209961,70.38500213623047,72.93900299072266,33148000
GOOG,2020-09-24,70.79035949707031,71.41449737548828,72.1854476928711,70.49250030517578,70.55149841308594,29004000
GOOG,2020-09-25,71.6165771484375,72.24800109863281,72.5,70.66699981689453,71.63150024414062,26460000
GOOG,2020-09-28,72.58602905273438,73.22599792480469,73.83999633789062,72.46504974365234,73.71050262451172,40158000
GOOG,2020-09-29,72.82442474365234,73.46649932861328,73.8331527709961,72.94024658203125,73.51950073242188,19564000
GOOG,2020-09-30,72.83781433105469,73.4800033569336,74.48750305175781,72.99400329589844,73.33999633789062,34032000
GOOG,2020-10-01,73.85335540771484,74.50450134277344,74.9520034790039,73.96050262451172,74.2135009765625,35590000
GOOG,2020-10-02,72.28369903564453,72.9209976196289,74.16000366210938,72.5459976196289,73.10150146484375,25682000
GOOG,2020-10-05,73.65164184570312,74.3010025024414,74.4104995727539,73.2135009765625,73.31050109863281,22266000
GOOG,2020-10-06,72.03687286376953,72.6719970703125,74.33799743652344,72.42949676513672,73.77899932861328,24908000
GOOG,2020-10-07,72.37638092041016,73.0145034790039,73.447998046875,71.80000305175781,73.2145004272461,34924000
GOOG,2020-10-08,73.64718627929688,74.29650115966797,74.5,73.25450134277344,73.25450134277344,23756000
GOOG,2020-10-09,75.098876953125,75.76100158691406,75.82599639892578,74.47250366210938,74.73500061035156,28706000
GOOG,2020-10-12,77.77181243896484,78.4574966430664,79.69300079345703,76.62850189208984,77.1500015258789,49652000
GOOG,2020-10-13,77.8971939086914,78.58399963378906,79.5,78.16000366210938,79.1865005493164,32020000
GOOG,2020-10-14,77.71878051757812,78.40399932861328,79.38420104980469,77.52649688720703,78.92949676513672,38586000
GOOG,2020-10-15,77.27518463134766,77.95649719238281,78.7552490234375,77.25150299072266,77.35749816894531,30800000
GOOG,2020-10-16,77.96311950683594,78.65049743652344,79.05650329589844,78.1500015258789,78.2925033569336,28694000
GOOG,2020-10-19,76.05989074707031,76.73049926757812,79.40750122070312,76.4000015258789,79.02300262451172,32142000
GOOG,2020-10-20,77.11659240722656,77.79650115966797,78.875,76.28350067138672,76.35250091552734,44834000
GOOG,2020-10-21,78.96923828125,79.66549682617188,80.9365005493164,78.58149719238281,78.66649627685547,51366000
GOOG,2020-10-22,80.06063842773438,80.7665023803711,81.09950256347656,79.25,79.65249633789062,28672000
GOOG,2020-10-23,81.33291625976562,82.05000305175781,82.11799621582031,81.02549743652344,81.30349731445312,27516000
GOOG,2020-10-26,78.82749938964844,79.52249908447266,81.91200256347656,78.82499694824219,81.25050354003906,37066000
GOOG,2020-10-27,79.51195526123047,80.21299743652344,80.34224700927734,79.13899993896484,79.78350067138672,24580000
GOOG,2020-10-28,75.16826629638672,75.83100128173828,78.06749725341797,75.73100280761719,77.98699951171875,36680000
GOOG,2020-10-29,77.67713928222656,78.36199951171875,79.68550109863281,76.11199951171875,76.11799621582031,40062000
GOOG,2020-10-30,80.34214782714844,81.05049896240234,84.3499984741211,80.2229995727539,83.60549926757812,86582000
GOOG,2020-11-02,80.59095764160156,81.30149841308594,83.03849792480469,80.80149841308594,81.40799713134766,50708000
GOOG,2020-11-03,81.78939056396484,82.510498046875,83.08499908447266,80.83100128173828,81.58899688720703,33234000
GOOG,2020-11-04,86.6921615600586,87.45649719238281,88.56825256347656,85.30149841308594,85.51399993896484,71418000
GOOG,2020-11-05,87.39793395996094,88.16850280761719,89.68199920654297,87.52549743652344,89.05000305175781,41316000
GOOG,2020-11-06,87.31764221191406,88.0875015258789,88.62149810791016,87.01750183105469,87.69750213623047,33218000
GOOG,2020-11-09,87.37960052490234,88.1500015258789,90.90299987792969,88.0009994506836,89.54499816894531,45366000
GOOG,2020-11-10,86.25898742675781,87.01950073242188,88.1500015258789,85.86499786376953,86.55449676513672,52722000
GOOG,2020-11-11,86.86959838867188,87.635498046875,88.21099853515625,87.36824798583984,87.5,25280000
GOOG,2020-11-12,86.72734832763672,87.49199676513672,88.41349792480469,87.27999877929688,87.38150024414062,24950000
GOOG,2020-11-13,88.07445526123047,88.85099792480469,89.052001953125,87.22750091552734,87.88150024414062,29998000
GOOG,2020-11-16,88.29055786132812,89.06900024414062,89.95349884033203,88.3844985961914,88.58499908447266,24936000
GOOG,2020-11-17,87.73397064208984,88.50749969482422,89.25,88.3499984741211,88.84700012207031,22942000
GOOG,2020-11-18,86.57568359375,87.33899688720703,88.67350006103516,87.30699920654297,88.2614974975586,23470000
GOOG,2020-11-19,87.42520141601562,88.19599914550781,88.47949981689453,86.85025024414062,86.91899871826172,24998000
GOOG,2020-11-20,86.34819793701172,87.1094970703125,88.69999694824219,87.09300231933594,88.260498046875,46270000
GOOG,2020-11-23,85.98489379882812,86.74299621582031,87.69499969482422,85.88600158691406,87.4800033569336,43232000
GOOG,2020-11-24,87.67103576660156,88.44400024414062,88.58000183105469,86.3844985961914,86.5250015258789,31560000
GOOG,2020-11-25,87.79741668701172,88.57150268554688,88.927001953125,87.8270034790039,88.64450073242188,20916000
GOOG,2020-11-27,88.87590789794922,89.65950012207031,90.19999694824219,88.62200164794922,88.65450286865234,17698000
GOOG,2020-11-30,87.26759338378906,88.03700256347656,89.40325164794922,87.75,89.05919647216797,36476000
GOOG,2020-12-01,89.1192626953125,89.90499877929688,91.24150085449219,88.46849822998047,88.71849822998047,34738000
GOOG,2020-12-02,90.59872436523438,91.39749908447266,91.78250122070312,89.47364807128906,89.90499877929688,24440000
GOOG,2020-12-03,90.54022979736328,91.3385009765625,92.36000061035156,91.13249969482422,91.20050048828125,24546000
GOOG,2020-12-04,90.60070037841797,91.39949798583984,91.65799713134766,90.84950256347656,91.22599792480469,27564000
GOOG,2020-12-07,90.17892456054688,90.9739990234375,91.61849975585938,90.28900146484375,90.94999694824219,26418000
GOOG,2020-12-08,90.13282012939453,90.92749786376953,91.09500122070312,89.81024932861328,90.50499725341797,21926000
GOOG,2020-12-09,88.42687225341797,89.20649719238281,91.7135009765625,88.3905029296875,90.60050201416016,30152000
GOOG,2020-12-10,87.99071502685547,88.7665023803711,89.06549835205078,87.01599884033203,88.48999786376953,27256000
GOOG,2020-12-11,88.30990600585938,89.0885009765625,89.22250366210938,88.0,88.15299987792969,24414000
GOOG,2020-12-14,87.23388671875,88.00299835205078,89.86949920654297,87.86074829101562,88.75,32004000
GOOG,2020-12-15,87.61602020263672,88.38849639892578,88.57099914550781,87.49749755859375,88.22100067138672,29646000
GOOG,2020-12-16,87.37960052490234,88.1500015258789,88.6500015258789,87.80400085449219,88.64399719238281,30270000
GOOG,2020-12-17,86.63119506835938,87.3949966430664,88.58920288085938,86.93299865722656,88.42549896240234,32494000
GOOG,2020-12-18,85.79407501220703,86.55049896240234,87.75550079345703,86.01100158691406,87.70899963378906,80328000
GOOG,2020-12-21,86.20842742919922,86.96849822998047,87.0425033569336,84.94999694824219,85.67549896240234,36568000
GOOG,2020-12-22,85.42185974121094,86.17500305175781,86.87024688720703,85.62875366210938,86.72149658203125,18734000
GOOG,2020-12-23,85.86196899414062,86.61900329589844,87.39949798583984,86.25199890136719,86.40550231933594,20676000
GOOG,2020-12-24,86.18266296386719,86.94249725341797,87.30000305175781,86.45549774169922,86.75,6936000
GOOG,2020-12-28,88.02838134765625,88.80449676513672,89.5363998413086,87.3167495727539,87.58174896240234,27860000
GOOG,2020-12-29,87.16747283935547,87.93599700927734,89.62200164794922,87.80449676513672,89.3895034790039,25988000
GOOG,2020-12-30,86.21585845947266,86.97599792480469,88.25475311279297,86.27999877929688,88.10050201416016,26122000
GOOG,2020-12-31,86.82847595214844,87.59400177001953,87.94650268554688,86.77100372314453,86.77100372314453,20238000
GOOG,2021-01-04,85.65679168701172,86.41200256347656,88.03250122070312,85.39250183105469,87.87699890136719,38038000
GOOG,2021-01-05,86.28523254394531,87.0459976196289,87.38349914550781,85.90074920654297,86.25,22906000
GOOG,2021-01-06,86.00621795654297,86.7645034790039,87.4000015258789,84.94999694824219,85.13150024414062,52042000
GOOG,2021-01-07,88.58150482177734,89.36250305175781,89.41999816894531,86.85250091552734,87.00299835205078,45300000
GOOG,2021-01-08,89.57077026367188,90.3604965209961,90.49199676513672,88.67675018310547,89.39900207519531,41012000
GOOG,2021-01-11,87.56397247314453,88.33599853515625,89.71575164794922,88.0260009765625,89.30349731445312,24194000
GOOG,2021-01-12,86.56428527832031,87.32749938964844,88.9020004272461,86.2655029296875,87.69599914550781,27140000
GOOG,2021-01-13,86.95336151123047,87.72000122070312,88.25174713134766,86.90049743652344,86.92900085449219,21882000
GOOG,2021-01-14,86.24858093261719,87.00900268554688,88.75050354003906,86.66999816894531,87.68099975585938,23590000
GOOG,2021-01-15,86.05081176757812,86.80950164794922,87.80000305175781,86.07749938964844,86.90950012207031,26844000
GOOG,2021-01-19,88.76042175292969,89.54299926757812,90.46375274658203,87.072998046875,87.61250305175781,34692000
GOOG,2021-01-20,93.52046203613281,94.34500122070312,95.18550109863281,91.27649688720703,91.572998046875,49806000
GOOG,2021-01-21,93.73605346679688,94.5625,96.74299621582031,94.35549926757812,94.9000015258789,41278000
GOOG,2021-01-22,94.22176361083984,95.05249786376953,95.54750061035156,94.08799743652344,94.78399658203125,25442000
GOOG,2021-01-25,94.14000701904297,94.97000122070312,96.47899627685547,93.37650299072266,96.03350067138672,38546000
GOOG,2021-01-26,95.02420043945312,95.86199951171875,96.25,94.21224975585938,94.44200134277344,26262000
GOOG,2021-01-27,90.73948669433594,91.53949737548828,94.5,90.44999694824219,94.12650299072266,54966000
GOOG,2021-01-28,92.34134674072266,93.15550231933594,94.94149780273438,92.13200378417969,92.1969985961914,35462000
GOOG,2021-01-29,90.98482513427734,91.78700256347656,92.86399841308594,90.51000213623047,92.30850219726562,32252000
GOOG,2021-02-01,94.23664093017578,95.06749725341797,96.11959838867188,92.54650115966797,92.67849731445312,32044000
GOOG,2021-02-02,95.53321838378906,96.37550354003906,97.78800201416016,95.72450256347656,96.12799835205078,45474000
GOOG,2021-02-03,102.59891510009766,103.50350189208984,105.82499694824219,100.91899871826172,103.6500015258789,82364000
GOOG,2021-02-04,102.21728515625,103.11849975585938,103.92749786376953,102.12950134277344,103.44450378417969,37046000
GOOG,2021-02-05,103.98319244384766,104.9000015258789,105.12550354003906,102.96649932861328,103.5,30702000
GOOG,2021-02-08,103.73092651367188,104.64550018310547,106.17735290527344,103.5999984741211,105.29550170898438,24838000
GOOG,2021-02-09,103.2650375366211,104.17549896240234,105.25650024414062,103.927001953125,103.927001953125,17798000
GOOG,2021-02-10,103.8533706665039,104.76899719238281,105.41850280761719,103.15450286865234,104.71050262451172,22710000
GOOG,2021-02-11,103.8786392211914,104.79450225830078,105.10150146484375,103.86599731445312,104.97550201416016,18914000
GOOG,2021-02-12,104.2860336303711,105.20549774169922,105.44100189208984,104.15650177001953,104.51249694824219,17114000
GOOG,2021-02-16,105.16777801513672,106.09500122070312,107.63400268554688,105.21800231933594,105.21800231933594,22676000
GOOG,2021-02-17,105.48545837402344,106.41549682617188,106.68299865722656,104.94599914550781,105.0,21418000
GOOG,2021-02-18,104.93482208251953,105.86000061035156,106.63674926757812,105.18550109863281,105.51950073242188,22432000
GOOG,2021-02-19,104.13884735107422,105.05699920654297,106.52649688720703,104.87049865722656,105.9635009765625,29148000
GOOG,2021-02-22,102.34168243408203,103.24400329589844,104.57099914550781,103.10700225830078,103.3499984741211,27350000
GOOG,2021-02-23,102.63807678222656,103.54299926757812,104.10050201416016,100.10099792480469,101.25050354003906,33348000
GOOG,2021-02-24,103.84294128417969,104.75849914550781,105.03900146484375,101.90650177001953,102.09149932861328,24966000
GOOG,2021-02-25,100.68033599853516,101.56800079345703,104.74400329589844,101.06449890136719,103.37249755859375,36568000
GOOG,2021-02-26,100.95293426513672,101.84300231933594,103.55049896240234,100.8030014038086,102.5260009765625,41670000
GOOG,2021-03-01,103.16592407226562,104.07550048828125,104.32599639892578,102.30500030517578,102.82599639892578,28090000
GOOG,2021-03-02,102.8848876953125,103.79199981689453,105.21849822998047,103.56300354003906,103.80950164794922,22692000
GOOG,2021-03-03,100.44986724853516,101.33550262451172,104.4259033203125,100.5,103.3604965209961,29684000
GOOG,2021-03-04,101.55908203125,102.45449829101562,104.46199798583984,101.01349639892578,101.16850280761719,42360000
GOOG,2021-03-05,104.50562286376953,105.427001953125,105.90550231933594,102.32074737548828,103.65599822998047,43904000
GOOG,2021-03-08,100.32396697998047,101.20850372314453,106.44049835205078,101.08049774169922,105.05650329589844,32948000
GOOG,2021-03-09,101.73800659179688,102.63500213623047,103.9020004272461,102.3915023803711,103.5,33946000
GOOG,2021-03-10,101.85348510742188,102.75150299072266,103.75,101.66850280761719,103.58799743652344,25372000
GOOG,2021-03-11,104.81439971923828,105.7385025024414,106.28500366210938,103.61900329589844,103.7030029296875,24782000
GOOG,2021-03-12,102.19497680664062,103.09600067138672,104.51300048828125,102.37750244140625,104.25,34516000
GOOG,2021-03-15,102.42147827148438,103.32450103759766,103.35299682617188,102.17549896240234,103.11499786376953,25962000
GOOG,2021-03-16,103.71160125732422,104.6259994506836,106.1780014038086,103.5,103.94950103759766,29832000
GOOG,2021-03-17,103.6402359008789,104.55400085449219,105.48899841308594,102.69999694824219,103.80149841308594,25980000
GOOG,2021-03-18,100.92119598388672,101.81099700927734,103.7750015258789,101.67749786376953,103.05000305175781,27228000
GOOG,2021-03-19,101.26716613769531,102.16000366210938,102.65499877929688,100.88400268554688,102.10250091552734,46298000
GOOG,2021-03-22,101.0386734008789,101.92949676513672,102.89949798583984,101.30349731445312,102.09200286865234,39096000
GOOG,2021-03-23,101.75090789794922,102.64800262451172,103.61509704589844,101.96099853515625,102.58499908447266,27340000
GOOG,2021-03-24,101.3593521118164,102.25299835205078,103.9104995727539,102.07775115966797,103.26850128173828,23080000
GOOG,2021-03-25,101.32465362548828,102.21800231933594,102.94349670410156,100.5364990234375,102.2405014038086,28378000
GOOG,2021-03-26,100.88799285888672,101.77749633789062,102.54949951171875,100.70099639892578,101.94300079345703,29870000
GOOG,2021-03-29,101.8990707397461,102.79750061035156,102.92150115966797,100.78099822998047,101.39399719238281,24596000
GOOG,2021-03-30,101.87876892089844,102.7770004272461,103.53900146484375,102.20149993896484,102.88150024414062,20732000
GOOG,2021-03-31,102.52755737304688,103.43150329589844,104.66635131835938,102.83724975585938,102.95600128173828,29198000
GOOG,2021-04-01,105.9533462524414,106.88749694824219,107.14700317382812,104.84449768066406,104.89749908447266,33980000
GOOG,2021-04-05,110.30496978759766,111.27749633789062,111.8655014038086,107.58100128173828,107.64700317382812,43298000
GOOG,2021-04-06,110.26532745361328,111.23750305175781,111.88300323486328,110.73999786376953,111.125,27060000
GOOG,2021-04-07,111.50093078613281,112.48400115966797,112.75,111.2665023803711,111.30650329589844,25798000
GOOG,2021-04-08,112.28205108642578,113.27200317382812,114.20024871826172,112.88400268554688,113.89800262451172,27166000
GOOG,2021-04-09,113.29511260986328,114.29399871826172,114.4520034790039,112.68569946289062,112.83499908447266,20888000
GOOG,2021-04-12,111.75419616699219,112.739501953125,113.76599884033203,111.92324829101562,113.3125,31318000
GOOG,2021-04-13,112.37274169921875,113.3635025024414,113.8604965209961,112.80449676513672,113.07350158691406,23310000
GOOG,2021-04-14,111.75667572021484,112.74199676513672,113.89949798583984,112.45950317382812,113.75800323486328,20220000
GOOG,2021-04-15,113.82940673828125,114.83300018310547,115.32984924316406,113.30000305175781,113.8489990234375,27472000
GOOG,2021-04-16,113.88391876220703,114.88800048828125,115.3219985961914,114.22250366210938,115.1500015258789,22596000
GOOG,2021-04-19,114.1138916015625,115.12000274658203,115.92250061035156,114.39225006103516,114.5989990234375,24688000
GOOG,2021-04-20,113.6792221069336,114.68150329589844,115.4800033569336,113.58550262451172,115.39450073242188,21774000
GOOG,2021-04-21,113.66236114501953,114.66449737548828,114.76599884033203,112.92849731445312,114.26249694824219,23930000
GOOG,2021-04-22,112.40495300292969,113.39600372314453,115.18810272216797,112.82250213623047,114.6614990234375,21096000
GOOG,2021-04-23,114.75324249267578,115.76499938964844,116.29100036621094,113.9104995727539,114.17350006103516,28670000
GOOG,2021-04-26,115.32025146484375,116.33699798583984,117.06300354003906,115.69200134277344,115.99649810791016,20834000
GOOG,2021-04-27,114.34783935546875,115.35600280761719,116.87249755859375,115.2135009765625,116.80000305175781,31972000
GOOG,2021-04-28,117.95551300048828,118.99549865722656,122.618896484375,118.74250030517578,120.35724639892578,59728000
GOOG,2021-04-29,120.43268585205078,121.49449920654297,121.82599639892578,120.11399841308594,120.5165023803711,39554000
GOOG,2021-04-30,119.45281219482422,120.50599670410156,121.35700225830078,120.10800170898438,120.22450256347656,39142000
GOOG,2021-05-03,118.71186065673828,119.75849914550781,120.98500061035156,119.2249984741211,120.13600158691406,33788000
GOOG,2021-05-04,116.6837387084961,117.7125015258789,118.96299743652344,115.58499908447266,118.48699951171875,35120000
GOOG,2021-05-05,116.80713653564453,117.83699798583984,119.11000061035156,117.57050323486328,118.4209976196289,21806000
GOOG,2021-05-06,118.02688598632812,119.06749725341797,119.135498046875,117.11689758300781,117.53199768066406,20618000
GOOG,2021-05-07,118.88632202148438,119.93450164794922,120.82050323486328,119.5,120.0,23272000
GOOG,2021-05-10,116.05973052978516,117.08300018310547,118.9000015258789,116.73650360107422,118.74449920654297,26006000
GOOG,2021-05-11,114.42910766601562,115.43800354003906,116.0999984741211,114.1500015258789,114.59300231933594,32110000
GOOG,2021-05-12,110.97555541992188,111.9540023803711,114.26850128173828,111.50250244140625,113.08550262451172,34934000
GOOG,2021-05-13,112.11006164550781,113.09850311279297,113.83004760742188,112.13600158691406,113.05449676513672,26670000
GOOG,2021-05-14,114.79588317871094,115.80799865722656,116.05699920654297,114.16600036621094,114.59149932861328,26624000
GOOG,2021-05-17,115.05609130859375,116.07050323486328,116.16699981689453,114.75,115.46600341796875,19842000
GOOG,2021-05-18,114.16494750976562,115.17150115966797,117.15750122070312,115.15799713134766,116.84529876708984,17302000
GOOG,2021-05-19,114.42662811279297,115.43550109863281,115.83799743652344,113.1760025024414,113.22000122070312,19350000
GOOG,2021-05-20,116.7749252319336,117.80449676513672,118.01699829101562,116.05449676513672,116.4020004272461,23832000
GOOG,2021-05-21,116.23023986816406,117.25499725341797,118.44999694824219,117.11849975585938,118.29949951171875,22832000
GOOG,2021-05-24,119.28184509277344,120.33350372314453,120.92400360107422,118.00550079345703,118.3499984741211,21244000
GOOG,2021-05-25,119.40077209472656,120.45349884033203,121.64450073242188,120.14949798583984,121.0,18838000
GOOG,2021-05-26,120.61309051513672,121.67649841308594,122.14720153808594,120.62574768066406,120.6417465209961,21856000
GOOG,2021-05-27,119.07564544677734,120.12550354003906,122.0,120.0999984741211,121.84700012207031,38962000
GOOG,2021-05-28,119.52418518066406,120.5780029296875,121.40699768066406,120.3844985961914,121.0979995727539,24108000
GOOG,2021-06-01,120.42871856689453,121.4905014038086,121.89855194091797,120.24400329589844,121.0999984741211,19166000
GOOG,2021-06-02,120.00594329833984,121.06400299072266,122.0999984741211,120.20999908447266,121.7655029296875,17158000
GOOG,2021-06-03,119.17971801757812,120.23049926757812,120.48725128173828,119.1415023803711,119.7509994506836,18346000
GOOG,2021-06-04,121.5166244506836,122.58799743652344,122.69294738769531,120.88849639892578,121.1259994506836,25948000
GOOG,2021-06-07,122.22685241699219,123.30449676513672,123.4000015258789,122.05364990234375,122.56600189208984,23850000
GOOG,2021-06-08,123.05753326416016,124.14250183105469,124.72474670410156,123.41200256347656,123.99500274658203,25060000
GOOG,2021-06-09,123.48129272460938,124.56999969482422,125.25,124.36650085449219,124.9749984741211,20126000
GOOG,2021-06-10,124.97810363769531,126.08000183105469,126.16300201416016,124.69999694824219,124.70050048828125,31234000
GOOG,2021-06-11,124.59795379638672,125.69650268554688,126.34950256347656,124.91449737548828,126.24600219726562,25240000
GOOG,2021-06-14,125.24771881103516,126.35199737548828,126.4114990234375,125.0469970703125,125.66950225830078,22550000
GOOG,2021-06-15,124.9315185546875,126.03299713134766,126.86199951171875,125.64849853515625,126.52200317382812,22182000
GOOG,2021-06-16,124.59795379638672,125.69650268554688,126.52349853515625,124.14994812011719,126.24749755859375,26316000
GOOG,2021-06-17,125.26656341552734,126.37100219726562,127.19650268554688,125.51499938964844,125.52300262451172,25756000
GOOG,2021-06-18,124.4700698852539,125.56749725341797,126.38899993896484,124.60299682617188,125.70549774169922,53306000
GOOG,2021-06-21,125.34983825683594,126.45500183105469,127.03675079345703,125.13424682617188,125.73999786376953,26256000
GOOG,2021-06-22,125.88956451416016,126.99949645996094,127.2699966430664,126.02649688720703,126.44999694824219,20984000
GOOG,2021-06-23,125.35627746582031,126.46150207519531,127.7959976196289,126.25199890136719,126.55000305175781,19694000
GOOG,2021-06-24,126.16959381103516,127.28199768066406,127.5354995727539,126.95999908447266,127.05349731445312,18934000
GOOG,2021-06-25,125.8851089477539,126.99500274658203,127.50499725341797,126.44400024414062,126.95700073242188,33484000
GOOG,2021-06-28,125.71114349365234,126.81950378417969,127.33699798583984,125.97380065917969,127.0,28110000
GOOG,2021-06-29,124.91714477539062,126.01850128173828,127.0,125.43699645996094,126.77249908447266,20950000
GOOG,2021-06-30,124.2208023071289,125.31600189208984,125.80000305175781,124.75749969482422,125.65354919433594,24006000
GOOG,2021-07-01,125.26407623291016,126.36849975585938,126.4625015258789,124.84974670410156,124.84974670410156,17120000
GOOG,2021-07-02,127.59403228759766,128.718994140625,128.84800720214844,126.76899719238281,126.8395004272461,21160000
GOOG,2021-07-06,128.6368408203125,129.77099609375,129.88450622558594,128.40899658203125,129.44949340820312,21350000
GOOG,2021-07-07,128.940673828125,130.07749938964844,130.639892578125,129.75999450683594,130.34100341796875,16680000
GOOG,2021-07-08,128.0480499267578,129.177001953125,130.03250122070312,128.0399932861328,128.25,19780000
GOOG,2021-07-09,128.44207763671875,129.57449340820312,129.84950256347656,128.94349670410156,128.9445037841797,15106000
GOOG,2021-07-12,129.42291259765625,130.56399536132812,130.77000427246094,129.60000610351562,129.83349609375,16944000
GOOG,2021-07-13,129.8496551513672,130.9945068359375,132.04200744628906,130.63699340820312,130.88150024414062,16618000
GOOG,2021-07-14,130.92816162109375,132.08250427246094,132.99600219726562,131.8979949951172,131.90150451660156,17912000
GOOG,2021-07-15,130.11924743652344,131.26649475097656,132.59500122070312,130.59800720214844,132.5,16586000
GOOG,2021-07-16,130.69322204589844,131.8455047607422,132.18299865722656,130.82150268554688,131.64100646972656,14856000
GOOG,2021-07-19,128.12435913085938,129.25399780273438,131.2469940185547,128.53700256347656,131.15550231933594,25710000
GOOG,2021-07-20,129.9557342529297,131.10150146484375,132.0013427734375,129.1884002685547,130.00399780273438,19084000
GOOG,2021-07-21,131.44161987304688,132.60049438476562,132.61724853515625,130.60150146484375,130.78700256347656,14742000
GOOG,2021-07-22,132.16323852539062,133.32850646972656,133.50450134277344,132.39999389648438,132.64999389648438,13608000
GOOG,2021-07-23,136.6115264892578,137.8159942626953,138.80850219726562,134.70050048828125,135.25999450683594,26378000
GOOG,2021-07-26,138.42405700683594,139.64450073242188,139.71299743652344,137.6510009765625,138.25,23052000
GOOG,2021-07-27,135.60093688964844,136.79649353027344,140.01100158691406,135.10000610351562,140.01100158691406,42164000
GOOG,2021-07-28,135.1895751953125,136.38150024414062,139.67599487304688,136.35000610351562,138.56199645996094,54688000
GOOG,2021-07-29,135.34718322753906,136.54049682617188,137.15150451660156,136.13800048828125,136.38059997558594,19284000
GOOG,2021-07-30,134.03921508789062,135.2209930419922,135.77134704589844,134.81419372558594,135.51100158691406,23954000
GOOG,2021-08-02,134.80101013183594,135.989501953125,136.02049255371094,134.66949462890625,135.4844970703125,20140000
GOOG,2021-08-03,135.08895874023438,136.27999877929688,136.3354949951172,134.18350219726562,136.0,19064000
GOOG,2021-08-04,134.83969116210938,136.02850341796875,136.53799438476562,135.4149932861328,136.24949645996094,16528000
GOOG,2021-08-05,135.7432098388672,136.94000244140625,136.9499969482422,135.60000610351562,136.02850341796875,11866000
GOOG,2021-08-06,135.83836364746094,137.03599548339844,137.08004760742188,136.04649353027344,136.2949981689453,13560000
GOOG,2021-08-09,136.7958984375,138.0019989013672,138.32150268554688,136.4287567138672,136.94900512695312,12374000
GOOG,2021-08-10,136.8895721435547,138.09649658203125,138.55149841308594,137.22650146484375,138.07949829101562,16034000
GOOG,2021-08-11,136.4861297607422,137.6894989013672,138.84774780273438,137.35000610351562,138.2830047607422,15204000
GOOG,2021-08-12,137.1800079345703,138.38949584960938,138.41799926757812,136.7790069580078,137.71299743652344,14646000
GOOG,2021-08-13,137.1963653564453,138.406005859375,138.6739959716797,138.0050048828125,138.3574981689453,12580000
GOOG,2021-08-16,137.70193481445312,138.91600036621094,138.99049377441406,136.16575622558594,138.0,18040000
GOOG,2021-08-17,136.1005401611328,137.30050659179688,138.718505859375,136.78750610351562,138.1909942626953,21272000
GOOG,2021-08-18,135.37643432617188,136.57000732421875,138.29400634765625,136.42100524902344,137.11549377441406,14934000
GOOG,2021-08-19,135.7169189453125,136.9134979248047,137.45199584960938,135.3560028076172,135.46749877929688,18296000
GOOG,2021-08-20,137.22711181640625,138.43699645996094,138.614501953125,136.4669952392578,137.08299255371094,15564000
GOOG,2021-08-23,139.8663330078125,141.09950256347656,142.177001953125,138.74795532226562,138.99850463867188,21090000
GOOG,2021-08-24,141.15399169921875,142.39849853515625,143.00750732421875,141.35350036621094,141.5435028076172,15126000
GOOG,2021-08-25,141.70068359375,142.9499969482422,143.31300354003906,142.4394989013672,142.88299560546875,12838000
GOOG,2021-08-26,140.8809051513672,142.1230010986328,143.13479614257812,142.0915069580078,142.61849975585938,14922000
GOOG,2021-08-27,143.2871856689453,144.55050659179688,145.01100158691406,142.02000427246094,142.1125030517578,24562000
GOOG,2021-08-30,144.19815063476562,145.46949768066406,146.489501953125,144.60000610351562,144.70449829101562,16916000
GOOG,2021-08-31,144.1907196044922,145.46200561523438,146.11199951171875,145.0,145.88450622558594,26756000
GOOG,2021-09-01,144.56739807128906,145.8419952392578,146.82049560546875,145.614501953125,145.64999389648438,15824000
GOOG,2021-09-02,142.95858764648438,144.218994140625,146.3249969482422,144.10650634765625,145.94949340820312,21844000
GOOG,2021-09-03,143.5096893310547,144.77499389648438,145.3769989013672,143.5050048828125,144.14599609375,19104000
GOOG,2021-09-07,144.24722290039062,145.5189971923828,145.82400512695312,144.54100036621094,144.74949645996094,15170000
GOOG,2021-09-08,143.6172637939453,144.8834991455078,145.55099487304688,144.1999969482422,145.39349365234375,15486000
GOOG,2021-09-09,143.6470184326172,144.9134979248047,145.66949462890625,144.4340057373047,144.8834991455078,14798000
GOOG,2021-09-10,140.68064880371094,141.92100524902344,146.0189971923828,141.7415008544922,145.44349670410156,32896000
GOOG,2021-09-13,142.21116638183594,143.46499633789062,144.1909942626953,142.28250122070312,143.2010040283203,20176000
GOOG,2021-09-14,142.15269470214844,143.406005859375,144.7274932861328,142.90550231933594,144.16099548339844,18916000
GOOG,2021-09-15,143.9369354248047,145.20599365234375,145.5814971923828,142.25599670410156,143.75900268554688,20648000
GOOG,2021-09-16,143.1117401123047,144.37350463867188,145.1999969482422,143.41635131835938,145.12100219726562,20292000
GOOG,2021-09-17,140.22715759277344,141.4635009765625,144.24949645996094,141.06149291992188,143.79849243164062,60040000
GOOG,2021-09-20,137.80203247070312,139.01699829101562,139.3625030517578,137.05299377441406,139.0001983642578,34918000
GOOG,2021-09-21,138.426025390625,139.64649963378906,140.8115997314453,138.90550231933594,140.11700439453125,18130000
GOOG,2021-09-22,139.7067413330078,140.93850708007812,141.58349609375,139.4717559814453,140.05050659179688,22068000
GOOG,2021-09-23,140.58697509765625,141.82650756835938,142.25245666503906,141.09649658203125,141.6094970703125,17272000
GOOG,2021-09-24,141.3864288330078,142.63299560546875,142.90350341796875,140.85049438476562,140.9459991455078,14950000
GOOG,2021-09-27,140.2643280029297,141.50100708007812,142.5,140.5,141.5854949951172,18844000
GOOG,2021-09-28,134.99380493164062,136.1840057373047,139.60650634765625,135.6999969482422,139.0885009765625,42190000
GOOG,2021-09-29,133.34535217285156,134.52099609375,137.39849853515625,134.25,137.1096954345703,26338000
GOOG,2021-09-30,132.10079956054688,133.2655029296875,135.58999633789062,133.0,134.3249969482422,35294000
GOOG,2021-10-01,135.26988220214844,136.46249389648438,137.0709991455078,133.37750244140625,133.55450439453125,28388000
GOOG,2021-10-04,132.59591674804688,133.76499938964844,135.6999969482422,131.16650390625,135.69949340820312,31530000
GOOG,2021-10-05,134.9868621826172,136.177001953125,137.36199951171875,134.0,134.0,24126000
GOOG,2021-10-06,136.15359497070312,137.35400390625,137.8520050048828,134.4864959716797,134.62550354003906,19764000
GOOG,2021-10-07,137.96908569335938,139.1855010986328,140.15444946289062,138.56300354003906,138.86300659179688,18250000
GOOG,2021-10-08,138.83197021484375,140.05599975585938,140.31700134277344,139.42935180664062,139.906005859375,18924000
GOOG,2021-10-11,137.63401794433594,138.84750366210938,140.76365661621094,138.80650329589844,139.8000030517578,16584000
GOOG,2021-10-12,135.51817321777344,136.71299743652344,139.69500732421875,136.25,139.6374969482422,22536000
GOOG,2021-10-13,136.69480895996094,137.89999389648438,138.5500030517578,136.97650146484375,137.75,16380000
GOOG,2021-10-14,140.1761016845703,141.41200256347656,141.65150451660156,139.33900451660156,139.95199584960938,21426000
GOOG,2021-10-15,140.4368133544922,141.6750030517578,142.1999969482422,141.0644989013672,142.1999969482422,21250000
GOOG,2021-10-18,141.71107482910156,142.9604949951172,142.99874877929688,141.2135009765625,141.2135009765625,16564000
GOOG,2021-10-19,142.56504821777344,143.82200622558594,144.10699462890625,143.0959930419922,143.29150390625,15316000
GOOG,2021-10-20,141.17031860351562,142.4149932861328,144.2477569580078,141.91200256347656,144.22250366210938,17940000
GOOG,2021-10-21,141.53265380859375,142.78050231933594,142.84950256347656,141.63699340820312,142.19200134277344,14850000
GOOG,2021-10-22,137.41346740722656,138.625,141.55850219726562,137.17050170898438,140.3509979248047,30182000
GOOG,2021-10-25,137.56016540527344,138.7729949951172,139.20579528808594,136.74850463867188,138.8105010986328,21082000
GOOG,2021-10-26,138.45130920410156,139.6719970703125,140.83949279785156,139.0054931640625,140.6060028076172,28258000
GOOG,2021-10-27,145.14776611328125,146.42750549316406,149.1179962158203,139.90249633789062,139.90249633789062,51850000
GOOG,2021-10-28,144.85186767578125,146.12899780273438,147.42449951171875,144.7635040283203,147.2989959716797,32418000
GOOG,2021-10-29,146.97467041015625,148.27049255371094,148.61300659179688,145.16650390625,145.52000427246094,28954000
GOOG,2021-11-01,142.5174560546875,143.7740020751953,148.39950561523438,143.57949829101562,148.1649932861328,32272000
GOOG,2021-11-02,144.58819580078125,145.86300659179688,146.92050170898438,144.64100646972656,144.8094024658203,21150000
GOOG,2021-11-03,145.50711059570312,146.7899932861328,146.91050720214844,145.05349731445312,146.27499389648438,17886000
GOOG,2021-11-04,147.38357543945312,148.68299865722656,149.9499969482422,146.63499450683594,147.1999969482422,24700000
GOOG,2021-11-05,147.93667602539062,149.24099731445312,150.5707550048828,148.65199279785156,149.35350036621094,20408000
GOOG,2021-11-08,148.04620361328125,149.35150146484375,151.0345001220703,149.1199951171875,150.0,18388000
GOOG,2021-11-09,147.94412231445312,149.24850463867188,150.3784942626953,147.5070037841797,149.74600219726562,16876000
GOOG,2021-11-10,145.34454345703125,146.62600708007812,148.6999969482422,145.3249969482422,148.00975036621094,22708000
GOOG,2021-11-11,145.46548461914062,146.7480010986328,148.5022430419922,146.6945037841797,147.10699462890625,12464000
GOOG,2021-11-12,148.3376007080078,149.64549255371094,149.8594970703125,146.45399475097656,147.8314971923828,17048000
GOOG,2021-11-15,148.0823974609375,149.38800048828125,150.4770050048828,148.65249633789062,150.0,16248000
GOOG,2021-11-16,147.77313232421875,149.0760040283203,149.83250427246094,148.35000610351562,149.17050170898438,17254000
GOOG,2021-11-17,147.75924682617188,149.06199645996094,149.62600708007812,148.56300354003906,149.22900390625,15290000
GOOG,2021-11-18,149.39186096191406,150.70899963378906,151.61000061035156,148.99850463867188,149.14599609375,26658000
GOOG,2021-11-19,148.64195251464844,149.95249938964844,151.85000610351562,149.8874969482422,151.0,19766000
GOOG,2021-11-22,145.79310607910156,147.07850646972656,150.7445068359375,147.0054931640625,150.14175415039062,24608000
GOOG,2021-11-23,145.4744110107422,146.7570037841797,147.69400024414062,144.88949584960938,147.11300659179688,18126000
GOOG,2021-11-24,145.43524169921875,146.71749877929688,147.0,145.19900512695312,146.35000610351562,16464000
GOOG,2021-11-26,141.55792236328125,142.80599975585938,145.2969970703125,142.48550415039062,145.0155029296875,16992000
GOOG,2021-11-29,144.83700561523438,146.11399841308594,146.86199951171875,144.29849243164062,144.29849243164062,26276000
GOOG,2021-11-30,141.20703125,142.45199584960938,146.6284942626953,142.0659942626953,145.45025634765625,41590000
GOOG,2021-12-01,140.38031005859375,141.6179962158203,146.4991455078125,141.5,144.21249389648438,28476000
GOOG,2021-12-02,142.5199432373047,143.77650451660156,144.6750030517578,140.98199462890625,141.82400512695312,21250000
GOOG,2021-12-03,141.27490234375,142.52049255371094,145.21299743652344,141.14999389648438,144.49549865722656,26688000
GOOG,2021-12-06,142.5397491455078,143.79649353027344,144.35150146484375,140.64700317382812,143.57400512695312,22198000
GOOG,2021-12-07,146.74270629882812,148.0364990234375,148.3000030517578,145.70249938964844,145.9499969482422,23258000
GOOG,2021-12-08,147.42074584960938,148.7205047607422,149.156494140625,147.1999969482422,148.3314971923828,18964000
GOOG,2021-12-09,146.8115997314453,148.1060028076172,149.60499572753906,147.5290069580078,148.17599487304688,18580000
GOOG,2021-12-10,147.37562561035156,148.6750030517578,149.39999389648438,147.3574981689453,149.10000610351562,21634000
GOOG,2021-12-13,145.42233276367188,146.70449829101562,148.5625,146.36000061035156,148.44400024414062,24104000
GOOG,2021-12-14,143.70352172851562,144.9705047607422,145.44200134277344,142.24249267578125,144.77000427246094,24778000
GOOG,2021-12-15,146.08055114746094,147.36849975585938,147.51724243164062,142.70550537109375,144.36599731445312,27280000
GOOG,2021-12-16,143.5726318359375,144.8385009765625,148.55149841308594,144.09249877929688,148.07699584960938,27400000
GOOG,2021-12-17,141.55494689941406,142.80299377441406,144.46009826660156,141.78799438476562,142.71449279785156,43404000
GOOG,2021-12-20,141.15696716308594,142.40150451660156,142.61050415039062,140.25,140.67959594726562,20264000
GOOG,2021-12-21,142.9600372314453,144.2205047607422,144.69204711914062,141.73500061035156,143.14999389648438,19548000
GOOG,2021-12-22,145.6647186279297,146.94900512695312,147.30299377441406,143.96299743652344,144.10000610351562,18438000
GOOG,2021-12-23,145.8565216064453,147.1425018310547,148.57260131835938,146.9508514404297,147.08949279785156,13818000
GOOG,2021-12-27,146.76995849609375,148.06399536132812,148.42649841308594,147.25,147.4635009765625,13256000
GOOG,2021-12-28,145.1680908203125,146.447998046875,148.37449645996094,145.9355010986328,148.37449645996094,18624000
GOOG,2021-12-29,145.22410583496094,146.50450134277344,147.18374633789062,145.50450134277344,146.42950439453125,17022000
GOOG,2021-12-30,144.72650146484375,146.00250244140625,147.0625,145.7584991455078,146.4499969482422,12978000
GOOG,2021-12-31,143.41506958007812,144.67950439453125,146.36500549316406,144.67750549316406,145.54400634765625,17298000
GOOG,2022-01-03,143.8065948486328,145.07449340820312,145.5500030517578,143.50250244140625,144.47549438476562,25214000
GOOG,2022-01-04,143.15435791015625,144.41650390625,146.61000061035156,143.81614685058594,145.55050659179688,22928000
GOOG,2022-01-05,136.45045471191406,137.65350341796875,144.29800415039062,137.52349853515625,144.18099975585938,49642000
GOOG,2022-01-06,136.34886169433594,137.55099487304688,139.68600463867188,136.7635040283203,137.49749755859375,29050000
GOOG,2022-01-07,135.80712890625,137.00450134277344,138.25474548339844,135.78900146484375,137.90499877929688,19408000
GOOG,2022-01-10,137.36293029785156,138.57400512695312,138.63999938964844,133.1405029296875,135.0989990234375,34096000
GOOG,2022-01-11,138.79380798339844,140.0175018310547,140.32949829101562,136.81350708007812,138.1804962158203,23502000
GOOG,2022-01-12,140.4100341796875,141.6479949951172,142.8142547607422,141.11199951171875,141.55450439453125,23642000
GOOG,2022-01-13,137.9150390625,139.13099670410156,143.1855010986328,138.91400146484375,141.8404998779297,26566000
GOOG,2022-01-14,138.56480407714844,139.7864990234375,141.20050048828125,137.5,137.5,23826000
GOOG,2022-01-18,135.09934997558594,136.29049682617188,137.39149475097656,135.61700439453125,136.60000610351562,27382000
GOOG,2022-01-19,134.46644592285156,135.65199279785156,138.39950561523438,135.5,136.93850708007812,20796000
GOOG,2022-01-20,132.33969116210938,133.50650024414062,137.91200256347656,133.14450073242188,136.51400756835938,21930000
GOOG,2022-01-21,128.9550323486328,130.0919952392578,134.760498046875,130.00100708007812,133.01199340820312,41920000
GOOG,2022-01-24,129.23257446289062,130.3719940185547,130.77850341796875,124.64195251464844,126.02749633789062,55148000
GOOG,2022-01-25,125.62787628173828,126.7354965209961,129.3385009765625,126.37799835205078,128.4355010986328,36008000
GOOG,2022-01-26,128.11048889160156,129.24000549316406,132.8074951171875,127.15350341796875,130.59249877929688,39630000
GOOG,2022-01-27,127.9925308227539,129.12100219726562,132.60995483398438,128.94500732421875,131.36099243164062,30248000
GOOG,2022-01-28,132.12460327148438,133.2895050048828,133.37049865722656,128.6945037841797,130.0,30518000
GOOG,2022-01-31,134.5125274658203,135.69850158691406,135.843505859375,132.2740020751953,134.197998046875,34056000
GOOG,2022-02-01,136.67347717285156,137.8784942626953,138.1999969482422,134.56825256347656,137.8350067138672,51204000
GOOG,2022-02-02,146.74270629882812,148.0364990234375,152.10000610351562,145.5574951171875,151.86349487304688,89750000
GOOG,2022-02-03,141.40377807617188,142.65049743652344,149.11770629882812,142.2050018310547,145.2949981689453,56930000
GOOG,2022-02-04,141.76611328125,143.01600646972656,144.53524780273438,139.8175048828125,143.01699829101562,49224000
GOOG,2022-02-07,137.72373962402344,138.93800354003906,143.84649658203125,138.69900512695312,143.70899963378906,44610000
GOOG,2022-02-08,137.996337890625,139.21299743652344,139.83709716796875,136.8730010986328,138.9912567138672,34256000
GOOG,2022-02-09,140.2167510986328,141.4530029296875,142.17550659179688,140.3769989013672,140.84974670410156,28628000
GOOG,2022-02-10,137.39117431640625,138.6024932861328,141.43099975585938,138.0500030517578,139.5,33018000
GOOG,2022-02-11,132.95777893066406,134.1300048828125,139.2832489013672,133.2884979248047,138.75,38808000
GOOG,2022-02-14,134.11753845214844,135.3000030517578,136.16650390625,133.302001953125,133.36549377441406,26792000
GOOG,2022-02-15,135.23318481445312,136.42550659179688,137.89999389648438,135.5395050048828,137.47149658203125,26578000
GOOG,2022-02-16,136.285888671875,137.4875030517578,137.9459991455078,134.8236541748047,136.4304962158203,25610000
GOOG,2022-02-17,131.15216064453125,132.30850219726562,136.83949279785156,132.20199584960938,136.14999389648438,30968000
GOOG,2022-02-18,129.3272705078125,130.46749877929688,133.82400512695312,130.3070526123047,133.03750610351562,31858000
GOOG,2022-02-22,128.27154541015625,129.40249633789062,131.9007568359375,127.74099731445312,129.98500061035156,38906000
GOOG,2022-02-23,126.4699478149414,127.58499908447266,131.74899291992188,127.50350189208984,131.07850646972656,26432000
GOOG,2022-02-24,131.51397705078125,132.67349243164062,133.03700256347656,124.7645034790039,125.0,43166000
GOOG,2022-02-25,133.34385681152344,134.51950073242188,135.38900756835938,131.76499938964844,133.52549743652344,26236000
GOOG,2022-02-28,133.71209716796875,134.89100646972656,135.6405029296875,132.82525634765625,133.2845001220703,29676000
GOOG,2022-03-01,132.99542236328125,134.16799926757812,136.11099243164062,133.3784942626953,134.47999572753906,24640000
GOOG,2022-03-02,133.57382202148438,134.75149536132812,135.61549377441406,133.4324951171875,134.60824584960938,23966000
GOOG,2022-03-03,133.13418579101562,134.30799865722656,136.71380615234375,133.43099975585938,135.97850036621094,19780000
GOOG,2022-03-04,130.96731567382812,132.1219940185547,134.19900512695312,130.4084930419922,133.38250732421875,24446000
GOOG,2022-03-07,125.35924530029297,126.4645004272461,131.9040069580078,126.41000366210938,131.9040069580078,39178000
GOOG,2022-03-08,126.16613006591797,127.27850341796875,131.2465057373047,125.86074829101562,126.25050354003906,35250000
GOOG,2022-03-09,132.696044921875,133.86599731445312,134.19850158691406,130.08799743652344,131.39999389648438,32258000
GOOG,2022-03-10,131.52239990234375,132.6820068359375,133.5384979248047,131.4010009765625,131.46249389648438,24266000
GOOG,2022-03-11,129.33517456054688,130.47549438476562,134.1999969482422,130.29649353027344,133.99949645996094,26600000
GOOG,2022-03-14,125.63331604003906,126.74099731445312,131.0260009765625,126.41300201416016,130.572998046875,30254000
GOOG,2022-03-15,128.52731323242188,129.66050720214844,130.51724243164062,126.56800079345703,127.74150085449219,30292000
GOOG,2022-03-16,132.52207946777344,133.6905059814453,133.77099609375,129.2010040283203,131.0,32058000
GOOG,2022-03-17,133.4241485595703,134.60049438476562,134.739501953125,132.718994140625,133.3209991455078,23994000
GOOG,2022-03-18,135.60589599609375,136.80149841308594,136.9134979248047,132.9320068359375,133.88400268554688,45900000
GOOG,2022-03-21,135.2857208251953,136.47850036621094,137.58250427246094,134.6114959716797,136.84750366210938,26632000
GOOG,2022-03-22,139.05148315429688,140.27749633789062,141.5,136.5,136.5,29776000
GOOG,2022-03-23,137.2930145263672,138.5034942626953,140.02499389648438,138.16650390625,139.1385040283203,25302000
GOOG,2022-03-24,140.07696533203125,141.31199645996094,141.39649963378906,138.03939819335938,139.2725067138672,20544000
GOOG,2022-03-25,140.28465270996094,141.52149963378906,141.95950317382812,139.69949340820312,141.75399780273438,19270000
GOOG,2022-03-28,140.70941162109375,141.9499969482422,141.97650146484375,139.82815551757812,140.6844940185547,23774000
GOOG,2022-03-29,141.998046875,143.25,144.16250610351562,142.48399353027344,143.16050720214844,28678000
GOOG,2022-03-30,141.39784240722656,142.64450073242188,143.48049926757812,142.16799926757812,142.8699951171875,21046000
GOOG,2022-03-31,138.42901611328125,139.64950561523438,142.64450073242188,139.61900329589844,142.44850158691406,29516000
GOOG,2022-04-01,139.4703369140625,140.6999969482422,140.9499969482422,138.7969970703125,140.00999450683594,23480000
GOOG,2022-04-04,142.38710021972656,143.6425018310547,144.0437469482422,140.82449340820312,140.82449340820312,19076000
GOOG,2022-04-05,139.8301544189453,141.06300354003906,143.58999633789062,140.94349670410156,143.39950561523438,19256000
GOOG,2022-04-06,135.97714233398438,137.17599487304688,139.84849548339844,136.41810607910156,139.1614990234375,23574000
GOOG,2022-04-07,135.27232360839844,136.46499633789062,137.70150756835938,134.8572540283203,136.6179962158203,19448000
GOOG,2022-04-08,132.8393096923828,134.010498046875,136.25,133.75250244140625,136.25,16434000
GOOG,2022-04-11,128.66212463378906,129.79649353027344,132.93919372558594,129.61749267578125,132.89999389648438,24188000
GOOG,2022-04-12,127.25254821777344,128.37449645996094,132.42349243164062,127.57599639892578,132.42349243164062,23004000
GOOG,2022-04-13,129.14735412597656,130.28599548339844,130.65574645996094,128.4385986328125,128.62649536132812,19542000
GOOG,2022-04-14,126.14086151123047,127.25299835205078,130.7102508544922,127.11150360107422,130.64950561523438,23484000
GOOG,2022-04-18,126.84266662597656,127.96099853515625,128.71200561523438,126.57845306396484,127.41000366210938,14918000
GOOG,2022-04-19,129.39019775390625,130.531005859375,130.90374755859375,127.45149993896484,128.07699584960938,22720000
GOOG,2022-04-20,127.12467956542969,128.24549865722656,131.92349243164062,127.89405059814453,131.28399658203125,22610000
GOOG,2022-04-21,123.84558868408203,124.9375,130.3074951171875,124.6500015258789,129.35000610351562,30158000
GOOG,2022-04-22,118.56861877441406,119.61399841308594,125.4520034790039,119.1405029296875,125.0,46410000
GOOG,2022-04-25,122.1728286743164,123.25,123.27799987792969,118.76924896240234,119.42949676513672,34522000
GOOG,2022-04-26,118.46155548095703,119.50599670410156,122.75,119.16184997558594,122.75,49394000
GOOG,2022-04-27,114.0152587890625,115.02050018310547,117.5,113.12425231933594,114.37300109863281,62238000
GOOG,2022-04-28,118.36788940429688,119.4114990234375,120.4384994506836,115.1438980102539,117.11499786376953,36790000
GOOG,2022-04-29,113.96173095703125,114.96649932861328,118.95999908447266,114.69400024414062,117.5780029296875,33694000
GOOG,2022-05-02,116.13309478759766,117.15699768066406,117.3395004272461,113.39949798583984,113.90650177001953,30280000
GOOG,2022-05-03,117.09708404541016,118.12950134277344,119.30000305175781,116.62699890136719,116.76499938964844,21216000
GOOG,2022-05-04,121.50373077392578,122.57499694824219,123.14299774169922,115.7385025024414,118.00350189208984,33232000
GOOG,2022-05-05,115.72615814208984,116.74649810791016,121.2332534790039,115.18250274658203,120.22049713134766,43090000
GOOG,2022-05-06,114.64917755126953,115.66000366210938,117.49849700927734,114.14299774169922,115.51899719238281,35310000
GOOG,2022-05-09,112.0956802368164,113.08399963378906,115.56289672851562,112.55149841308594,113.30349731445312,34520000
GOOG,2022-05-10,113.58307647705078,114.58450317382812,116.69100189208984,113.38330078125,116.04049682617188,31158000
GOOG,2022-05-11,112.96501922607422,113.96099853515625,116.6709976196289,113.6500015258789,113.71050262451172,36502000
GOOG,2022-05-12,112.17201232910156,113.16100311279297,114.85649871826172,110.1135025024414,111.93800354003906,41464000
GOOG,2022-05-13,115.49720764160156,116.5155029296875,118.08499908447266,114.0,114.84549713134766,29738000
GOOG,2022-05-16,113.78926086425781,114.7925033569336,116.60749816894531,114.33499908447266,115.38400268554688,23282000
GOOG,2022-05-17,115.68157196044922,116.70149993896484,117.22750091552734,115.3375015258789,117.22750091552734,21576000
GOOG,2022-05-18,111.41864776611328,112.4010009765625,115.69564819335938,112.14199829101562,115.23750305175781,27982000
GOOG,2022-05-19,109.7776107788086,110.74549865722656,113.5875015258789,110.46800231933594,111.84100341796875,29192000
GOOG,2022-05-20,108.35765075683594,109.31300354003906,112.55000305175781,106.37300109863281,112.08550262451172,37586000
GOOG,2022-05-23,110.69058227539062,111.66649627685547,112.00550079345703,109.15425109863281,110.10399627685547,31558000
GOOG,2022-05-24,105.00025177001953,105.9260025024414,106.3949966430664,102.20800018310547,106.37750244140625,60386000
GOOG,2022-05-25,104.91451263427734,105.8395004272461,106.5447006225586,104.21125030517578,105.14199829101562,37900000
GOOG,2022-05-26,107.34951782226562,108.2959976196289,108.95525360107422,105.48799896240234,106.05049896240234,30288000
GOOG,2022-05-27,111.81318664550781,112.79900360107422,112.86799621582031,109.55000305175781,109.78849792480469,29924000
GOOG,2022-05-31,113.04234313964844,114.03900146484375,116.43350219726562,112.57250213623047,113.0790023803711,51302000
GOOG,2022-06-01,113.13948822021484,114.13700103759766,117.39900207519531,113.55049896240234,114.93150329589844,28630000
GOOG,2022-06-02,116.7169418334961,117.74600219726562,117.89800262451172,113.30799865722656,114.18800354003906,27472000
GOOG,2022-06-03,113.56275939941406,114.56400299072266,116.364501953125,113.66799926757812,115.99250030517578,25052000
GOOG,2022-06-06,115.98786926269531,117.010498046875,119.39849853515625,116.5282974243164,116.74250030517578,23786000
GOOG,2022-06-07,116.2049560546875,117.22949981689453,117.74864959716797,115.12550354003906,115.64800262451172,26414000
GOOG,2022-06-08,116.21336364746094,117.23799896240234,118.64600372314453,116.69674682617188,116.87650299072266,22544000
GOOG,2022-06-09,113.91365051269531,114.91799926757812,118.3499984741211,114.86699676513672,116.34149932861328,23142000
GOOG,2022-06-10,110.45366668701172,111.42749786376953,113.49700164794922,110.86100006103516,112.78125,31324000
GOOG,2022-06-13,105.94243621826172,106.87650299072266,109.21849822998047,106.58805084228516,107.44599914550781,36756000
GOOG,2022-06-14,106.25714874267578,107.19400024414062,108.4574966430664,106.35199737548828,106.88999938964844,25480000
GOOG,2022-06-15,109.42572784423828,110.3905029296875,112.06300354003906,108.1187515258789,108.89949798583984,33192000
GOOG,2022-06-16,105.70404052734375,106.63600158691406,109.29049682617188,105.7925033569336,108.14949798583984,35314000
GOOG,2022-06-17,106.92280578613281,107.8655014038086,109.24949645996094,105.62854766845703,106.53500366210938,43516000
GOOG,2022-06-21,111.0360336303711,112.01499938964844,112.6729965209961,109.29350280761719,109.7020034790039,39010000
GOOG,2022-06-22,111.05485534667969,112.03399658203125,113.76950073242188,110.72429656982422,111.16300201416016,23922000
GOOG,2022-06-23,111.69967651367188,112.68450164794922,113.19650268554688,111.02899932861328,112.94999694824219,24710000
GOOG,2022-06-24,117.50201416015625,118.53800201416016,118.63749694824219,113.60299682617188,113.60299682617188,39122000
GOOG,2022-06-27,115.60325622558594,116.62249755859375,119.25,116.00074768066406,118.93499755859375,32840000
GOOG,2022-06-28,111.5876693725586,112.57150268554688,117.85649871826172,112.44400024414062,116.35099792480469,28232000
GOOG,2022-06-29,111.27542114257812,112.25650024414062,113.66449737548828,111.55400085449219,112.14849853515625,18628000
GOOG,2022-06-30,108.41661834716797,109.37249755859375,111.32980346679688,107.30999755859375,110.49949645996094,38046000
GOOG,2022-07-01,108.1276626586914,109.08100128173828,109.80635070800781,107.1050033569336,108.33699798583984,31028000
GOOG,2022-07-05,112.89167022705078,113.88700103759766,114.05259704589844,106.24949645996094,107.5145034790039,36398000
GOOG,2022-07-06,114.20657348632812,115.2135009765625,116.35199737548828,112.25050354003906,114.09200286865234,28852000
GOOG,2022-07-07,118.2633056640625,119.30599975585938,119.86199951171875,115.53399658203125,116.00800323486328,32184000
GOOG,2022-07-08,119.11827087402344,120.16850280761719,120.43499755859375,117.51399993896484,117.55000305175781,29082000
GOOG,2022-07-11,115.50413513183594,116.52249908447266,118.79450225830078,116.2344970703125,118.6500015258789,26718000
GOOG,2022-07-12,113.84575653076172,114.84950256347656,117.84950256347656,114.61499786376953,116.8385009765625,24970000
GOOG,2022-07-13,111.20652770996094,112.18699645996094,115.15699768066406,111.822998046875,112.63899993896484,38958000
GOOG,2022-07-14,110.46607208251953,111.44000244140625,111.98750305175781,109.32550048828125,110.82599639892578,32366000
GOOG,2022-07-15,111.78145599365234,112.76699829101562,114.00050354003906,111.82250213623047,112.96299743652344,34330000
GOOG,2022-07-18,108.94943237304688,109.91000366210938,114.80000305175781,109.30000305175781,113.44000244140625,33354000
GOOG,2022-07-19,113.61825561523438,114.62000274658203,114.80999755859375,110.5,111.7300033569336,30992300
GOOG,2022-07-20,113.69755554199219,114.69999694824219,116.33000183105469,113.26000213623047,114.05999755859375,26780100
GOOG,2022-07-21,114.03458404541016,115.04000091552734,115.20999908447266,111.91000366210938,115.08999633789062,27267800
GOOG,2022-07-22,107.4129638671875,108.36000061035156,113.18000030517578,107.5999984741211,111.80999755859375,44455300
GOOG,2022-07-25,107.2642822265625,108.20999908447266,110.58000183105469,107.01000213623047,108.87999725341797,28289900
GOOG,2022-07-26,104.51848602294922,105.44000244140625,107.73999786376953,104.76000213623047,107.43000030517578,36626600
GOOG,2022-07-27,112.60717010498047,113.5999984741211,114.4000015258789,108.41999816894531,109.5999984741211,41474600
GOOG,2022-07-28,113.5885238647461,114.58999633789062,114.69999694824219,111.85099792480469,112.80000305175781,23303800
GOOG,2022-07-29,115.62059783935547,116.63999938964844,116.9000015258789,113.2300033569336,113.4000015258789,31336200
GOOG,2022-08-01,114.47074890136719,115.4800033569336,117.12000274658203,114.69000244140625,115.52999877929688,22856200
GOOG,2022-08-02,114.88706970214844,115.9000015258789,117.08000183105469,114.26000213623047,114.43000030517578,17911000
GOOG,2022-08-03,117.74188995361328,118.77999877929688,119.41999816894531,116.1500015258789,116.33999633789062,25302800
GOOG,2022-08-04,117.83110809326172,118.87000274658203,119.5,117.70999908447266,118.30000305175781,15757700
GOOG,2022-08-05,117.18680572509766,118.22000122070312,118.86000061035156,116.70999908447266,116.93000030517578,15615700
GOOG,2022-08-08,117.10749816894531,118.13999938964844,120.86000061035156,117.83000183105469,119.12000274658203,17061100
GOOG,2022-08-09,116.47309875488281,117.5,118.19999694824219,116.55999755859375,117.98999786376953,15424300
GOOG,2022-08-10,119.59557342529297,120.6500015258789,121.77999877929688,119.36000061035156,119.58999633789062,20497000
GOOG,2022-08-11,118.77281188964844,119.81999969482422,122.33999633789062,119.55000305175781,122.08000183105469,16671600
GOOG,2022-08-12,121.57807922363281,122.6500015258789,122.6500015258789,120.4000015258789,121.16000366210938,16121100
GOOG,2022-08-15,121.80606079101562,122.87999725341797,123.26000213623047,121.56999969482422,122.20999908447266,15525000
GOOG,2022-08-16,121.4393081665039,122.51000213623047,123.22799682617188,121.53500366210938,122.31999969482422,15626200
GOOG,2022-08-17,119.2684555053711,120.31999969482422,122.1500015258789,120.19999694824219,120.93000030517578,17589200
GOOG,2022-08-18,119.8037338256836,120.86000061035156,121.69000244140625,119.55000305175781,120.2300033569336,15652000
GOOG,2022-08-19,117.0876693725586,118.12000274658203,120.0,117.66999816894531,119.87000274658203,20187000
GOOG,2022-08-22,114.0643310546875,115.06999969482422,116.5,114.66999816894531,116.0999984741211,19316000
GOOG,2022-08-23,113.76695251464844,114.7699966430664,115.93000030517578,114.30000305175781,114.31999969482422,14390700
GOOG,2022-08-24,113.69755554199219,114.69999694824219,115.71700286865234,113.77999877929688,114.44999694824219,16051200
GOOG,2022-08-25,116.67134094238281,117.69999694824219,117.77999877929688,115.05000305175781,115.1500015258789,14874700
GOOG,2022-08-26,110.32727813720703,111.30000305175781,116.5999984741211,111.22000122070312,115.80999755859375,31698700
GOOG,2022-08-29,109.37567138671875,110.33999633789062,111.95999908447266,109.80999755859375,110.77999877929688,20386100
GOOG,2022-08-30,108.94943237304688,109.91000366210938,111.37000274658203,108.80000305175781,111.02999877929688,20548200
GOOG,2022-08-31,108.1960678100586,109.1500015258789,111.7699966430664,109.05000305175781,111.62999725341797,25898000
GOOG,2022-09-01,109.58383178710938,110.55000305175781,111.22000122070312,108.19000244140625,109.19999694824219,22784400
GOOG,2022-09-02,107.73017883300781,108.68000030517578,111.67500305175781,108.12999725341797,111.33999633789062,20618100
GOOG,2022-09-06,106.5406723022461,107.4800033569336,108.87999725341797,106.51000213623047,108.13500213623047,20565100
GOOG,2022-09-07,109.51445007324219,110.4800033569336,110.98999786376953,107.61499786376953,107.76000213623047,22987200
GOOG,2022-09-08,108.46369934082031,109.41999816894531,110.58000183105469,108.05999755859375,109.18000030517578,21660700
GOOG,2022-09-09,110.80307006835938,111.77999877929688,112.0,110.0,110.05000305175781,21732900
GOOG,2022-09-12,110.89230346679688,111.87000274658203,112.63999938964844,110.93000030517578,111.98999786376953,19732900
GOOG,2022-09-13,104.3896255493164,105.30999755859375,109.37000274658203,105.0,108.88999938964844,33015000
GOOG,2022-09-14,104.94473266601562,105.87000274658203,106.0999984741211,104.5,105.44000244140625,22115800
GOOG,2022-09-15,102.99195861816406,103.9000015258789,106.20999908447266,103.30999755859375,105.01000213623047,26494900
GOOG,2022-09-16,102.72430419921875,103.62999725341797,104.02999877929688,101.8550033569336,102.97000122070312,64540100
GOOG,2022-09-19,102.94239044189453,103.8499984741211,104.0199966430664,102.37000274658203,102.54000091552734,19738600
GOOG,2022-09-20,100.9400405883789,101.83000183105469,103.16999816894531,101.12000274658203,102.87999725341797,24001700
GOOG,2022-09-21,99.13594055175781,100.01000213623047,103.48999786376953,99.98999786376953,102.23999786376953,26596800
GOOG,2022-09-22,99.6910629272461,100.56999969482422,101.68000030517578,99.41000366210938,99.44999694824219,21272700
GOOG,2022-09-23,98.30328369140625,99.16999816894531,100.11000061035156,98.01000213623047,100.05999755859375,25657000
GOOG,2022-09-26,97.94644165039062,98.80999755859375,100.44000244140625,98.37999725341797,98.61000061035156,22437900
GOOG,2022-09-27,97.23271942138672,98.08999633789062,100.45999908447266,97.33999633789062,99.91000366210938,24225000
GOOG,2022-09-28,99.85956573486328,100.73999786376953,101.4000015258789,97.80000305175781,98.0199966430664,24617000
GOOG,2022-09-29,97.23271942138672,98.08999633789062,99.30000305175781,96.5199966430664,99.30000305175781,21921500
GOOG,2022-09-30,95.30968475341797,96.1500015258789,99.49400329589844,96.02999877929688,97.7300033569336,26277800
GOOG,2022-10-03,98.4321517944336,99.30000305175781,99.97000122070312,97.0199966430664,97.22000122070312,24840000
GOOG,2022-10-04,101.51498413085938,102.41000366210938,102.72000122070312,101.04000091552734,101.04000091552734,22580900
GOOG,2022-10-05,101.3266372680664,102.22000122070312,102.73999786376953,99.73999786376953,100.69000244140625,18475500
GOOG,2022-10-06,101.3464584350586,102.23999786376953,103.7300033569336,101.5,101.5,17156200
GOOG,2022-10-07,98.69979095458984,99.56999969482422,101.41999816894531,99.20999908447266,100.6500015258789,24249900
GOOG,2022-10-10,97.84729766845703,98.70999908447266,99.98999786376953,97.87000274658203,99.8499984741211,16529900
GOOG,2022-10-11,97.19308471679688,98.05000305175781,100.12000274658203,97.25,98.25,21617700
GOOG,2022-10-12,97.4408950805664,98.30000305175781,99.64800262451172,97.66999816894531,98.2699966430664,17343400
GOOG,2022-10-13,98.83856201171875,99.70999908447266,100.52999877929688,95.2699966430664,95.93000030517578,32812200
GOOG,2022-10-14,96.33067321777344,97.18000030517578,101.29000091552734,97.02999877929688,100.625,22624800
GOOG,2022-10-17,99.89922332763672,100.77999877929688,101.7699966430664,99.51000213623047,99.5199966430664,23311600
GOOG,2022-10-18,100.50386810302734,101.38999938964844,104.22000122070312,100.6500015258789,103.94000244140625,21610500
GOOG,2022-10-19,99.41351318359375,100.29000091552734,101.65899658203125,99.63500213623047,100.69999694824219,21573700
GOOG,2022-10-20,99.65140533447266,100.52999877929688,103.0,99.97000122070312,100.81999969482422,25125100
GOOG,2022-10-21,100.59310150146484,101.4800033569336,101.62000274658203,98.2300033569336,98.45999908447266,28988700
GOOG,2022-10-24,102.07008361816406,102.97000122070312,103.0999984741211,100.30000305175781,102.08999633789062,24680800
GOOG,2022-10-25,104.01295471191406,104.93000030517578,105.0999984741211,103.0199966430664,103.30000305175781,29910200
GOOG,2022-10-26,93.99129486083984,94.81999969482422,98.54000091552734,94.56999969482422,96.76000213623047,71504300
GOOG,2022-10-27,91.79069519042969,92.5999984741211,95.16999816894531,91.9000015258789,94.30999755859375,54036500
GOOG,2022-10-28,95.73593139648438,96.58000183105469,96.86000061035156,92.322998046875,92.52999877929688,35696900
GOOG,2022-10-31,93.83271026611328,94.66000366210938,96.3499984741211,94.37999725341797,95.77999877929688,29868700
GOOG,2022-11-01,89.70906829833984,90.5,96.16500091552734,90.43000030517578,95.58999633789062,43220600
GOOG,2022-11-02,86.30904388427734,87.06999969482422,91.30000305175781,87.01000213623047,90.91000366210938,43553600
GOOG,2022-11-03,82.76032257080078,83.48999786376953,86.55000305175781,83.44999694824219,86.34500122070312,48510400
GOOG,2022-11-04,85.94226837158203,86.69999694824219,86.7300033569336,83.87999725341797,85.51000213623047,40173300
GOOG,2022-11-07,87.87523651123047,88.6500015258789,88.94000244140625,86.95999908447266,87.33999633789062,26899900
GOOG,2022-11-08,88.13296508789062,88.91000366210938,90.40499877929688,87.6500015258789,89.16000366210938,30172000
GOOG,2022-11-09,86.63616180419922,87.4000015258789,89.48999786376953,87.36000061035156,88.54499816894531,26743900
GOOG,2022-11-10,93.34698486328125,94.16999816894531,94.55000305175781,91.6500015258789,92.33999633789062,42371200
GOOG,2022-11-11,95.88461303710938,96.7300033569336,97.36000061035156,94.16000366210938,94.70999908447266,30569100
GOOG,2022-11-14,95.19073486328125,96.02999877929688,97.18000030517578,95.11299896240234,95.5,24170100
GOOG,2022-11-15,97.85722351074219,98.72000122070312,100.41999816894531,97.0199966430664,98.66999816894531,31831000
GOOG,2022-11-16,98.1248550415039,98.98999786376953,99.8499984741211,97.9020004272461,98.0199966430664,24660200
GOOG,2022-11-17,97.63914489746094,98.5,99.4800033569336,97.0999984741211,97.18000030517578,21818700
GOOG,2022-11-18,96.94526672363281,97.80000305175781,99.16000366210938,96.73999786376953,99.01000213623047,24969900
GOOG,2022-11-21,94.99247741699219,95.83000183105469,98.72000122070312,95.66999816894531,97.55999755859375,18696900
GOOG,2022-11-22,96.47937774658203,97.33000183105469,97.5479965209961,94.41000366210938,96.16000366210938,18868900
GOOG,2022-11-23,97.95633697509766,98.81999969482422,99.06900024414062,97.33999633789062,97.33999633789062,17568900
GOOG,2022-11-25,96.74700927734375,97.5999984741211,98.94000244140625,97.52999877929688,98.46499633789062,8567800
GOOG,2022-11-28,95.40879821777344,96.25,97.83000183105469,95.88999938964844,97.19999694824219,19974500
GOOG,2022-11-29,94.60588836669922,95.44000244140625,96.38999938964844,94.38999938964844,96.0,20220000
GOOG,2022-11-30,100.56336975097656,101.44999694824219,101.44999694824219,94.66999816894531,95.12000274658203,39888100
GOOG,2022-12-01,100.39484405517578,101.27999877929688,102.58999633789062,100.66999816894531,101.4000015258789,21771500
GOOG,2022-12-02,99.94879150390625,100.83000183105469,101.1500015258789,99.16999816894531,99.37000274658203,18821500
GOOG,2022-12-05,98.99717712402344,99.87000274658203,101.75,99.3550033569336,99.81500244140625,19955500
GOOG,2022-12-06,96.45954132080078,97.30999755859375,100.20999908447266,96.76000213623047,99.66999816894531,20877600
GOOG,2022-12-07,94.31842803955078,95.1500015258789,97.30999755859375,95.0250015258789,96.7699966430664,26647900
GOOG,2022-12-08,93.12889862060547,93.94999694824219,95.87000274658203,93.80000305175781,95.69000244140625,25593200
GOOG,2022-12-09,92.25659942626953,93.06999969482422,94.48999786376953,93.0199966430664,93.9000015258789,21885300
GOOG,2022-12-12,92.74230194091797,93.55999755859375,93.875,91.9000015258789,93.08999633789062,27380900
GOOG,2022-12-13,95.0123062133789,95.8499984741211,99.80000305175781,95.37999725341797,98.06999969482422,34788500
GOOG,2022-12-14,94.47700500488281,95.30999755859375,97.22000122070312,93.94000244140625,95.54000091552734,26452900
GOOG,2022-12-15,90.40293884277344,91.19999694824219,94.02999877929688,90.43000030517578,93.54000091552734,28298800
GOOG,2022-12-16,90.06591033935547,90.86000061035156,91.75,90.01000213623047,91.19999694824219,48485500
GOOG,2022-12-19,88.370849609375,89.1500015258789,91.19999694824219,88.92500305175781,90.87999725341797,23020500
GOOG,2022-12-20,88.8466567993164,89.62999725341797,89.77999877929688,88.04000091552734,88.7300033569336,21976800
GOOG,2022-12-21,89.46125793457031,90.25,90.91500091552734,88.91000366210938,89.7300033569336,20336400
GOOG,2022-12-22,87.4886474609375,88.26000213623047,89.18000030517578,86.94000244140625,88.93000030517578,23656100
GOOG,2022-12-23,89.02507781982422,89.80999755859375,90.0999984741211,87.62000274658203,87.62000274658203,17815000
GOOG,2022-12-27,87.16152954101562,87.93000030517578,89.5,87.53500366210938,89.30999755859375,15470900
GOOG,2022-12-28,85.70437622070312,86.45999908447266,88.5199966430664,86.37000274658203,87.5,17879600
GOOG,2022-12-29,88.17261505126953,88.94999694824219,89.36499786376953,86.98999786376953,87.02999877929688,18280700
GOOG,2022-12-30,87.95452880859375,88.7300033569336,88.83000183105469,87.02999877929688,87.36499786376953,19190300
GOOG,2023-01-03,88.91606140136719,89.69999694824219,91.55000305175781,89.0199966430664,89.83000183105469,20738500
GOOG,2023-01-04,87.93470001220703,88.70999908447266,91.23999786376953,87.80000305175781,91.01000213623047,27046500
GOOG,2023-01-05,86.01165771484375,86.7699966430664,88.20999908447266,86.55999755859375,88.06999969482422,23136100
GOOG,2023-01-06,87.38951873779297,88.16000366210938,88.47000122070312,85.56999969482422,87.36000061035156,26612600
GOOG,2023-01-09,88.02391052246094,88.80000305175781,90.83000183105469,88.58000183105469,89.19499969482422,22996700
GOOG,2023-01-10,88.46007537841797,89.23999786376953,89.4749984741211,86.69999694824219,86.72000122070312,22855600
GOOG,2023-01-11,91.45367431640625,92.26000213623047,92.44999694824219,89.73999786376953,90.05999755859375,25998800
GOOG,2023-01-12,91.10675048828125,91.91000366210938,92.62000274658203,90.56999969482422,92.4000015258789,22754200
GOOG,2023-01-13,91.98896026611328,92.80000305175781,92.9800033569336,90.93000030517578,91.52799987792969,18630700
GOOG,2023-01-17,91.35455322265625,92.16000366210938,92.97000122070312,90.83999633789062,92.77999877929688,22935800
GOOG,2023-01-18,90.9778823852539,91.77999877929688,93.58799743652344,91.4000015258789,92.94000244140625,19641600
GOOG,2023-01-19,93.08926391601562,93.91000366210938,94.4000015258789,91.37999725341797,91.38999938964844,28707700
GOOG,2023-01-20,98.4123306274414,99.27999877929688,99.41999816894531,95.91000366210938,95.94999694824219,53704800
GOOG,2023-01-23,100.32545471191406,101.20999908447266,101.4000015258789,98.75,99.12999725341797,31791800
GOOG,2023-01-24,98.34294128417969,99.20999908447266,101.08999633789062,98.69999694824219,99.55000305175781,27391400
GOOG,2023-01-25,95.88461303710938,96.7300033569336,97.72000122070312,95.26200103759766,97.19999694824219,31000900
GOOG,2023-01-26,98.29337310791016,99.16000366210938,99.20999908447266,96.81999969482422,98.27999877929688,24542100
GOOG,2023-01-27,99.829833984375,100.70999908447266,101.58000183105469,98.97000122070312,99.05000305175781,29020400
GOOG,2023-01-30,97.09394073486328,97.94999694824219,99.40899658203125,97.5199966430664,98.74500274658203,24365100
GOOG,2023-01-31,98.99717712402344,99.87000274658203,99.91000366210938,97.79000091552734,97.86000061035156,22306800
GOOG,2023-02-01,100.54354095458984,101.43000030517578,102.19000244140625,98.41999816894531,99.73999786376953,26392600
GOOG,2023-02-02,107.84913635253906,108.80000305175781,108.81999969482422,106.54000091552734,106.79000091552734,46622600
GOOG,2023-02-03,104.30042266845703,105.22000122070312,108.0199966430664,103.30000305175781,103.51000213623047,36823400
GOOG,2023-02-06,102.5656967163086,103.47000122070312,104.69999694824219,102.20999908447266,102.68499755859375,25573000
GOOG,2023-02-07,107.09577178955078,108.04000091552734,108.66999816894531,103.5479965209961,103.62999725341797,33738800
GOOG,2023-02-08,99.12602996826172,100.0,103.58000183105469,98.45500183105469,102.69000244140625,73546000
GOOG,2023-02-09,94.6257095336914,95.45999908447266,100.61000061035156,93.86000061035156,100.54000091552734,97798600
GOOG,2023-02-10,94.03095245361328,94.86000061035156,97.0199966430664,94.52999877929688,95.73999786376953,49325300
GOOG,2023-02-13,94.16973876953125,95.0,95.3499984741211,94.05000305175781,95.01000213623047,43116600
GOOG,2023-02-14,94.12017059326172,94.94999694824219,95.17500305175781,92.6500015258789,94.66000366210938,42513100
GOOG,2023-02-15,96.25138854980469,97.0999984741211,97.33999633789062,94.36000061035156,94.73999786376953,36964500
GOOG,2023-02-16,94.94290924072266,95.77999877929688,97.87999725341797,94.97000122070312,95.54000091552734,35642100
GOOG,2023-02-17,93.76331329345703,94.58999633789062,95.75,93.44999694824219,95.06999969482422,31095100
GOOG,2023-02-21,91.24552154541016,92.05000305175781,93.41500091552734,92.0,93.23999786376953,28367200
GOOG,2023-02-22,90.99769592285156,91.80000305175781,92.36000061035156,90.87000274658203,91.93399810791016,29891100
GOOG,2023-02-23,90.2740707397461,91.06999969482422,92.12999725341797,90.01000213623047,92.12999725341797,32423700
GOOG,2023-02-24,88.5691146850586,89.3499984741211,90.12999725341797,88.86000061035156,89.62999725341797,31295600
GOOG,2023-02-27,89.31255340576172,90.0999984741211,90.44999694824219,89.61000061035156,90.08999633789062,22724300
GOOG,2023-02-28,89.51080322265625,90.30000305175781,91.44999694824219,89.5199966430664,89.54000091552734,30546900
GOOG,2023-03-01,89.71896362304688,90.51000213623047,91.19999694824219,89.8499984741211,90.16000366210938,26323900
GOOG,2023-03-02,91.50324249267578,92.30999755859375,92.4800033569336,89.7699966430664,89.86000061035156,23328600
GOOG,2023-03-03,93.19828796386719,94.0199966430664,94.11000061035156,92.66000366210938,92.73999786376953,30242500
GOOG,2023-03-06,94.74466705322266,95.58000183105469,96.30000305175781,94.30000305175781,94.36000061035156,28288200
GOOG,2023-03-07,93.34698486328125,94.16999816894531,96.08999633789062,93.84400177001953,95.41999816894531,24101500
GOOG,2023-03-08,93.82278442382812,94.6500015258789,96.23999786376953,94.40499877929688,94.40499877929688,25395200
GOOG,2023-03-09,91.85018920898438,92.66000366210938,95.91999816894531,92.3550033569336,94.48999786376953,24438900
GOOG,2023-03-10,90.21460723876953,91.01000213623047,93.18000030517578,90.80000305175781,92.5,32850100
GOOG,2023-03-13,90.85893249511719,91.66000366210938,93.08000183105469,89.94000244140625,90.56500244140625,31508600
GOOG,2023-03-14,93.4262924194336,94.25,94.83000183105469,92.77999877929688,93.06999969482422,32303900
GOOG,2023-03-15,95.70618438720703,96.55000305175781,97.25,93.04000091552734,93.54000091552734,38367300
GOOG,2023-03-16,100.18669128417969,101.06999969482422,101.97000122070312,95.87000274658203,96.56999969482422,54499500
GOOG,2023-03-17,101.56453704833984,102.45999908447266,103.48999786376953,100.75,100.83999633789062,76140300
GOOG,2023-03-20,101.03917694091797,101.93000030517578,102.58000183105469,100.79000091552734,101.05999755859375,26033900
GOOG,2023-03-21,104.91499328613281,105.83999633789062,105.95999908447266,101.86000061035156,101.9800033569336,33122800
GOOG,2023-03-22,103.30915832519531,104.22000122070312,107.51000213623047,104.20999908447266,105.13999938964844,32336900
GOOG,2023-03-23,105.33133697509766,106.26000213623047,107.10099792480469,105.41000366210938,105.88999938964844,31385800
GOOG,2023-03-24,105.13306427001953,106.05999755859375,106.16000366210938,104.73999786376953,105.73999786376953,25236200
GOOG,2023-03-27,102.15928649902344,103.05999755859375,105.4000015258789,102.62999725341797,105.31999969482422,25393400
GOOG,2023-03-28,100.47415924072266,101.36000061035156,103.0,100.27999877929688,103.0,24913500
GOOG,2023-03-29,101.0094223022461,101.9000015258789,102.81999969482422,101.02999877929688,102.72000122070312,26148300
GOOG,2023-03-30,100.43450927734375,101.31999969482422,101.61000061035156,100.29000091552734,101.44000244140625,25009800
GOOG,2023-03-31,103.09107208251953,104.0,104.19000244140625,101.44000244140625,101.70999908447266,28108000
GOOG,2023-04-03,103.9931411743164,104.91000366210938,104.94999694824219,102.37999725341797,102.66999816894531,20719900
GOOG,2023-04-04,104.2012939453125,105.12000274658203,106.0999984741211,104.5999984741211,104.83999633789062,20377200
GOOG,2023-04-05,104.03276824951172,104.94999694824219,106.54000091552734,104.10199737548828,106.12000274658203,21864200
GOOG,2023-04-06,107.94824981689453,108.9000015258789,109.62999725341797,104.81500244140625,105.7699966430664,34684200
GOOG,2023-04-10,106.01529693603516,106.94999694824219,107.97000122070312,105.5999984741211,107.38999938964844,19741500
GOOG,2023-04-11,105.19254302978516,106.12000274658203,107.22000122070312,105.27999877929688,106.91999816894531,18721300
GOOG,2023-04-12,104.30042266845703,105.22000122070312,107.58699798583984,104.97000122070312,107.38999938964844,22761600
GOOG,2023-04-13,107.24445343017578,108.19000244140625,108.26499938964844,106.44000244140625,106.47000122070312,21650700
GOOG,2023-04-14,108.50336456298828,109.45999908447266,109.58000183105469,107.58999633789062,107.69000244140625,20758700
GOOG,2023-04-17,105.48992156982422,106.41999816894531,106.70999908447266,105.31999969482422,105.43000030517578,29043400
GOOG,2023-04-18,104.2012939453125,105.12000274658203,107.05000305175781,104.77999877929688,107.0,17641400
GOOG,2023-04-19,104.1021499633789,105.0199966430664,105.7249984741211,103.80000305175781,104.21499633789062,16732000
GOOG,2023-04-20,104.97447204589844,105.9000015258789,106.88800048828125,104.63999938964844,104.6500015258789,22515300
GOOG,2023-04-21,104.98438262939453,105.91000366210938,106.63999938964844,105.48500061035156,106.08999633789062,22379000
GOOG,2023-04-24,105.84677124023438,106.77999877929688,107.31999969482422,105.36000061035156,106.05000305175781,21410900
GOOG,2023-04-25,103.69573974609375,104.61000061035156,107.44000244140625,104.55999755859375,106.61000061035156,31408100
GOOG,2023-04-26,103.53713989257812,104.44999694824219,107.0199966430664,103.2699966430664,105.55999755859375,37068200
GOOG,2023-04-27,107.42288208007812,108.37000274658203,109.1500015258789,104.41999816894531,105.2300033569336,38235200
GOOG,2023-04-28,107.2741928100586,108.22000122070312,108.29000091552734,106.04000091552734,107.80000305175781,23957900
GOOG,2023-05-01,106.7686538696289,107.70999908447266,108.68000030517578,107.5,107.72000122070312,20926300
GOOG,2023-05-02,105.05377197265625,105.9800033569336,107.7300033569336,104.5,107.66000366210938,20343100
GOOG,2023-05-03,105.19254302978516,106.12000274658203,108.12999725341797,105.62000274658203,106.22000122070312,17116300
GOOG,2023-05-04,104.2905044555664,105.20999908447266,106.30000305175781,104.69999694824219,106.16000366210938,19780600
GOOG,2023-05-05,105.28670501708984,106.21499633789062,106.44000244140625,104.73899841308594,105.31999969482422,20710600
GOOG,2023-05-08,107.29401397705078,108.23999786376953,108.41999816894531,105.79000091552734,105.79499816894531,17266000
GOOG,2023-05-09,106.99664306640625,107.94000244140625,110.59500122070312,107.7249984741211,108.77999877929688,24782400
GOOG,2023-05-10,111.2987060546875,112.27999877929688,113.51000213623047,108.4800033569336,108.55000305175781,47533500
GOOG,2023-05-11,115.87833404541016,116.9000015258789,118.44000244140625,114.93000030517578,115.86000061035156,57115100
GOOG,2023-05-12,116.88941192626953,117.91999816894531,118.26000213623047,116.55000305175781,117.0,31293800
GOOG,2023-05-15,115.93780517578125,116.95999908447266,118.79499816894531,116.4800033569336,116.48999786376953,22107900
GOOG,2023-05-16,119.04045104980469,120.08999633789062,121.19999694824219,116.83000183105469,116.83000183105469,32370100
GOOG,2023-05-17,120.4183120727539,121.4800033569336,122.27999877929688,119.45999908447266,120.18000030517578,26659600
GOOG,2023-05-18,122.44047546386719,123.5199966430664,123.9000015258789,121.48999786376953,121.55999755859375,27014500
GOOG,2023-05-19,122.1728286743164,123.25,126.47899627685547,122.72000122070312,124.19999694824219,30268900
GOOG,2023-05-22,124.76994323730469,125.87000274658203,127.05000305175781,123.44999694824219,123.51000213623047,29760200
GOOG,2023-05-23,122.2125015258789,123.29000091552734,125.41999816894531,123.05000305175781,124.93000030517578,24477900
GOOG,2023-05-24,120.576904296875,121.63999938964844,122.75,120.75,121.87999725341797,23087900
GOOG,2023-05-25,123.26322174072266,124.3499984741211,125.9800033569336,122.9000015258789,125.20999908447266,33812700
GOOG,2023-05-26,124.33378601074219,125.43000030517578,126.0,123.29000091552734,124.06500244140625,25154700
GOOG,2023-05-30,123.5506820678711,124.63999938964844,126.37999725341797,122.88999938964844,126.29000091552734,27230700
GOOG,2023-05-31,122.29179382324219,123.37000274658203,124.9000015258789,123.0999984741211,123.69999694824219,41548800
GOOG,2023-06-01,123.28304290771484,124.37000274658203,125.04000091552734,123.30000305175781,123.5,25017700
GOOG,2023-06-02,124.13552856445312,125.2300033569336,126.74500274658203,124.3499984741211,124.48999786376953,19367500
GOOG,2023-06-05,125.52330017089844,126.62999725341797,127.98999786376953,124.37999725341797,124.61000061035156,22672500
GOOG,2023-06-06,126.79210662841797,127.91000366210938,128.8800048828125,125.97000122070312,126.5999984741211,19450100
GOOG,2023-06-07,121.86555480957031,122.94000244140625,129.5500030517578,122.62999725341797,127.57499694824219,34179300
GOOG,2023-06-08,121.597900390625,122.66999816894531,123.7300033569336,122.01000213623047,122.58499908447266,24815000
GOOG,2023-06-09,121.7961654663086,122.87000274658203,124.28500366210938,122.41999816894531,122.55999755859375,20304500
GOOG,2023-06-12,123.26322174072266,124.3499984741211,124.75,122.3499984741211,123.3949966430664,22255700
GOOG,2023-06-13,123.34252166748047,124.43000030517578,125.86000061035156,123.84500122070312,125.6500015258789,19287700
GOOG,2023-06-14,123.29295349121094,124.37999725341797,124.79000091552734,122.16000366210938,123.80000305175781,24659600
GOOG,2023-06-15,124.69063568115234,125.79000091552734,126.16000366210938,123.13999938964844,123.87999725341797,24517100
GOOG,2023-06-16,122.97576141357422,124.05999755859375,126.69999694824219,123.79000091552734,126.69999694824219,56699200
GOOG,2023-06-20,122.76759338378906,123.8499984741211,125.17500305175781,122.83000183105469,123.53500366210938,22698000
GOOG,2023-06-21,120.20023345947266,121.26000213623047,123.41000366210938,120.86000061035156,123.23500061035156,22612000
GOOG,2023-06-22,122.78741455078125,123.87000274658203,123.93499755859375,119.5999984741211,120.66000366210938,20781900
GOOG,2023-06-23,121.94483947753906,123.0199966430664,123.44000244140625,121.86000061035156,122.04000091552734,29573100
GOOG,2023-06-26,118.0491943359375,119.08999633789062,122.72000122070312,118.98999786376953,121.46600341796875,23185000
GOOG,2023-06-27,117.96988677978516,119.01000213623047,119.8949966430664,116.91000366210938,117.83999633789062,27221700
GOOG,2023-06-28,120.02180480957031,121.08000183105469,121.2699966430664,117.5999984741211,117.95999908447266,19753100
GOOG,2023-06-29,118.96115112304688,120.01000213623047,120.91000366210938,119.20999908447266,120.08999633789062,18517500
GOOG,2023-06-30,119.91277313232422,120.97000122070312,122.02999877929688,120.87999725341797,121.0999984741211,23871800
GOOG,2023-07-03,119.50634002685547,120.55999755859375,121.0199966430664,119.70500183105469,120.31999969482422,13888300
GOOG,2023-07-05,121.55826568603516,122.62999725341797,123.37000274658203,120.05999755859375,120.05999755859375,17830300
GOOG,2023-07-06,119.87311553955078,120.93000030517578,121.1500015258789,119.25,120.63999938964844,17732500
GOOG,2023-07-07,119.09001922607422,120.13999938964844,121.75,120.08999633789062,120.88999938964844,20997700
GOOG,2023-07-10,115.84860229492188,116.87000274658203,119.06999969482422,116.63999938964844,119.06999969482422,32960100
GOOG,2023-07-11,116.6812515258789,117.70999908447266,118.2249984741211,115.83000183105469,116.76000213623047,18286600
GOOG,2023-07-12,118.57456970214844,119.62000274658203,120.95999908447266,119.0,119.30000305175781,22059600
GOOG,2023-07-13,123.73902893066406,124.83000183105469,125.33499908447266,121.05999755859375,121.54000091552734,31535900
GOOG,2023-07-14,124.60142517089844,125.69999694824219,127.08999633789062,124.9000015258789,125.12999725341797,20499800
GOOG,2023-07-17,123.9670181274414,125.05999755859375,127.27999877929688,124.5,126.05999755859375,20675300
GOOG,2023-07-18,122.99559020996094,124.08000183105469,124.98999786376953,123.30000305175781,124.90499877929688,21045800
GOOG,2023-07-19,121.70693969726562,122.77999877929688,125.47000122070312,122.47000122070312,124.79000091552734,22313800
GOOG,2023-07-20,118.4853515625,119.52999877929688,124.69999694824219,118.68499755859375,122.12000274658203,27541700
GOOG,2023-07-21,119.2585220336914,120.30999755859375,121.30000305175781,119.06999969482422,120.87000274658203,56514600
GOOG,2023-07-24,120.81480407714844,121.87999725341797,123.3499984741211,121.37999725341797,121.9260025024414,22276100
GOOG,2023-07-25,121.71685028076172,122.79000091552734,123.69000244140625,121.52999877929688,121.87999725341797,31820800
GOOG,2023-07-26,128.5268096923828,129.66000366210938,131.3699951171875,128.7100067138672,130.36000061035156,46216900
GOOG,2023-07-27,128.73497009277344,129.8699951171875,133.60000610351562,129.17999267578125,131.8000030517578,35931600
GOOG,2023-07-28,131.8475341796875,133.00999450683594,134.07000732421875,130.9199981689453,130.97000122070312,26971000
GOOG,2023-07-31,131.94667053222656,133.11000061035156,133.8300018310547,132.1300048828125,133.00999450683594,18381900
GOOG,2023-08-01,130.73731994628906,131.88999938964844,132.9199981689453,130.75,130.85499572753906,22154300
GOOG,2023-08-02,127.51571655273438,128.63999938964844,130.4199981689453,127.8499984741211,129.83999633789062,22705800
GOOG,2023-08-03,127.64459228515625,128.77000427246094,129.77000427246094,127.7750015258789,128.3699951171875,15018100
GOOG,2023-08-04,127.41661071777344,128.5399932861328,131.92999267578125,128.31500244140625,129.60000610351562,20521900
GOOG,2023-08-07,130.786865234375,131.94000244140625,132.05999755859375,129.42999267578125,129.50999450683594,17621000
GOOG,2023-08-08,130.68777465820312,131.83999633789062,131.94000244140625,130.1300048828125,130.97999572753906,16836000
GOOG,2023-08-09,129.0125274658203,130.14999389648438,132.47000122070312,129.5050048828125,132.19000244140625,17745200
GOOG,2023-08-10,129.072021484375,130.2100067138672,132.64700317382812,130.03500366210938,131.97000122070312,17855700
GOOG,2023-08-11,129.03233337402344,130.1699981689453,130.44000244140625,128.75,129.20199584960938,15205500
GOOG,2023-08-14,130.67787170410156,131.8300018310547,131.91000366210938,129.58999633789062,129.85000610351562,17526200
GOOG,2023-08-15,129.13148498535156,130.27000427246094,131.99000549316406,129.81900024414062,131.58999633789062,14769200
GOOG,2023-08-16,127.98163604736328,129.11000061035156,130.8979949951172,128.4600067138672,129.27999877929688,17548400
GOOG,2023-08-17,129.31982421875,130.4600067138672,132.49099731445312,129.85000610351562,130.4499969482422,23665600
GOOG,2023-08-18,126.99036407470703,128.11000061035156,129.8300018310547,127.0,129.05999755859375,23627200
GOOG,2023-08-21,127.80319213867188,128.92999267578125,129.25999450683594,127.16000366210938,127.8499984741211,21851100
GOOG,2023-08-22,128.55654907226562,129.69000244140625,130.9499969482422,128.9250030517578,129.1300048828125,15557900
GOOG,2023-08-23,132.04579162597656,133.2100067138672,134.07000732421875,130.50999450683594,130.85000610351562,26497000
GOOG,2023-08-24,129.28018188476562,130.4199981689453,134.97000122070312,130.3000030517578,134.7270050048828,18680400
GOOG,2023-08-25,129.5478057861328,130.69000244140625,131.39999389648438,128.0399932861328,130.13999938964844,20678100
GOOG,2023-08-28,130.63818359375,131.7899932861328,133.24000549316406,130.85000610351562,132.0800018310547,16715500
