Symbol,Date,Adj Close,Close,High,Low,Open,Volume
META,2018-01-02,179.8406982421875,181.4199981689453,181.5800018310547,177.5500030517578,177.67999267578125,18151900
META,2018-01-03,183.0624237060547,184.6699981689453,184.77999877929688,181.3300018310547,181.8800048828125,16886600
META,2018-01-04,182.72540283203125,184.3300018310547,186.2100067138672,184.10000610351562,184.89999389648438,13880900
META,2018-01-05,185.2234649658203,186.85000610351562,186.89999389648438,184.92999267578125,185.58999633789062,13574500
META,2018-01-08,186.64100646972656,188.27999877929688,188.89999389648438,186.3300018310547,187.1999969482422,17994700
META,2018-01-09,186.2345733642578,187.8699951171875,188.8000030517578,187.10000610351562,188.6999969482422,12393100
META,2018-01-10,186.20481872558594,187.83999633789062,187.88999938964844,185.6300048828125,186.94000244140625,10529900
META,2018-01-11,186.13543701171875,187.77000427246094,188.39999389648438,187.3800048828125,188.39999389648438,9588600
META,2018-01-12,177.80853271484375,179.3699951171875,181.47999572753906,177.39999389648438,178.05999755859375,77551300
META,2018-01-16,176.83709716796875,178.38999938964844,181.75,178.0399932861328,181.5,36183800
META,2018-01-17,176.053955078125,177.60000610351562,179.32000732421875,175.8000030517578,179.25999450683594,27992400
META,2018-01-18,178.23483276367188,179.8000030517578,180.97999572753906,177.0800018310547,178.1300048828125,23304900
META,2018-01-19,179.7118377685547,181.2899932861328,182.3699951171875,180.1699981689453,180.85000610351562,26826500
META,2018-01-22,183.75631713867188,185.3699951171875,185.38999938964844,180.41000366210938,180.8000030517578,21059500
META,2018-01-23,187.70167541503906,189.35000610351562,189.5500030517578,185.5500030517578,186.0500030517578,25678800
META,2018-01-24,184.9260711669922,186.5500030517578,190.66000366210938,186.52000427246094,189.88999938964844,24334500
META,2018-01-25,185.84796142578125,187.47999572753906,188.6199951171875,186.60000610351562,187.9499969482422,17377700
META,2018-01-26,188.34605407714844,190.0,190.0,186.80999755859375,187.75,17759200
META,2018-01-29,184.3610076904297,185.97999572753906,188.83999633789062,185.6300048828125,188.75,20453200
META,2018-01-30,185.4910888671875,187.1199951171875,188.17999267578125,181.83999633789062,187.6199951171875,20858600
META,2018-01-31,185.26309204101562,186.88999938964844,189.8300018310547,185.22000122070312,188.3699951171875,43275100
META,2018-02-01,191.4091339111328,193.08999633789062,195.32000732421875,187.88999938964844,188.22000122070312,54211300
META,2018-02-02,188.62359619140625,190.27999877929688,194.2100067138672,189.97999572753906,192.0399932861328,26677500
META,2018-02-05,179.68211364746094,181.25999450683594,190.61000061035156,180.61000061035156,186.92999267578125,33128200
META,2018-02-06,183.69686889648438,185.30999755859375,185.77000427246094,177.74000549316406,178.57000732421875,37758500
META,2018-02-07,178.6114959716797,180.17999267578125,185.0800018310547,179.9499969482422,184.14999389648438,27601900
META,2018-02-08,170.08639526367188,171.5800018310547,181.83999633789062,171.47999572753906,181.00999450683594,38478300
META,2018-02-09,174.5769500732422,176.11000061035156,176.89999389648438,167.17999267578125,174.75999450683594,39887600
META,2018-02-12,174.87435913085938,176.41000366210938,177.5500030517578,171.83999633789062,177.05999755859375,32092100
META,2018-02-13,171.64271545410156,173.14999389648438,175.97000122070312,173.10000610351562,175.6199951171875,21809400
META,2018-02-14,177.957275390625,179.52000427246094,179.80999755859375,173.2100067138672,173.4499969482422,28929700
META,2018-02-15,178.39344787597656,179.9600067138672,180.5,176.83999633789062,180.5,20922100
META,2018-02-16,175.81605529785156,177.36000061035156,179.8800048828125,176.3000030517578,178.99000549316406,20645300
META,2018-02-20,174.47781372070312,176.00999450683594,177.9499969482422,175.11000061035156,175.77000427246094,21204900
META,2018-02-21,176.3612823486328,177.91000366210938,181.27000427246094,176.39999389648438,176.7100067138672,23200800
META,2018-02-22,177.43186950683594,178.99000549316406,180.2100067138672,177.41000366210938,178.6999969482422,18464200
META,2018-02-23,181.6944122314453,183.2899932861328,183.38999938964844,179.50999450683594,179.89999389648438,19007300
META,2018-02-26,183.32015991210938,184.92999267578125,185.66000366210938,183.22000122070312,184.5800018310547,17599700
META,2018-02-27,179.88040161132812,181.4600067138672,184.6999969482422,181.4600067138672,184.4499969482422,15849800
META,2018-02-28,176.76771545410156,178.32000732421875,182.8800048828125,178.13999938964844,182.3000030517578,18783000
META,2018-03-01,174.40841674804688,175.94000244140625,180.1199951171875,174.41000366210938,179.00999450683594,23201600
META,2018-03-02,175.08248901367188,176.6199951171875,177.11000061035156,172.99000549316406,173.2899932861328,20025900
META,2018-03-05,178.82960510253906,180.39999389648438,181.14999389648438,175.88999938964844,176.1999969482422,16189300
META,2018-03-06,178.21499633789062,179.77999877929688,182.3800048828125,179.11000061035156,181.77999877929688,15086800
META,2018-03-07,182.11080932617188,183.7100067138672,183.82000732421875,178.07000732421875,178.74000549316406,19097300
META,2018-03-08,180.75270080566406,182.33999633789062,184.39999389648438,181.4499969482422,183.55999755859375,17225900
META,2018-03-09,183.6175537109375,185.22999572753906,185.50999450683594,183.2100067138672,183.91000366210938,18526300
META,2018-03-12,183.15162658691406,184.75999450683594,186.10000610351562,184.22000122070312,185.22999572753906,15301200
META,2018-03-13,180.29672241210938,181.8800048828125,185.99000549316406,181.11000061035156,185.61000061035156,18067500
META,2018-03-14,182.58660888671875,184.19000244140625,184.25,181.85000610351562,182.60000610351562,16821700
META,2018-03-15,182.2594757080078,183.86000061035156,184.0,182.19000244140625,183.24000549316406,15614300
META,2018-03-16,183.47877502441406,185.08999633789062,185.3300018310547,183.41000366210938,184.49000549316406,24403400
META,2018-03-19,171.05784606933594,172.55999755859375,177.1699981689453,170.05999755859375,177.00999450683594,88140100
META,2018-03-20,166.68621826171875,168.14999389648438,170.1999969482422,161.9499969482422,167.47000122070312,129851800
META,2018-03-21,167.91543579101562,169.38999938964844,173.39999389648438,163.3000030517578,164.8000030517578,106598800
META,2018-03-22,163.4546356201172,164.88999938964844,170.27000427246094,163.72000122070312,166.1300048828125,73743000
META,2018-03-23,158.0025177001953,159.38999938964844,166.60000610351562,159.02000427246094,165.44000244140625,53609700
META,2018-03-26,158.66665649414062,160.05999755859375,161.10000610351562,149.02000427246094,160.82000732421875,126116600
META,2018-03-27,150.89491271972656,152.22000122070312,162.85000610351562,150.75,156.30999755859375,79117000
META,2018-03-28,151.69786071777344,153.02999877929688,155.8800048828125,150.8000030517578,151.64999389648438,60029200
META,2018-03-29,158.3990020751953,159.7899932861328,161.4199981689453,154.13999938964844,155.14999389648438,59434300
META,2018-04-02,154.03729248046875,155.38999938964844,159.1999969482422,154.11000061035156,157.80999755859375,36796000
META,2018-04-03,154.75103759765625,156.11000061035156,157.38999938964844,150.80999755859375,156.5500030517578,42543900
META,2018-04-04,153.74984741210938,155.10000610351562,155.55999755859375,150.50999450683594,152.02999877929688,49885600
META,2018-04-05,157.9529266357422,159.33999633789062,161.57000732421875,156.64999389648438,161.55999755859375,41449600
META,2018-04-06,155.83152770996094,157.1999969482422,161.4199981689453,156.80999755859375,157.72999572753906,41644800
META,2018-04-09,156.55519104003906,157.92999267578125,160.52999877929688,156.0399932861328,157.82000732421875,34915200
META,2018-04-10,163.60328674316406,165.0399932861328,165.97999572753906,157.00999450683594,157.92999267578125,57889300
META,2018-04-11,164.8721466064453,166.32000732421875,168.64999389648438,163.25,165.36000061035156,56144600
META,2018-04-12,162.4434814453125,163.8699951171875,167.4499969482422,163.10000610351562,166.97999572753906,38263000
META,2018-04-13,163.08782958984375,164.52000427246094,165.6999969482422,163.77000427246094,164.5800018310547,19990600
META,2018-04-16,163.3951416015625,164.8300018310547,165.77999877929688,163.38999938964844,165.72000122070312,18119400
META,2018-04-17,167.19178771972656,168.66000366210938,169.0,165.66000366210938,165.8300018310547,22743000
META,2018-04-18,164.9118194580078,166.36000061035156,168.1199951171875,165.77000427246094,166.8800048828125,20969600
META,2018-04-19,166.6366729736328,168.10000610351562,168.3300018310547,165.1999969482422,166.1999969482422,22235000
META,2018-04-20,164.83253479003906,166.27999877929688,168.42999267578125,165.80999755859375,167.7899932861328,19119400
META,2018-04-23,164.39634704589844,165.83999633789062,168.4499969482422,165.08999633789062,167.27000427246094,23088100
META,2018-04-24,158.2998809814453,159.69000244140625,166.10000610351562,158.19000244140625,165.42999267578125,35079900
META,2018-04-25,158.2998809814453,159.69000244140625,161.05999755859375,156.19000244140625,160.13999938964844,41083600
META,2018-04-26,172.6439208984375,174.16000366210938,176.27000427246094,170.8000030517578,173.22000122070312,77556900
META,2018-04-27,172.07888793945312,173.58999633789062,177.10000610351562,172.60000610351562,176.80999755859375,29804700
META,2018-04-30,170.5027313232422,172.0,175.72000122070312,171.7100067138672,173.7899932861328,20750500
META,2018-05-01,172.34654235839844,173.86000061035156,174.02000427246094,170.22999572753906,172.0,26025900
META,2018-05-02,174.53729248046875,176.07000732421875,178.0800018310547,174.1999969482422,174.25,30424500
META,2018-05-03,172.505126953125,174.02000427246094,176.1199951171875,172.1199951171875,175.1300048828125,24026100
META,2018-05-04,175.07260131835938,176.61000061035156,176.97999572753906,173.05999755859375,173.0800018310547,17677800
META,2018-05-07,176.42074584960938,177.97000122070312,179.5,177.1699981689453,177.35000610351562,18697200
META,2018-05-08,177.3624725341797,178.9199981689453,179.0399932861328,177.11000061035156,178.25,15577200
META,2018-05-09,181.06993103027344,182.66000366210938,183.00999450683594,178.77999877929688,179.6699981689453,23282800
META,2018-05-10,183.91494750976562,185.52999877929688,186.1300048828125,182.5,183.14999389648438,21071400
META,2018-05-11,185.36224365234375,186.99000549316406,188.32000732421875,184.17999267578125,184.85000610351562,21207800
META,2018-05-14,185.0152587890625,186.63999938964844,187.86000061035156,186.1999969482422,187.7100067138672,15646700
META,2018-05-15,182.71546936035156,184.32000732421875,185.2899932861328,183.1999969482422,184.8800048828125,15429400
META,2018-05-16,181.60519409179688,183.1999969482422,184.32000732421875,182.66000366210938,183.6999969482422,16975500
META,2018-05-17,182.16033935546875,183.75999450683594,184.05999755859375,182.22000122070312,182.67999267578125,14840700
META,2018-05-18,181.08973693847656,182.67999267578125,184.19000244140625,182.61000061035156,183.49000549316406,13130500
META,2018-05-21,182.88401794433594,184.49000549316406,185.3000030517578,183.1300048828125,183.77000427246094,13532900
META,2018-05-22,182.1999969482422,183.8000030517578,185.4199981689453,183.42999267578125,184.92999267578125,12731400
META,2018-05-23,185.27301025390625,186.89999389648438,186.91000366210938,182.17999267578125,182.5,16628100
META,2018-05-24,184.3114471435547,185.92999267578125,186.8000030517578,185.02999877929688,185.8800048828125,12354700
META,2018-05-25,183.31027221679688,184.9199981689453,186.3300018310547,184.4499969482422,186.02000427246094,10965100
META,2018-05-29,184.12313842773438,185.74000549316406,186.80999755859375,183.7100067138672,184.33999633789062,16398900
META,2018-05-30,186.03631591796875,187.6699981689453,188.0,185.25,186.5399932861328,13736900
META,2018-05-31,190.1105194091797,191.77999877929688,192.72000122070312,187.47999572753906,187.8699951171875,30782600
META,2018-06-01,192.30130004882812,193.99000549316406,194.5500030517578,192.07000732421875,193.07000732421875,17307200
META,2018-06-04,191.5974578857422,193.27999877929688,193.97999572753906,191.47000122070312,191.83999633789062,18939800
META,2018-06-05,191.2604217529297,192.94000244140625,195.0,192.6199951171875,194.3000030517578,15544300
META,2018-06-06,189.67433166503906,191.33999633789062,192.52999877929688,189.11000061035156,191.02999877929688,22558900
META,2018-06-07,186.5418701171875,188.17999267578125,190.97000122070312,186.77000427246094,190.75,21503200
META,2018-06-08,187.45387268066406,189.10000610351562,189.47999572753906,186.42999267578125,187.52999877929688,12677100
META,2018-06-11,189.87261962890625,191.5399932861328,192.60000610351562,188.8000030517578,188.80999755859375,12928900
META,2018-06-12,190.72512817382812,192.39999389648438,193.27999877929688,191.55999755859375,192.1699981689453,11562700
META,2018-06-13,190.73504638671875,192.41000366210938,194.5,191.91000366210938,192.74000549316406,15853800
META,2018-06-14,195.09674072265625,196.80999755859375,197.27999877929688,192.91000366210938,193.10000610351562,19120900
META,2018-06-15,194.14511108398438,195.85000610351562,197.07000732421875,194.63999938964844,195.7899932861328,21860900
META,2018-06-18,196.58367919921875,198.30999755859375,199.5800018310547,194.1300048828125,194.8000030517578,16826000
META,2018-06-19,195.77084350585938,197.49000549316406,197.9600067138672,193.7899932861328,196.24000549316406,19994000
META,2018-06-20,200.24156188964844,202.0,203.5500030517578,198.80999755859375,199.10000610351562,28230900
META,2018-06-21,199.74591064453125,201.5,203.38999938964844,200.08999633789062,202.75999450683594,19045700
META,2018-06-22,199.9838409423828,201.74000549316406,202.24000549316406,199.30999755859375,201.16000366210938,17420200
META,2018-06-25,194.64076232910156,196.35000610351562,200.0,193.11000061035156,200.0,25275100
META,2018-06-26,197.26768493652344,199.0,199.10000610351562,196.22999572753906,197.60000610351562,17897600
META,2018-06-27,194.1351776123047,195.83999633789062,200.75,195.8000030517578,199.17999267578125,18734400
META,2018-06-28,194.52175903320312,196.22999572753906,197.33999633789062,193.25999450683594,195.17999267578125,18172400
META,2018-06-29,192.62844848632812,194.32000732421875,197.60000610351562,193.9600067138672,197.32000732421875,15811600
META,2018-07-02,195.64195251464844,197.36000061035156,197.4499969482422,192.22000122070312,193.3699951171875,13961600
META,2018-07-03,191.05226135253906,192.72999572753906,195.39999389648438,192.52000427246094,194.5500030517578,13489500
META,2018-07-05,196.72244262695312,198.4499969482422,198.64999389648438,194.02999877929688,194.74000549316406,19684200
META,2018-07-06,201.46084594726562,203.22999572753906,203.63999938964844,197.6999969482422,198.4499969482422,19740100
META,2018-07-09,202.9577178955078,204.74000549316406,205.8000030517578,202.1199951171875,204.92999267578125,18149400
META,2018-07-10,201.76817321777344,203.5399932861328,204.91000366210938,202.25999450683594,204.5,13190100
META,2018-07-11,200.77685546875,202.5399932861328,204.5,201.75,202.22000122070312,12927400
META,2018-07-12,205.11874389648438,206.9199981689453,207.0800018310547,203.19000244140625,203.42999267578125,15454700
META,2018-07-13,205.5152587890625,207.32000732421875,208.42999267578125,206.4499969482422,207.80999755859375,11486800
META,2018-07-16,205.42605590820312,207.22999572753906,208.72000122070312,206.83999633789062,207.5,11078200
META,2018-07-17,208.1619873046875,209.99000549316406,210.4600067138672,204.83999633789062,204.89999389648438,15349900
META,2018-07-18,207.53750610351562,209.36000061035156,210.99000549316406,208.44000244140625,209.82000732421875,15334900
META,2018-07-19,206.27854919433594,208.08999633789062,209.99000549316406,207.75999450683594,208.77000427246094,11350400
META,2018-07-20,208.11244201660156,209.94000244140625,211.5,208.5,208.85000610351562,16163900
META,2018-07-23,209.07400512695312,210.91000366210938,211.6199951171875,208.8000030517578,210.5800018310547,16732000
META,2018-07-24,212.80128479003906,214.6699981689453,216.1999969482422,212.60000610351562,215.11000061035156,28468700
META,2018-07-25,215.6066436767578,217.5,218.6199951171875,214.27000427246094,215.72000122070312,58954200
META,2018-07-26,174.72564697265625,176.25999450683594,180.1300048828125,173.75,174.88999938964844,169803700
META,2018-07-27,173.3675537109375,174.88999938964844,179.92999267578125,173.0,179.8699951171875,60073700
META,2018-07-30,169.57090759277344,171.05999755859375,175.3000030517578,166.55999755859375,175.3000030517578,65280800
META,2018-07-31,171.0776824951172,172.5800018310547,174.24000549316406,170.0,170.6699981689453,40356500
META,2018-08-01,170.15576171875,171.64999389648438,175.0800018310547,170.89999389648438,173.92999267578125,34042100
META,2018-08-02,174.8346710205078,176.3699951171875,176.7899932861328,170.27000427246094,170.67999267578125,32400000
META,2018-08-03,176.23239135742188,177.77999877929688,178.85000610351562,176.14999389648438,177.69000244140625,24763400
META,2018-08-06,184.0735626220703,185.69000244140625,185.7899932861328,178.3800048828125,178.97000122070312,49716200
META,2018-08-07,182.20989990234375,183.80999755859375,188.3000030517578,183.72000122070312,186.5,33398600
META,2018-08-08,183.56797790527344,185.17999267578125,186.85000610351562,183.75999450683594,184.75,22205200
META,2018-08-09,181.49618530273438,183.08999633789062,186.57000732421875,182.47999572753906,185.85000610351562,19732100
META,2018-08-10,178.69081115722656,180.25999450683594,182.10000610351562,179.4199981689453,182.0399932861328,21500400
META,2018-08-13,178.48263549804688,180.0500030517578,182.61000061035156,178.89999389648438,180.10000610351562,17423300
META,2018-08-14,179.53341674804688,181.11000061035156,181.99000549316406,178.6199951171875,180.7100067138672,19102000
META,2018-08-15,177.96714782714844,179.52999877929688,180.8699951171875,174.77999877929688,179.33999633789062,33020200
META,2018-08-16,173.17921447753906,174.6999969482422,180.5,174.00999450683594,180.4199981689453,31351800
META,2018-08-17,172.2870635986328,173.8000030517578,176.22000122070312,172.0399932861328,174.5,24893200
META,2018-08-20,170.9983673095703,172.5,174.57000732421875,170.91000366210938,174.0399932861328,21518000
META,2018-08-21,171.11732482910156,172.6199951171875,174.1699981689453,171.38999938964844,172.80999755859375,19578500
META,2018-08-22,172.12841796875,173.63999938964844,174.24000549316406,172.1300048828125,172.2100067138672,16894100
META,2018-08-23,171.39486694335938,172.89999389648438,175.5500030517578,172.8300018310547,173.08999633789062,18053600
META,2018-08-24,173.12966918945312,174.64999389648438,174.82000732421875,172.9199981689453,173.6999969482422,14631600
META,2018-08-27,175.9152069091797,177.4600067138672,178.6699981689453,175.7899932861328,175.99000549316406,17921900
META,2018-08-28,174.72564697265625,176.25999450683594,178.24000549316406,175.8300018310547,178.10000610351562,15910700
META,2018-08-29,174.36875915527344,175.89999389648438,176.7899932861328,174.75,176.3000030517578,18494100
META,2018-08-30,176.09361267089844,177.63999938964844,179.7899932861328,175.6999969482422,175.89999389648438,24216500
META,2018-08-31,174.2002410888672,175.72999572753906,177.6199951171875,174.97999572753906,177.14999389648438,18065200
META,2018-09-04,169.6700439453125,171.16000366210938,173.88999938964844,168.8000030517578,173.5,29809000
META,2018-09-05,165.72467041015625,167.17999267578125,171.1300048828125,166.6699981689453,169.49000549316406,31226700
META,2018-09-06,161.11514282226562,162.52999877929688,166.97999572753906,160.0,166.97999572753906,41514800
META,2018-09-07,161.6207275390625,163.0399932861328,164.6300048828125,160.16000366210938,160.30999755859375,24300600
META,2018-09-10,162.7508087158203,164.17999267578125,165.00999450683594,162.16000366210938,163.50999450683594,20197700
META,2018-09-11,164.4954833984375,165.94000244140625,167.19000244140625,163.72000122070312,163.94000244140625,20457100
META,2018-09-12,160.58978271484375,162.0,164.49000549316406,161.8000030517578,163.25,24078100
META,2018-09-13,159.95535278320312,161.36000061035156,163.32000732421875,160.86000061035156,162.0,25453800
META,2018-09-14,160.90699768066406,162.32000732421875,162.83999633789062,160.33999633789062,161.72000122070312,21770400
META,2018-09-17,159.18212890625,160.5800018310547,162.05999755859375,159.77000427246094,161.9199981689453,21005300
META,2018-09-18,158.90455627441406,160.3000030517578,161.75999450683594,158.8699951171875,159.38999938964844,22465200
META,2018-09-19,161.64053344726562,163.05999755859375,163.44000244140625,159.47999572753906,160.0800018310547,19629000
META,2018-09-20,164.57476806640625,166.02000427246094,166.4499969482422,164.47000122070312,164.5,18936000
META,2018-09-21,161.5116729736328,162.92999267578125,167.25,162.80999755859375,166.63999938964844,45994800
META,2018-09-24,163.97007751464844,165.41000366210938,165.6999969482422,160.8800048828125,161.02999877929688,19222800
META,2018-09-25,163.4744415283203,164.91000366210938,165.58999633789062,161.14999389648438,161.99000549316406,27622800
META,2018-09-26,165.49667358398438,166.9499969482422,169.3000030517578,164.2100067138672,164.3000030517578,25252200
META,2018-09-27,167.3702392578125,168.83999633789062,171.77000427246094,167.2100067138672,167.5500030517578,27266900
META,2018-09-28,163.0283203125,164.4600067138672,168.7899932861328,162.55999755859375,168.3300018310547,34265600
META,2018-10-01,161.0259552001953,162.44000244140625,165.8800048828125,161.25999450683594,163.02999877929688,26407700
META,2018-10-02,157.94302368164062,159.3300018310547,162.27999877929688,158.6699981689453,161.5800018310547,36031000
META,2018-10-03,161.01600646972656,162.42999267578125,163.66000366210938,159.52999877929688,160.0,23109500
META,2018-10-04,157.46717834472656,158.85000610351562,161.4600067138672,157.35000610351562,161.4600067138672,25739600
META,2018-10-05,155.96043395996094,157.3300018310547,160.89999389648438,156.1999969482422,159.2100067138672,25744000
META,2018-10-08,155.88111877441406,157.25,158.33999633789062,154.38999938964844,155.5399932861328,24046000
META,2018-10-09,156.52545166015625,157.89999389648438,160.58999633789062,157.4199981689453,157.69000244140625,18844400
META,2018-10-10,150.06219482421875,151.3800048828125,157.69000244140625,151.30999755859375,156.82000732421875,30610000
META,2018-10-11,152.0150909423828,153.35000610351562,154.80999755859375,149.16000366210938,150.1300048828125,35338900
META,2018-10-12,152.4016876220703,153.74000549316406,156.88999938964844,151.3000030517578,156.72999572753906,25293500
META,2018-10-15,152.18359375,153.52000427246094,155.57000732421875,152.5500030517578,153.32000732421875,15433500
META,2018-10-16,157.39779663085938,158.77999877929688,159.4600067138672,155.00999450683594,155.39999389648438,19180100
META,2018-10-17,158.03224182128906,159.4199981689453,160.49000549316406,157.9499969482422,159.55999755859375,17592000
META,2018-10-18,153.57142639160156,154.9199981689453,158.66000366210938,153.27999877929688,158.50999450683594,21675100
META,2018-10-19,152.708984375,154.0500030517578,157.35000610351562,153.5500030517578,155.86000061035156,19761300
META,2018-10-22,153.4326171875,154.77999877929688,157.33999633789062,154.4600067138672,154.75999450683594,15424700
META,2018-10-23,153.0460205078125,154.38999938964844,154.77000427246094,150.85000610351562,151.22000122070312,19095000
META,2018-10-24,144.7687225341797,146.0399932861328,154.64999389648438,145.60000610351562,154.27999877929688,27744600
META,2018-10-25,149.63595581054688,150.9499969482422,152.2100067138672,147.0,147.72999572753906,22105700
META,2018-10-26,144.1045379638672,145.3699951171875,149.0,143.8000030517578,145.82000732421875,31303300
META,2018-10-29,140.8531036376953,142.08999633789062,148.8300018310547,139.02999877929688,148.5,31336800
META,2018-10-30,144.9471435546875,146.22000122070312,146.63999938964844,139.74000549316406,139.94000244140625,50528300
META,2018-10-31,150.4686279296875,151.7899932861328,156.39999389648438,148.9600067138672,155.0,60101300
META,2018-11-01,150.42901611328125,151.75,152.75,149.35000610351562,151.52000427246094,25640800
META,2018-11-02,149.0412139892578,150.35000610351562,154.1300048828125,148.9600067138672,151.8000030517578,24708700
META,2018-11-05,147.38572692871094,148.67999267578125,150.19000244140625,147.44000244140625,150.10000610351562,15971200
META,2018-11-06,148.63473510742188,149.94000244140625,150.97000122070312,148.0,149.30999755859375,16667100
META,2018-11-07,150.2108917236328,151.52999877929688,153.00999450683594,149.8300018310547,151.57000732421875,21877400
META,2018-11-08,146.582763671875,147.8699951171875,150.94000244140625,146.74000549316406,150.49000549316406,24145800
META,2018-11-09,143.69810485839844,144.9600067138672,147.75999450683594,144.07000732421875,146.75,17326900
META,2018-11-12,140.3177947998047,141.5500030517578,145.0399932861328,140.49000549316406,144.47999572753906,18542100
META,2018-11-13,140.9224853515625,142.16000366210938,144.8800048828125,141.6199951171875,142.0,15141700
META,2018-11-14,142.96456909179688,144.22000122070312,145.5800018310547,141.5500030517578,143.6999969482422,22068400
META,2018-11-15,142.5977783203125,143.85000610351562,144.83999633789062,140.8300018310547,142.3300018310547,30320300
META,2018-11-16,138.31539916992188,139.52999877929688,141.77000427246094,137.77000427246094,141.07000732421875,37250600
META,2018-11-19,130.40484619140625,131.5500030517578,137.75,131.2100067138672,137.61000061035156,44362700
META,2018-11-20,131.2771759033203,132.42999267578125,134.16000366210938,126.8499984741211,127.02999877929688,41939500
META,2018-11-21,133.64639282226562,134.82000732421875,137.19000244140625,134.1300048828125,134.39999389648438,25469700
META,2018-11-23,130.58328247070312,131.72999572753906,134.5,131.25999450683594,133.64999389648438,11886100
META,2018-11-26,135.19281005859375,136.3800048828125,137.0,132.77999877929688,133.0,24263600
META,2018-11-27,133.82479858398438,135.0,136.61000061035156,133.7100067138672,135.75,20750300
META,2018-11-28,135.56948852539062,136.75999450683594,136.7899932861328,131.85000610351562,136.27999877929688,29847500
META,2018-11-29,137.47276306152344,138.67999267578125,139.99000549316406,135.66000366210938,135.9199981689453,24238700
META,2018-11-30,139.385986328125,140.61000061035156,140.97000122070312,137.36000061035156,138.25999450683594,25732600
META,2018-12-03,139.86178588867188,141.08999633789062,143.67999267578125,140.75999450683594,143.0,24819200
META,2018-12-04,136.72930908203125,137.92999267578125,143.38999938964844,137.16000366210938,140.72999572753906,30307400
META,2018-12-06,138.4145050048828,139.6300048828125,139.6999969482422,133.6699981689453,133.82000732421875,28218100
META,2018-12-07,136.22373962402344,137.4199981689453,140.8699951171875,136.66000366210938,139.25,21195500
META,2018-12-10,140.6151885986328,141.85000610351562,143.0500030517578,139.00999450683594,139.60000610351562,26422200
META,2018-12-11,140.84317016601562,142.0800018310547,143.8800048828125,141.10000610351562,143.8800048828125,20300300
META,2018-12-12,143.24209594726562,144.5,147.19000244140625,142.50999450683594,143.0800018310547,23696900
META,2018-12-13,143.7476806640625,145.00999450683594,145.85000610351562,143.19000244140625,145.57000732421875,18148600
META,2018-12-14,142.8059539794922,144.05999755859375,146.00999450683594,142.50999450683594,143.33999633789062,21785800
META,2018-12-17,138.96966552734375,140.19000244140625,144.9199981689453,138.4199981689453,143.0800018310547,24334000
META,2018-12-18,142.409423828125,143.66000366210938,145.92999267578125,139.8300018310547,141.0800018310547,24709100
META,2018-12-19,132.08013916015625,133.24000549316406,144.91000366210938,132.5,141.2100067138672,57404900
META,2018-12-20,132.2387237548828,133.39999389648438,135.57000732421875,130.0,130.6999969482422,40297900
META,2018-12-21,123.86228942871094,124.94999694824219,134.89999389648438,123.41999816894531,133.38999938964844,56901500
META,2018-12-24,122.98002624511719,124.05999755859375,129.74000549316406,123.0199966430664,123.0999984741211,22066000
META,2018-12-26,133.01193237304688,134.17999267578125,134.24000549316406,125.88999938964844,126.0,39723400
META,2018-12-27,133.34898376464844,134.52000427246094,134.99000549316406,129.6699981689453,132.44000244140625,31202500
META,2018-12-28,132.04049682617188,133.1999969482422,135.9199981689453,132.1999969482422,135.33999633789062,22627600
META,2018-12-31,129.94883728027344,131.08999633789062,134.63999938964844,129.9499969482422,134.4499969482422,24625300
META,2019-01-02,134.49887084960938,135.67999267578125,137.50999450683594,128.55999755859375,128.99000549316406,28146200
META,2019-01-03,130.59317016601562,131.74000549316406,137.1699981689453,131.1199951171875,134.69000244140625,22717900
META,2019-01-04,136.7491455078125,137.9499969482422,138.0,133.75,134.00999450683594,29002100
META,2019-01-07,136.8482666015625,138.0500030517578,138.8699951171875,135.91000366210938,137.55999755859375,20089300
META,2019-01-08,141.2892608642578,142.52999877929688,143.13999938964844,139.5399932861328,139.88999938964844,26263800
META,2019-01-09,142.9744415283203,144.22999572753906,144.6999969482422,141.27000427246094,142.9499969482422,22205900
META,2019-01-10,142.94473266601562,144.1999969482422,144.55999755859375,140.83999633789062,143.0800018310547,16125000
META,2019-01-11,142.5482177734375,143.8000030517578,145.36000061035156,142.57000732421875,143.14999389648438,12908000
META,2019-01-14,144.1243438720703,145.38999938964844,146.57000732421875,141.27000427246094,142.0,20520300
META,2019-01-15,147.6533966064453,148.9499969482422,150.67999267578125,145.99000549316406,146.00999450683594,24069000
META,2019-01-16,146.25564575195312,147.5399932861328,149.64999389648438,147.0,149.0,18025700
META,2019-01-17,147.009033203125,148.3000030517578,149.0,146.5,146.9499969482422,15787900
META,2019-01-18,148.73387145996094,150.0399932861328,152.42999267578125,148.5500030517578,149.75,31029600
META,2019-01-22,146.28538513183594,147.57000732421875,151.52999877929688,146.3699951171875,149.1999969482422,22378700
META,2019-01-23,143.04383850097656,144.3000030517578,148.8000030517578,143.05999755859375,148.27999877929688,20098400
META,2019-01-24,144.560546875,145.8300018310547,146.44000244140625,142.52000427246094,144.63999938964844,20955500
META,2019-01-25,147.7128448486328,149.00999450683594,149.8300018310547,146.5399932861328,147.47999572753906,22237200
META,2019-01-28,146.18621826171875,147.47000122070312,148.9600067138672,146.2100067138672,148.0500030517578,15508500
META,2019-01-29,142.93479919433594,144.19000244140625,148.10000610351562,143.42999267578125,148.08999633789062,17632100
META,2019-01-30,149.11058044433594,150.4199981689453,150.9499969482422,145.6999969482422,146.22000122070312,44613200
META,2019-01-31,165.2389678955078,166.69000244140625,171.67999267578125,165.0,165.60000610351562,77233600
META,2019-02-01,164.2675018310547,165.7100067138672,169.10000610351562,165.66000366210938,165.83999633789062,30806500
META,2019-02-04,167.7766571044922,169.25,169.3000030517578,163.6199951171875,165.6999969482422,20036000
META,2019-02-05,169.6700439453125,171.16000366210938,171.97999572753906,168.69000244140625,169.14999389648438,22557000
META,2019-02-06,169.00587463378906,170.49000549316406,172.47000122070312,169.27000427246094,171.1999969482422,13281200
META,2019-02-07,164.93162536621094,166.3800048828125,169.24000549316406,165.25,168.1999969482422,17517600
META,2019-02-08,165.8733673095703,167.3300018310547,167.3699951171875,164.2100067138672,164.47000122070312,12561400
META,2019-02-11,164.34677124023438,165.7899932861328,168.3000030517578,165.0800018310547,167.89999389648438,12811200
META,2019-02-12,163.60328674316406,165.0399932861328,168.33999633789062,164.5,166.86000061035156,16292300
META,2019-02-13,162.6417694091797,164.07000732421875,166.22000122070312,163.72999572753906,165.3800048828125,14205100
META,2019-02-14,162.52279663085938,163.9499969482422,164.8699951171875,162.25,163.19000244140625,12755200
META,2019-02-15,161.08543395996094,162.5,164.6999969482422,160.86000061035156,164.50999450683594,15504400
META,2019-02-19,160.87725830078125,162.2899932861328,164.14999389648438,160.3300018310547,160.5,14345400
META,2019-02-20,161.14488220214844,162.55999755859375,163.72000122070312,161.25,162.25,11770700
META,2019-02-21,158.64682006835938,160.0399932861328,162.24000549316406,159.58999633789062,161.92999267578125,15607800
META,2019-02-22,160.48072814941406,161.88999938964844,162.41000366210938,160.30999755859375,160.5800018310547,15858500
META,2019-02-25,163.18692016601562,164.6199951171875,166.07000732421875,162.89999389648438,163.07000732421875,18737100
META,2019-02-26,162.70123291015625,164.1300048828125,166.24000549316406,163.8000030517578,164.33999633789062,13784100
META,2019-02-27,161.39271545410156,162.80999755859375,163.92999267578125,160.41000366210938,162.89999389648438,12697500
META,2019-02-28,160.04457092285156,161.4499969482422,163.5,160.86000061035156,162.3699951171875,11114200
META,2019-03-01,160.8673095703125,162.27999877929688,163.1300048828125,161.69000244140625,162.60000610351562,11097800
META,2019-03-04,165.91302490234375,167.3699951171875,167.5,163.8300018310547,163.89999389648438,18894700
META,2019-03-05,169.76918029785156,171.25999450683594,171.8800048828125,166.5500030517578,167.3699951171875,28187900
META,2019-03-06,171.00827026367188,172.50999450683594,173.57000732421875,171.27000427246094,172.89999389648438,21531700
META,2019-03-07,167.65768432617188,169.1300048828125,171.74000549316406,167.61000061035156,171.5,18306500
META,2019-03-08,168.1236114501953,169.60000610351562,169.6199951171875,165.97000122070312,166.1999969482422,13184800
META,2019-03-11,170.57212829589844,172.07000732421875,174.3000030517578,171.5800018310547,171.60000610351562,18884000
META,2019-03-12,170.42343139648438,171.9199981689453,173.8000030517578,171.22000122070312,172.08999633789062,12155300
META,2019-03-13,171.8607940673828,173.3699951171875,174.02999877929688,172.1199951171875,172.32000732421875,11973300
META,2019-03-14,168.6886444091797,170.1699981689453,171.14999389648438,168.16000366210938,169.75999450683594,18037400
META,2019-03-15,164.53512573242188,165.97999572753906,167.5800018310547,162.50999450683594,167.16000366210938,37135400
META,2019-03-18,159.07308959960938,160.47000122070312,163.89999389648438,159.27999877929688,163.57000732421875,37524200
META,2019-03-19,160.16351318359375,161.57000732421875,163.82000732421875,160.82000732421875,161.47999572753906,25611500
META,2019-03-20,163.99981689453125,165.44000244140625,166.1199951171875,161.24000549316406,161.5,20211500
META,2019-03-21,164.63424682617188,166.0800018310547,166.38999938964844,163.75,164.88999938964844,16223000
META,2019-03-22,162.90940856933594,164.33999633789062,167.4199981689453,164.08999633789062,165.64999389648438,16389200
META,2019-03-25,164.8424072265625,166.2899932861328,166.5399932861328,162.0,163.0,12631200
META,2019-03-26,166.22032165527344,167.67999267578125,169.4499969482422,166.35000610351562,167.35000610351562,15437900
META,2019-03-27,164.42611694335938,165.8699951171875,168.94000244140625,164.7899932861328,167.85000610351562,10620300
META,2019-03-28,164.10887145996094,165.5500030517578,166.72000122070312,163.3300018310547,164.57000732421875,10443000
META,2019-03-29,165.2389678955078,166.69000244140625,167.19000244140625,164.80999755859375,166.38999938964844,13455500
META,2019-04-01,167.23143005371094,168.6999969482422,168.89999389648438,167.27999877929688,167.8300018310547,10381500
META,2019-04-02,172.68357849121094,174.1999969482422,174.89999389648438,169.5500030517578,170.13999938964844,23946500
META,2019-04-03,172.02932739257812,173.5399932861328,177.9600067138672,172.9499969482422,174.5,27391100
META,2019-04-04,174.48773193359375,176.02000427246094,178.0,175.52999877929688,176.02000427246094,17847700
META,2019-04-05,174.19033813476562,175.72000122070312,177.0,175.10000610351562,176.8800048828125,9594100
META,2019-04-08,173.40721130371094,174.92999267578125,175.5,174.22999572753906,175.2100067138672,7297400
META,2019-04-09,176.0341339111328,177.5800018310547,179.19000244140625,175.5500030517578,175.6199951171875,19751000
META,2019-04-10,176.27207946777344,177.82000732421875,178.7899932861328,176.5399932861328,178.17999267578125,11701500
META,2019-04-11,175.96475219726562,177.50999450683594,178.39999389648438,177.0,178.24000549316406,8071000
META,2019-04-12,177.5408935546875,179.10000610351562,179.6300048828125,177.9499969482422,178.0,12329800
META,2019-04-15,178.08612060546875,179.64999389648438,180.5,176.8699951171875,178.5,10834800
META,2019-04-16,177.31288146972656,178.8699951171875,180.1699981689453,178.3000030517578,179.0,11215200
META,2019-04-17,177.2236785888672,178.77999877929688,180.74000549316406,178.36000061035156,179.60000610351562,9973700
META,2019-04-18,176.72805786132812,178.27999877929688,178.8800048828125,177.33999633789062,178.8000030517578,11655600
META,2019-04-22,179.86056518554688,181.44000244140625,181.6699981689453,178.25,178.25,13389900
META,2019-04-23,182.18019104003906,183.77999877929688,184.22000122070312,181.47999572753906,182.74000549316406,19954800
META,2019-04-24,180.99058532714844,182.5800018310547,185.13999938964844,181.64999389648438,184.49000549316406,37289900
META,2019-04-25,191.57763671875,193.25999450683594,198.47999572753906,192.1199951171875,196.97999572753906,54148800
META,2019-04-26,189.82305908203125,191.49000549316406,192.89999389648438,189.08999633789062,192.5,22075000
META,2019-04-29,193.08441162109375,194.77999877929688,195.41000366210938,190.64999389648438,190.9499969482422,19641300
META,2019-04-30,191.71641540527344,193.39999389648438,197.38999938964844,192.27999877929688,194.19000244140625,23494700
META,2019-05-01,191.3496551513672,193.02999877929688,196.17999267578125,193.00999450683594,194.77999877929688,15996600
META,2019-05-02,190.85401916503906,192.52999877929688,194.0,189.75,193.0,13209500
META,2019-05-03,193.76840209960938,195.47000122070312,196.16000366210938,193.7100067138672,194.3800048828125,14575400
META,2019-05-06,192.19223022460938,193.8800048828125,194.27999877929688,190.5500030517578,191.24000549316406,13994900
META,2019-05-07,188.11802673339844,189.77000427246094,192.89999389648438,187.85000610351562,192.5399932861328,16253000
META,2019-05-08,187.8900146484375,189.5399932861328,190.72000122070312,188.5500030517578,189.38999938964844,12505700
META,2019-05-09,187.00775146484375,188.64999389648438,189.77000427246094,186.25999450683594,187.1999969482422,12967000
META,2019-05-10,186.70045471191406,188.33999633789062,190.0,184.58999633789062,188.25,12578500
META,2019-05-13,179.9596710205078,181.5399932861328,185.42999267578125,180.83999633789062,183.5,16833300
META,2019-05-14,179.15670776367188,180.72999572753906,183.49000549316406,178.10000610351562,182.52000427246094,17628100
META,2019-05-15,184.6485137939453,186.27000427246094,187.27999877929688,180.02000427246094,180.4199981689453,16746900
META,2019-05-16,185.36224365234375,186.99000549316406,188.5800018310547,185.0500030517578,185.0500030517578,12953100
META,2019-05-17,183.6869354248047,185.3000030517578,187.5800018310547,184.27999877929688,184.83999633789062,10485400
META,2019-05-20,181.12939453125,182.72000122070312,184.22999572753906,181.3699951171875,181.8800048828125,10352000
META,2019-05-21,183.2111358642578,184.82000732421875,185.6999969482422,183.88999938964844,184.57000732421875,7502800
META,2019-05-22,183.706787109375,185.32000732421875,186.74000549316406,183.61000061035156,184.72999572753906,9213800
META,2019-05-23,179.2954864501953,180.8699951171875,183.89999389648438,179.6699981689453,182.4199981689453,12768800
META,2019-05-24,179.48385620117188,181.05999755859375,183.6300048828125,180.8300018310547,182.3300018310547,8807700
META,2019-05-28,182.70556640625,184.30999755859375,184.7100067138672,181.4499969482422,181.5399932861328,14843300
META,2019-05-29,180.6040496826172,182.19000244140625,184.55999755859375,181.35000610351562,183.5,12797700
META,2019-05-30,181.41685485839844,183.00999450683594,183.47999572753906,180.88999938964844,183.0800018310547,8581500
META,2019-05-31,175.9250946044922,177.47000122070312,180.5399932861328,177.16000366210938,180.27999877929688,15226500
META,2019-06-03,162.72105407714844,164.14999389648438,175.0500030517578,161.00999450683594,175.0,56059600
META,2019-06-04,166.04190063476562,167.5,168.27999877929688,160.83999633789062,163.7100067138672,46044300
META,2019-06-05,166.7060546875,168.1699981689453,168.72000122070312,164.6300048828125,167.47999572753906,19758300
META,2019-06-06,166.8646697998047,168.3300018310547,169.6999969482422,167.22999572753906,168.3000030517578,12446400
META,2019-06-07,171.84095764160156,173.35000610351562,173.8699951171875,168.83999633789062,170.1699981689453,16917300
META,2019-06-10,173.2981719970703,174.82000732421875,177.86000061035156,173.8000030517578,174.75,14767900
META,2019-06-11,176.54962158203125,178.10000610351562,179.97999572753906,176.7899932861328,178.47999572753906,15266600
META,2019-06-12,173.51626586914062,175.0399932861328,179.27000427246094,172.8800048828125,178.3800048828125,17699800
META,2019-06-13,175.9250946044922,177.47000122070312,178.02999877929688,174.61000061035156,175.52999877929688,12253600
META,2019-06-14,179.75149536132812,181.3300018310547,181.83999633789062,180.0,180.50999450683594,16773700
META,2019-06-17,187.36463928222656,189.00999450683594,189.5,184.41000366210938,185.00999450683594,29459900
META,2019-06-18,186.82933044433594,188.47000122070312,194.52999877929688,187.27999877929688,194.0,37571400
META,2019-06-19,185.84796142578125,187.47999572753906,188.10000610351562,184.5500030517578,187.0,21417100
META,2019-06-20,187.88011169433594,189.52999877929688,191.16000366210938,187.63999938964844,190.9499969482422,14635700
META,2019-06-21,189.47607421875,191.13999938964844,192.0,188.75,188.75,22751200
META,2019-06-24,190.92337036132812,192.60000610351562,193.97999572753906,191.57000732421875,192.4199981689453,15509000
META,2019-06-25,187.1961212158203,188.83999633789062,193.13999938964844,188.1300048828125,192.8800048828125,16750300
META,2019-06-26,186.02639770507812,187.66000366210938,190.75999450683594,187.30999755859375,189.5399932861328,12808600
META,2019-06-27,187.8503875732422,189.5,198.8800048828125,188.27000427246094,189.8800048828125,11159000
META,2019-06-28,191.31991577148438,193.0,193.1999969482422,189.94000244140625,190.5500030517578,16378900
META,2019-07-01,191.31991577148438,193.0,195.27999877929688,191.92999267578125,195.2100067138672,14181800
META,2019-07-02,193.30252075195312,195.0,195.0,192.7100067138672,193.0,9050000
META,2019-07-03,195.4833221435547,197.1999969482422,197.39999389648438,194.16000366210938,194.16000366210938,10246100
META,2019-07-05,194.6903076171875,196.39999389648438,197.07000732421875,194.1699981689453,196.17999267578125,11164100
META,2019-07-08,194.055908203125,195.75999450683594,196.67999267578125,193.63999938964844,195.19000244140625,9723900
META,2019-07-09,197.47586059570312,199.2100067138672,199.4600067138672,194.88999938964844,194.97000122070312,14698600
META,2019-07-10,200.96522521972656,202.72999572753906,202.9600067138672,199.6699981689453,200.0,20571700
META,2019-07-11,199.478271484375,201.22999572753906,203.8000030517578,200.2100067138672,203.25999450683594,13678500
META,2019-07-12,203.08657836914062,204.8699951171875,205.3000030517578,199.16000366210938,199.67999267578125,15366300
META,2019-07-15,202.13494873046875,203.91000366210938,205.3300018310547,201.82000732421875,204.25,16030300
META,2019-07-16,202.0655517578125,203.83999633789062,205.47000122070312,203.10000610351562,203.88999938964844,12132700
META,2019-07-17,200.04330444335938,201.8000030517578,204.36000061035156,201.58999633789062,204.17999267578125,12083700
META,2019-07-18,199.03216552734375,200.77999877929688,202.47000122070312,199.3800048828125,200.14999389648438,11937900
META,2019-07-19,196.63323974609375,198.36000061035156,202.3300018310547,198.07000732421875,202.17999267578125,12098300
META,2019-07-22,200.5587615966797,202.32000732421875,202.57000732421875,198.80999755859375,199.91000366210938,13589000
META,2019-07-23,200.59841918945312,202.36000061035156,204.24000549316406,200.9600067138672,202.83999633789062,14583700
META,2019-07-24,202.87843322753906,204.66000366210938,204.80999755859375,197.22000122070312,197.6300048828125,32532500
META,2019-07-25,198.96279907226562,200.7100067138672,208.66000366210938,198.25999450683594,206.6999969482422,39889900
META,2019-07-26,198.01113891601562,199.75,202.8800048828125,196.25,200.19000244140625,24434000
META,2019-07-29,194.2343292236328,195.94000244140625,199.6300048828125,195.3000030517578,199.0,16530800
META,2019-07-30,195.32473754882812,197.0399932861328,198.7100067138672,193.5,195.38999938964844,11903600
META,2019-07-31,192.53919982910156,194.22999572753906,198.75999450683594,192.67999267578125,196.9499969482422,14593500
META,2019-08-01,191.05226135253906,192.72999572753906,198.47000122070312,190.8800048828125,194.1699981689453,17777000
META,2019-08-02,187.37457275390625,189.02000427246094,192.6199951171875,188.07000732421875,191.10000610351562,15297000
META,2019-08-05,180.14801025390625,181.72999572753906,185.6699981689453,179.33999633789062,184.69000244140625,23086700
META,2019-08-06,182.90379333496094,184.50999450683594,185.7899932861328,183.08999633789062,183.69000244140625,18035700
META,2019-08-07,183.53826904296875,185.14999389648438,186.3699951171875,181.22000122070312,183.60000610351562,15833200
META,2019-08-08,188.50465393066406,190.16000366210938,190.33999633789062,184.0500030517578,186.6199951171875,14828900
META,2019-08-09,186.21473693847656,187.85000610351562,190.97999572753906,187.1199951171875,190.0,11058800
META,2019-08-12,183.75631713867188,185.3699951171875,187.58999633789062,184.4600067138672,186.85000610351562,10930900
META,2019-08-13,186.80953979492188,188.4499969482422,191.3800048828125,185.3699951171875,185.52000427246094,13577000
META,2019-08-14,178.1455841064453,179.7100067138672,185.99000549316406,179.30999755859375,185.8000030517578,18903700
META,2019-08-15,181.0005645751953,182.58999633789062,183.1999969482422,180.02999877929688,180.9499969482422,12925900
META,2019-08-16,182.10086059570312,183.6999969482422,185.10000610351562,182.36000061035156,183.75,12654600
META,2019-08-19,184.54937744140625,186.1699981689453,187.5,184.85000610351562,186.00999450683594,9691200
META,2019-08-20,182.20989990234375,183.80999755859375,186.0,182.38999938964844,185.4499969482422,10083400
META,2019-08-21,181.9521942138672,183.5500030517578,185.89999389648438,183.13999938964844,185.0,8398200
META,2019-08-22,180.45529174804688,182.0399932861328,184.11000061035156,179.91000366210938,183.42999267578125,10821400
META,2019-08-23,176.20266723632812,177.75,183.1300048828125,176.66000366210938,180.83999633789062,17323400
META,2019-08-26,178.7899627685547,180.36000061035156,180.5,178.24000549316406,179.39999389648438,8773600
META,2019-08-27,179.72177124023438,181.3000030517578,184.0399932861328,181.00999450683594,181.92999267578125,14399600
META,2019-08-28,180.17776489257812,181.75999450683594,181.9499969482422,178.9199981689453,180.52999877929688,9386100
META,2019-08-29,183.95460510253906,185.57000732421875,186.0800018310547,183.47000122070312,183.77000427246094,10128700
META,2019-08-30,184.05372619628906,185.6699981689453,186.8000030517578,183.4600067138672,186.77999877929688,10774500
META,2019-09-03,180.80227661132812,182.38999938964844,185.6699981689453,182.11000061035156,184.0,9779400
META,2019-09-04,185.5109405517578,187.13999938964844,187.75,183.88999938964844,184.64999389648438,11308000
META,2019-09-05,189.2382049560547,190.89999389648438,191.36000061035156,187.94000244140625,188.52999877929688,13876700
META,2019-09-06,185.8578643798828,187.49000549316406,190.2100067138672,186.35000610351562,190.2100067138672,15226800
META,2019-09-09,187.1168212890625,188.75999450683594,188.97999572753906,185.85000610351562,187.72999572753906,14722400
META,2019-09-10,184.54937744140625,186.1699981689453,188.10000610351562,184.5500030517578,187.44000244140625,15455900
META,2019-09-11,186.8491668701172,188.49000549316406,189.44000244140625,186.0800018310547,186.4600067138672,11761700
META,2019-09-12,185.83804321289062,187.47000122070312,190.92999267578125,187.22999572753906,189.86000061035156,11419800
META,2019-09-13,185.56048583984375,187.19000244140625,187.97000122070312,186.5399932861328,187.3300018310547,11441100
META,2019-09-16,184.5989532470703,186.22000122070312,187.7899932861328,185.77000427246094,186.92999267578125,8444800
META,2019-09-17,186.4427490234375,188.0800018310547,188.32000732421875,185.5399932861328,186.66000366210938,9671100
META,2019-09-18,186.502197265625,188.13999938964844,189.0800018310547,186.00999450683594,188.08999633789062,9681900
META,2019-09-19,188.4848175048828,190.13999938964844,191.10000610351562,188.14999389648438,188.66000366210938,10392700
META,2019-09-20,188.27664184570312,189.92999267578125,193.10000610351562,188.1199951171875,190.66000366210938,19934200
META,2019-09-23,185.1937255859375,186.82000732421875,190.10000610351562,185.2100067138672,189.33999633789062,13327600
META,2019-09-24,179.70196533203125,181.27999877929688,188.0399932861328,180.38999938964844,187.97999572753906,18546600
META,2019-09-25,181.2086944580078,182.8000030517578,183.4199981689453,177.8699951171875,181.4499969482422,18068300
META,2019-09-26,178.54209899902344,180.11000061035156,181.39999389648438,177.6699981689453,181.3300018310547,16083300
META,2019-09-27,175.55833435058594,177.10000610351562,180.75999450683594,175.66000366210938,180.49000549316406,14656200
META,2019-09-30,176.52976989746094,178.0800018310547,178.6699981689453,176.85000610351562,177.8699951171875,10740000
META,2019-10-01,174.27957153320312,175.80999755859375,179.83999633789062,174.8800048828125,179.14999389648438,17073000
META,2019-10-02,173.08006286621094,174.60000610351562,176.52999877929688,173.08999633789062,174.83999633789062,16151700
META,2019-10-03,177.81849670410156,179.3800048828125,179.83999633789062,173.6300048828125,175.57000732421875,16086300
META,2019-10-04,178.879150390625,180.4499969482422,180.97999572753906,178.10000610351562,179.5500030517578,10430200
META,2019-10-07,178.11585998535156,179.67999267578125,181.17999267578125,178.08999633789062,180.0,9178300
META,2019-10-08,176.20266723632812,177.75,180.3699951171875,177.72000122070312,178.25999450683594,9466900
META,2019-10-09,178.2843780517578,179.85000610351562,180.72000122070312,177.94000244140625,179.16000366210938,7556900
META,2019-10-10,178.46279907226562,180.02999877929688,181.61000061035156,179.1699981689453,180.32000732421875,8605000
META,2019-10-11,182.58660888671875,184.19000244140625,186.49000549316406,182.13999938964844,182.14999389648438,14930500
META,2019-10-14,181.6845245361328,183.27999877929688,184.6199951171875,182.57000732421875,184.1999969482422,7006000
META,2019-10-15,187.2456817626953,188.88999938964844,190.3800048828125,183.66000366210938,183.8000030517578,15039100
META,2019-10-16,187.8999481201172,189.5500030517578,189.6999969482422,186.89999389648438,188.32000732421875,10516900
META,2019-10-17,188.73260498046875,190.38999938964844,190.83999633789062,188.77000427246094,190.3000030517578,9603000
META,2019-10-18,184.232177734375,185.85000610351562,191.49000549316406,183.9199981689453,190.22999572753906,16874200
META,2019-10-21,188.1081085205078,189.75999450683594,189.91000366210938,186.75,187.0399932861328,8122600
META,2019-10-22,180.75270080566406,182.33999633789062,190.64999389648438,181.5,190.0,19537600
META,2019-10-23,184.529541015625,186.14999389648438,186.3800048828125,182.0,182.00999450683594,12300400
META,2019-10-24,184.75753784179688,186.3800048828125,186.72999572753906,182.8000030517578,184.6199951171875,11413500
META,2019-10-25,186.25436401367188,187.88999938964844,189.0,185.08999633789062,185.8300018310547,8061200
META,2019-10-28,187.75128173828125,189.39999389648438,189.52999877929688,185.0800018310547,187.1999969482422,13657900
META,2019-10-29,187.6620330810547,189.30999755859375,192.52999877929688,188.47000122070312,191.69000244140625,13574900
META,2019-10-30,186.6112518310547,188.25,190.4499969482422,185.97999572753906,189.55999755859375,28734600
META,2019-10-31,189.9816436767578,191.64999389648438,198.08999633789062,188.25,196.6999969482422,42286500
META,2019-11-01,191.9344940185547,193.6199951171875,194.11000061035156,189.91000366210938,192.85000610351562,21711800
META,2019-11-04,193.0249481201172,194.72000122070312,197.3699951171875,193.80999755859375,194.5500030517578,16371300
META,2019-11-05,192.62844848632812,194.32000732421875,195.75,193.60000610351562,195.3699951171875,9942000
META,2019-11-06,189.88253784179688,191.5500030517578,194.3699951171875,191.35000610351562,194.02999877929688,10973000
META,2019-11-07,188.7623748779297,190.4199981689453,193.44000244140625,189.47000122070312,191.91000366210938,13473000
META,2019-11-08,189.1787109375,190.83999633789062,192.33999633789062,189.6999969482422,190.0,10760800
META,2019-11-11,187.9594268798828,189.61000061035156,190.0800018310547,188.5399932861328,189.92999267578125,8631200
META,2019-11-12,192.777099609375,194.47000122070312,195.05999755859375,189.74000549316406,190.0,17615500
META,2019-11-13,191.50823974609375,193.19000244140625,195.6999969482422,192.74000549316406,194.6999969482422,10860700
META,2019-11-14,191.46861267089844,193.14999389648438,194.02999877929688,191.4499969482422,192.92999267578125,9040500
META,2019-11-15,193.401611328125,195.10000610351562,195.3000030517578,193.3800048828125,194.25999450683594,11524300
META,2019-11-18,195.6815948486328,197.39999389648438,198.6300048828125,193.0500030517578,194.55999755859375,16167200
META,2019-11-19,197.58489990234375,199.32000732421875,200.0,196.86000061035156,197.39999389648438,19056800
META,2019-11-20,195.7906494140625,197.50999450683594,199.58999633789062,195.42999267578125,198.5800018310547,12355400
META,2019-11-21,196.2069854736328,197.92999267578125,199.08999633789062,196.86000061035156,197.4199981689453,12131000
META,2019-11-22,197.0892791748047,198.82000732421875,199.3000030517578,197.6199951171875,198.3800048828125,9959800
META,2019-11-25,198.05081176757812,199.7899932861328,200.97000122070312,199.25,199.52000427246094,15272300
META,2019-11-26,197.23794555664062,198.97000122070312,200.14999389648438,198.0399932861328,200.0,11735500
META,2019-11-27,200.24156188964844,202.0,203.13999938964844,199.4199981689453,199.89999389648438,12736600
META,2019-11-29,199.88467407226562,201.63999938964844,203.8000030517578,201.2100067138672,201.60000610351562,7985200
META,2019-12-02,197.96157836914062,199.6999969482422,202.17999267578125,198.0500030517578,202.1300048828125,11503400
META,2019-12-03,197.0892791748047,198.82000732421875,198.92999267578125,195.0800018310547,197.60000610351562,11595300
META,2019-12-04,196.98020935058594,198.7100067138672,200.02999877929688,198.0500030517578,200.0,8456300
META,2019-12-05,197.62452697753906,199.36000061035156,201.2899932861328,198.2100067138672,199.86000061035156,9740400
META,2019-12-06,199.2998504638672,201.0500030517578,201.57000732421875,200.05999755859375,200.5,12270600
META,2019-12-09,199.58729553222656,201.33999633789062,203.13999938964844,200.2100067138672,200.64999389648438,11954800
META,2019-12-10,199.12139892578125,200.8699951171875,202.0500030517578,200.14999389648438,201.66000366210938,9475700
META,2019-12-11,200.49929809570312,202.25999450683594,202.6300048828125,200.27999877929688,200.27999877929688,8036800
META,2019-12-12,195.03724670410156,196.75,203.66000366210938,194.10000610351562,202.35000610351562,23734800
META,2019-12-13,192.42025756835938,194.11000061035156,196.8000030517578,193.1699981689453,196.39999389648438,18798000
META,2019-12-16,196.1970977783203,197.9199981689453,199.1199951171875,194.80999755859375,195.27000427246094,14911500
META,2019-12-17,196.66299438476562,198.38999938964844,199.0,196.1300048828125,198.83999633789062,10175700
META,2019-12-18,200.73721313476562,202.5,204.3000030517578,200.08999633789062,200.08999633789062,23274400
META,2019-12-19,204.2662353515625,206.05999755859375,206.3000030517578,202.50999450683594,202.77999877929688,16514600
META,2019-12-20,204.50411987304688,206.3000030517578,207.7100067138672,203.42999267578125,207.47999572753906,27306900
META,2019-12-23,204.3851776123047,206.17999267578125,208.58999633789062,205.67999267578125,206.6999969482422,13348900
META,2019-12-24,203.33438110351562,205.1199951171875,206.7899932861328,205.0,206.3000030517578,6046300
META,2019-12-26,205.9811553955078,207.7899932861328,207.82000732421875,205.30999755859375,205.57000732421875,9350700
META,2019-12-27,206.28846740722656,208.10000610351562,208.92999267578125,206.58999633789062,208.6699981689453,10284200
META,2019-12-30,202.6305694580078,204.41000366210938,207.89999389648438,203.89999389648438,207.86000061035156,10524300
META,2019-12-31,203.46327209472656,205.25,205.55999755859375,203.60000610351562,204.0,8953500
META,2020-01-02,207.95384216308594,209.77999877929688,209.7899932861328,206.27000427246094,206.75,12077100
META,2020-01-03,206.85348510742188,208.6699981689453,210.39999389648438,206.9499969482422,207.2100067138672,11188400
META,2020-01-06,210.74929809570312,212.60000610351562,212.77999877929688,206.52000427246094,206.6999969482422,17058900
META,2020-01-07,211.2052764892578,213.05999755859375,214.5800018310547,211.75,212.82000732421875,14912400
META,2020-01-08,213.34649658203125,215.22000122070312,216.24000549316406,212.61000061035156,213.0,13475000
META,2020-01-09,216.39968872070312,218.3000030517578,218.3800048828125,216.27999877929688,217.5399932861328,12642800
META,2020-01-10,216.1617431640625,218.05999755859375,219.8800048828125,217.4199981689453,219.1999969482422,12119400
META,2020-01-13,219.978271484375,221.91000366210938,221.97000122070312,219.2100067138672,219.60000610351562,14463400
META,2020-01-14,217.15304565429688,219.05999755859375,222.3800048828125,218.6300048828125,221.61000061035156,13288900
META,2020-01-15,219.224853515625,221.14999389648438,221.67999267578125,220.13999938964844,220.61000061035156,10036500
META,2020-01-16,219.8394775390625,221.77000427246094,222.6300048828125,220.38999938964844,222.57000732421875,10015300
META,2020-01-17,220.20623779296875,222.13999938964844,222.2899932861328,220.52999877929688,222.02999877929688,15905900
META,2020-01-21,219.5123291015625,221.44000244140625,222.3699951171875,219.1199951171875,222.16000366210938,14275800
META,2020-01-22,219.3933868408203,221.32000732421875,222.75,221.27999877929688,222.30999755859375,12212800
META,2020-01-23,217.84693908691406,219.75999450683594,221.49000549316406,219.27000427246094,220.75,11195000
META,2020-01-24,216.0428009033203,217.94000244140625,221.77999877929688,216.11000061035156,220.8000030517578,11905800
META,2020-01-27,212.99952697753906,214.8699951171875,216.05999755859375,212.5,213.10000610351562,13810700
META,2020-01-28,215.8940887451172,217.7899932861328,218.74000549316406,213.52000427246094,216.13999938964844,13413800
META,2020-01-29,221.2867431640625,223.22999572753906,224.1999969482422,218.4499969482422,221.44000244140625,33181300
META,2020-01-30,207.70602416992188,209.52999877929688,211.42999267578125,204.75,206.52999877929688,48775500
META,2020-01-31,200.15234375,201.91000366210938,208.69000244140625,201.05999755859375,208.42999267578125,31359900
META,2020-02-03,202.41250610351562,204.19000244140625,205.13999938964844,202.5,203.44000244140625,15495600
META,2020-02-04,208.00340270996094,209.8300018310547,210.60000610351562,205.1999969482422,206.6199951171875,19628900
META,2020-02-05,208.2809600830078,210.11000061035156,212.72999572753906,208.7100067138672,212.50999450683594,12538200
META,2020-02-06,209.0145263671875,210.85000610351562,211.19000244140625,209.33999633789062,210.47000122070312,10567500
META,2020-02-07,210.48165893554688,212.3300018310547,212.82000732421875,209.92999267578125,210.3000030517578,12242500
META,2020-02-10,211.2052764892578,213.05999755859375,213.8000030517578,210.66000366210938,211.52000427246094,11856400
META,2020-02-11,205.38636779785156,207.19000244140625,210.86000061035156,206.50999450683594,210.19000244140625,25030800
META,2020-02-12,208.92532348632812,210.75999450683594,211.22000122070312,207.39999389648438,207.85000610351562,13813700
META,2020-02-13,211.28457641601562,213.13999938964844,214.3300018310547,209.17999267578125,209.52000427246094,15396600
META,2020-02-14,212.31553649902344,214.17999267578125,214.92999267578125,212.64999389648438,214.0,10741700
META,2020-02-18,215.90403747558594,217.8000030517578,217.97999572753906,213.39999389648438,213.5500030517578,15609200
META,2020-02-19,215.5967254638672,217.49000549316406,218.32000732421875,216.11000061035156,217.99000549316406,12135100
META,2020-02-20,212.71206665039062,214.5800018310547,218.77000427246094,212.9499969482422,216.52000427246094,13109200
META,2020-02-21,208.350341796875,210.17999267578125,214.24000549316406,208.8300018310547,213.47999572753906,14092300
META,2020-02-24,198.97271728515625,200.72000122070312,203.64999389648438,198.1699981689453,201.8000030517578,23080100
META,2020-02-25,195.0570831298828,196.77000427246094,203.5,195.9499969482422,202.25,21433500
META,2020-02-26,195.4833221435547,197.1999969482422,201.2100067138672,195.49000549316406,197.19000244140625,16524500
META,2020-02-27,188.09820556640625,189.75,195.8800048828125,189.5,191.82000732421875,21682600
META,2020-02-28,190.79452514648438,192.47000122070312,192.74000549316406,181.82000732421875,182.6999969482422,32568900
META,2020-03-02,194.72998046875,196.44000244140625,196.57000732421875,188.85000610351562,194.02999877929688,24949000
META,2020-03-03,184.2718048095703,185.88999938964844,197.24000549316406,183.97000122070312,196.22000122070312,27984100
META,2020-03-04,190.0906982421875,191.75999450683594,191.8300018310547,186.38999938964844,189.1699981689453,23062500
META,2020-03-05,183.55809020996094,185.1699981689453,188.99000549316406,183.88999938964844,186.77999877929688,19333400
META,2020-03-06,179.5135955810547,181.08999633789062,183.77999877929688,176.25999450683594,178.3300018310547,24559600
META,2020-03-09,168.02450561523438,169.5,175.0,165.19000244140625,169.60000610351562,29949000
META,2020-03-10,176.63882446289062,178.19000244140625,178.2899932861328,169.5,174.6699981689453,24517800
META,2020-03-11,168.75807189941406,170.24000549316406,175.8800048828125,167.66000366210938,174.00999450683594,20373900
META,2020-03-12,153.1253204345703,154.47000122070312,166.60000610351562,154.33999633789062,159.5399932861328,43266300
META,2020-03-13,168.79769897460938,170.27999877929688,170.7899932861328,157.60000610351562,163.52999877929688,35028600
META,2020-03-16,144.7389678955078,146.00999450683594,159.1300048828125,143.10000610351562,152.32000732421875,39120400
META,2020-03-17,148.11929321289062,149.4199981689453,153.94000244140625,140.0,150.74000549316406,34255600
META,2020-03-18,145.68067932128906,146.9600067138672,148.17999267578125,137.10000610351562,139.75,37553100
META,2020-03-19,151.7969970703125,153.1300048828125,159.92999267578125,144.8000030517578,146.6199951171875,39862300
META,2020-03-20,148.42657470703125,149.72999572753906,159.27000427246094,148.0,156.02000427246094,32568400
META,2020-03-23,146.81077575683594,148.10000610351562,152.30999755859375,142.25,149.66000366210938,29830800
META,2020-03-24,159.57864379882812,160.97999572753906,161.30999755859375,152.57000732421875,155.2100067138672,30440400
META,2020-03-25,154.8501739501953,156.2100067138672,162.99000549316406,153.05999755859375,158.9199981689453,35184300
META,2020-03-26,161.91812133789062,163.33999633789062,164.0,157.02000427246094,158.25,26556800
META,2020-03-27,155.4250946044922,156.7899932861328,160.08999633789062,154.75,158.1999969482422,24879900
META,2020-03-30,164.50537109375,165.9499969482422,166.75,158.05999755859375,159.17999267578125,22515200
META,2020-03-31,165.3479766845703,166.8000030517578,170.92999267578125,164.1999969482422,165.47999572753906,23676300
META,2020-04-01,158.21066284179688,159.60000610351562,164.14999389648438,158.0399932861328,161.6199951171875,19507600
META,2020-04-02,156.8129425048828,158.19000244140625,161.35000610351562,155.9199981689453,159.10000610351562,20886300
META,2020-04-03,152.83782958984375,154.17999267578125,157.91000366210938,150.8300018310547,157.14999389648438,25983300
META,2020-04-06,164.10887145996094,165.5500030517578,166.1999969482422,158.50999450683594,160.14999389648438,28453600
META,2020-04-07,167.36032104492188,168.8300018310547,173.38999938964844,166.00999450683594,171.7899932861328,31411900
META,2020-04-08,172.76284790039062,174.27999877929688,175.0,167.74000549316406,171.25,21664200
META,2020-04-09,173.66494750976562,175.19000244140625,177.0800018310547,171.57000732421875,175.89999389648438,23534300
META,2020-04-13,173.2684326171875,174.7899932861328,175.0,169.4499969482422,173.6699981689453,19355400
META,2020-04-14,176.61900329589844,178.1699981689453,181.22999572753906,176.6199951171875,178.97999572753906,21011800
META,2020-04-15,175.4294891357422,176.97000122070312,178.19000244140625,172.82000732421875,175.19000244140625,17423000
META,2020-04-16,174.71571350097656,176.25,178.0500030517578,172.50999450683594,177.9499969482422,23593200
META,2020-04-17,177.67967224121094,179.24000549316406,180.27999877929688,176.66000366210938,179.1999969482422,20974800
META,2020-04-20,176.6884002685547,178.24000549316406,180.5,176.77000427246094,177.41000366210938,16110700
META,2020-04-21,169.31317138671875,170.8000030517578,175.3800048828125,168.33999633789062,175.25,24850500
META,2020-04-22,180.6932373046875,182.27999877929688,184.77999877929688,178.13999938964844,178.4499969482422,33242000
META,2020-04-23,183.5184326171875,185.1300048828125,187.0500030517578,183.14999389648438,184.0800018310547,21426600
META,2020-04-24,188.41542053222656,190.07000732421875,190.41000366210938,180.8300018310547,183.22999572753906,28792000
META,2020-04-27,185.8677978515625,187.5,193.75,187.41000366210938,192.66000366210938,29197800
META,2020-04-28,181.3177490234375,182.91000366210938,189.1999969482422,182.55999755859375,188.66000366210938,21731000
META,2020-04-29,192.49954223632812,194.19000244140625,196.91000366210938,190.0,190.92999267578125,45954500
META,2020-04-30,202.92796325683594,204.7100067138672,209.69000244140625,201.57000732421875,206.9199981689453,46230100
META,2020-05-01,200.50924682617188,202.27000427246094,207.27999877929688,199.0500030517578,201.60000610351562,30415600
META,2020-05-04,203.47315979003906,205.25999450683594,205.91000366210938,198.75999450683594,200.1999969482422,19250700
META,2020-05-05,205.26742553710938,207.07000732421875,210.3800048828125,206.5,207.02000427246094,21071200
META,2020-05-06,206.6552276611328,208.47000122070312,211.60000610351562,206.66000366210938,208.1199951171875,21857000
META,2020-05-07,209.4209442138672,211.25999450683594,211.60000610351562,209.0399932861328,211.16000366210938,15152000
META,2020-05-08,210.50148010253906,212.35000610351562,213.2100067138672,210.85000610351562,212.24000549316406,12506000
META,2020-05-11,211.32421875,213.17999267578125,215.0,210.3699951171875,210.88999938964844,12911900
META,2020-05-12,208.2710723876953,210.10000610351562,215.27999877929688,210.0,213.2899932861328,14704600
META,2020-05-13,203.3145751953125,205.10000610351562,210.77999877929688,202.11000061035156,209.42999267578125,20684600
META,2020-05-14,205.0096893310547,206.80999755859375,206.92999267578125,200.69000244140625,202.55999755859375,17178900
META,2020-05-15,209.04425048828125,210.8800048828125,211.33999633789062,204.1199951171875,205.27000427246094,19383200
META,2020-05-18,211.3341522216797,213.19000244140625,214.63999938964844,210.94000244140625,212.14999389648438,20151900
META,2020-05-19,214.9920654296875,216.8800048828125,220.49000549316406,212.8300018310547,213.27000427246094,31843200
META,2020-05-20,227.96807861328125,229.97000122070312,231.33999633789062,223.19000244140625,223.5,50162900
META,2020-05-21,229.3756866455078,231.38999938964844,237.1999969482422,231.1999969482422,234.72000122070312,47782600
META,2020-05-22,232.86508178710938,234.91000366210938,235.99000549316406,228.74000549316406,231.50999450683594,33925600
META,2020-05-26,230.17864990234375,232.1999969482422,240.89999389648438,231.6699981689453,239.77000427246094,33178300
META,2020-05-27,227.14529418945312,229.13999938964844,230.55999755859375,221.1300048828125,229.07000732421875,34697600
META,2020-05-28,223.49734497070312,225.4600067138672,231.6300048828125,224.0,224.3000030517578,29377200
META,2020-05-29,223.1305694580078,225.08999633789062,227.49000549316406,222.8800048828125,225.1999969482422,23241500
META,2020-06-01,229.89117431640625,231.91000366210938,232.44000244140625,223.5,224.58999633789062,18223800
META,2020-06-02,230.6941375732422,232.72000122070312,233.0,226.55999755859375,230.94000244140625,20919000
META,2020-06-03,228.15643310546875,230.16000366210938,232.64999389648438,228.52999877929688,232.11000061035156,15380300
META,2020-06-04,224.32009887695312,226.2899932861328,231.6300048828125,224.61000061035156,229.55999755859375,17041500
META,2020-06-05,228.76112365722656,230.77000427246094,231.35000610351562,225.30999755859375,226.7100067138672,16750400
META,2020-06-08,229.38565063476562,231.39999389648438,231.5500030517578,227.41000366210938,229.02999877929688,15466500
META,2020-06-09,236.5923614501953,238.6699981689453,239.77000427246094,230.41000366210938,231.52000427246094,27462900
META,2020-06-10,234.66921997070312,236.72999572753906,241.2100067138672,235.27999877929688,240.9600067138672,20720700
META,2020-06-11,222.476318359375,224.42999267578125,232.88999938964844,223.5500030517578,229.94000244140625,26708200
META,2020-06-12,226.5901641845703,228.5800018310547,231.66000366210938,224.5,229.89999389648438,22091400
META,2020-06-15,230.47607421875,232.5,233.77000427246094,224.8000030517578,225.08999633789062,15340300
META,2020-06-16,233.59864807128906,235.64999389648438,238.4600067138672,233.0,237.13999938964844,15236700
META,2020-06-17,233.47967529296875,235.52999877929688,237.58999633789062,231.72999572753906,235.0,19578100
META,2020-06-18,233.88607788085938,235.94000244140625,236.13999938964844,232.14999389648438,234.99000549316406,15782500
META,2020-06-19,236.71128845214844,238.7899932861328,240.8300018310547,235.5500030517578,237.7899932861328,30081300
META,2020-06-22,237.13754272460938,239.22000122070312,240.6999969482422,236.91000366210938,238.55999755859375,18917800
META,2020-06-23,240.1313018798828,242.24000549316406,245.19000244140625,239.86000061035156,241.27999877929688,24017900
META,2020-06-24,231.9828338623047,234.02000427246094,243.22000122070312,232.67999267578125,241.1999969482422,20834900
META,2020-06-25,233.62835693359375,235.67999267578125,237.3000030517578,232.74000549316406,234.6199951171875,18704300
META,2020-06-26,214.1990203857422,216.0800018310547,233.08999633789062,215.39999389648438,232.63999938964844,76343900
META,2020-06-29,218.71929931640625,220.63999938964844,220.75,207.11000061035156,209.75,58514300
META,2020-06-30,225.0933380126953,227.07000732421875,227.5,218.47000122070312,220.58999633789062,33927100
META,2020-07-01,235.4821014404297,237.5500030517578,239.0,227.55999755859375,228.5,43399700
META,2020-07-02,231.38804626464844,233.4199981689453,240.0,232.61000061035156,239.0,30633600
META,2020-07-06,238.18833923339844,240.27999877929688,240.39999389648438,232.27000427246094,233.75999450683594,26206200
META,2020-07-07,238.76329040527344,240.86000061035156,247.64999389648438,238.82000732421875,239.41000366210938,27887800
META,2020-07-08,241.45960998535156,243.5800018310547,246.99000549316406,236.58999633789062,238.11000061035156,29791300
META,2020-07-09,242.37159729003906,244.5,246.52999877929688,239.24000549316406,245.0,22174900
META,2020-07-10,242.9366455078125,245.07000732421875,245.49000549316406,239.32000732421875,243.69000244140625,22982700
META,2020-07-13,236.9194793701172,239.0,250.14999389648438,238.4199981689453,247.00999450683594,24674900
META,2020-07-14,237.64312744140625,239.72999572753906,240.3300018310547,232.02999877929688,236.75999450683594,23378100
META,2020-07-15,238.18833923339844,240.27999877929688,244.82000732421875,238.0500030517578,241.5500030517578,19133600
META,2020-07-16,238.83265686035156,240.92999267578125,241.75999450683594,236.3300018310547,238.0,18880700
META,2020-07-17,239.92311096191406,242.02999877929688,244.16000366210938,237.86000061035156,241.0,18152400
META,2020-07-20,243.28358459472656,245.4199981689453,246.0500030517578,235.63999938964844,240.05999755859375,20872200
META,2020-07-21,239.64552307128906,241.75,246.91000366210938,240.0800018310547,246.22000122070312,19364200
META,2020-07-22,237.7819061279297,239.8699951171875,241.89999389648438,238.1199951171875,240.25999450683594,15427900
META,2020-07-23,230.5751953125,232.60000610351562,242.4199981689453,231.75,239.6300048828125,21771800
META,2020-07-24,228.70166015625,230.7100067138672,233.49000549316406,226.89999389648438,230.19000244140625,18325800
META,2020-07-27,231.4673614501953,233.5,234.9499969482422,230.8300018310547,231.4600067138672,13163100
META,2020-07-28,228.11676025390625,230.1199951171875,234.9600067138672,229.8300018310547,234.6300048828125,14170100
META,2020-07-29,231.25918579101562,233.2899932861328,233.6999969482422,230.30999755859375,231.13999938964844,13588300
META,2020-07-30,232.45864868164062,234.5,234.88999938964844,229.0,230.22000122070312,20615300
META,2020-07-31,251.46177673339844,253.6699981689453,255.85000610351562,249.0,255.82000732421875,53005100
META,2020-08-03,249.7666778564453,251.9600067138672,255.39999389648438,250.3300018310547,252.64999389648438,23124900
META,2020-08-04,247.65521240234375,249.8300018310547,252.8000030517578,247.42999267578125,251.55999755859375,17183500
META,2020-08-05,246.9513702392578,249.1199951171875,252.27000427246094,247.77000427246094,250.19000244140625,13050100
META,2020-08-06,262.9706726074219,265.2799987792969,266.6000061035156,248.6699981689453,249.0399932861328,45241600
META,2020-08-07,266.1032409667969,268.44000244140625,278.8900146484375,263.42999267578125,264.0799865722656,72766400
META,2020-08-10,260.7105712890625,263.0,273.8599853515625,259.69000244140625,268.0400085449219,30248800
META,2020-08-11,253.900390625,256.1300048828125,265.9200134277344,255.1300048828125,260.19000244140625,28238300
META,2020-08-12,257.6275939941406,259.8900146484375,263.8999938964844,258.1099853515625,258.9700012207031,21415700
META,2020-08-13,259.02532958984375,261.29998779296875,265.1600036621094,259.57000732421875,261.54998779296875,17374000
META,2020-08-14,258.96588134765625,261.239990234375,262.6499938964844,258.67999267578125,262.30999755859375,14792700
META,2020-08-17,258.8865661621094,261.1600036621094,264.1000061035156,259.3999938964844,262.5,13351100
META,2020-08-18,260.05633544921875,262.3399963378906,265.1499938964844,259.260009765625,260.95001220703125,18690400
META,2020-08-19,260.3040771484375,262.5899963378906,267.9100036621094,261.3500061035156,261.3900146484375,23291500
META,2020-08-20,266.668212890625,269.010009765625,269.6300048828125,261.4599914550781,261.5,20299700
META,2020-08-21,264.6856689453125,267.010009765625,270.489990234375,266.4200134277344,268.69000244140625,15538600
META,2020-08-24,269.0275573730469,271.3900146484375,277.25,268.7699890136719,271.07000732421875,23685600
META,2020-08-25,278.37542724609375,280.82000732421875,283.0899963378906,270.260009765625,272.4100036621094,42127200
META,2020-08-26,301.264404296875,303.9100036621094,304.6700134277344,284.0,284.0,69015200
META,2020-08-27,290.66748046875,293.2200012207031,301.2300109863281,292.0199890136719,300.1600036621094,30301300
META,2020-08-28,291.1036376953125,293.6600036621094,297.2300109863281,290.9800109863281,295.0,17157400
META,2020-08-31,290.647705078125,293.20001220703125,296.8800048828125,291.54998779296875,293.95001220703125,17345100
META,2020-09-01,292.8681335449219,295.44000244140625,301.489990234375,292.7099914550781,294.7099914550781,17295900
META,2020-09-02,299.8666687011719,302.5,303.6000061035156,293.04998779296875,298.8800048828125,24341400
META,2020-09-03,288.5857849121094,291.1199951171875,297.6000061035156,283.6300048828125,295.989990234375,32294100
META,2020-09-04,280.2688293457031,282.7300109863281,289.0,271.1400146484375,287.25,30333700
META,2020-09-08,268.7995300292969,271.1600036621094,279.29998779296875,269.4200134277344,271.2799987792969,24864000
META,2020-09-09,271.3372802734375,273.7200012207031,278.4800109863281,271.3500061035156,275.7699890136719,22918800
META,2020-09-10,265.7562561035156,268.0899963378906,279.1600036621094,267.0299987792969,275.510009765625,24814700
META,2020-09-11,264.28912353515625,266.6099853515625,271.3900146484375,262.6400146484375,270.05999755859375,18913900
META,2020-09-14,263.8331604003906,266.1499938964844,276.6400146484375,265.70001220703125,270.95001220703125,24093800
META,2020-09-15,270.0485534667969,272.4200134277344,274.5199890136719,269.29998779296875,270.6700134277344,18478500
META,2020-09-16,261.22601318359375,263.5199890136719,272.44000244140625,261.7900085449219,267.2900085449219,29183400
META,2020-09-17,252.6017608642578,254.82000732421875,261.5,250.19000244140625,258.2799987792969,31281400
META,2020-09-18,250.3317108154297,252.52999877929688,259.20001220703125,250.0500030517578,258.3999938964844,28130800
META,2020-09-21,245.9898223876953,248.14999389648438,249.9499969482422,244.1300048828125,247.5399932861328,24709400
META,2020-09-22,252.5323944091797,254.75,255.32000732421875,248.22000122070312,253.30999755859375,30293100
META,2020-09-23,246.8522491455078,249.02000427246094,257.989990234375,248.14999389648438,255.25999450683594,19641300
META,2020-09-24,247.35781860351562,249.52999877929688,252.24000549316406,245.6199951171875,246.5,20006800
META,2020-09-25,252.6017608642578,254.82000732421875,255.75,246.61000061035156,249.39999389648438,18351300
META,2020-09-28,254.5843505859375,256.82000732421875,259.6000061035156,254.82000732421875,259.3999938964844,18826300
META,2020-09-29,259.5110778808594,261.7900085449219,263.3299865722656,256.8999938964844,257.80999755859375,20200200
META,2020-09-30,259.6201171875,261.8999938964844,266.0799865722656,260.1000061035156,261.9800109863281,20142500
META,2020-10-01,264.3089599609375,266.6300048828125,268.3299865722656,264.79998779296875,265.3500061035156,20009800
META,2020-10-02,257.6772155761719,259.94000244140625,265.1499938964844,259.17999267578125,261.2099914550781,16367600
META,2020-10-05,262.3462219238281,264.6499938964844,264.8699951171875,260.8399963378906,262.20001220703125,12822300
META,2020-10-06,256.4083557128906,258.6600036621094,265.69000244140625,258.239990234375,261.7799987792969,18696900
META,2020-10-07,255.87303161621094,258.1199951171875,260.17999267578125,254.82000732421875,259.2099914550781,23133400
META,2020-10-08,261.4639587402344,263.760009765625,264.6199951171875,259.1499938964844,259.75,16312800
META,2020-10-09,262.14794921875,264.45001220703125,264.75,262.1700134277344,264.5199890136719,14107800
META,2020-10-12,273.3495788574219,275.75,280.17999267578125,267.8699951171875,270.20001220703125,31019300
META,2020-10-13,273.7361755371094,276.1400146484375,279.1000061035156,273.3900146484375,277.5799865722656,18063300
META,2020-10-14,269.45379638671875,271.82000732421875,278.75,271.5,277.6199951171875,15577800
META,2020-10-15,264.3982238769531,266.7200012207031,269.0400085449219,263.6700134277344,267.6000061035156,15416100
META,2020-10-16,263.61505126953125,265.92999267578125,271.3699951171875,265.29998779296875,267.3800048828125,16622700
META,2020-10-19,259.12451171875,261.3999938964844,268.54998779296875,259.8800048828125,265.5299987792969,13587000
META,2020-10-20,265.2308044433594,267.55999755859375,269.70001220703125,262.8800048828125,263.05999755859375,18763200
META,2020-10-21,276.3036193847656,278.7300109863281,283.04998779296875,276.3699951171875,279.55999755859375,28998600
META,2020-10-22,275.69891357421875,278.1199951171875,282.45001220703125,275.0400085449219,279.8699951171875,16720000
META,2020-10-23,282.3108825683594,284.7900085449219,285.239990234375,276.82000732421875,278.79998779296875,17535200
META,2020-10-26,274.6977233886719,277.1099853515625,285.2300109863281,274.260009765625,283.1600036621094,21322900
META,2020-10-27,280.8238830566406,283.2900085449219,284.510009765625,276.30999755859375,278.760009765625,16287200
META,2020-10-28,265.33990478515625,267.6700134277344,278.7900085449219,267.260009765625,278.7900085449219,23121800
META,2020-10-29,278.3853454589844,280.8299865722656,283.6000061035156,273.7799987792969,276.54998779296875,32368100
META,2020-10-30,260.819580078125,263.1099853515625,276.70001220703125,259.1000061035156,274.5,47247800
META,2020-11-02,259.0848083496094,261.3599853515625,270.4700012207031,257.3399963378906,264.6000061035156,27165700
META,2020-11-03,262.99053955078125,265.29998779296875,270.04998779296875,260.8800048828125,263.1600036621094,17961900
META,2020-11-04,284.8782958984375,287.3800048828125,288.94000244140625,278.6199951171875,281.0,35364400
META,2020-11-05,292.11474609375,294.67999267578125,297.3800048828125,288.95001220703125,291.8999938964844,23823600
META,2020-11-06,290.8558349609375,293.4100036621094,294.6000061035156,288.05999755859375,293.95001220703125,13891000
META,2020-11-09,276.34326171875,278.7699890136719,292.5799865722656,278.5299987792969,289.8699951171875,25117700
META,2020-11-10,270.0584716796875,272.42999267578125,274.0,264.0,273.1000061035156,29067700
META,2020-11-11,274.0731506347656,276.4800109863281,278.3999938964844,272.4800109863281,273.4700012207031,14957000
META,2020-11-12,272.6854248046875,275.0799865722656,279.75,274.42999267578125,277.17999267578125,12899500
META,2020-11-13,274.5391540527344,276.95001220703125,277.760009765625,273.1000061035156,277.7200012207031,10391200
META,2020-11-16,276.5316162109375,278.9599914550781,279.4100036621094,274.6300048828125,275.04998779296875,12970400
META,2020-11-17,272.60614013671875,275.0,277.67999267578125,273.2900085449219,277.67999267578125,15040300
META,2020-11-18,269.6024475097656,271.9700012207031,277.3900146484375,271.8399963378906,274.5199890136719,12152900
META,2020-11-19,270.56402587890625,272.94000244140625,273.4700012207031,269.19000244140625,271.0199890136719,12963700
META,2020-11-20,267.3522033691406,269.70001220703125,273.0,269.4100036621094,272.55999755859375,18114700
META,2020-11-23,266.0932922363281,268.42999267578125,270.95001220703125,264.5299987792969,270.8900146484375,20990800
META,2020-11-24,274.5093994140625,276.9200134277344,277.82000732421875,267.8699951171875,268.489990234375,16930400
META,2020-11-25,273.1909484863281,275.5899963378906,280.17999267578125,272.6499938964844,278.1400146484375,12467000
META,2020-11-27,275.3916320800781,277.80999755859375,279.1300048828125,274.82000732421875,277.3900146484375,7808400
META,2020-11-30,274.5589294433594,276.9700012207031,277.70001220703125,271.010009765625,276.0299987792969,16693300
META,2020-12-01,284.0555114746094,286.54998779296875,289.29998779296875,278.9599914550781,279.1600036621094,20738900
META,2020-12-02,285.01708984375,287.5199890136719,291.7799987792969,280.8299865722656,285.3599853515625,17361600
META,2020-12-03,279.3964538574219,281.8500061035156,286.6499938964844,281.07000732421875,286.25,12921700
META,2020-12-04,277.2652282714844,279.70001220703125,283.4599914550781,279.29998779296875,280.29998779296875,10880300
META,2020-12-07,283.0939636230469,285.5799865722656,288.489990234375,278.20001220703125,279.19000244140625,13007700
META,2020-12-08,280.93292236328125,283.3999938964844,286.42999267578125,281.54998779296875,286.010009765625,10747700
META,2020-12-09,275.500732421875,277.9200134277344,287.6300048828125,271.75,283.6600036621094,25189700
META,2020-12-10,274.7076721191406,277.1199951171875,278.7300109863281,271.8599853515625,275.5400085449219,20065100
META,2020-12-11,271.168701171875,273.54998779296875,276.4800109863281,270.25,274.5299987792969,14391400
META,2020-12-14,271.8031311035156,274.19000244140625,277.2200012207031,271.55999755859375,273.3699951171875,16376900
META,2020-12-15,273.1512756347656,275.54998779296875,276.0799865722656,267.4700012207031,274.8299865722656,23979500
META,2020-12-16,273.270263671875,275.6700134277344,277.8599853515625,272.510009765625,274.760009765625,15885000
META,2020-12-17,272.09063720703125,274.4800109863281,280.44000244140625,273.6099853515625,277.07000732421875,16377800
META,2020-12-18,273.993896484375,276.3999938964844,278.0,271.1400146484375,275.7699890136719,26693200
META,2020-12-21,270.41534423828125,272.7900085449219,274.6700134277344,267.7900085449219,272.9800109863281,16553700
META,2020-12-22,264.76495361328125,267.0899963378906,271.5,264.6300048828125,271.5,17312900
META,2020-12-23,265.77606201171875,268.1099853515625,272.1700134277344,266.2300109863281,266.8900146484375,14329000
META,2020-12-24,265.072265625,267.3999938964844,270.3999938964844,266.20001220703125,268.8800048828125,6702000
META,2020-12-28,274.588623046875,277.0,277.29998779296875,265.6600036621094,268.739990234375,23299700
META,2020-12-29,274.3706359863281,276.7799987792969,280.510009765625,276.2799987792969,276.95001220703125,16383000
META,2020-12-30,269.50335693359375,271.8699951171875,278.0799865722656,271.7099914550781,277.95001220703125,11803800
META,2020-12-31,270.7821350097656,273.1600036621094,277.0899963378906,269.80999755859375,272.0,12900400
META,2021-01-04,266.59881591796875,268.94000244140625,275.0,265.20001220703125,274.7799987792969,15106100
META,2021-01-05,268.6111755371094,270.9700012207031,272.3999938964844,268.2099914550781,268.2900085449219,9871600
META,2021-01-06,261.0178527832031,263.30999755859375,267.75,260.010009765625,262.0,24354100
META,2021-01-07,266.4005432128906,268.739990234375,271.6099853515625,264.7799987792969,265.8999938964844,15789800
META,2021-01-08,265.24078369140625,267.57000732421875,268.95001220703125,263.17999267578125,268.30999755859375,18528300
META,2021-01-11,254.6041717529297,256.8399963378906,263.4700012207031,255.89999389648438,260.4800109863281,30412300
META,2021-01-12,248.90420532226562,251.08999633789062,259.7200012207031,250.3000030517578,256.6300048828125,26383500
META,2021-01-13,249.44943237304688,251.63999938964844,253.9499969482422,249.1999969482422,251.5500030517578,19528900
META,2021-01-14,243.5016632080078,245.63999938964844,255.02999877929688,244.61000061035156,253.39999389648438,29739400
META,2021-01-15,249.17189025878906,251.36000061035156,253.86000061035156,247.16000366210938,247.89999389648438,24942900
META,2021-01-19,258.8271179199219,261.1000061035156,262.20001220703125,252.72000122070312,256.8999938964844,28028500
META,2021-01-20,265.1515808105469,267.4800109863281,270.32000732421875,263.6000061035156,268.92999267578125,25199900
META,2021-01-21,270.4946594238281,272.8699951171875,273.6000061035156,267.489990234375,269.260009765625,20838700
META,2021-01-22,272.1104736328125,274.5,278.4700012207031,272.0,272.010009765625,21954000
META,2021-01-25,275.58990478515625,278.010009765625,280.1000061035156,271.510009765625,278.1400146484375,19087000
META,2021-01-26,279.5946960449219,282.04998779296875,285.3900146484375,277.80999755859375,278.1400146484375,19373600
META,2021-01-27,269.77105712890625,272.1400146484375,283.45001220703125,268.1199951171875,282.5299987792969,35346200
META,2021-01-28,262.693115234375,265.0,286.7900085449219,264.70001220703125,277.17999267578125,37758800
META,2021-01-29,256.0812072753906,258.3299865722656,266.55999755859375,254.85000610351562,265.29998779296875,30389500
META,2021-02-01,259.7292175292969,262.010009765625,264.1700134277344,254.91000366210938,259.5199890136719,22914300
META,2021-02-02,264.7550354003906,267.0799865722656,268.8500061035156,263.2699890136719,264.0,17320800
META,2021-02-03,264.32879638671875,266.6499938964844,269.20001220703125,263.8399963378906,265.6199951171875,14223400
META,2021-02-04,264.1701965332031,266.489990234375,268.1600036621094,264.0,267.010009765625,16060000
META,2021-02-05,265.7661437988281,268.1000061035156,269.1700134277344,265.6700134277344,266.79998779296875,12454400
META,2021-02-08,264.2593994140625,266.5799865722656,269.8599853515625,265.0,268.75,13755200
META,2021-02-09,267.1044616699219,269.45001220703125,273.3900146484375,265.75,266.44000244140625,14613400
META,2021-02-10,269.50335693359375,271.8699951171875,273.79998779296875,267.7200012207031,272.45001220703125,14687200
META,2021-02-11,268.0362548828125,270.3900146484375,273.5799865722656,268.489990234375,271.8900146484375,12828600
META,2021-02-12,268.145263671875,270.5,271.17999267578125,268.3399963378906,270.5199890136719,9097600
META,2021-02-16,271.5850524902344,273.9700012207031,276.6000061035156,270.04998779296875,270.79998779296875,15417200
META,2021-02-17,271.18853759765625,273.57000732421875,273.9700012207031,269.5799865722656,271.239990234375,12763200
META,2021-02-18,267.0448913574219,269.3900146484375,271.95001220703125,266.0299987792969,269.57000732421875,15249100
META,2021-02-19,259.2830810546875,261.55999755859375,270.2699890136719,260.1499938964844,269.8599853515625,25622600
META,2021-02-22,258.06378173828125,260.3299865722656,263.07000732421875,257.5299987792969,257.95001220703125,17434900
META,2021-02-23,263.5456848144531,265.8599853515625,267.4599914550781,254.9600067138672,259.5,21924600
META,2021-02-24,262.0091247558594,264.30999755859375,266.3800048828125,258.3900146484375,262.3299865722656,15736100
META,2021-02-25,252.472900390625,254.69000244140625,266.94000244140625,254.0399932861328,262.29998779296875,19053100
META,2021-02-26,255.3773956298828,257.6199951171875,265.54998779296875,256.4700012207031,256.4700012207031,26619500
META,2021-03-01,262.6039123535156,264.9100036621094,266.6499938964844,257.8999938964844,260.82000732421875,22157300
META,2021-03-02,256.7453308105469,259.0,266.7099914550781,258.6499938964844,265.7799987792969,15191700
META,2021-03-03,253.1866455078125,255.41000366210938,260.989990234375,255.10000610351562,260.2900085449219,15513500
META,2021-03-04,255.39723205566406,257.6400146484375,266.489990234375,253.5,256.4700012207031,31626500
META,2021-03-05,261.9793701171875,264.2799987792969,265.45001220703125,255.61000061035156,260.6700134277344,26820100
META,2021-03-08,253.08749389648438,255.30999755859375,265.5799865722656,255.0500030517578,265.54998779296875,18391800
META,2021-03-09,263.42669677734375,265.739990234375,268.5299987792969,259.80999755859375,261.17999267578125,22039700
META,2021-03-10,262.5940246582031,264.8999938964844,268.9700012207031,262.8699951171875,268.6400146484375,14210300
META,2021-03-11,271.4958801269531,273.8800048828125,277.8999938964844,267.82000732421875,268.1099853515625,21834000
META,2021-03-12,266.0635681152344,268.3999938964844,269.739990234375,264.0199890136719,269.1400146484375,20600200
META,2021-03-15,271.3669738769531,273.75,275.9599914550781,268.5,269.0799865722656,16844800
META,2021-03-16,276.84881591796875,279.2799987792969,282.1400146484375,274.79998779296875,276.0799865722656,22437700
META,2021-03-17,281.53765869140625,284.010009765625,286.2300109863281,275.4100036621094,275.7099914550781,21315000
META,2021-03-18,276.1945495605469,278.6199951171875,285.19000244140625,278.2799987792969,279.8699951171875,18728300
META,2021-03-19,287.5845642089844,290.1099853515625,292.79998779296875,281.20001220703125,281.2200012207031,38930500
META,2021-03-22,290.9847412109375,293.5400085449219,299.7099914550781,286.75,290.45001220703125,28273100
META,2021-03-23,288.10003662109375,290.6300048828125,298.0,289.80999755859375,293.1499938964844,23000900
META,2021-03-24,279.6839599609375,282.1400146484375,291.7200012207031,281.1600036621094,291.0,18675000
META,2021-03-25,276.3135070800781,278.739990234375,288.05999755859375,277.75,280.9800109863281,24505600
META,2021-03-26,280.5562744140625,283.0199890136719,284.5,277.7699890136719,278.29998779296875,17629200
META,2021-03-29,288.2883605957031,290.82000732421875,293.17999267578125,284.70001220703125,285.7699890136719,21718800
META,2021-03-30,285.492919921875,288.0,292.4700012207031,286.70001220703125,289.8299865722656,17474500
META,2021-03-31,291.9660949707031,294.5299987792969,296.5,288.6099853515625,289.989990234375,19498200
META,2021-04-01,296.0601501464844,298.6600036621094,302.3999938964844,296.6000061035156,298.3999938964844,17616000
META,2021-04-05,306.22088623046875,308.9100036621094,310.7699890136719,300.67999267578125,300.8900146484375,28237000
META,2021-04-06,303.593994140625,306.260009765625,311.3500061035156,305.25,308.8399963378906,17335200
META,2021-04-07,310.364501953125,313.0899963378906,314.25,305.5,306.3399963378906,22855200
META,2021-04-08,310.29510498046875,313.0199890136719,315.8800048828125,310.04998779296875,314.8500061035156,20894100
META,2021-04-09,309.739990234375,312.4599914550781,314.739990234375,310.3299865722656,311.3999938964844,15988600
META,2021-04-12,308.8280029296875,311.5400085449219,312.1499938964844,307.92999267578125,311.04998779296875,10881900
META,2021-04-13,307.0635070800781,309.760009765625,314.42999267578125,309.32000732421875,312.2099914550781,14036900
META,2021-04-14,300.18389892578125,302.82000732421875,308.0299987792969,301.95001220703125,307.29998779296875,17421400
META,2021-04-15,305.140380859375,307.82000732421875,310.1400146484375,304.1000061035156,306.3399963378906,14558300
META,2021-04-16,303.5146484375,306.17999267578125,308.95001220703125,304.6099853515625,308.1700134277344,13059200
META,2021-04-19,299.6089172363281,302.239990234375,307.70001220703125,300.55999755859375,305.010009765625,14553500
META,2021-04-20,300.0153503417969,302.6499938964844,305.1000061035156,297.2099914550781,301.989990234375,16796400
META,2021-04-21,298.8456115722656,301.4700012207031,301.9800109863281,297.3900146484375,301.95001220703125,14863500
META,2021-04-22,293.938720703125,296.5199890136719,302.9200134277344,296.0400085449219,301.3299865722656,16375400
META,2021-04-23,298.5086669921875,301.1300048828125,302.5899963378906,297.1499938964844,298.760009765625,17536800
META,2021-04-26,300.4020080566406,303.0400085449219,305.79998779296875,301.55999755859375,303.3399963378906,16172600
META,2021-04-27,300.92742919921875,303.57000732421875,305.3399963378906,301.1099853515625,304.2799987792969,15309300
META,2021-04-28,304.42669677734375,307.1000061035156,310.9200134277344,305.3699951171875,307.3599853515625,33907200
META,2021-04-29,326.6416015625,329.510009765625,331.80999755859375,321.6099853515625,330.1199951171875,56526800
META,2021-04-30,322.2501220703125,325.0799865722656,329.82000732421875,324.5,326.1400146484375,26332400
META,2021-05-03,319.7718505859375,322.5799865722656,328.54998779296875,321.8399963378906,326.1700134277344,18719500
META,2021-05-04,315.588623046875,318.3599853515625,322.19000244140625,313.1199951171875,320.0199890136719,24032600
META,2021-05-05,312.2777404785156,315.0199890136719,321.05999755859375,314.489990234375,318.19000244140625,15577600
META,2021-05-06,317.2341613769531,320.0199890136719,320.239990234375,313.2699890136719,314.5199890136719,19012200
META,2021-05-07,316.3023681640625,319.0799865722656,322.94000244140625,318.75,322.3800048828125,15916700
META,2021-05-10,303.3065490722656,305.9700012207031,314.5799865722656,304.8299865722656,314.3500061035156,24239200
META,2021-05-11,303.86163330078125,306.5299987792969,306.8399963378906,299.69000244140625,300.75,18920100
META,2021-05-12,299.9162902832031,302.54998779296875,304.9599914550781,298.19000244140625,301.1300048828125,24645500
META,2021-05-13,302.6026916503906,305.260009765625,308.8599853515625,302.7699890136719,306.0799865722656,18079200
META,2021-05-14,313.189697265625,315.94000244140625,316.8500061035156,309.0799865722656,309.5400085449219,19245700
META,2021-05-17,312.7138671875,315.4599914550781,315.67999267578125,311.5799865722656,313.54998779296875,15401300
META,2021-05-18,307.26177978515625,309.9599914550781,316.5,309.80999755859375,315.5899963378906,14522400
META,2021-05-19,310.8601379394531,313.5899963378906,314.6600036621094,303.57000732421875,304.19000244140625,19106200
META,2021-05-20,315.83648681640625,318.6099853515625,319.25,313.1600036621094,313.5799865722656,17320200
META,2021-05-21,313.4772033691406,316.2300109863281,319.92999267578125,315.80999755859375,319.2900085449219,13600900
META,2021-05-24,321.8040466308594,324.6300048828125,325.95001220703125,318.0299987792969,318.2099914550781,16445400
META,2021-05-25,324.9365539550781,327.7900085449219,329.17999267578125,324.79998779296875,327.0799865722656,16437000
META,2021-05-26,324.8076477050781,327.6600036621094,329.8299865722656,325.82000732421875,328.3500061035156,9686900
META,2021-05-27,329.8534240722656,332.75,333.7799987792969,326.760009765625,328.0,20477700
META,2021-05-28,325.8683776855469,328.7300109863281,332.8699951171875,328.3299865722656,331.0,12037400
META,2021-06-01,326.2648620605469,329.1300048828125,331.4200134277344,326.6400146484375,330.1499938964844,11765900
META,2021-06-02,326.2846984863281,329.1499938964844,331.8699951171875,327.1199951171875,330.3800048828125,11654300
META,2021-06-03,323.2018127441406,326.0400085449219,327.3800048828125,323.4800109863281,325.7799987792969,12610800
META,2021-06-04,327.47430419921875,330.3500061035156,332.4599914550781,325.17999267578125,325.8999938964844,13289400
META,2021-06-07,333.6500549316406,336.5799865722656,337.69000244140625,328.92999267578125,329.4800109863281,20136700
META,2021-06-08,330.7752685546875,333.67999267578125,338.29998779296875,332.239990234375,336.70001220703125,14580500
META,2021-06-09,327.3750915527344,330.25,336.79998779296875,330.0,335.739990234375,13727900
META,2021-06-10,329.56591796875,332.4599914550781,333.94000244140625,328.54998779296875,330.7900085449219,13240200
META,2021-06-11,328.3763427734375,331.260009765625,332.8299865722656,328.92999267578125,332.5799865722656,13587900
META,2021-06-14,333.8383483886719,336.7699890136719,336.82000732421875,329.80999755859375,331.8999938964844,12250800
META,2021-06-15,333.81854248046875,336.75,339.9200134277344,335.0299987792969,336.989990234375,15795200
META,2021-06-16,328.1978759765625,331.0799865722656,337.54998779296875,328.7200012207031,336.70001220703125,17232200
META,2021-06-17,333.5806579589844,336.510009765625,337.9800109863281,330.1499938964844,330.489990234375,17794100
META,2021-06-18,326.790283203125,329.6600036621094,336.1499938964844,329.0,334.5299987792969,23039500
META,2021-06-21,329.3973693847656,332.2900085449219,332.9200134277344,327.6499938964844,331.0899963378906,11337500
META,2021-06-22,336.0787048339844,339.0299987792969,339.9200134277344,332.6000061035156,332.69000244140625,15345300
META,2021-06-23,337.6251220703125,340.5899963378906,343.4200134277344,338.20001220703125,339.3500061035156,14817800
META,2021-06-24,340.1925354003906,343.17999267578125,344.8999938964844,341.7900085449219,341.8500061035156,12329100
META,2021-06-25,338.39837646484375,341.3699951171875,344.1199951171875,339.67999267578125,342.5899963378906,14594400
META,2021-06-28,352.5441589355469,355.6400146484375,358.1400146484375,341.7699890136719,342.4599914550781,29156100
META,2021-06-29,348.8267822265625,351.8900146484375,356.739990234375,349.04998779296875,356.2699890136719,21417300
META,2021-06-30,344.6831359863281,347.7099914550781,352.9200134277344,347.1700134277344,352.1700134277344,15107500
META,2021-07-01,351.3050231933594,354.3900146484375,354.6700134277344,346.5,346.82000732421875,17137000
META,2021-07-02,351.61236572265625,354.70001220703125,356.44000244140625,352.6199951171875,355.1000061035156,11521300
META,2021-07-06,349.7090148925781,352.7799987792969,358.7900085449219,349.17999267578125,356.5,13488500
META,2021-07-07,347.43890380859375,350.489990234375,356.489990234375,350.0,355.260009765625,14218900
META,2021-07-08,342.64105224609375,345.6499938964844,348.3299865722656,342.55999755859375,345.7300109863281,14406500
META,2021-07-09,347.36956787109375,350.4200134277344,350.7099914550781,345.2699890136719,345.32000732421875,13018700
META,2021-07-12,350.085693359375,353.1600036621094,354.19000244140625,349.6400146484375,351.2300109863281,10018600
META,2021-07-13,349.0250244140625,352.0899963378906,358.489990234375,348.79998779296875,351.5,11456000
META,2021-07-14,344.6038818359375,347.6300048828125,355.20001220703125,346.7300109863281,354.55999755859375,13894200
META,2021-07-15,341.4614562988281,344.4599914550781,349.2300109863281,340.2200012207031,349.2300109863281,14781600
META,2021-07-16,338.190185546875,341.1600036621094,345.989990234375,340.1400146484375,344.9100036621094,11026100
META,2021-07-19,334.0168151855469,336.95001220703125,339.7900085449219,334.5400085449219,337.57000732421875,14372300
META,2021-07-20,338.68585205078125,341.6600036621094,343.45001220703125,334.5,338.79998779296875,11024300
META,2021-07-21,343.2160339355469,346.2300109863281,346.5199890136719,341.25,341.5,9279700
META,2021-07-22,348.1328125,351.19000244140625,351.5400085449219,345.2099914550781,346.67999267578125,12385400
META,2021-07-23,366.5708923339844,369.7900085449219,375.3299865722656,357.19000244140625,360.9100036621094,33694300
META,2021-07-26,369.2176818847656,372.4599914550781,374.44000244140625,368.2200012207031,369.5799865722656,14925200
META,2021-07-27,364.6081237792969,367.80999755859375,373.1499938964844,364.54998779296875,371.9100036621094,15705400
META,2021-07-28,370.030517578125,373.2799987792969,377.54998779296875,366.92999267578125,374.55999755859375,29676900
META,2021-07-29,355.2008056640625,358.32000732421875,365.5199890136719,356.739990234375,361.0,33413200
META,2021-07-30,353.19830322265625,356.29998779296875,360.7300109863281,352.94000244140625,354.0,15976200
META,2021-08-02,348.8862609863281,351.95001220703125,359.3999938964844,350.739990234375,358.1000061035156,13180400
META,2021-08-03,348.182373046875,351.239990234375,353.7699890136719,347.70001220703125,352.7300109863281,12406100
META,2021-08-04,355.79559326171875,358.9200134277344,360.4800109863281,351.510009765625,352.4200134277344,14180600
META,2021-08-05,359.810302734375,362.9700012207031,363.8999938964844,356.8999938964844,359.6400146484375,10247200
META,2021-08-06,360.34564208984375,363.510009765625,365.1499938964844,361.3999938964844,361.3999938964844,8925000
META,2021-08-09,358.46209716796875,361.6099853515625,365.7799987792969,360.75,363.760009765625,7798900
META,2021-08-10,357.9863586425781,361.1300048828125,364.1000061035156,359.0400085449219,361.8299865722656,7469900
META,2021-08-11,356.8265380859375,359.9599914550781,362.3599853515625,357.80999755859375,362.1000061035156,8400300
META,2021-08-12,359.49310302734375,362.6499938964844,363.0,357.1099853515625,358.45001220703125,7170700
META,2021-08-13,360.0184326171875,363.17999267578125,364.6600036621094,361.4800109863281,362.9700012207031,7195700
META,2021-08-16,363.3690490722656,366.55999755859375,366.95001220703125,357.3800048828125,362.5199890136719,11222100
META,2021-08-17,355.3296813964844,358.45001220703125,364.6700134277344,355.07000732421875,362.9800109863281,12328700
META,2021-08-18,352.3558044433594,355.45001220703125,359.8599853515625,355.1499938964844,356.25,10042400
META,2021-08-19,352.0285949707031,355.1199951171875,357.57000732421875,351.0,351.3500061035156,12004500
META,2021-08-20,356.2417297363281,359.3699951171875,359.989990234375,353.30999755859375,354.6000061035156,8697700
META,2021-08-23,360.1869812011719,363.3500061035156,365.69000244140625,359.1000061035156,359.44000244140625,10942000
META,2021-08-24,362.3282470703125,365.510009765625,367.9599914550781,361.8399963378906,363.6600036621094,9235100
META,2021-08-25,365.18316650390625,368.3900146484375,370.8599853515625,365.3999938964844,365.6000061035156,9684500
META,2021-08-26,361.2080993652344,364.3800048828125,369.44000244140625,364.1300048828125,368.3800048828125,7888700
META,2021-08-27,369.3861999511719,372.6300048828125,373.739990234375,364.0799865722656,365.1000061035156,11219100
META,2021-08-30,377.3463439941406,380.6600036621094,381.489990234375,370.5199890136719,372.55999755859375,13547300
META,2021-08-31,376.07745361328125,379.3800048828125,382.760009765625,378.79998779296875,379.95001220703125,12345400
META,2021-09-01,378.72418212890625,382.04998779296875,384.3299865722656,378.80999755859375,379.5899963378906,11567200
META,2021-09-02,372.01318359375,375.2799987792969,381.75,374.05999755859375,381.5,14832900
META,2021-09-03,372.984619140625,376.260009765625,377.1600036621094,373.1099853515625,374.75,7509600
META,2021-09-07,378.85308837890625,382.17999267578125,382.9599914550781,373.1499938964844,375.8800048828125,10793800
META,2021-09-08,374.2832336425781,377.57000732421875,380.8699951171875,374.7900085449219,380.1600036621094,11067200
META,2021-09-09,374.70947265625,378.0,379.8299865722656,376.57000732421875,377.6400146484375,9098900
META,2021-09-10,375.3934631347656,378.69000244140625,383.7900085449219,378.260009765625,381.3599853515625,11549600
META,2021-09-13,373.232421875,376.510009765625,381.75,374.3500061035156,381.67999267578125,13026300
META,2021-09-14,373.2522888183594,376.5299987792969,378.5899963378906,375.1099853515625,377.3999938964844,8711600
META,2021-09-15,370.6650085449219,373.9200134277344,377.55999755859375,367.6700134277344,377.0,17940300
META,2021-09-16,369.8125,373.05999755859375,373.55999755859375,369.7099914550781,372.7900085449219,11934200
META,2021-09-17,361.5450744628906,364.7200012207031,371.4100036621094,361.5899963378906,371.4100036621094,26299000
META,2021-09-20,352.6036071777344,355.70001220703125,361.0299987792969,349.79998779296875,359.29998779296875,19822800
META,2021-09-21,354.3680419921875,357.4800109863281,360.0400085449219,355.19000244140625,358.5,11751900
META,2021-09-22,340.2223205566406,343.2099914550781,349.8399963378906,340.69000244140625,347.2300109863281,43692900
META,2021-09-23,342.94842529296875,345.9599914550781,349.6700134277344,343.0,345.3599853515625,21806300
META,2021-09-24,349.88739013671875,352.9599914550781,354.3500061035156,342.3699951171875,343.239990234375,18801900
META,2021-09-27,350.5019836425781,353.5799865722656,355.1499938964844,347.0799865722656,349.80999755859375,15205800
META,2021-09-28,337.68463134765625,340.6499938964844,349.6000061035156,338.9200134277344,347.9700012207031,21710300
META,2021-09-29,336.6536560058594,339.6099853515625,345.2300109863281,338.8800048828125,343.1499938964844,14452200
META,2021-09-30,336.43560791015625,339.3900146484375,342.79998779296875,338.1499938964844,340.45001220703125,16547100
META,2021-10-01,340.0240783691406,343.010009765625,345.0199890136719,338.6400146484375,341.6099853515625,14905300
META,2021-10-04,323.3901672363281,326.2300109863281,335.94000244140625,322.70001220703125,335.5299987792969,42885000
META,2021-10-05,330.0615539550781,332.9599914550781,335.17999267578125,326.1600036621094,328.5799865722656,35377900
META,2021-10-06,330.73565673828125,333.6400146484375,334.3800048828125,325.79998779296875,329.739990234375,26443000
META,2021-10-07,326.3541259765625,329.2200012207031,338.8399963378906,328.9800109863281,337.0,28307500
META,2021-10-08,327.1768798828125,330.04998779296875,333.3999938964844,328.7099914550781,331.510009765625,15946100
META,2021-10-11,322.6169128417969,325.45001220703125,330.4599914550781,325.30999755859375,327.6300048828125,14708200
META,2021-10-12,320.9515380859375,323.7699890136719,324.3800048828125,317.3699951171875,323.0299987792969,31658700
META,2021-10-13,321.71484375,324.5400085449219,327.0,322.6600036621094,326.9700012207031,14761500
META,2021-10-14,325.67010498046875,328.5299987792969,330.5199890136719,327.1000061035156,328.3599853515625,14302200
META,2021-10-15,321.9329528808594,324.760009765625,329.07000732421875,322.510009765625,328.67999267578125,21596400
META,2021-10-18,332.4207763671875,335.3399963378906,335.8900146484375,327.5,328.95001220703125,21585000
META,2021-10-19,337.0302734375,339.989990234375,342.4599914550781,337.2799987792969,339.6499938964844,18786300
META,2021-10-20,337.8134460449219,340.7799987792969,343.9800109863281,339.45001220703125,343.45001220703125,13639500
META,2021-10-21,338.9039306640625,341.8800048828125,342.30999755859375,337.79998779296875,340.2799987792969,16354400
META,2021-10-22,321.78424072265625,324.6099853515625,329.6300048828125,321.1099853515625,326.3500061035156,35224500
META,2021-10-25,325.8287353515625,328.69000244140625,329.55999755859375,319.7200012207031,320.29998779296875,38409000
META,2021-10-26,313.0608825683594,315.80999755859375,330.2099914550781,309.6000061035156,328.260009765625,65654000
META,2021-10-27,309.5020751953125,312.2200012207031,319.25,312.05999755859375,314.19000244140625,29971800
META,2021-10-28,314.16119384765625,316.9200134277344,325.5199890136719,308.1099853515625,312.989990234375,50806800
META,2021-10-29,320.7532958984375,323.57000732421875,326.0,319.6000061035156,320.19000244140625,37059400
META,2021-11-01,327.1075744628906,329.9800109863281,333.45001220703125,326.0,326.0400085449219,31518900
META,2021-11-02,325.2240295410156,328.0799865722656,334.7900085449219,323.79998779296875,331.3800048828125,28353000
META,2021-11-03,328.73321533203125,331.6199951171875,332.1499938964844,323.20001220703125,327.489990234375,20786500
META,2021-11-04,332.9264221191406,335.8500061035156,337.2699890136719,332.6499938964844,334.010009765625,22495300
META,2021-11-05,338.16046142578125,341.1300048828125,346.7900085449219,339.6400146484375,340.30999755859375,26872800
META,2021-11-08,335.6722717285156,338.6199951171875,344.7900085449219,338.3399963378906,344.4200134277344,18342500
META,2021-11-09,332.45062255859375,335.3699951171875,341.30999755859375,334.4700012207031,340.0,17556700
META,2021-11-10,324.7878723144531,327.6400146484375,333.19000244140625,325.510009765625,332.489990234375,21872600
META,2021-11-11,324.886962890625,327.739990234375,332.4599914550781,327.0,329.82000732421875,12376600
META,2021-11-12,337.9224853515625,340.8900146484375,341.8599853515625,329.7799987792969,330.17999267578125,25414300
META,2021-11-15,344.534423828125,347.55999755859375,353.6499938964844,343.20001220703125,344.3399963378906,25076600
META,2021-11-16,339.9744873046875,342.9599914550781,346.6499938964844,340.8699951171875,343.8299865722656,18181100
META,2021-11-17,337.80352783203125,340.7699890136719,347.29998779296875,340.1000061035156,344.239990234375,13602800
META,2021-11-18,335.7417297363281,338.69000244140625,342.4599914550781,335.29998779296875,339.7200012207031,17487200
META,2021-11-19,342.29412841796875,345.29998779296875,352.1000061035156,339.8999938964844,342.20001220703125,26488500
META,2021-11-22,338.04150390625,341.010009765625,353.8299865722656,340.510009765625,349.04998779296875,27116800
META,2021-11-23,334.314208984375,337.25,341.3999938964844,333.5,338.92999267578125,17225000
META,2021-11-24,338.0910339355469,341.05999755859375,341.7799987792969,332.80999755859375,336.0,13566200
META,2021-11-26,330.22015380859375,333.1199951171875,337.75,331.8999938964844,335.79998779296875,14750700
META,2021-11-29,335.08740234375,338.0299987792969,340.6700134277344,335.30999755859375,336.8900146484375,16650900
META,2021-11-30,321.635498046875,324.4599914550781,335.80999755859375,323.42999267578125,335.0,25390000
META,2021-12-01,307.89617919921875,310.6000061035156,330.5,310.2900085449219,330.2900085449219,30329600
META,2021-12-02,307.6880187988281,310.3900146484375,314.6000061035156,307.20001220703125,311.3999938964844,24396200
META,2021-12-03,304.1689147949219,306.8399963378906,313.75,299.5,313.7300109863281,27471000
META,2021-12-06,315.1028747558594,317.8699951171875,320.1000061035156,306.3399963378906,308.1300048828125,21758300
META,2021-12-07,319.9999084472656,322.80999755859375,326.5400085449219,321.0,321.57000732421875,18794000
META,2021-12-08,327.6824035644531,330.55999755859375,332.75,323.07000732421875,325.0,19937700
META,2021-12-09,326.9488830566406,329.82000732421875,336.1300048828125,328.0,329.5400085449219,16879200
META,2021-12-10,326.8795166015625,329.75,335.0299987792969,326.3699951171875,332.55999755859375,14528000
META,2021-12-13,331.5782165527344,334.489990234375,341.0899963378906,329.5899963378906,330.95001220703125,22948700
META,2021-12-14,330.83477783203125,333.739990234375,335.70001220703125,327.6499938964844,328.04998779296875,20461000
META,2021-12-15,338.68585205078125,341.6600036621094,342.1099853515625,323.9800109863281,332.489990234375,24681300
META,2021-12-16,331.984619140625,334.8999938964844,344.4599914550781,333.739990234375,338.9800109863281,22635000
META,2021-12-17,330.88427734375,333.7900085449219,337.1099853515625,330.75,332.79998779296875,40012600
META,2021-12-20,322.6169128417969,325.45001220703125,329.8999938964844,322.5299987792969,329.7799987792969,17901800
META,2021-12-21,331.290771484375,334.20001220703125,336.0,323.75,326.4100036621094,16116800
META,2021-12-22,327.5733947753906,330.45001220703125,334.510009765625,328.260009765625,333.79998779296875,16764600
META,2021-12-23,332.32171630859375,335.239990234375,336.6700134277344,328.3599853515625,330.1000061035156,13987700
META,2021-12-27,343.1664733886719,346.17999267578125,347.8699951171875,338.010009765625,338.8500061035156,17795000
META,2021-12-28,343.2061462402344,346.2200012207031,352.7099914550781,345.20001220703125,346.6300048828125,16637600
META,2021-12-29,339.95465087890625,342.94000244140625,349.69000244140625,341.6400146484375,346.9100036621094,10747000
META,2021-12-30,341.3623046875,344.3599853515625,347.2300109863281,343.2200012207031,344.0,10593300
META,2021-12-31,333.4220275878906,336.3500061035156,343.44000244140625,336.2699890136719,343.0199890136719,12870500
META,2022-01-03,335.5929260253906,338.5400085449219,341.0799865722656,337.19000244140625,338.29998779296875,14537900
META,2022-01-04,333.6004638671875,336.5299987792969,343.0899963378906,331.8699951171875,339.95001220703125,15998000
META,2022-01-05,321.34814453125,324.1700134277344,335.760009765625,323.8399963378906,333.0199890136719,20564500
META,2022-01-06,329.56591796875,332.4599914550781,339.1700134277344,322.7200012207031,322.82000732421875,27962800
META,2022-01-07,328.9017028808594,331.7900085449219,337.0,328.8800048828125,332.739990234375,14722000
META,2022-01-10,325.2141418457031,328.07000732421875,328.3399963378906,315.42999267578125,325.30999755859375,24942400
META,2022-01-11,331.459228515625,334.3699951171875,334.6300048828125,325.2799987792969,326.7799987792969,16226800
META,2022-01-12,330.35894775390625,333.260009765625,336.3699951171875,330.0299987792969,335.17999267578125,14104900
META,2022-01-13,323.6379699707031,326.4800109863281,335.6300048828125,325.760009765625,334.9800109863281,14797100
META,2022-01-14,329.0107421875,331.8999938964844,332.7300109863281,321.2099914550781,321.7900085449219,16868500
META,2022-01-18,315.3804626464844,318.1499938964844,324.2099914550781,317.6400146484375,323.2900085449219,22645600
META,2022-01-19,316.80792236328125,319.5899963378906,327.1000061035156,319.3299865722656,319.5799865722656,20814700
META,2022-01-20,313.8042907714844,316.55999755859375,327.82000732421875,315.9800109863281,323.8999938964844,16925000
META,2022-01-21,300.5308837890625,303.1700134277344,318.30999755859375,303.0400085449219,314.80999755859375,28710700
META,2022-01-24,306.0226135253906,308.7099914550781,309.5299987792969,289.010009765625,297.8399963378906,38878100
META,2022-01-25,297.5371398925781,300.1499938964844,306.2300109863281,297.5799865722656,299.95001220703125,25108500
META,2022-01-26,292.0652160644531,294.6300048828125,307.510009765625,290.8500061035156,307.010009765625,28348800
META,2022-01-27,292.0751037597656,294.6400146484375,301.7099914550781,294.260009765625,297.75,21629900
META,2022-01-28,299.0835876464844,301.7099914550781,301.8999938964844,293.0299987792969,295.6199951171875,21871600
META,2022-01-31,310.53302001953125,313.260009765625,313.7900085449219,299.32000732421875,300.67999267578125,21579500
META,2022-02-01,316.2230529785156,319.0,319.6600036621094,312.1199951171875,314.55999755859375,18023800
META,2022-02-02,320.18829345703125,323.0,328.0,316.8699951171875,327.82000732421875,58458300
META,2022-02-03,235.69027709960938,237.75999450683594,248.0,235.75,244.64999389648438,188119900
META,2022-02-04,235.02610778808594,237.08999633789062,242.61000061035156,230.11000061035156,234.97000122070312,89342200
META,2022-02-07,222.95213317871094,224.91000366210938,238.3000030517578,224.00999450683594,237.6999969482422,88613800
META,2022-02-08,218.26332092285156,220.17999267578125,225.77000427246094,216.14999389648438,220.85000610351562,94729700
META,2022-02-09,229.9804229736328,232.0,233.3699951171875,222.2100067138672,224.1999969482422,86563300
META,2022-02-10,226.0846405029297,228.07000732421875,235.0,226.6999969482422,228.27000427246094,49310400
META,2022-02-11,217.6387939453125,219.5500030517578,230.4199981689453,218.77000427246094,228.4600067138672,46156900
META,2022-02-14,215.80490112304688,217.6999969482422,221.0,214.77999877929688,219.30999755859375,38184000
META,2022-02-15,219.07615661621094,221.0,221.14999389648438,215.05999755859375,220.47000122070312,42685500
META,2022-02-16,214.6549835205078,216.5399932861328,217.4600067138672,212.36000061035156,212.41000366210938,45817500
META,2022-02-17,205.90187072753906,207.7100067138672,217.5,207.16000366210938,214.02000427246094,38747500
META,2022-02-18,204.36537170410156,206.16000366210938,210.75,205.17999267578125,209.38999938964844,37128400
META,2022-02-22,200.3208770751953,202.0800018310547,207.47999572753906,200.05999755859375,202.33999633789062,39852400
META,2022-02-23,196.72244262695312,198.4499969482422,206.94000244140625,198.0500030517578,204.16000366210938,44481400
META,2022-02-24,205.79283142089844,207.60000610351562,208.35000610351562,190.22000122070312,191.05999755859375,49957200
META,2022-02-25,208.64772033691406,210.47999572753906,211.32000732421875,203.17999267578125,204.94000244140625,37627600
META,2022-02-28,209.19296264648438,211.02999877929688,213.14999389648438,206.8300018310547,207.67999267578125,34239800
META,2022-03-01,201.71859741210938,203.49000549316406,211.75,202.22000122070312,209.8699951171875,27094900
META,2022-03-02,206.29837036132812,208.11000061035156,209.14999389648438,202.02000427246094,204.77999877929688,29452100
META,2022-03-03,201.20314025878906,202.97000122070312,209.0800018310547,201.4199981689453,209.02000427246094,27263500
META,2022-03-04,198.31846618652344,200.05999755859375,205.88999938964844,198.7899932861328,202.3699951171875,32130900
META,2022-03-07,185.83804321289062,187.47000122070312,200.88999938964844,187.27999877929688,200.7899932861328,38560600
META,2022-03-08,188.6334991455078,190.2899932861328,196.6999969482422,186.11000061035156,187.85000610351562,37508100
META,2022-03-09,196.7720489501953,198.5,199.10000610351562,193.9199981689453,195.74000549316406,31894700
META,2022-03-10,193.5106964111328,195.2100067138672,196.27999877929688,191.07000732421875,194.83999633789062,24853000
META,2022-03-11,185.97682189941406,187.61000061035156,193.55999755859375,186.6699981689453,192.63999938964844,34694500
META,2022-03-14,185.00537109375,186.6300048828125,192.2899932861328,185.82000732421875,187.02999877929688,31010500
META,2022-03-15,190.35833740234375,192.02999877929688,192.27999877929688,185.91000366210938,190.8000030517578,31721700
META,2022-03-16,201.8573760986328,203.6300048828125,203.72999572753906,194.52000427246094,194.6999969482422,40640300
META,2022-03-17,206.03073120117188,207.83999633789062,208.0399932861328,201.11000061035156,201.6999969482422,29499700
META,2022-03-18,214.60543823242188,216.49000549316406,216.8000030517578,206.0,206.6999969482422,52128000
META,2022-03-21,209.6489715576172,211.49000549316406,214.7100067138672,207.6300048828125,214.5,30142300
META,2022-03-22,214.76405334472656,216.64999389648438,219.4600067138672,210.17999267578125,211.3699951171875,31998800
META,2022-03-23,211.60183715820312,213.4600067138672,216.8000030517578,212.16000366210938,213.3300018310547,23717300
META,2022-03-24,217.65866088867188,219.57000732421875,220.6699981689453,214.7899932861328,215.0,31502300
META,2022-03-25,219.88902282714844,221.82000732421875,225.5,218.88999938964844,220.50999450683594,40039000
META,2022-03-28,221.6436309814453,223.58999633789062,224.0399932861328,219.5399932861328,222.1300048828125,26224100
META,2022-03-29,227.8590545654297,229.86000061035156,230.88999938964844,225.2899932861328,226.07000732421875,31417900
META,2022-03-30,225.86656188964844,227.85000610351562,231.14999389648438,226.7100067138672,228.91000366210938,25588000
META,2022-03-31,220.42434692382812,222.36000061035156,228.49000549316406,222.25999450683594,228.4499969482422,24192300
META,2022-04-01,222.89268493652344,224.85000610351562,227.27999877929688,222.6999969482422,224.5500030517578,19544800
META,2022-04-04,231.85394287109375,233.88999938964844,234.35000610351562,225.86000061035156,225.97999572753906,28054800
META,2022-04-05,229.82179260253906,231.83999633789062,236.86000061035156,231.02000427246094,234.0800018310547,29727200
META,2022-04-06,221.35614013671875,223.3000030517578,228.99000549316406,221.41000366210938,226.91000366210938,28995100
META,2022-04-07,221.0092010498047,222.9499969482422,225.52000427246094,218.55999755859375,223.92999267578125,21037200
META,2022-04-08,220.3945770263672,222.3300018310547,225.1300048828125,220.02999877929688,222.3800048828125,18375700
META,2022-04-11,214.57571411132812,216.4600067138672,220.61000061035156,215.22000122070312,218.4199981689453,20516600
META,2022-04-12,212.27589416503906,214.13999938964844,222.02999877929688,213.1300048828125,220.24000549316406,20128800
META,2022-04-13,213.1184844970703,214.99000549316406,216.61000061035156,211.3300018310547,211.82000732421875,19231800
META,2022-04-14,208.350341796875,210.17999267578125,214.99000549316406,210.0,214.88999938964844,18379500
META,2022-04-18,208.93521118164062,210.77000427246094,213.3800048828125,208.3000030517578,210.0,16580800
META,2022-04-19,215.41830444335938,217.30999755859375,218.42999267578125,209.0,210.52000427246094,20089900
META,2022-04-20,198.67532348632812,200.4199981689453,214.16000366210938,198.9199981689453,213.61000061035156,43036500
META,2022-04-21,186.43284606933594,188.07000732421875,202.97000122070312,185.5800018310547,201.60000610351562,49954100
META,2022-04-22,182.50730895996094,184.11000061035156,192.72000122070312,183.27000427246094,190.3699951171875,36426800
META,2022-04-25,185.36224365234375,186.99000549316406,187.17999267578125,181.66000366210938,182.72999572753906,29281100
META,2022-04-26,179.37478637695312,180.9499969482422,187.19000244140625,179.5,186.6300048828125,31747400
META,2022-04-27,173.42706298828125,174.9499969482422,181.2100067138672,169.0,174.42999267578125,71062900
META,2022-04-28,203.93911743164062,205.72999572753906,208.52999877929688,192.89999389648438,202.9199981689453,100890600
META,2022-04-29,198.72491455078125,200.47000122070312,212.47999572753906,199.89999389648438,204.4600067138672,49193400
META,2022-05-02,209.2920684814453,211.1300048828125,211.8800048828125,200.99000549316406,201.1699981689453,49915300
META,2022-05-03,210.18426513671875,212.02999877929688,214.89999389648438,208.08999633789062,210.4499969482422,41556300
META,2022-05-04,221.4652099609375,223.41000366210938,224.3000030517578,206.9600067138672,210.64999389648438,41375900
META,2022-05-05,206.4669189453125,208.27999877929688,220.1699981689453,206.16000366210938,218.74000549316406,41129200
META,2022-05-06,201.99618530273438,203.77000427246094,209.3800048828125,201.02000427246094,207.33999633789062,34747200
META,2022-05-09,194.50198364257812,196.2100067138672,202.57000732421875,195.5800018310547,199.83999633789062,36303200
META,2022-05-10,195.9293975830078,197.64999389648438,202.9600067138672,194.19000244140625,199.50999450683594,34452500
META,2022-05-11,187.09701538085938,188.74000549316406,200.6699981689453,188.27000427246094,196.3300018310547,31153400
META,2022-05-12,189.57522583007812,191.24000549316406,198.0500030517578,184.77999877929688,187.05999755859375,38262200
META,2022-05-13,196.89097595214844,198.6199951171875,199.88999938964844,191.27999877929688,192.5800018310547,24549800
META,2022-05-16,198.29859924316406,200.0399932861328,205.3699951171875,195.92999267578125,197.0500030517578,27112600
META,2022-05-17,200.85614013671875,202.6199951171875,205.4600067138672,198.36000061035156,202.1199951171875,24872700
META,2022-05-18,190.5665283203125,192.24000549316406,201.0,191.6300048828125,200.0,23960000
META,2022-05-19,189.62478637695312,191.2899932861328,195.2899932861328,189.60000610351562,191.1999969482422,24446900
META,2022-05-20,191.85519409179688,193.5399932861328,197.91000366210938,187.8699951171875,194.97000122070312,31465600
META,2022-05-23,194.52175903320312,196.22999572753906,196.99000549316406,191.24000549316406,195.19000244140625,25059200
META,2022-05-24,179.70196533203125,181.27999877929688,183.67999267578125,176.11000061035156,180.5500030517578,50406300
META,2022-05-25,182.229736328125,183.8300018310547,185.4499969482422,179.32000732421875,180.39999389648438,28030200
META,2022-05-26,189.9618377685547,191.6300048828125,192.8300018310547,182.25999450683594,182.8800048828125,23056500
META,2022-05-27,193.43138122558594,195.1300048828125,195.3300018310547,189.8000030517578,191.36000061035156,22562700
META,2022-05-31,191.95433044433594,193.63999938964844,197.60000610351562,192.00999450683594,194.88999938964844,26131100
META,2022-06-01,186.9978790283203,188.63999938964844,199.52999877929688,185.0,196.50999450683594,36623500
META,2022-06-02,197.12890625,198.86000061035156,200.94000244140625,187.72999572753906,188.4499969482422,31951600
META,2022-06-03,189.1192169189453,190.77999877929688,196.61000061035156,189.77999877929688,195.97999572753906,19465000
META,2022-06-06,192.5590362548828,194.25,196.9199981689453,188.39999389648438,193.99000549316406,30574200
META,2022-06-07,193.94683837890625,195.64999389648438,196.52999877929688,191.49000549316406,191.92999267578125,18828700
META,2022-06-08,194.92822265625,196.63999938964844,202.02999877929688,194.41000366210938,194.6699981689453,22267200
META,2022-06-09,182.39822387695312,184.0,199.4499969482422,183.67999267578125,194.27999877929688,23501600
META,2022-06-10,174.0416259765625,175.57000732421875,183.10000610351562,175.02000427246094,183.0399932861328,27450800
META,2022-06-13,162.830078125,164.25999450683594,172.5800018310547,164.02999877929688,170.58999633789062,31749300
META,2022-06-14,162.30471801757812,163.72999572753906,166.75,161.36000061035156,166.02999877929688,27244300
META,2022-06-15,167.87579345703125,169.35000610351562,172.16000366210938,163.97999572753906,167.1999969482422,30008300
META,2022-06-16,159.4696044921875,160.8699951171875,165.0800018310547,159.61000061035156,163.72000122070312,26944100
META,2022-06-17,162.3146209716797,163.74000549316406,165.89999389648438,159.89999389648438,161.67999267578125,31374200
META,2022-06-21,155.68287658691406,157.0500030517578,167.75999450683594,155.97000122070312,165.92999267578125,50724900
META,2022-06-22,154.4933319091797,155.85000610351562,160.7899932861328,155.44000244140625,158.3800048828125,47267800
META,2022-06-23,157.36805725097656,158.75,159.75,154.25,156.27000427246094,40499200
META,2022-06-24,168.67872619628906,170.16000366210938,170.25,161.3000030517578,161.72999572753906,68736000
META,2022-06-27,168.01458740234375,169.49000549316406,171.75,168.00999450683594,171.32000732421875,29174600
META,2022-06-28,159.28126525878906,160.67999267578125,171.3000030517578,160.61000061035156,169.89999389648438,27744500
META,2022-06-29,162.51290893554688,163.94000244140625,166.3300018310547,160.32000732421875,163.57000732421875,28595200
META,2022-06-30,159.84628295898438,161.25,165.22999572753906,158.49000549316406,162.14999389648438,35250600
META,2022-07-01,158.6369171142578,160.02999877929688,160.6199951171875,155.0,160.30999755859375,31423900
META,2022-07-05,166.7259063720703,168.19000244140625,168.25,157.02000427246094,158.13999938964844,28618600
META,2022-07-06,168.2921142578125,169.77000427246094,171.58999633789062,165.4600067138672,168.1999969482422,23085900
META,2022-07-07,170.6910400390625,172.19000244140625,172.72000122070312,167.77999877929688,169.4499969482422,24083400
META,2022-07-08,169.3924560546875,170.8800048828125,172.39999389648438,168.14999389648438,169.97999572753906,19249200
META,2022-07-11,161.4621124267578,162.8800048828125,167.49000549316406,161.91000366210938,167.07000732421875,21885600
META,2022-07-12,161.8487091064453,163.27000427246094,165.91000366210938,162.10000610351562,164.8000030517578,16639700
META,2022-07-13,162.0668182373047,163.49000549316406,164.97999572753906,159.61000061035156,160.16000366210938,16555100
META,2022-07-14,156.67416381835938,158.0500030517578,162.58999633789062,157.27999877929688,161.22000122070312,23765200
META,2022-07-15,163.2662811279297,164.6999969482422,164.97999572753906,159.82000732421875,160.5399932861328,23342800
META,2022-07-18,165.77426147460938,167.22999572753906,171.69000244140625,165.63999938964844,166.75,23574300
META,2022-07-19,174.24981689453125,175.77999877929688,176.49000549316406,169.50999450683594,170.3699951171875,25933700
META,2022-07-20,181.49618530273438,183.08999633789062,183.60000610351562,176.6999969482422,177.49000549316406,24784300
META,2022-07-21,181.57550048828125,183.1699981689453,183.85000610351562,178.8699951171875,180.6300048828125,27195800
META,2022-07-22,167.7964630126953,169.27000427246094,175.60000610351562,168.41000366210938,173.07000732421875,42583900
META,2022-07-25,165.19927978515625,166.64999389648438,170.57000732421875,164.80999755859375,169.0,26166300
META,2022-07-26,157.76458740234375,159.14999389648438,166.0,157.9499969482422,165.94000244140625,28468400
META,2022-07-27,168.10379028320312,169.5800018310547,170.8699951171875,162.02000427246094,162.58999633789062,43846600
META,2022-07-28,159.3209228515625,160.72000122070312,161.50999450683594,154.85000610351562,161.05999755859375,73214300
META,2022-07-29,157.71502685546875,159.10000610351562,160.13999938964844,155.1699981689453,157.69000244140625,42065400
META,2022-08-01,158.53778076171875,159.92999267578125,165.19000244140625,155.22999572753906,157.25,40596700
META,2022-08-02,158.79551696777344,160.19000244140625,162.24000549316406,158.00999450683594,158.30999755859375,27374500
META,2022-08-03,167.33056640625,168.8000030517578,169.5399932861328,161.57000732421875,162.69000244140625,31721900
META,2022-08-04,169.08517456054688,170.57000732421875,172.14999389648438,166.8000030517578,168.3000030517578,23938200
META,2022-08-05,165.6552734375,167.11000061035156,171.61000061035156,165.8000030517578,166.99000549316406,25832700
META,2022-08-08,168.76795959472656,170.25,177.50999450683594,167.1300048828125,168.0,27299100
META,2022-08-09,167.0629119873047,168.52999877929688,169.52999877929688,166.60000610351562,168.9499969482422,18655100
META,2022-08-10,176.78753662109375,178.33999633789062,180.47999572753906,173.9499969482422,175.99000549316406,30262100
META,2022-08-11,175.9449462890625,177.49000549316406,183.10000610351562,176.3699951171875,179.7100067138672,24079100
META,2022-08-12,178.92872619628906,180.5,181.4600067138672,178.91000366210938,180.80999755859375,21274000
META,2022-08-15,179.31532287597656,180.88999938964844,181.44000244140625,178.1999969482422,178.9600067138672,15878700
META,2022-08-16,177.90769958496094,179.47000122070312,180.99000549316406,177.0399932861328,179.44000244140625,21156700
META,2022-08-17,173.32789611816406,174.85000610351562,178.13999938964844,174.1699981689453,176.75999450683594,20118100
META,2022-08-18,173.13954162597656,174.66000366210938,175.75999450683594,171.86000061035156,174.33999633789062,18844500
META,2022-08-19,166.49789428710938,167.9600067138672,172.32000732421875,167.0500030517578,170.1999969482422,26240800
META,2022-08-22,161.63063049316406,163.0500030517578,165.49000549316406,162.25999450683594,165.49000549316406,19499700
META,2022-08-23,159.70751953125,161.11000061035156,165.0500030517578,160.6999969482422,162.47999572753906,18111800
META,2022-08-24,161.8388214111328,163.25999450683594,165.4600067138672,159.77000427246094,160.60000610351562,20891500
META,2022-08-25,167.31076049804688,168.77999877929688,168.8800048828125,164.02000427246094,165.17999267578125,15550500
META,2022-08-26,160.37168884277344,161.77999877929688,170.9199981689453,161.6699981689453,168.47999572753906,24023600
META,2022-08-29,157.78439331054688,159.1699981689453,163.0500030517578,159.00999450683594,160.66000366210938,20052700
META,2022-08-30,155.79193115234375,157.16000366210938,161.66000366210938,155.91000366210938,160.35000610351562,19567900
META,2022-08-31,161.5116729736328,162.92999267578125,167.83999633789062,162.13999938964844,167.07000732421875,40953000
META,2022-09-01,163.9205322265625,165.36000061035156,167.36000061035156,160.35000610351562,163.5800018310547,30145700
META,2022-09-02,158.9243927001953,160.32000732421875,167.92999267578125,159.22000122070312,167.4499969482422,22634200
META,2022-09-06,157.15988159179688,158.5399932861328,161.69000244140625,157.69000244140625,160.10000610351562,19339800
META,2022-09-07,158.99378967285156,160.38999938964844,160.9600067138672,156.80999755859375,157.75999450683594,16831200
META,2022-09-08,160.6492462158203,162.05999755859375,162.22999572753906,157.74000549316406,158.7100067138672,22530800
META,2022-09-09,167.67750549316406,169.14999389648438,169.5399932861328,163.02000427246094,163.25,22086800
META,2022-09-12,167.48916625976562,168.9600067138672,171.38999938964844,167.27999877929688,167.38999938964844,23220400
META,2022-09-13,151.7969970703125,153.1300048828125,161.6300048828125,152.6699981689453,161.5399932861328,44444100
META,2022-09-14,150.15142822265625,151.47000122070312,153.5399932861328,149.0500030517578,153.3300018310547,43064200
META,2022-09-15,148.24813842773438,149.5500030517578,154.1999969482422,148.6999969482422,149.8000030517578,34606300
META,2022-09-16,145.0165252685547,146.2899932861328,148.5800018310547,144.2899932861328,148.0500030517578,40122800
META,2022-09-19,146.73147583007812,148.02000427246094,148.5800018310547,145.10000610351562,145.24000549316406,22169500
META,2022-09-20,144.81825256347656,146.08999633789062,148.83999633789062,145.22000122070312,145.77999877929688,23217400
META,2022-09-21,140.88282775878906,142.1199951171875,149.60000610351562,142.0,146.38999938964844,38338600
META,2022-09-22,141.57675170898438,142.82000732421875,144.5800018310547,140.8699951171875,141.5500030517578,34418500
META,2022-09-23,139.18771362304688,140.41000366210938,142.6199951171875,138.88999938964844,141.4199981689453,31710700
META,2022-09-26,135.182861328125,136.3699951171875,142.24000549316406,136.19000244140625,140.1199951171875,30497000
META,2022-09-27,133.23004150390625,134.39999389648438,139.4199981689453,134.1199951171875,137.9199981689453,30826500
META,2022-09-28,140.3772735595703,141.61000061035156,142.02999877929688,134.27000427246094,134.6199951171875,32658500
META,2022-09-29,135.22254943847656,136.41000366210938,139.83999633789062,135.1999969482422,139.36000061035156,38985400
META,2022-09-30,134.49887084960938,135.67999267578125,140.99000549316406,135.5,136.0500030517578,33166400
META,2022-10-03,137.40338134765625,138.61000061035156,139.6199951171875,136.10000610351562,137.13999938964844,27723100
META,2022-10-04,139.058837890625,140.27999877929688,142.38999938964844,139.33999633789062,140.49000549316406,34670700
META,2022-10-05,137.77017211914062,138.97999572753906,140.2100067138672,134.77999877929688,138.24000549316406,27979300
META,2022-10-06,137.85939025878906,139.07000732421875,141.4499969482422,136.60000610351562,137.72000122070312,36231100
META,2022-10-07,132.2882843017578,133.4499969482422,138.2899932861328,132.44000244140625,136.75999450683594,33214800
META,2022-10-10,132.62533569335938,133.7899932861328,136.11000061035156,131.8699951171875,133.5500030517578,24024000
META,2022-10-11,127.42102813720703,128.5399932861328,132.66000366210938,126.98999786376953,131.6199951171875,38481400
META,2022-10-12,126.39009094238281,127.5,129.6699981689453,126.25,128.32000732421875,34605200
META,2022-10-13,129.1558074951172,130.2899932861328,131.13999938964844,122.52999877929688,123.52999877929688,34325700
META,2022-10-14,125.65653228759766,126.76000213623047,131.7899932861328,126.5199966430664,131.0,23559400
META,2022-10-17,132.8731689453125,134.0399932861328,134.7899932861328,130.17999267578125,130.3000030517578,29612200
META,2022-10-18,131.64398193359375,132.8000030517578,137.83999633789062,131.39999389648438,137.08999633789062,25445000
META,2022-10-19,132.07022094726562,133.22999572753906,137.0,132.22000122070312,132.88999938964844,30691000
META,2022-10-20,130.38502502441406,131.52999877929688,136.77000427246094,131.30999755859375,132.92999267578125,26356300
META,2022-10-21,128.87823486328125,130.00999450683594,130.1199951171875,125.44000244140625,126.30999755859375,46348600
META,2022-10-24,128.59075927734375,129.72000122070312,133.47999572753906,124.56999969482422,127.25,63563400
META,2022-10-25,136.31295776367188,137.50999450683594,138.35000610351562,130.58999633789062,130.8800048828125,38433200
META,2022-10-26,128.68988037109375,129.82000732421875,135.5500030517578,128.52999877929688,131.67999267578125,82791500
META,2022-10-27,97.08743286132812,97.94000244140625,102.5,96.37999725341797,97.9800033569336,232316600
META,2022-10-28,98.33645629882812,99.19999694824219,100.8499984741211,97.51000213623047,99.58000183105469,95928300
META,2022-10-31,92.34903717041016,93.16000366210938,99.31999969482422,92.5999984741211,98.22000122070312,121361400
META,2022-11-01,94.37127685546875,95.19999694824219,97.48999786376953,93.55000305175781,94.33000183105469,110189600
META,2022-11-02,89.7518310546875,90.54000091552734,95.19999694824219,90.4800033569336,94.20999908447266,71821100
META,2022-11-03,88.13603973388672,88.91000366210938,90.45999908447266,88.41000366210938,90.08000183105469,60664000
META,2022-11-04,89.9996566772461,90.79000091552734,91.38999938964844,88.08999633789062,90.3499984741211,55638100
META,2022-11-07,95.87803649902344,96.72000122070312,96.87999725341797,93.0999984741211,94.77999877929688,81987300
META,2022-11-08,95.63021087646484,96.47000122070312,97.80000305175781,94.79000091552734,95.91999816894531,52088300
META,2022-11-09,100.58670043945312,101.47000122070312,104.9000015258789,100.73999786376953,101.72000122070312,107677300
META,2022-11-10,110.89615631103516,111.87000274658203,112.75,104.61000061035156,107.12000274658203,80671000
META,2022-11-11,112.03614044189453,113.0199966430664,114.9000015258789,108.80999755859375,109.2300033569336,59961700
META,2022-11-14,113.22570037841797,114.22000122070312,116.2699966430664,110.80000305175781,110.98999786376953,53395000
META,2022-11-15,116.0608139038086,117.08000183105469,118.73999786376953,114.41000366210938,116.06999969482422,50670500
META,2022-11-16,112.24433135986328,113.2300033569336,116.08000183105469,112.66000366210938,114.5,33287800
META,2022-11-17,110.47980499267578,111.44999694824219,112.33000183105469,109.80000305175781,110.41000366210938,35093800
META,2022-11-18,111.07460021972656,112.05000305175781,114.31999969482422,110.62000274658203,113.80000305175781,33357700
META,2022-11-21,108.90365600585938,109.86000061035156,112.37000274658203,109.19000244140625,111.5199966430664,24351100
META,2022-11-22,110.46990203857422,111.44000244140625,111.62000274658203,108.31999969482422,109.86000061035156,29029000
META,2022-11-23,111.262939453125,112.23999786376953,112.66999816894531,110.7300033569336,111.72000122070312,21343100
META,2022-11-25,110.44017028808594,111.41000366210938,112.7300033569336,111.0199966430664,111.30000305175781,12007600
META,2022-11-28,107.83305358886719,108.77999877929688,112.04000091552734,108.37999725341797,110.77999877929688,23309400
META,2022-11-29,108.50713348388672,109.45999908447266,110.94000244140625,108.54000091552734,109.54000091552734,23899200
META,2022-11-30,117.07191467285156,118.0999984741211,118.16000366210938,109.37999725341797,109.51000213623047,43348600
META,2022-12-01,119.39154815673828,120.44000244140625,121.19999694824219,118.4000015258789,119.19999694824219,36551400
META,2022-12-02,122.41499328613281,123.48999786376953,124.04000091552734,117.61000061035156,117.83000183105469,39950500
META,2022-12-05,121.36422729492188,122.43000030517578,124.66999816894531,121.3499984741211,121.75,35474900
META,2022-12-06,113.1265869140625,114.12000274658203,120.55000305175781,113.73999786376953,119.91000366210938,43689200
META,2022-12-07,112.93822479248047,113.93000030517578,115.87999725341797,112.87999725341797,113.76000213623047,29461100
META,2022-12-08,114.32604217529297,115.33000183105469,117.33999633789062,114.58999633789062,116.38999938964844,30619400
META,2022-12-09,114.89107513427734,115.9000015258789,117.54000091552734,113.87000274658203,115.30000305175781,26033400
META,2022-12-12,113.71143341064453,114.70999908447266,115.72000122070312,113.13999938964844,115.18000030517578,24747100
META,2022-12-13,119.10408782958984,120.1500015258789,123.30000305175781,118.63999938964844,122.12999725341797,44701100
META,2022-12-14,120.53153991699219,121.58999633789062,124.13999938964844,119.38999938964844,119.38999938964844,36922000
META,2022-12-15,115.13890075683594,116.1500015258789,118.62999725341797,114.01000213623047,118.33000183105469,34531000
META,2022-12-16,118.39033508300781,119.43000030517578,123.30999755859375,118.81999969482422,120.2300033569336,67064000
META,2022-12-19,113.48343658447266,114.4800033569336,117.80000305175781,114.33000183105469,116.83000183105469,29769900
META,2022-12-20,116.07071685791016,117.08999633789062,117.33000183105469,112.45999908447266,113.26000213623047,28742500
META,2022-12-21,118.71747589111328,119.76000213623047,120.33999633789062,115.62000274658203,116.69999694824219,20392800
META,2022-12-22,116.10045623779297,117.12000274658203,118.62000274658203,114.37999725341797,117.19999694824219,23618100
META,2022-12-23,117.01244354248047,118.04000091552734,118.18000030517578,115.54000091552734,116.02999877929688,17796600
META,2022-12-27,115.86253356933594,116.87999725341797,118.5999984741211,116.05000305175781,117.93000030517578,21392300
META,2022-12-28,114.613525390625,115.62000274658203,118.1500015258789,115.51000213623047,116.25,19612500
META,2022-12-29,119.21311950683594,120.26000213623047,121.02999877929688,115.7699966430664,116.4000015258789,22366200
META,2022-12-30,119.29242706298828,120.33999633789062,120.41999816894531,117.73999786376953,118.16000366210938,19583800
META,2023-01-03,123.65412139892578,124.73999786376953,126.37000274658203,122.27999877929688,122.81999969482422,35528500
META,2023-01-04,126.26122283935547,127.37000274658203,129.0500030517578,125.8499984741211,127.37999725341797,32397100
META,2023-01-05,125.8349609375,126.94000244140625,128.52000427246094,124.54000091552734,126.12999725341797,25447100
META,2023-01-06,128.88815307617188,130.02000427246094,130.3300018310547,126.04000091552734,128.97000122070312,27584500
META,2023-01-09,128.34295654296875,129.47000122070312,132.9499969482422,129.27999877929688,131.16000366210938,26649100
META,2023-01-10,131.83230590820312,132.99000549316406,133.44000244140625,127.1500015258789,127.2699966430664,28684400
META,2023-01-11,131.73316955566406,132.88999938964844,133.85000610351562,130.33999633789062,130.9600067138672,25423000
META,2023-01-12,135.51992797851562,136.7100067138672,137.67999267578125,131.75999450683594,133.44000244140625,30757700
META,2023-01-13,135.78756713867188,136.97999572753906,137.38999938964844,134.83999633789062,134.97000122070312,22423800
META,2023-01-17,134.1816864013672,135.36000061035156,136.75,134.25,136.17999267578125,21147600
META,2023-01-18,131.86204528808594,133.02000427246094,137.25,132.8000030517578,135.80999755859375,20215500
META,2023-01-19,134.9647979736328,136.14999389648438,137.4499969482422,132.13999938964844,132.49000549316406,28625200
META,2023-01-20,138.15675354003906,139.3699951171875,139.94000244140625,134.61000061035156,135.88999938964844,28688600
META,2023-01-23,142.02281188964844,143.27000427246094,143.75999450683594,138.66000366210938,139.2899932861328,27470100
META,2023-01-24,141.89395141601562,143.13999938964844,145.0,141.36000061035156,141.69000244140625,21970200
META,2023-01-25,140.26821899414062,141.5,143.1699981689453,140.30999755859375,141.22000122070312,26622000
META,2023-01-26,146.01771545410156,147.3000030517578,147.50999450683594,143.3000030517578,144.39999389648438,25482100
META,2023-01-27,150.4190673828125,151.74000549316406,153.19000244140625,147.38999938964844,148.24000549316406,35771900
META,2023-01-30,145.77981567382812,147.05999755859375,151.1199951171875,146.9499969482422,149.41000366210938,28040100
META,2023-01-31,147.67318725585938,148.97000122070312,149.8800048828125,147.52000427246094,147.9499969482422,29842100
META,2023-02-01,151.78707885742188,153.1199951171875,153.5800018310547,147.05999755859375,148.02999877929688,55661000
META,2023-02-02,187.1267547607422,188.77000427246094,197.16000366210938,180.16000366210938,183.3800048828125,150475700
META,2023-02-03,184.90625,186.52999877929688,196.77000427246094,182.88999938964844,183.47000122070312,76809700
META,2023-02-06,184.44033813476562,186.05999755859375,190.6999969482422,185.52000427246094,186.52999877929688,42483800
META,2023-02-07,189.951904296875,191.6199951171875,193.77999877929688,184.39999389648438,185.5800018310547,47080700
META,2023-02-08,181.83322143554688,183.42999267578125,190.8300018310547,182.9199981689453,190.0,36139100
META,2023-02-09,176.37118530273438,177.9199981689453,186.64999389648438,177.27000427246094,186.1300048828125,37118800
META,2023-02-10,172.63400268554688,174.14999389648438,178.88999938964844,173.35000610351562,176.35000610351562,33433600
META,2023-02-13,177.86801147460938,179.42999267578125,181.0,175.82000732421875,178.22000122070312,31463200
META,2023-02-14,177.91758728027344,179.47999572753906,181.50999450683594,175.8800048828125,177.16000366210938,24034600
META,2023-02-15,175.61782836914062,177.16000366210938,178.19000244140625,175.3300018310547,176.4199981689453,25308900
META,2023-02-16,170.93890380859375,172.44000244140625,175.85000610351562,171.7899932861328,172.75,25827500
META,2023-02-17,171.3750762939453,172.8800048828125,173.17999267578125,169.6999969482422,170.22000122070312,24171300
META,2023-02-21,170.58203125,172.0800018310547,178.1699981689453,171.8800048828125,174.30999755859375,34592600
META,2023-02-22,169.63040161132812,171.1199951171875,172.75999450683594,169.69000244140625,171.07000732421875,22433200
META,2023-02-23,170.54237365722656,172.0399932861328,173.69000244140625,169.3800048828125,172.0,20017800
META,2023-02-24,168.90672302246094,170.38999938964844,170.72000122070312,167.66000366210938,168.63999938964844,19791300
META,2023-02-27,168.06414794921875,169.5399932861328,173.1199951171875,169.05999755859375,171.8800048828125,19277000
META,2023-02-28,173.4171142578125,174.94000244140625,177.5500030517578,171.8699951171875,171.89999389648438,46051100
META,2023-03-01,171.9103546142578,173.4199981689453,177.85000610351562,173.0500030517578,174.58999633789062,30998400
META,2023-03-02,173.0106964111328,174.52999877929688,175.00999450683594,171.42999267578125,172.3800048828125,17352000
META,2023-03-03,183.6373748779297,185.25,186.6199951171875,177.0500030517578,178.9199981689453,45877700
META,2023-03-06,183.29043579101562,184.89999389648438,189.66000366210938,184.63999938964844,188.0,33209400
META,2023-03-07,182.90379333496094,184.50999450683594,190.36000061035156,184.00999450683594,189.0,36701500
META,2023-03-08,183.3598175048828,184.97000122070312,185.25999450683594,181.33999633789062,182.8699951171875,19432400
META,2023-03-09,180.1083984375,181.69000244140625,188.92999267578125,180.3000030517578,186.35000610351562,26582800
META,2023-03-10,177.9473419189453,179.50999450683594,184.77000427246094,178.8000030517578,181.00999450683594,25665000
META,2023-03-13,179.32522583007812,180.89999389648438,183.77999877929688,174.82000732421875,177.9600067138672,24728000
META,2023-03-14,192.33102416992188,194.02000427246094,194.32000732421875,186.55999755859375,187.5800018310547,41642600
META,2023-03-15,196.02857971191406,197.75,197.77999877929688,190.83999633789062,192.9499969482422,42123600
META,2023-03-16,203.1460418701172,204.92999267578125,205.75999450683594,196.08999633789062,198.25999450683594,50447100
META,2023-03-17,193.90716552734375,195.61000061035156,201.89999389648438,195.42999267578125,200.55999755859375,50141100
META,2023-03-20,196.08802795410156,197.80999755859375,199.36000061035156,193.63999938964844,198.47999572753906,25186300
META,2023-03-21,200.400146484375,202.16000366210938,203.5500030517578,197.9499969482422,203.1999969482422,31827000
META,2023-03-22,198.07064819335938,199.80999755859375,207.3699951171875,199.6699981689453,202.5,28477800
META,2023-03-23,202.501708984375,204.27999877929688,207.8800048828125,202.14999389648438,202.83999633789062,27389700
META,2023-03-24,204.21665954589844,206.00999450683594,207.5800018310547,203.5500030517578,205.17999267578125,27716400
META,2023-03-27,201.07423400878906,202.83999633789062,205.86000061035156,201.36000061035156,204.80999755859375,18527200
META,2023-03-28,198.93304443359375,200.67999267578125,201.02999877929688,197.89999389648438,200.14999389648438,19127300
META,2023-03-29,203.56240844726562,205.35000610351562,205.72000122070312,202.5399932861328,203.55999755859375,18851100
META,2023-03-30,206.03073120117188,207.83999633789062,208.08999633789062,202.82000732421875,203.3800048828125,22608300
META,2023-03-31,210.09506225585938,211.94000244140625,212.1699981689453,206.77000427246094,207.24000549316406,25440300
META,2023-04-03,211.21524047851562,213.07000732421875,213.49000549316406,208.1999969482422,208.83999633789062,17924600
META,2023-04-04,212.85086059570312,214.72000122070312,216.24000549316406,212.5399932861328,213.38999938964844,21026400
META,2023-04-05,209.63902282714844,211.47999572753906,215.19000244140625,209.94000244140625,214.14999389648438,19396600
META,2023-04-06,214.21884155273438,216.10000610351562,216.94000244140625,208.64999389648438,209.25,26104400
META,2023-04-10,212.88058471679688,214.75,215.66000366210938,210.66000366210938,214.7100067138672,16106100
META,2023-04-11,211.9884033203125,213.85000610351562,216.02000427246094,213.41000366210938,215.47999572753906,16710100
META,2023-04-12,212.1370849609375,214.0,216.83999633789062,212.5800018310547,214.83999633789062,18972200
META,2023-04-13,218.4318389892578,220.35000610351562,221.14999389648438,215.69000244140625,215.72999572753906,23310400
META,2023-04-14,219.56192016601562,221.49000549316406,222.11000061035156,217.5500030517578,217.8800048828125,21591200
META,2023-04-17,216.9547882080078,218.86000061035156,220.97999572753906,217.1300048828125,219.7899932861328,15481900
META,2023-04-18,215.9932098388672,217.88999938964844,220.44000244140625,216.2100067138672,219.91000366210938,12281000
META,2023-04-19,213.8223114013672,215.6999969482422,217.3300018310547,212.92999267578125,213.47000122070312,15898100
META,2023-04-20,211.21524047851562,213.07000732421875,216.75,212.77000427246094,213.47999572753906,16475400
META,2023-04-21,211.0367889404297,212.88999938964844,213.41000366210938,209.5800018310547,210.2100067138672,17717200
META,2023-04-24,210.93763732910156,212.7899932861328,213.9199981689453,210.7100067138672,213.67999267578125,15750900
META,2023-04-25,205.74327087402344,207.5500030517578,211.25999450683594,207.1300048828125,210.82000732421875,19198200
META,2023-04-26,207.57711791992188,209.39999389648438,214.11000061035156,208.8800048828125,212.5,41992700
META,2023-04-27,236.48329162597656,238.55999755859375,241.69000244140625,236.77000427246094,239.88999938964844,71196500
META,2023-04-28,238.22799682617188,240.32000732421875,240.42999267578125,235.75,239.00999450683594,39554000
META,2023-05-01,241.06307983398438,243.17999267578125,244.0,236.4600067138672,238.6199951171875,29143900
META,2023-05-02,237.15737915039062,239.24000549316406,244.9199981689453,238.99000549316406,243.17999267578125,24350100
META,2023-05-03,234.96664428710938,237.02999877929688,241.75,232.75,239.47000122070312,34463900
META,2023-05-04,231.48719787597656,233.52000427246094,238.1999969482422,232.92999267578125,236.05999755859375,17889400
META,2023-05-05,230.75363159179688,232.77999877929688,234.67999267578125,229.85000610351562,232.24000549316406,27000500
META,2023-05-08,231.23936462402344,233.27000427246094,235.6199951171875,230.27000427246094,231.4199981689453,16400500
META,2023-05-09,231.3385009765625,233.3699951171875,235.8800048828125,231.0800018310547,231.4600067138672,16865600
META,2023-05-10,231.05101013183594,233.0800018310547,236.75,230.72000122070312,236.1699981689453,19119000
META,2023-05-11,233.73741149902344,235.7899932861328,238.2100067138672,232.3000030517578,233.0500030517578,20449000
META,2023-05-12,231.77464294433594,233.80999755859375,236.9600067138672,231.4499969482422,236.74000549316406,16161400
META,2023-05-15,236.78067016601562,238.86000061035156,240.25999450683594,235.3300018310547,236.9199981689453,20653200
META,2023-05-16,236.74105834960938,238.82000732421875,239.63999938964844,235.52000427246094,235.7899932861328,18163800
META,2023-05-17,240.3791046142578,242.49000549316406,243.83999633789062,238.13999938964844,238.4499969482422,21193100
META,2023-05-18,244.70114135742188,246.85000610351562,247.08999633789062,241.19000244140625,241.3000030517578,22943300
META,2023-05-19,243.5016632080078,245.63999938964844,248.69000244140625,243.41000366210938,247.47000122070312,21733600
META,2023-05-22,246.1583251953125,248.32000732421875,253.57000732421875,245.1199951171875,245.41000366210938,27738500
META,2023-05-23,244.5921173095703,246.74000549316406,251.61000061035156,246.64999389648438,246.80999755859375,17748100
META,2023-05-24,247.0406036376953,249.2100067138672,249.58999633789062,244.9499969482422,245.27999877929688,17724300
META,2023-05-25,250.49029541015625,252.69000244140625,255.6199951171875,249.1699981689453,253.39999389648438,22371400
META,2023-05-26,259.7589111328125,262.0400085449219,262.30999755859375,252.7100067138672,252.92999267578125,25727200
META,2023-05-30,260.23468017578125,262.5199890136719,268.6499938964844,261.2900085449219,265.25,23816500
META,2023-05-31,262.41558837890625,264.7200012207031,265.0,258.45001220703125,260.0,25473700
META,2023-06-01,270.23681640625,272.6099853515625,274.0,265.8900146484375,265.8999938964844,25609500
META,2023-06-02,270.23681640625,272.6099853515625,275.3500061035156,271.1199951171875,272.6600036621094,19416900
META,2023-06-05,269.0275573730469,271.3900146484375,275.57000732421875,269.55999755859375,270.29998779296875,20742900
META,2023-06-06,268.75982666015625,271.1199951171875,276.57000732421875,269.69000244140625,270.1400146484375,19419000
META,2023-06-07,261.3053283691406,263.6000061035156,274.25,262.79998779296875,271.6700134277344,26163600
META,2023-06-08,262.27685546875,264.5799865722656,267.6499938964844,258.8800048828125,260.6199951171875,20899400
META,2023-06-09,262.6435852050781,264.95001220703125,267.95001220703125,261.70001220703125,262.4800109863281,16949800
META,2023-06-12,268.69049072265625,271.04998779296875,271.75,265.3299865722656,267.1700134277344,15442500
META,2023-06-13,268.9580993652344,271.32000732421875,275.7200012207031,269.0899963378906,274.8800048828125,16164000
META,2023-06-14,270.9704895019531,273.3500061035156,274.989990234375,268.32000732421875,271.8900146484375,19175100
META,2023-06-15,279.37664794921875,281.8299865722656,283.989990234375,271.4200134277344,272.29998779296875,25973500
META,2023-06-16,278.5538635253906,281.0,287.8500061035156,280.1300048828125,284.75,43127700
META,2023-06-20,281.8548583984375,284.3299865722656,284.79998779296875,276.2200012207031,278.7300109863281,20701600
META,2023-06-21,279.1883239746094,281.6400146484375,284.0,278.3599853515625,283.5299987792969,20556200
META,2023-06-22,282.4000549316406,284.8800048828125,285.260009765625,277.7900085449219,279.0799865722656,17563100
META,2023-06-23,286.2166442871094,288.7300109863281,289.6700134277344,278.95001220703125,281.510009765625,51092000
META,2023-06-26,276.0459289550781,278.4700012207031,289.7900085449219,277.6000061035156,288.70001220703125,24232700
META,2023-06-27,284.55120849609375,287.04998779296875,289.3500061035156,280.6499938964844,282.010009765625,26108300
META,2023-06-28,282.80657958984375,285.2900085449219,289.54998779296875,284.05999755859375,284.82000732421875,16722100
META,2023-06-29,279.0792541503906,281.5299987792969,286.57000732421875,280.69000244140625,284.5,15395700
META,2023-06-30,284.4818420410156,286.9800109863281,289.04998779296875,284.4200134277344,284.760009765625,19694900
META,2023-07-03,283.5301208496094,286.0199890136719,289.3999938964844,284.8500061035156,286.70001220703125,8629300
META,2023-07-05,291.80743408203125,294.3699951171875,298.1199951171875,286.3599853515625,287.6499938964844,33865500
META,2023-07-06,289.4482421875,291.989990234375,298.1199951171875,291.30999755859375,295.8900146484375,47600500
META,2023-07-07,288.0008850097656,290.5299987792969,296.20001220703125,288.6600036621094,292.17999267578125,25586000
META,2023-07-10,291.5398864746094,294.1000061035156,298.1300048828125,287.04998779296875,295.54998779296875,37058300
META,2023-07-11,295.693359375,298.2900085449219,300.17999267578125,291.8999938964844,293.8999938964844,27585900
META,2023-07-12,306.6471862792969,309.3399963378906,309.45001220703125,300.1000061035156,301.75,36677100
META,2023-07-13,310.68170166015625,313.4100036621094,316.239990234375,310.2900085449219,313.6199951171875,30281000
META,2023-07-14,306.1812438964844,308.8699951171875,314.8800048828125,307.3599853515625,311.7900085449219,23054100
META,2023-07-17,307.9159851074219,310.6199951171875,311.7099914550781,304.7099914550781,307.5400085449219,25323100
META,2023-07-18,309.3335266113281,312.04998779296875,314.20001220703125,307.6199951171875,310.8800048828125,20731900
META,2023-07-19,313.2591247558594,316.010009765625,318.67999267578125,310.5199890136719,313.0299987792969,21763700
META,2023-07-20,299.8865051269531,302.5199890136719,315.5400085449219,302.2200012207031,313.5,23836900
META,2023-07-21,291.6983947753906,294.260009765625,305.4599914550781,291.20001220703125,304.57000732421875,42139300
META,2023-07-24,289.07147216796875,291.6099853515625,297.5199890136719,288.29998779296875,295.7799987792969,24915700
META,2023-07-25,291.90667724609375,294.4700012207031,298.29998779296875,291.8599853515625,295.19000244140625,19585600
META,2023-07-26,295.9709167480469,298.57000732421875,301.7699890136719,291.8999938964844,301.19000244140625,47256900
META,2023-07-27,308.9964904785156,311.7099914550781,325.3500061035156,309.8399963378906,325.1199951171875,64229200
META,2023-07-28,322.64666748046875,325.4800109863281,326.20001220703125,314.25,316.8800048828125,39220300
META,2023-07-31,315.8265075683594,318.6000061035156,325.6600036621094,317.5899963378906,323.69000244140625,25799600
META,2023-08-01,319.9007873535156,322.7099914550781,324.1400146484375,314.6600036621094,317.5400085449219,22817900
META,2023-08-02,311.5738830566406,314.30999755859375,318.3900146484375,310.6499938964844,318.0,20461100
META,2023-08-03,310.4636535644531,313.19000244140625,315.95001220703125,309.92999267578125,309.92999267578125,15180200
META,2023-08-04,308.0251159667969,310.7300109863281,318.4100036621094,310.20001220703125,314.9599914550781,17612800
META,2023-08-07,313.8042907714844,316.55999755859375,317.07000732421875,310.4599914550781,313.2300109863281,16236500
META,2023-08-08,309.91845703125,312.6400146484375,317.8900146484375,310.1099853515625,314.3999938964844,15183500
META,2023-08-09,302.5531005859375,305.2099914550781,313.6300048828125,302.8500061035156,312.8800048828125,19955800
META,2023-08-10,303.0785217285156,305.739990234375,312.3399963378906,303.8699951171875,307.94000244140625,14358900
META,2023-08-11,299.0141906738281,301.6400146484375,304.7200012207031,300.3599853515625,302.57000732421875,14046300
META,2023-08-14,303.52459716796875,306.19000244140625,306.2099914550781,298.25,300.9800109863281,15641900
META,2023-08-15,299.3215026855469,301.95001220703125,307.2300109863281,300.0299987792969,306.1400146484375,11623600
META,2023-08-16,291.72821044921875,294.2900085449219,301.0799865722656,294.2799987792969,300.20001220703125,18547700
META,2023-08-17,282.6082458496094,285.0899963378906,296.04998779296875,284.95001220703125,293.04998779296875,23950100
META,2023-08-18,280.7843322753906,283.25,285.69000244140625,274.3800048828125,279.0299987792969,35347900
META,2023-08-21,287.37640380859375,289.8999938964844,290.5,281.8500061035156,283.45001220703125,20181500
META,2023-08-22,285.096435546875,287.6000061035156,292.8999938964844,286.75,292.54998779296875,12980200
META,2023-08-23,291.6786193847656,294.239990234375,297.3999938964844,287.6700134277344,288.5,18287000
META,2023-08-24,284.2538146972656,286.75,299.4599914550781,286.6400146484375,298.5,18360900
META,2023-08-25,283.0146484375,285.5,288.3900146484375,276.0299987792969,286.1300048828125,23701400
META,2023-08-28,287.7332763671875,290.260009765625,291.45001220703125,285.79998779296875,288.0,14239300
