Symbol,Date,Adj Close,Close,High,Low,Open,Volume
AAPL,2018-01-02,0.03280358150759377,0.037724712456955745,0.033092632516183884,0.03449060556211017,0.03264584426890366,0.19424283105696766
AAPL,2018-01-03,0.032768264208199394,0.037687077085434145,0.03589392740076211,0.037906785855992664,0.035601171544095145,0.23362049109269278
AAPL,2018-01-04,0.03370774653055922,0.03869073165995421,0.034549303576464935,0.03805860922687615,0.035613634455280097,0.16322074870726827
AAPL,2018-01-05,0.036021058385302285,0.04116222315317336,0.03691483387999897,0.039285899624519005,0.03673592436432349,0.17539979580665688
AAPL,2018-01-08,0.03525779846404434,0.040346764579380134,0.03721364550678616,0.04039930318787377,0.037870677184551865,0.14466693352435772
AAPL,2018-01-09,0.03523432386189668,0.04032166795065947,0.03652888073550101,0.03974138904329497,0.03812006859966863,0.15476677656532284
AAPL,2018-01-10,0.03518733633172033,0.04027147469321812,0.03558267241358676,0.03922263345127572,0.03638677257769096,0.17838045210264725
AAPL,2018-01-11,0.03634983695595312,0.04151349938278756,0.03706424919214096,0.04110785729962285,0.038169939271753855,0.12578215517153557
AAPL,2018-01-12,0.03847525617881231,0.043784256132478966,0.03939243041701368,0.04257552826578942,0.040152626708848255,0.19287325974123748
AAPL,2018-01-16,0.03741845833453583,0.04265515670059314,0.041919819393077845,0.04319550587377283,0.04229742712807394,0.23409755512139413
AAPL,2018-01-17,0.04083555556373175,0.04630594088313947,0.04174551736015952,0.0418417024357689,0.040115218947948006,0.2820116796206943
AAPL,2018-01-18,0.04102348652149668,0.04650665648354846,0.042803791915554446,0.04586517621318534,0.04413048352156737,0.25027300734454977
AAPL,2018-01-19,0.04008406168795842,0.04550302105214718,0.042156376222930614,0.0448023740047499,0.04318278853318555,0.26251466909770543
AAPL,2018-01-22,0.038369610887677624,0.04367135001791414,0.039915336515768673,0.04377752763903536,0.04154925288272368,0.20967485850206363
AAPL,2018-01-23,0.038416521766091866,0.043721524132236705,0.04198207419001229,0.04405588335640542,0.04154925288272368,0.2651385212555629
AAPL,2018-01-24,0.03510508899097117,0.04018366520737396,0.03931773225969107,0.03947567883812336,0.04148690027210816,0.4481720869339865
AAPL,2018-01-25,0.03145314992559606,0.036281972166977317,0.03639192778124398,0.03609747369308727,0.03807017890023809,0.3529968193246711
AAPL,2018-01-26,0.03192281443501385,0.03678378988267797,0.032719122732074085,0.03550280641562628,0.034940275731730336,0.32928276156464076
AAPL,2018-01-29,0.027754223330044597,0.03233010501225811,0.03042829058586266,0.031719732512859034,0.03264584426890366,0.44355351080612143
AAPL,2018-01-30,0.026591684379930758,0.03108808032268867,0.026954674290387448,0.02872108579503163,0.026872338823591357,0.3979123976269046
AAPL,2018-01-31,0.027131830184613098,0.03166516878143252,0.02828685475429646,0.030998532888911468,0.028543282234953504,0.2630493783632082
AAPL,2018-02-01,0.02754285609601309,0.03210427364000967,0.028510949226264265,0.031327489961200855,0.028917378871301302,0.40966606263403443
AAPL,2018-02-02,0.01899411502263776,0.02297105338380276,0.026245022798325968,0.022900964673033763,0.02745841911415567,0.8008883826709473
AAPL,2018-02-05,0.014285339787105111,0.01794026091152029,0.022609566827817368,0.017713447365092255,0.018854291614882945,0.6631828569029053
AAPL,2018-02-06,0.021965098996325677,0.02614509733625034,0.02241035907662592,0.015182954884364774,0.01352969832771897,0.6185107800319881
AAPL,2018-02-07,0.017866855046037244,0.021766664065754948,0.022011943574242993,0.021597762589949165,0.02382971408806908,0.45317628981838515
AAPL,2018-02-08,0.012711794088531791,0.016259131363373702,0.019023903296358252,0.0164861569674494,0.02033817719439851,0.4808251319318086
AAPL,2018-02-09,0.014940214116732742,0.017839893539756402,0.015151890495996911,0.010425635970802316,0.016322931648124483,0.6426502198842772
AAPL,2018-02-12,0.02236824893916836,0.025743646992313574,0.022622010188205532,0.01962396223783633,0.01810609834218735,0.5447218952759977
AAPL,2018-02-13,0.024290138570672304,0.027788572369756542,0.023692728103988647,0.024862080900697164,0.022408162091823725,0.26374807838857706
AAPL,2018-02-14,0.027862685573437018,0.031589898038389325,0.02716632540196709,0.02641834767675491,0.023767361477453564,0.3442098962460278
AAPL,2018-02-15,0.034488942964152,0.03864055754563164,0.034076189916759425,0.034161648489820784,0.03218445017222507,0.44859051184249327
AAPL,2018-02-16,0.033828741337057405,0.03793798594328446,0.03623008810621059,0.037666385981343475,0.03538918788987863,0.3395505708990445
AAPL,2018-02-20,0.03314489264135037,0.03721035599845415,0.035532860977040504,0.03722354207476597,0.035002628342345854,0.27747658969785194
AAPL,2018-02-21,0.032225205636556675,0.03623179805265478,0.03535855894412218,0.03670478648274672,0.03597526818044294,0.312670994531902
AAPL,2018-02-22,0.033911218633092904,0.03802581457224741,0.03514690783254254,0.03759047429590173,0.034690884316613574,0.2482703323073972
AAPL,2018-02-23,0.03744841001058216,0.04178950486935856,0.03726343794583564,0.039905857926376936,0.0370227235403405,0.276302813410568
AAPL,2018-02-26,0.04153975530228027,0.04614284151113329,0.041919819393077845,0.04328408237753853,0.04036462939041008,0.3195347532448429
AAPL,2018-02-27,0.04085586828069218,0.04541519242318423,0.043276886577763185,0.045751308685022696,0.04379381367346513,0.32714690615280906
AAPL,2018-02-28,0.04053749518674843,0.04507645493637097,0.043451188610681535,0.045612130826337666,0.043993315389151355,0.31575700246756394
AAPL,2018-03-01,0.03685888130815737,0.04116222315317336,0.04240537641317155,0.03879245436302217,0.043095491072854764,0.4252819585068591
AAPL,2018-03-02,0.038285523904637714,0.0426802533293138,0.03807271231098963,0.03852674415785057,0.035937860419542694,0.3224349049859899
AAPL,2018-03-05,0.03900478571444177,0.04344553778878449,0.03986554407671919,0.04114581314234375,0.03894307739416472,0.2225237830084204
AAPL,2018-03-06,0.038827950099242975,0.04325734178805765,0.040500497411458086,0.04318286036157437,0.04230990906660426,0.17667693596682615
AAPL,2018-03-07,0.03689423693343283,0.04119985852469499,0.037512457133573346,0.04082950158225279,0.03860638851871717,0.25534280653289493
AAPL,2018-03-08,0.03914630403024619,0.043596079274870914,0.03909361879022649,0.0418417024357689,0.03927974724226693,0.17653381675821572
AAPL,2018-03-09,0.042730597915554974,0.047409943686304634,0.04267928232168561,0.044777063674227485,0.042372261677219775,0.26013034283759173
AAPL,2018-03-12,0.04478218232855713,0.049592890950151874,0.04565487923918218,0.048345067338993464,0.0452776992529807,0.26034800330068675
AAPL,2018-03-13,0.04271881270712985,0.047397404943503696,0.04703685214214065,0.04711777694135061,0.048145748095186736,0.2552434181935821
AAPL,2018-03-14,0.04091485181163951,0.04547792442342649,0.04332669801430944,0.04530846477844522,0.045315126041226284,0.23213463541996665
AAPL,2018-03-15,0.04116249449209183,0.04574137202407777,0.042978093948472795,0.04563744115686008,0.043045620400769535,0.1662938361588196
AAPL,2018-03-16,0.04041962393955642,0.044951010079005205,0.041583658687629366,0.04506806490379603,0.04323265920527078,0.33188375440445633
AAPL,2018-03-19,0.03721262919031709,0.04153859601150825,0.03952938337127071,0.0400577006033859,0.04157419773243895,0.2726691757252926
AAPL,2018-03-20,0.037141898776825694,0.04146332526846502,0.038695222285340364,0.041677214246561456,0.03898048515506497,0.13553910844187161
AAPL,2018-03-21,0.032461005619762284,0.03648270691050509,0.0365662298141623,0.03702109804283765,0.03873107471260287,0.3085294824327383
AAPL,2018-03-22,0.029607682100920574,0.033446665701343,0.033565727178392624,0.033655557716125495,0.03244632352587212,0.3526171558684963
AAPL,2018-03-23,0.024997576846170155,0.028541318086426293,0.030129478959075473,0.029024751842924107,0.030438691239062426,0.3480254145922456
AAPL,2018-03-26,0.034229534238215065,0.03836455205906067,0.03408865227464439,0.030922621203469725,0.030039668780344697,0.313362737373519
AAPL,2018-03-27,0.02900634902713009,0.0328068260992381,0.03664092797148491,0.03152993399312917,0.03703518645152548,0.34696991042874387
AAPL,2018-03-28,0.026813265461264058,0.030473337349304408,0.03025398855294434,0.02934106340301504,0.02901713924281707,0.35438328665808444
AAPL,2018-03-29,0.028346128237094953,0.03210427364000967,0.03240786774489873,0.03150462366260676,0.0297154428160821,0.321883299702804
AAPL,2018-04-02,0.02704914209623177,0.03072424620715475,0.028909364728647163,0.028430084565463115,0.028256483058936493,0.3138159482007853
AAPL,2018-04-03,0.02906537088395847,0.03286955809948036,0.028672807898794422,0.028948840157482364,0.029503459161865614,0.2411749987638575
AAPL,2018-04-04,0.03286187517268205,0.03690925388316252,0.03273156609246228,0.028809662298797334,0.02606181196762558,0.2841853026014649
AAPL,2018-04-05,0.03426498567819314,0.03840218743058227,0.03549551189837921,0.03805860922687615,0.03566352415471066,0.2079315870305174
AAPL,2018-04-06,0.029053509023771212,0.03285701935667942,0.03331672698815169,0.0331494476363047,0.03365589186790097,0.28815884840719
AAPL,2018-04-09,0.03102257781485679,0.034952137991563714,0.034076189916759425,0.03523711551658015,0.03229669248227113,0.22864908636026732
AAPL,2018-04-10,0.0347955308496706,0.03896673714652518,0.03520916262947696,0.037362719933451,0.03618725183465943,0.22259534261272562
AAPL,2018-04-11,0.03384050738254202,0.03795054382920418,0.03510955875388125,0.03757780947757777,0.03522707490774735,0.16319093220547443
AAPL,2018-04-12,0.03584491263596251,0.04008329783561007,0.036454182578178396,0.039273234806195045,0.03669851660342324,0.16773993649582059
AAPL,2018-04-13,0.036540489051273106,0.0408234856663601,0.03749999477568838,0.04029810047803509,0.03840686777568564,0.18995323033222788
AAPL,2018-04-16,0.03782574747253273,0.04219097435641411,0.0379357593567326,0.041538036387876426,0.03871861180141792,0.15471111909530771
AAPL,2018-04-17,0.04067903266549336,0.04522701556557618,0.04135956421566156,0.043537127764386174,0.04053920528372634,0.20467363726784432
AAPL,2018-04-18,0.040207375210260576,0.04472517870675677,0.041210167901016365,0.044131795041847166,0.04218520384537319,0.1465225138193274
AAPL,2018-04-19,0.03426498567819314,0.03840218743058227,0.0369397395982721,0.03879245436302217,0.03713494682304125,0.2862058675396938
AAPL,2018-04-20,0.025917302176844903,0.029519876032225695,0.03174800869188671,0.029644710144782038,0.03319451679856772,0.591152151869358
AAPL,2018-04-23,0.025351248076567773,0.028917690944761154,0.026394419112971162,0.027949284816164738,0.028493411562868276,0.3031684754102067
AAPL,2018-04-24,0.022639519525292584,0.026032191221685513,0.025659861902636527,0.024318034284280976,0.027046914716907622,0.27510617780524205
AAPL,2018-04-25,0.023476595093467056,0.026922920538521966,0.024526889189918993,0.02582368039929392,0.02324363379750477,0.22233196351354673
AAPL,2018-04-26,0.024148581928986834,0.027638030883670117,0.024912842334416957,0.027038305978612814,0.02511409795189845,0.21816659821294793
AAPL,2018-04-27,0.021908453344122836,0.025254368019413886,0.023169822005233653,0.023571543635936498,0.024964466908297456,0.29462405987948664
AAPL,2018-04-30,0.025374933471061234,0.02894276843036306,0.026817721336130418,0.025102480775346353,0.022632627684570528,0.36192586772853164
AAPL,2018-05-01,0.029902523103895073,0.0337603065594356,0.029233063076210708,0.029442285418979197,0.027969683882919483,0.4726643553908359
AAPL,2018-05-02,0.03871004052616989,0.04313189693069189,0.039877987437107354,0.0402348343047918,0.03896800321653465,0.6015710314795172
AAPL,2018-05-03,0.03908733966223937,0.04353334727462865,0.039566732449932,0.04104459112637959,0.03977854909984577,0.27884516713018903
AAPL,2018-05-04,0.04727003024563556,0.05224002055817814,0.047970617103666735,0.04576395419722118,0.042733876375037255,0.49882237241456756
AAPL,2018-05-07,0.04883811450615819,0.053908592220405005,0.05222858304852604,0.05408927677554959,0.05137541163521023,0.36216439974288234
AAPL,2018-05-08,0.04988741964068799,0.055025152909489894,0.05042330792240829,0.0527228085192217,0.05113850215862378,0.22253769737592421
AAPL,2018-05-09,0.05143204846200347,0.0566686279429961,0.05189242234307753,0.05468394405301058,0.053083781834817934,0.1709392471382991
AAPL,2018-05-10,0.05459190237754222,0.0600308487530517,0.05559013311052055,0.05775848315015422,0.054567686441678837,0.21842798954534054
AAPL,2018-05-11,0.05373974557517164,0.05821173560473841,0.05520417996602259,0.05750543776330658,0.05674989462180477,0.20076568776606568
AAPL,2018-05-14,0.053218954340423286,0.05765972463159644,0.05454432091301059,0.058024193355325826,0.05615133239271017,0.14676402748385747
AAPL,2018-05-15,0.05119490707296087,0.05551443188238958,0.05148158247780324,0.054532120682127094,0.053370581010834944,0.17574964276103788
AAPL,2018-05-16,0.05325446326922295,0.05769736000311804,0.05321215944659835,0.05567083457600425,0.05248523863306864,0.13090463017971649
AAPL,2018-05-17,0.05184594881448279,0.05620444559881704,0.053772414624014664,0.056126323994780236,0.054891893378596096,0.1121291790001384
AAPL,2018-05-18,0.05104112447521808,0.05535133251038343,0.05240288508144436,0.05583532276521169,0.05388184577959876,0.12210478661696254
AAPL,2018-05-21,0.05260347901652265,0.05700736542980936,0.054220622565447046,0.056822213288205387,0.054891893378596096,0.12312948039527737
AAPL,2018-05-22,0.052047159690034095,0.05641771908514576,0.053735065545353344,0.05665772509899794,0.05536575038645966,0.0917217712890444
AAPL,2018-05-23,0.05346747851613995,0.05792319137536647,0.053261951885647835,0.0553671685281118,0.05283439041970117,0.1396040915197645
AAPL,2018-05-24,0.053218954340423286,0.05765972463159644,0.05368525410880709,0.05593654478117585,0.05585207030550818,0.17116585255193228
AAPL,2018-05-25,0.05372786455204384,0.058199196861937474,0.054693717227655786,0.05775848315015422,0.05517869255461308,0.1137889642666619
AAPL,2018-05-29,0.05292300188689811,0.057346083773503836,0.05357320687282319,0.056771592627160555,0.05439311054836257,0.1640108860048049
AAPL,2018-05-30,0.05244958144113668,0.05684426605780318,0.05263944191129713,0.05665772509899794,0.05454274159196357,0.12600876058516874
AAPL,2018-05-31,0.05170389393634356,0.056053884969611834,0.052925791180199355,0.055847968277410176,0.05391925354049901,0.21339397015914802
AAPL,2018-06-01,0.055692621681510485,0.0602817767540208,0.05545318015626352,0.057885015496640796,0.05487943046741112,0.17323809942660384
AAPL,2018-06-04,0.057574556582012076,0.06227652801714123,0.05938744775355931,0.06243990968440044,0.059430885632164226,0.20130238479835472
AAPL,2018-06-05,0.05932626013868067,0.06413327653697612,0.06003486344618317,0.06371780143696262,0.06121407135357243,0.15458787755455983
AAPL,2018-06-06,0.06011935675834179,0.06497383173949003,0.06020916547910149,0.0631610900022225,0.06191237492683746,0.14830255897641936
AAPL,2018-06-07,0.059503843108560106,0.06432147253770296,0.060358561793746685,0.06369249110644021,0.062548325889487,0.15241326069039612
AAPL,2018-06-08,0.05742075482132877,0.062113428645135055,0.05761952170610288,0.060440818307890665,0.058844805341599915,0.20518449333191208
AAPL,2018-06-11,0.05686439716895916,0.06152378230047148,0.057582172627441586,0.060997529742630785,0.05906927093434672,0.12221212602342037
AAPL,2018-06-12,0.05810717135106666,0.06284107773308414,0.05837898463471064,0.06218684499142729,0.059119141606431946,0.10832359948785188
AAPL,2018-06-13,0.0562370983107523,0.06085886521276468,0.05871514534015912,0.06128853097219933,0.060403525470261316,0.15530744913118438
AAPL,2018-06-14,0.05635550612027912,0.06098432921324923,0.05708417224695972,0.06101017525482927,0.05931866234946348,0.15502618013092923
AAPL,2018-06-15,0.05403560221399417,0.058525376462831014,0.05532868955989145,0.058530284129021115,0.05742325334535456,0.553663864163969
AAPL,2018-06-18,0.05391729021917002,0.05839993160546522,0.05415836776851263,0.057189126203215646,0.0547422623349951,0.12396533632889788
AAPL,2018-06-19,0.05030729883061222,0.054573509308111806,0.05056026087666532,0.05244445280185164,0.05132554096312503,0.27397812015404194
AAPL,2018-06-20,0.051266001582322335,0.05558970262543281,0.05164342215283663,0.05532921268539093,0.05283439041970117,0.14527220851077255
AAPL,2018-06-21,0.05003503177158053,0.054284965078739866,0.05307520649234132,0.05432967665019878,0.053956661301399256,0.19579328915024707
AAPL,2018-06-22,0.049395928542008,0.05360749010511334,0.05033614740720074,0.0540260106023063,0.05254757221633885,0.210587243456955
AAPL,2018-06-25,0.046140968952625344,0.05015744066609479,0.04880477818959708,0.04900298148357224,0.049155795694184046,0.25494127764207125
AAPL,2018-06-26,0.04881592382102595,0.05299274713172911,0.05080926106690625,0.05129307408965053,0.04864454995276557,0.18443618361697522
AAPL,2018-06-27,0.048496324298888394,0.0526540287880346,0.05174302602843234,0.053178297937997665,0.05143776424582577,0.1915533825951637
AAPL,2018-06-28,0.05008234507174586,0.05433513919306243,0.050410864562020125,0.05288729670842915,0.05002869418811068,0.11283682397604543
AAPL,2018-06-29,0.049620767323231174,0.05384586022016272,0.051630978792448434,0.05176122832675045,0.052759555870555364,0.16623320927183877
AAPL,2018-07-02,0.052070787595705964,0.05644279657074766,0.051767931746705464,0.05240649695913077,0.04967954240147815,0.11647543107828644
AAPL,2018-07-03,0.04821232952025312,0.052352926672742967,0.05257718711436268,0.05255832033001426,0.054630020024949016,0.07894142473681347
AAPL,2018-07-05,0.04996401391398117,0.05420967519257788,0.05065986475226106,0.0534946094980886,0.05147517200672602,0.10527337135434255
AAPL,2018-07-06,0.053005862441744184,0.057433912402466786,0.05317479137044029,0.054658633722488165,0.051674692749757556,0.11402948404779882
AAPL,2018-07-09,0.056095043432613095,0.060708323726678226,0.055976086255018515,0.05984615103042967,0.05676235753298975,0.13660455143930467
AAPL,2018-07-10,0.05582283386240297,0.060419779497306314,0.05672310582323811,0.06095955459378444,0.05827120698956592,0.09866305290664924
AAPL,2018-07-11,0.0528993548182857,0.05732100628790196,0.05485557590018594,0.057707881795234894,0.05551538143006063,0.127410136169479
AAPL,2018-07-12,0.05662767736460819,0.06127287344262114,0.05688496449576824,0.05985879654262813,0.05679976529389,0.1195544818301965
AAPL,2018-07-13,0.05698284330436704,0.06164924630095603,0.05742031395491143,0.06187053343133636,0.05873258205889917,0.06462055892523437
AAPL,2018-07-16,0.056485660812350014,0.061122331956534715,0.058428777073760096,0.06126322064167691,0.05928125458856323,0.08975785770422377
AAPL,2018-07-17,0.057124821530744135,0.061799787787042454,0.05745766303357272,0.0597196186839431,0.05707410155872203,0.09464180069805399
AAPL,2018-07-18,0.055882009022755585,0.06048249235442979,0.057370521515861944,0.060643243033693506,0.05960546152548049,0.10317826516162905
AAPL,2018-07-19,0.05763373174236469,0.06233926001738349,0.05830428647738803,0.060339596291926506,0.05699928603692153,0.14187412118966847
AAPL,2018-07-20,0.05711299799643793,0.061787249044241516,0.058154871165246036,0.06094690908158598,0.05960546152548049,0.1457443031225083
AAPL,2018-07-23,0.057314189709048696,0.06200052253057023,0.05756972926705339,0.06017510810271906,0.058233780201320334,0.09916297625339256
AAPL,2018-07-24,0.058959385642258805,0.06374436493584032,0.059686259380346496,0.06332557819142995,0.060440933231161564,0.1260823079562602
AAPL,2018-07-25,0.06111351095003001,0.06602767957145142,0.0611678361589007,0.06380635863460282,0.06120158941504214,0.10632390610087868
AAPL,2018-07-26,0.06039162381737351,0.06526239511198076,0.06254980906185917,0.06529935923741728,0.06313440618005131,0.12984018106567657
AAPL,2018-07-27,0.05656854053013663,0.06121014144237888,0.06159113838205996,0.060858351883945755,0.06360826318791488,0.1790175313576422
AAPL,2018-07-30,0.05530213844235726,0.05986776852416434,0.05786852189634381,0.05955514980086116,0.059755092569081486,0.14925569315042897
AAPL,2018-07-31,0.05575181600480361,0.0603444896111443,0.0577938237390212,0.059896752385349,0.05775994222080211,0.3315686933688348
AAPL,2018-08-01,0.06902004439746715,0.07440815411098858,0.06977090956633011,0.069980766465538,0.06877074349294757,0.6154486252977612
AAPL,2018-08-02,0.07599148383592552,0.08179753196192543,0.0780129545450314,0.07382712584767404,0.07057885503672573,0.5604699776401084
AAPL,2018-08-03,0.07670160492309741,0.08255027767859516,0.07846116248646381,0.08031782593257464,0.07862184709514941,0.2726751390256514
AAPL,2018-08-06,0.07797994552282617,0.08390520848272945,0.07909611582120271,0.08232958212740837,0.07983141543717825,0.19294581322893578
AAPL,2018-08-07,0.07566004161654122,0.0814462557323112,0.07940737080837809,0.08193733957575017,0.08147743302617044,0.1945559043258029
AAPL,2018-08-08,0.07582576272623337,0.0816218938471183,0.07730328405547313,0.07910320035325574,0.07739981584193556,0.1641241887116215
AAPL,2018-08-09,0.07775508757866245,0.08366683836768005,0.07975597487421474,0.08249405101049029,0.08173928735247221,0.17373603500656087
AAPL,2018-08-10,0.07701859828532309,0.08197317007673252,0.07890937042789622,0.08182347204758755,0.07903335149239749,0.18485361464208894
AAPL,2018-08-13,0.07861021463681495,0.08365428048176035,0.08121264593449581,0.08312667413067215,0.08146495108764018,0.1975723404239459
AAPL,2018-08-14,0.07965545722795264,0.0847583024280443,0.08072708891440208,0.08383520893629581,0.08252488838606803,0.14645791139877407
AAPL,2018-08-15,0.08023745489474968,0.08537304540142851,0.08095120238386669,0.08392378544006152,0.0813527278049394,0.22656093735130572
AAPL,2018-08-16,0.08389575605638028,0.08923710307030355,0.0847734037476818,0.08789665786255857,0.08450757582316243,0.22350772756761694
AAPL,2018-08-17,0.08895557719945812,0.09458153640067865,0.0899277855754059,0.0900349270977534,0.08661496848148786,0.29235005467601016
AAPL,2018-08-20,0.086437547651047,0.09192186804985145,0.09145915479300956,0.09250215340523754,0.09242588168770038,0.24127140545299092
AAPL,2018-08-21,0.08593862133144187,0.09139493456231138,0.08898157725349162,0.09113568514890968,0.09080480894842352,0.20024489286806668
AAPL,2018-08-22,0.08595054068045072,0.09140749244823107,0.08794820841636983,0.0908952852742605,0.08743797727598396,0.12926472258105554
AAPL,2018-08-23,0.08647313323160877,0.09195950342137307,0.08880727522057327,0.09185688477285725,0.08812379891071875,0.12792397388372606
AAPL,2018-08-24,0.08726895098882498,0.09280005862388699,0.08862051082976999,0.09250215340523754,0.09055541753330676,0.12388085624048202
AAPL,2018-08-27,0.08938315989147494,0.09503318000205677,0.09091136197347818,0.09404575536297138,0.0912412391680415,0.14424254531549213
AAPL,2018-08-28,0.09147360674786925,0.09724120475150586,0.09315238268314338,0.09732273849204331,0.09356061548058348,0.16662181767855178
AAPL,2018-08-29,0.09536941339441252,0.10135617127823124,0.09682520672981007,0.0979427161000267,0.0949821674768288,0.21112791602281655
AAPL,2018-08-30,0.09780437159563177,0.10392803014321425,0.10276393820691823,0.10172579000279397,0.0988478010068472,0.42520046006862267
AAPL,2018-08-31,0.10089253695065264,0.10718990272462478,0.10352340113552597,0.10628068419055359,0.10291293625255177,0.3709970414576095
AAPL,2018-09-04,0.10175956419487348,0.1081057286701819,0.10390935428002393,0.1070777954999429,0.10528220226452428,0.21247264025371854
AAPL,2018-09-05,0.09998980914822686,0.10623642226442728,0.1045194208939865,0.10514197029667643,0.10600545068750461,0.2715381364239131
AAPL,2018-09-06,0.09551196650900551,0.10150673190743645,0.10163098449169747,0.10033403072206915,0.10256378446591924,0.2810496004961466
AAPL,2018-09-07,0.09337401472304052,0.09924851390054598,0.09916583131507092,0.09958754007372467,0.09710204207368456,0.31414392972051747
AAPL,2018-09-10,0.08984636648993455,0.09552245897495645,0.09478337477383955,0.09422288906437726,0.09597975216464116,0.33299491603797327
AAPL,2018-09-11,0.09640275579948193,0.10244765448171425,0.09783366984865874,0.09433675659253987,0.09231363937765436,0.2955503592018818
AAPL,2018-09-12,0.09310077035404185,0.09895996967117407,0.09870518001325038,0.09848676271644291,0.10095519366517264,0.43001980064189954
AAPL,2018-09-13,0.09944345455081322,0.1056593338056834,0.10287600444039893,0.10194089885304625,0.09918448988229472,0.3547599684640799
AAPL,2018-09-14,0.09639087477635411,0.1024350965957945,0.10099601215946183,0.10187763267980293,0.10196524126416995,0.25828271360976707
AAPL,2018-09-17,0.08931187375270816,0.09495790925901351,0.09615288531891306,0.09523508991789337,0.09747611968268705,0.30992290694990354
AAPL,2018-09-18,0.08973947560766549,0.09540955286039163,0.09478337477383955,0.09504529139816348,0.09203930311282232,0.2540328682207524
AAPL,2018-09-19,0.08989389058244568,0.09557263308927902,0.09200696661003768,0.09274255327988673,0.09292466451793391,0.20982592877781908
AAPL,2018-09-20,0.09186558469638373,0.09765521298136234,0.09531872423298274,0.0976137397216118,0.09509440978687489,0.20470742930321068
AAPL,2018-09-21,0.08905062538448044,0.09468190377244254,0.09417330815987698,0.09526038094229028,0.09576776851042468,0.8968269527261848
AAPL,2018-09-24,0.09276823584704741,0.09860867429844108,0.09404879856600815,0.09442533309630557,0.09082975379813879,0.21548708858507526
AAPL,2018-09-25,0.09443113833730599,0.10036507458963087,0.0959910456438797,0.09830962901503698,0.09448338464659534,0.18428908887479228
AAPL,2018-09-26,0.09232877213190283,0.09814449195426203,0.09714890507737359,0.09838554070047872,0.09604210477525671,0.17862693518414297
AAPL,2018-09-27,0.09770926592178786,0.10382766277145042,0.10049801177897996,0.10316816994456363,0.09955858651864252,0.24021291963930974
AAPL,2018-09-28,0.09864765595653752,0.10481877860316949,0.09975099221076036,0.10377550204034852,0.10076813583332611,0.16813848373646484
AAPL,2018-10-01,0.10045299658374596,0.10672570123732697,0.10420816590681112,0.10672352809713109,0.10470858488514495,0.17481141683792517
AAPL,2018-10-02,0.10285233087852236,0.10925992473078841,0.10493027975675759,0.1070777954999429,0.10383570541856363,0.1866127882479252
AAPL,2018-10-03,0.10616613985826862,0.11276016742724829,0.10925050049855131,0.11106331343463849,0.10732724231223423,0.22504228352660638
AAPL,2018-10-04,0.10132008131678838,0.1076415463260029,0.10785608423520468,0.107204308540304,0.10823752953971577,0.25870710181863266
AAPL,2018-10-05,0.09692532918769942,0.10299964631173744,0.10295070259772152,0.09942305188451722,0.10472106682367527,0.27399799782190454
AAPL,2018-10-08,0.09630774594034064,0.10234728710995036,0.09845617982300944,0.09894225213521884,0.09755095423183285,0.23507156084665942
AAPL,2018-10-09,0.09998980914822686,0.10623642226442728,0.10153138061610176,0.10153601078918961,0.09933412092589572,0.20751216823861746
AAPL,2018-10-10,0.0875064373107971,0.09305096748173727,0.10038596454299606,0.09369148796015953,0.10160362656635247,0.35758458506734925
AAPL,2018-10-11,0.08523790924806962,0.09065474673156135,0.09185757029539246,0.08897212488931794,0.08796170495593275,0.46824157429141705
AAPL,2018-10-12,0.09433609015228367,0.10026470721786698,0.09606574380120228,0.09469102399535168,0.09531885635227638,0.3411586742291254
AAPL,2018-10-15,0.08869427134240881,0.09430553091410768,0.09475846905556642,0.09523508991789337,0.09624162551828824,0.2462736205706033
AAPL,2018-10-16,0.09438359508185434,0.10031488133218955,0.09620269675545931,0.09458980197938754,0.09346085510906771,0.23030191444303888
AAPL,2018-10-17,0.09324341928333746,0.09911051115726052,0.09576693217441509,0.09785413959626099,0.09766317751453363,0.16770117504348858
AAPL,2018-10-18,0.08710267415385747,0.09262442050907985,0.09215638192217965,0.08983248306582509,0.09212660057315308,0.26406711495777113
AAPL,2018-10-19,0.09101038098646907,0.09675192577860617,0.09404879856600815,0.09543751464369615,0.09237599198826985,0.269010690955189
AAPL,2018-10-22,0.09260197817502042,0.098433036183634,0.09666334805727991,0.0973480488225657,0.09453325531868051,0.2264068854253709
AAPL,2018-10-23,0.09507242614209882,0.10104253042013864,0.09652639510302288,0.09198339781321829,0.08959524060639462,0.32555371107362513
AAPL,2018-10-24,0.08599802644708082,0.09145766656255364,0.09774650933345116,0.09178095378128998,0.09803727415088143,0.34699873304714457
AAPL,2018-10-25,0.09159235949032557,0.09736666875199043,0.09419821387815011,0.09457715646718906,0.09193956176865187,0.23697882307807178
AAPL,2018-10-26,0.08743522782379248,0.09297569673869407,0.09271663709959596,0.08941494948976997,0.08968251903938013,0.4099403744505377
AAPL,2018-10-29,0.08261296965444886,0.08788217226616932,0.0920941271252452,0.08108962691144156,0.09378508107333028,0.3967922910428495
AAPL,2018-10-30,0.08387201317306525,0.08921200644158292,0.08647907499820381,0.0851131199949835,0.08375938255046683,0.30460463691327644
AAPL,2018-10-31,0.09047600322688587,0.09618737606266323,0.09304033544715948,0.09441266827798162,0.09090456931993929,0.32148972187912533
AAPL,2018-11-01,0.09446674308080832,0.1004027099611525,0.09541832810857845,0.0946530681526308,0.09361050518001401,0.5199115841333474
AAPL,2018-11-02,0.07695923149556519,0.08191043807649026,0.08457419599649033,0.08025455975933138,0.08176423220218748,0.8479477674521576
AAPL,2018-11-05,0.06996335930793271,0.07452106022555341,0.07304531811061385,0.07106887900449582,0.07521760766180963,0.5978370115715359
AAPL,2018-11-06,0.07255263666922954,0.07725601846254262,0.07345617697338494,0.07552255117629131,0.07224979844808788,0.25712583334016625
AAPL,2018-11-07,0.07989294354992477,0.08500921128589459,0.08010457894005138,0.07860975509175888,0.07730005547041979,0.272446545845232
AAPL,2018-11-08,0.0790228885611004,0.08317755939478036,0.08017927709737402,0.08192469406355174,0.08230042279332123,0.1923216544580515
AAPL,2018-11-09,0.07423144440012697,0.07813420903657817,0.07506224434831119,0.07623108598191491,0.076776327790471,0.2818029641081375
AAPL,2018-11-12,0.06195489817982344,0.06521220185453941,0.06739293590240789,0.06552709429374254,0.06860863051081628,0.4484742274854973
AAPL,2018-11-13,0.059642640286809434,0.06277834573284186,0.06406871592157787,0.06256642272476151,0.05941842272097925,0.4062083423093427
AAPL,2018-11-14,0.053170663730290973,0.05596607548376767,0.060707165859583356,0.05558225807223857,0.0622490447749397,0.544538026848269
AAPL,2018-11-15,0.05866525366808387,0.061749613672719916,0.057582172627441586,0.05680954846988143,0.05537821329764461,0.4021920595177131
AAPL,2018-11-16,0.061192079006197664,0.06440928202354712,0.061317232473545896,0.06004859506235799,0.05800933363591887,0.30727122605703844
AAPL,2018-11-19,0.05205026408639973,0.05478678279444052,0.05600099197329164,0.054392942823442064,0.05738584558445431,0.35693557921163677
AAPL,2018-11-20,0.041466207936531135,0.04364625338919348,0.04450946316607646,0.04239839456438352,0.04288350741863825,0.614350384148355
AAPL,2018-11-21,0.04122780179341362,0.043395344531343166,0.04301544302713409,0.043714261465792076,0.044579395679715667,0.24958524003650528
AAPL,2018-11-23,0.03587616739196481,0.03776234782847737,0.03844622209509943,0.038083919557398566,0.03860638851871717,0.17504199778513085
AAPL,2018-11-26,0.03865329905926443,0.04068548292307461,0.03639192778124398,0.035755851802473926,0.03773350905213585,0.3874796036492416
AAPL,2018-11-27,0.03820040212280923,0.04020876183609465,0.03616783330927617,0.03654031759966478,0.034329250591450755,0.3515894804400021
AAPL,2018-11-28,0.046186078514629914,0.04861433300435247,0.04428534969661188,0.041664549428237496,0.04083846737092833,0.39805452295212185
AAPL,2018-11-29,0.044529365654162045,0.04687049059908238,0.046165341977548985,0.04516928691976016,0.04823304555551752,0.3553920783021092
AAPL,2018-11-30,0.04337316963736321,0.045653562538233605,0.0430901411844567,0.044321574255451524,0.0452776992529807,0.33314399854694243
AAPL,2018-12-03,0.050810594300657874,0.05348204524774758,0.04882968390787021,0.04961031357935719,0.050477606346258974,0.34577625647359733
AAPL,2018-12-04,0.04112050848939347,0.04328243841677831,0.04565487923918218,0.04335999406298027,0.04610070804747679,0.351161116697564
AAPL,2018-12-06,0.038772473386412404,0.04081094692355916,0.036180276669664335,0.03595829583440224,0.034640994617183035,0.36859482529641946
AAPL,2018-12-07,0.031346910583304965,0.03299502209996491,0.0358192292434395,0.033275979982791276,0.03679827697493901,0.3604767857413513
AAPL,2018-12-10,0.032669958323287174,0.0343875882756208,0.030341130070655115,0.026987704623693487,0.026211443011226576,0.5567130984140851
AAPL,2018-12-11,0.03151380063236939,0.033170660214772024,0.03245766018394822,0.03163115600909333,0.03451630842329731,0.41017194928113654
AAPL,2018-12-12,0.03207406752460687,0.0337603065594356,0.03261951885647835,0.0341869588203432,0.03294510635610562,0.2943447786460177
AAPL,2018-12-13,0.03427905127654121,0.03608123742344954,0.033428793221632364,0.034857537783245934,0.033057348666151704,0.2572818730328873
AAPL,2018-12-14,0.027759339835165764,0.029218773916934032,0.029083666761565485,0.029454930931177653,0.031199347422943002,0.344794299681187
AAPL,2018-12-17,0.02592379841368414,0.027286754654055917,0.028174807518312556,0.02622854915702505,0.02677257845207559,0.3804170682576752
AAPL,2018-12-18,0.028462523937866246,0.029958980890802844,0.027153882041578925,0.028328862549498957,0.02668530001909014,0.2765920334779682
AAPL,2018-12-19,0.022288492780687924,0.023460332356702474,0.027054278165983187,0.021623053614346077,0.02745841911415567,0.4277199544702017
AAPL,2018-12-20,0.017449428712500686,0.018366807884177716,0.02040587619931672,0.016827778858062747,0.020475345326814526,0.584015075223307
AAPL,2018-12-21,0.010178855772389361,0.01071396328947083,0.01548805120144539,0.009653834991935423,0.01606105829447743,0.89183666420929
AAPL,2018-12-24,0.005530443799522083,0.005821173560473847,0.007258468580629007,0.005807475609799412,0.005199888065932939,0.30966549115108344
AAPL,2018-12-26,0.017854648252920463,0.018793354856835143,0.01433017277045473,0.0059719637990068575,0.005386945897779494,0.5224887237717278
AAPL,2018-12-27,0.016638912979898973,0.017513694795744078,0.013757474232650252,0.010210546426675543,0.014789137341833042,0.46816902080371864
AAPL,2018-12-28,0.016734248609029223,0.017614062167507966,0.015936259142877773,0.015878844177789952,0.01685912223925823,0.3605741863138778
AAPL,2018-12-31,0.01853405114642484,0.019508465201983266,0.01698207134038776,0.018320760154751703,0.018143506103087598,0.2881409585061137
AAPL,2019-01-02,0.018748599428584117,0.019734277431112918,0.016347118005648864,0.015473956113933318,0.01360451384951944,0.30837841215698286
AAPL,2019-01-03,0.0,0.0,0.0,0.0,0.0,0.8477837766922914
AAPL,2019-01-04,0.007234834056025319,0.007615190080066475,0.0035234087345246967,0.0022774470938798086,0.0006858406620800783,0.5227332190864373
AAPL,2019-01-07,0.006841476375792799,0.0072011818502100144,0.0038720128003613408,0.00493445261496836,0.005885728728013018,0.4846744423133928
AAPL,2019-01-08,0.010202694470407059,0.010739059918191518,0.007594629286077487,0.008249410892886666,0.006958128937625874,0.3479906286734862
AAPL,2019-01-09,0.013253913676088608,0.013950739242160698,0.01096862270846019,0.009653834991935423,0.009115392268036537,0.38847945034272824
AAPL,2019-01-10,0.013838000103403247,0.014565482215544934,0.010271414576786875,0.011210082461867693,0.010624241724612682,0.29586542023750334
AAPL,2019-01-11,0.012038216728948142,0.012671079181069633,0.009935253871338395,0.012032484795653914,0.011098098732476247,0.20882608208433245
AAPL,2019-01-14,0.009308704968862352,0.009798137343913715,0.006909864514792335,0.009135079399916174,0.008566738765717785,0.26265480665613644
AAPL,2019-01-15,0.012967945114578883,0.01364965626998782,0.009549300726840432,0.010185236096153127,0.007843490342737458,0.2255998521101511
AAPL,2019-01-16,0.01519672923864987,0.015995683762722424,0.012649407238205845,0.013917708644001048,0.011347490147593009,0.24407415662161142
AAPL,2019-01-17,0.0162932710215829,0.01714987982332894,0.014865541227094686,0.014246665716290435,0.012744097294123125,0.2366349394240495
AAPL,2019-01-18,0.01743752852643235,0.018354269141376778,0.015139447135608719,0.01768813703456984,0.01685912223925823,0.27569256900718747
AAPL,2019-01-22,0.013242032652960811,0.01393820049935976,0.013707662796103998,0.01343690889470267,0.01549992285362839,0.2423279034998858
AAPL,2019-01-23,0.01398097480268784,0.014716023701631387,0.011728085637067953,0.012272884670303102,0.012681744683507606,0.1701381771234381
AAPL,2019-01-24,0.012526833386548836,0.01318545478269001,0.010906367911525772,0.012323505331347934,0.012631874011422378,0.1931058284552294
AAPL,2019-01-25,0.018557889844442538,0.019533542687585143,0.015450702122784099,0.015587842948221409,0.014340225183684746,0.273550750294997
AAPL,2019-01-28,0.016817741540912756,0.017701890796470915,0.013209662415622159,0.014752775796111228,0.014726784731217524,0.20056591720404698
AAPL,2019-01-29,0.014886807001479263,0.0156694850187101,0.015450702122784099,0.015322132743049832,0.015300402110596856,0.3535752594594715
AAPL,2019-01-30,0.027485233133843295,0.028930229687562092,0.02543574843317195,0.023065433556115705,0.024029234831100615,0.5476071387662478
AAPL,2019-01-31,0.02890359734001524,0.03042316323498187,0.028984062885969775,0.02854395209362573,0.027595587246571684,0.3451511038193199
AAPL,2019-02-01,0.02899893296914549,0.030523530606745758,0.028959157167696647,0.0302773332649639,0.02865552454499956,0.26492980574300606
AAPL,2019-02-04,0.03463659342092562,0.03645761028178443,0.03229582050891483,0.031985423411905134,0.029216659985848603,0.25327552907518897
AAPL,2019-02-05,0.038128866865815625,0.040133471949932636,0.036553786453774134,0.0384002311174895,0.036012675941343164,0.29905479204605057
AAPL,2019-02-06,0.03820040212280923,0.04020876183609465,0.037163853067736674,0.03903285423767136,0.03824475479355435,0.22091567967833953
AAPL,2019-02-07,0.03426713192753236,0.0360686986806486,0.035134464472154375,0.035857073818438084,0.03543905856196386,0.2557224699890697
AAPL,2019-02-08,0.03450653454355734,0.0354037815929418,0.031050800560213393,0.03342780335367476,0.031186884511758023,0.17699000923566144
AAPL,2019-02-11,0.033333417650271674,0.0341742956461733,0.031735565331498544,0.034477960049911716,0.033755652239416734,0.1488969012455098
AAPL,2019-02-12,0.03508105866354819,0.03600596668040634,0.03147410278337265,0.03504731699685029,0.03257102874710316,0.1617189909002521
AAPL,2019-02-13,0.03423118225110053,0.035115218220451105,0.03331672698815169,0.03532567271422038,0.03417961954784976,0.16377334787384734
AAPL,2019-02-14,0.03497336293777692,0.03589306056584149,0.03179780113093619,0.03464244823911916,0.032084708828054614,0.15726838106582564
AAPL,2019-02-15,0.03451845389256619,0.03541632033574274,0.032345612947964314,0.03511058317009358,0.034005043654533496,0.18500866045141684
AAPL,2019-02-19,0.03512894685192938,0.03605614079472888,0.03202191460040077,0.03478162609780419,0.032084708828054614,0.1288144934039686
AAPL,2019-02-20,0.03644561333271554,0.03743616822758383,0.03436255818315845,0.03667949545834981,0.033930228132733,0.19979366980758662
AAPL,2019-02-21,0.03528453076608187,0.03621924016673503,0.03317977403389466,0.03580647246351876,0.034690884316613574,0.11168888865698275
AAPL,2019-02-22,0.037570918689382116,0.03861546091691098,0.03396414268077552,0.03717294071984664,0.03441654805178154,0.12822213890166445
AAPL,2019-02-25,0.03907911876075257,0.040196203950174925,0.0375373438543497,0.040424613518396185,0.03763374868062008,0.15764307510503484
AAPL,2019-02-26,0.039198791324354276,0.04032166795065947,0.036827692362288195,0.03943772299540249,0.03707261323977104,0.10990486796631828
AAPL,2019-02-27,0.03984521479720876,0.04099912378116721,0.036454182578178396,0.03888101156066237,0.03644912518830651,0.2168984030033168
AAPL,2019-02-28,0.03778632930386519,0.038841273146040634,0.03634213534219449,0.03912141143531156,0.037833269423651616,0.2206751598972026
AAPL,2019-03-01,0.03996492568669152,0.04112458778165176,0.03664092797148491,0.03908345559259069,0.03778337972422108,0.19752562790446893
AAPL,2019-03-04,0.041018235875791814,0.04222860972793571,0.039877987437107354,0.04044992384891857,0.039541620595913984,0.21293082049795048
AAPL,2019-03-05,0.040635207020504244,0.04182714024088016,0.03769920252687983,0.04117110416674066,0.039853364621646264,0.13641372582782413
AAPL,2019-03-06,0.039426217102548844,0.04056003806570885,0.03706424919214096,0.0404119680061977,0.03826969964326962,0.14707809463608584
AAPL,2019-03-07,0.037008237266638044,0.03802581457224741,0.03575697444650508,0.03798269754143441,0.037272114955457264,0.18669428668616167
AAPL,2019-03-08,0.0374990576623995,0.038540190173867755,0.03405130319598307,0.03479427161000265,0.03284536501193519,0.17877303604293276
AAPL,2019-03-11,0.04466908265355676,0.04605501288217037,0.041583658687629366,0.042195969838580705,0.03929222918079725,0.258398997966763
AAPL,2019-03-12,0.04707514314045874,0.048576697632830845,0.04600348330501883,0.04728224582443255,0.044916084555163216,0.26293706953978474
AAPL,2019-03-13,0.04803271527867764,0.04958035220735091,0.04678785195189972,0.04924338135822143,0.04772178078675371,0.2486738489650071
AAPL,2019-03-14,0.05045067595164793,0.05211455655769359,0.04778387171036022,0.05131838442017295,0.049779283745648606,0.17459971967518895
AAPL,2019-03-15,0.05331153050611742,0.05511296239533406,0.051805280825366756,0.052811385022987406,0.05096392626530752,0.3282878842881198
AAPL,2019-03-18,0.05558582661394407,0.057496644402709046,0.053124998931390804,0.05540512437083267,0.05214854975762109,0.2008412229039434
AAPL,2019-03-19,0.053802331738938364,0.05562733799695441,0.053872018499610375,0.055569612560040116,0.05532834262555941,0.2547752991154189
AAPL,2019-03-20,0.0557534640176891,0.05767228251751616,0.05449452847396111,0.05406396644502717,0.052684740348754866,0.24870068381662153
AAPL,2019-03-21,0.06404867938786976,0.06636639791514592,0.06301046036367972,0.06049141966281002,0.05741079043416958,0.4474674236082588
AAPL,2019-03-22,0.059212815530750806,0.06129797007134183,0.06470368825381356,0.061718710060452875,0.06404469340753288,0.36173007270008545
AAPL,2019-03-25,0.05644771819010319,0.05839993160546522,0.05759461598782975,0.05642999004267271,0.05926877265003294,0.37601814035969133
AAPL,2019-03-26,0.05411355705606491,0.055953517597847946,0.05871514534015912,0.053874187231422815,0.059455830481879496,0.43520588418724065
AAPL,2019-03-27,0.056124535198086745,0.05806119411865196,0.054830670181912816,0.056366723869429425,0.05582712545579291,0.23690527570698028
AAPL,2019-03-28,0.05642380284032339,0.05837483497674456,0.05458166999167188,0.057606659779270736,0.05607651687090967,0.1467799296181475
AAPL,2019-03-29,0.05789609156114306,0.059917942638486876,0.055229085684295715,0.05888455153183292,0.057173861930237796,0.17444566774925413
AAPL,2019-04-01,0.059440279634826426,0.0615363401863912,0.05722110620371995,0.058682126806030105,0.059430885632164226,0.21716277598588885
AAPL,2019-04-02,0.06276790509469388,0.06502402499693136,0.060682279138807,0.06206033195106622,0.05874504497008415,0.16651149662191456
AAPL,2019-04-03,0.06435994303087736,0.06669259665915825,0.06322211147525936,0.06471733747215475,0.06143851791897392,0.17154154047453457
AAPL,2019-04-04,0.06476694472476632,0.06711914363181565,0.0630602528027292,0.06470469195995629,0.0633588527454528,0.1302208384052445
AAPL,2019-04-05,0.06633504814822949,0.06876261866532185,0.06396913104347893,0.06823472047587589,0.06542883764287799,0.1243797857038322
AAPL,2019-04-08,0.07004579827808716,0.07265177296291755,0.06786603056461663,0.06875347606789514,0.06539142988197774,0.19748090315177813
AAPL,2019-04-09,0.0693275329411906,0.07189902724624783,0.07112799574851222,0.07241003693030129,0.07025464809980847,0.2957411848133623
AAPL,2019-04-10,0.0706681530976376,0.07330413216470463,0.06850100289685229,0.0710815245166943,0.06820958902475321,0.15587296878187412
AAPL,2019-04-11,0.06866920928226777,0.07120901352982037,0.06882470124441584,0.0714105008951092,0.07091554391217325,0.1479765652234734
AAPL,2019-04-12,0.0685734520684459,0.07110864615805648,0.06775398332863272,0.0685890071848132,0.06885802192593304,0.21615597210865034
AAPL,2019-04-15,0.06900434994917415,0.07156028975943457,0.06739293590240789,0.0708664349725675,0.06808490283086749,0.11454034011186655
AAPL,2019-04-16,0.06902834195071608,0.07158538638815523,0.06928535254623638,0.07156232426599268,0.06918224789019561,0.19563923722431226
AAPL,2019-04-17,0.0736727297060723,0.07645309863155034,0.07178785480152425,0.07162559043923594,0.06928198923436607,0.22754686967728854
AAPL,2019-04-18,0.07454652146829976,0.07736892457710745,0.07274650648382666,0.07657270787252829,0.0737461659661337,0.18072502302703586
AAPL,2019-04-22,0.0753485096923662,0.07820947977962137,0.073730082881899,0.07634495351007753,0.07338455126831622,0.13345294719969625
AAPL,2019-04-23,0.07887968390652947,0.08191043807649026,0.07722858589815054,0.07831873455606492,0.07537970161659557,0.17205040877181604
AAPL,2019-04-24,0.07849667421418244,0.08150898773255347,0.0781374451414035,0.08230427179688593,0.07903335149239749,0.11458009544759166
AAPL,2019-04-25,0.07624621680437349,0.07915040235389917,0.07724102925853873,0.0798623365137987,0.07837245568003265,0.1245447703470914
AAPL,2019-04-26,0.07507319572579044,0.07792093555024945,0.07380478103922158,0.07606659779270747,0.07596578190715991,0.12559729286041377
AAPL,2019-04-29,0.0754442669061881,0.07830984715138525,0.07501245190926173,0.07826813320114556,0.07534229385569535,0.16093581078646735
AAPL,2019-04-30,0.07072805644973032,0.07336686416494695,0.07181274152230058,0.0722582135594178,0.0736713504443332,0.4027496281012578
AAPL,2019-05-01,0.0825186113352856,0.08572432163104274,0.08664093367073397,0.08506249933393867,0.0821757365994355,0.5845547539057754
AAPL,2019-05-02,0.08087872353660192,0.08400555671137452,0.08332917604778892,0.08367074005321384,0.08212584690000496,0.2582528971079732
AAPL,2019-05-03,0.08399093838198635,0.08726742929278505,0.08232071292894019,0.0863277455743024,0.08343517561354957,0.14789307901845067
AAPL,2019-05-06,0.08007667782371392,0.08316500150886061,0.07858565308283591,0.07781264378236957,0.07520512572327936,0.26269356810846844
AAPL,2019-05-07,0.07334954671405586,0.07611436114473705,0.07681772703537945,0.07443443863733351,0.07718783218771907,0.32551296185450684
AAPL,2019-05-08,0.07339733908773444,0.07616453525905961,0.07422808326238087,0.07559846286173305,0.07222485359837255,0.20203090132551743
AAPL,2019-05-09,0.07078786398712036,0.07342959616518921,0.06967130569073435,0.06915836413175178,0.07035438944397893,0.2871977631660354
AAPL,2019-05-10,0.06745939535786966,0.0689884308944515,0.06614791595370645,0.06423655702898187,0.06663840598490686,0.34981341081648265
AAPL,2019-05-13,0.05368884880512742,0.054611144679633405,0.054482066116076144,0.05168531664130871,0.05453027868077859,0.5110401809662882
AAPL,2019-05-14,0.05722157521747351,0.058299564233701334,0.054755972024590205,0.05492434392765977,0.05290920594150167,0.30330960685203084
AAPL,2019-05-15,0.05993728966037867,0.06113487069933565,0.057308266718927525,0.05569614490652666,0.052734630048185405,0.20407035004821572
AAPL,2019-05-16,0.05892795841979173,0.06008104201049305,0.05820468260179229,0.05926412926516714,0.05727362230175356,0.2685405841102395
AAPL,2019-05-17,0.05763010994660478,0.05872611120635876,0.056249992163532575,0.056632414768475525,0.05355761981533619,0.2670268997025058
AAPL,2019-05-20,0.05052855414195653,0.051311636726701276,0.04809512669753557,0.04843362453663366,0.04930544576513035,0.3240082223973113
AAPL,2019-05-21,0.054746279026441386,0.055715166625917356,0.05263944191129713,0.0540260106023063,0.051425301334640794,0.2221600216865356
AAPL,2019-05-22,0.05015604574101923,0.05092272512556548,0.04978835458766939,0.05130573890797449,0.050726997761375736,0.23591338008063872
AAPL,2019-05-23,0.046407046381866296,0.04700849334236787,0.043351584735085796,0.04530846477844522,0.044666693140046454,0.30330960685203084
AAPL,2019-05-24,0.045577904271070696,0.04614284151113329,0.0453436242520068,0.046333311144159756,0.04516547597027998,0.1759434500226978
AAPL,2019-05-28,0.044688724667598684,0.045214457679656456,0.043413839532020215,0.045434997124931764,0.04356934808071833,0.21801950347076504
AAPL,2019-05-29,0.043667339937419225,0.04414809024801289,0.04187002695402839,0.043018372172366925,0.040451907823395555,0.2233169019561364
AAPL,2019-05-30,0.044772830813579134,0.045302286308619405,0.041720611641886396,0.04386608483667556,0.04235977973868946,0.15113313888004748
AAPL,2019-05-31,0.04089162632771873,0.04125005178213631,0.04017679906389454,0.04174048041980474,0.04021497931946377,0.20902883429653057
AAPL,2019-06-03,0.03876473155843879,0.03902946914676747,0.040089638548686996,0.03576851662079786,0.039429397313213266,0.3417371143639258
AAPL,2019-06-04,0.0463830735432649,0.04698339671364721,0.042467631210105966,0.04114581314234375,0.03922987657018173,0.24803279417643964
AAPL,2019-06-05,0.04986772013782448,0.050621623010273814,0.04889193870480463,0.04952173707559149,0.05025314075351217,0.2361598631621344
AAPL,2019-06-06,0.05308809061955283,0.053983862963448204,0.04948954296088223,0.0507996288281537,0.048756773235466316,0.1641321397787665
AAPL,2019-06-07,0.05901204540283167,0.06016885149633722,0.05751991783050714,0.05537983334643573,0.053033892135387395,0.24521414087352905
AAPL,2019-06-10,0.061931940977070055,0.063217450591419,0.06181523285402776,0.06278151226888828,0.05964286928638074,0.2008521556212678
AAPL,2019-06-11,0.0646115907659002,0.0660151216855317,0.06259960150090862,0.06528671372521883,0.06344615020578359,0.20792860538033803
AAPL,2019-06-12,0.06386655480108505,0.06523729848326007,0.06256225242224733,0.06502100352004722,0.06231139738555522,0.12166250850702066
AAPL,2019-06-13,0.06381855163506067,0.06518710522581875,0.0635831589014842,0.06528671372521883,0.06324662946275206,0.1556672349194967
AAPL,2019-06-14,0.06212418359645394,0.06341818533494678,0.05959909886513895,0.06111139727079343,0.05931866234946348,0.1267144177942895
AAPL,2019-06-17,0.06350609988974029,0.06486092562492521,0.06130478911315773,0.06347740156231343,0.061002068672010606,0.08604073381392564
AAPL,2019-06-18,0.06898551277863443,0.07058173181363517,0.06794072872193924,0.06732376094444947,0.06493005481264447,0.20413296470198278
AAPL,2019-06-19,0.06828853746866526,0.06985408272568608,0.06743028498106918,0.069980766465538,0.06945656512768233,0.15019690072372105
AAPL,2019-06-20,0.07019910180231673,0.07184885313192527,0.06833914422432213,0.07089174530308995,0.07031698168307868,0.15407105819013334
AAPL,2019-06-21,0.06938203234405421,0.07099574004349166,0.06863795585110935,0.07104356867397343,0.06835923909569952,0.4153292102080769
AAPL,2019-06-24,0.0691416907439433,0.07074483118564132,0.06777888904690585,0.07106887900449582,0.06803501313143695,0.12133651475407474
AAPL,2019-06-25,0.06552483902267625,0.06696860214572922,0.06665835969457648,0.06742496365428813,0.06789784499902093,0.1496611975748251
AAPL,2019-06-26,0.070607636531448,0.0722754001045827,0.06881225788402764,0.07003138712658283,0.06707485523187018,0.19932753849620966
AAPL,2019-06-27,0.07053556471211955,0.0722001293615395,0.06953437173397412,0.07284023532468037,0.07021722131156291,0.14796563250614903
AAPL,2019-06-28,0.06834861328722272,0.06991681472592837,0.06695717132136367,0.06965180939324861,0.06820958902475321,0.24945007189503993
AAPL,2019-07-01,0.07271050097330492,0.0744708861112309,0.07316982770448269,0.07420668427488275,0.07380851857674925,0.21111002612174024
AAPL,2019-07-02,0.0741283669430231,0.0759512617727309,0.07147659981434887,0.07510501760023625,0.07161384748543831,0.10856312538559569
AAPL,2019-07-03,0.07614710607595906,0.07805893829353491,0.07310757290754824,0.07678779741665503,0.07394568670916524,0.053172016119794746
AAPL,2019-07-05,0.07593083312915222,0.0778331069212865,0.0739043849148173,0.07705348831570114,0.07403298416949605,0.11184592223309696
AAPL,2019-07-08,0.0708720276219224,0.07255140559115367,0.0693227016248977,0.07137254505238833,0.07086565421274271,0.19208312244370085
AAPL,2019-07-09,0.07233799257236762,0.07408197451009504,0.06945965457915473,0.07187863582608361,0.06885802192593304,0.14476830963045678
AAPL,2019-07-10,0.07472916345447878,0.0765785434889161,0.07222360038507167,0.07535806298708386,0.07216252001510237,0.1181232897440924
AAPL,2019-07-11,0.07295082341047529,0.07472179496908118,0.07304531811061385,0.07554786150681375,0.07398309447006551,0.14092993196619702
AAPL,2019-07-12,0.07481332708928079,0.07666637211787905,0.07255976109052018,0.07616781980867166,0.07291069426045266,0.11512275578023946
AAPL,2019-07-15,0.0771084341505216,0.07906259286805498,0.07488794231539289,0.07844526690255149,0.0749557343081626,0.1086843791595573
AAPL,2019-07-16,0.07625526171230304,0.07817184440809974,0.07518675394218008,0.07781264378236957,0.07557922235962711,0.10788330914469625
AAPL,2019-07-17,0.0748734220707788,0.07672910411812131,0.07391682827520549,0.07752164255280108,0.07490586363607737,0.08045908467811967
AAPL,2019-07-18,0.07764913568047929,0.07962714258399792,0.07490040467327783,0.07806568916921724,0.07484351102546183,0.12451892937887009
AAPL,2019-07-19,0.07396013548812169,0.07577562365792381,0.07567231096227375,0.07637026384059997,0.07707558987767299,0.14825982199051485
AAPL,2019-07-22,0.07952367368593682,0.08158425847559672,0.07658117020552671,0.07795182164105463,0.07440706177849854,0.16166333343023698
AAPL,2019-07-23,0.08147030267366329,0.08361664511023872,0.07867281359804343,0.0826079185386529,0.08040503281655759,0.12267626956801107
AAPL,2019-07-24,0.08126604489056793,0.08340337162391001,0.07897160622733387,0.08245609516776942,0.07941991103993024,0.08924600775676293
AAPL,2019-07-25,0.07928342790052856,0.08133334961774638,0.07908367246081452,0.0818993837330293,0.08094122340769139,0.07849218944311968
AAPL,2019-07-26,0.08014857717657758,0.08223663682050256,0.07969372007728029,0.08241813932504855,0.07918298253599843,0.11535830614441074
AAPL,2019-07-29,0.08247969140307182,0.08467047379908135,0.08082669278999785,0.08406296329874652,0.08040503281655759,0.15565530831877916
AAPL,2019-07-30,0.08139819252845382,0.08354137436719553,0.08022908853392022,0.08263322886917535,0.08077911042556007,0.2775282716342946
AAPL,2019-07-31,0.08651713134306266,0.08888580769757057,0.09418575152026518,0.08768156831843182,0.09033095194055996,0.6288233141190827
AAPL,2019-08-01,0.08097764263561108,0.08310226950861835,0.09002738945100161,0.08191204855135326,0.08718856683352189,0.47712192240901424
AAPL,2019-08-02,0.0756784572023893,0.07756965932063523,0.07558515044706618,0.07544663949084957,0.07675138294075573,0.34636861097590155
AAPL,2019-08-05,0.06284517007090556,0.06417091190849775,0.06589889676596875,0.06399615715433268,0.06734919149670221,0.46097231115407994
AAPL,2019-08-06,0.06724314157400332,0.06876261866532185,0.06517680191351907,0.06584340585383347,0.06525426174956173,0.2963037228138727
AAPL,2019-08-07,0.06969446492643405,0.0713219196443852,0.06703186947868628,0.06556506944258889,0.06413199086786367,0.27185021580935526
AAPL,2019-08-08,0.0749695242175302,0.07682945234676644,0.07197460019483073,0.07261248096222961,0.07010499802886216,0.20868992005947395
AAPL,2019-08-09,0.07295519256091584,0.07376833365200244,0.07101592951503152,0.07248594861574303,0.07147667935302232,0.18493809473050477
AAPL,2019-08-12,0.0723401196587663,0.07312849404989755,0.07013197599005169,0.07230881491433716,0.06938174960588184,0.16369085555221774
AAPL,2019-08-13,0.0825805076331933,0.08377974448224487,0.08269422271305002,0.073991594730756,0.07112752756638979,0.40954381497667974
AAPL,2019-08-14,0.07507813976444686,0.07597635840145159,0.07559761280495117,0.07666126507016846,0.07379605566556424,0.3034855242126145
AAPL,2019-08-15,0.07385987498327556,0.07470925622628025,0.07397908307213993,0.07296674836504141,0.07417015230191204,0.21085559197309955
AAPL,2019-08-16,0.0796012644321375,0.08068097127284055,0.07649402868781593,0.07824282287062317,0.07519266281209436,0.21476155370809197
AAPL,2019-08-19,0.08424511562515896,0.08551104814471402,0.08342877992338463,0.08607470018745472,0.08309848673810205,0.18288970105726832
AAPL,2019-08-20,0.08425718827769202,0.08552358688751496,0.0842007052098773,0.08644163240859049,0.08342271270236462,0.2074455780512779
AAPL,2019-08-21,0.08700728103590566,0.08838398998186994,0.08457419599649033,0.08806114605176601,0.08605383304063885,0.1542837492362627
AAPL,2019-08-22,0.08679018408265604,0.08815817775274029,0.08555777239456266,0.08698567902500665,0.08630322445575561,0.1614228136491
AAPL,2019-08-23,0.07494541723834511,0.07583835565816607,0.08258217547706612,0.07464952818146026,0.08161458213124118,0.40556331198720275
AAPL,2019-08-26,0.07958923010548549,0.08066843253003961,0.07653137776647725,0.07978642482835696,0.0771628873380038,0.1990900003652521
AAPL,2019-08-27,0.0767788124104875,0.07774529743544231,0.07822460565661107,0.07785059962509044,0.07965683954386199,0.1973974169467554
AAPL,2019-08-28,0.078431271098158,0.07946404321199177,0.07470119692208635,0.07758490872604434,0.07496821624669286,0.09866007125646988
AAPL,2019-08-29,0.0826288174062661,0.08382991859656744,0.07918327633641029,0.08181082653538913,0.08045490348864281,0.1488680786271091
AAPL,2019-08-30,0.08230314323198096,0.08349120025287296,0.08059013596014505,0.08249405101049029,0.08252488838606803,0.1503877263352016
AAPL,2019-09-03,0.07863629539887451,0.07967731669832048,0.07626991521835133,0.07872362261992155,0.07787365382245381,0.1392522567985972
AAPL,2019-09-04,0.08284591435951572,0.08405574996881585,0.07938246509010496,0.0826458936874993,0.08031773535622683,0.13095432434937287
AAPL,2019-09-05,0.08777920260628258,0.08918690981286223,0.08497261149887322,0.08794725921747792,0.08481931984889474,0.17792127797502222
AAPL,2019-09-06,0.087755114790038,0.0891618131841416,0.08553286667628954,0.08921250545784165,0.08737562466536847,0.13268566922020159
AAPL,2019-09-09,0.08885272969764063,0.09030347050194712,0.08804781229196554,0.08739056708886328,0.08836072741465051,0.21167057635546438
AAPL,2019-09-10,0.09190438965095432,0.0934775144543947,0.08847111451512482,0.08820032391045107,0.08713869616143666,0.25608225577738203
AAPL,2019-09-11,0.10021499286237956,0.1021214557377019,0.09709911263832413,0.0958170923770304,0.09238847392680016,0.38043396427535836
AAPL,2019-09-12,0.099611915961001,0.1014941740215167,0.10047310606070683,0.10230781176805648,0.10078061777185637,0.2605428044457398
AAPL,2019-09-13,0.09437707968207454,0.09604937331937777,0.09346363767031876,0.09491877835780244,0.09479512867232759,0.3354478202522128
AAPL,2019-09-16,0.09576416996930365,0.0974921136093562,0.09264193894227332,0.0956020028329036,0.09196448759102183,0.1505338271939914
AAPL,2019-09-17,0.09672910067668561,0.09849576818387626,0.09350100574647682,0.09757578387889093,0.09474525800024236,0.1223135021295194
AAPL,2019-09-18,0.099225936012872,0.10109272367757996,0.09602839472254102,0.09798067194274757,0.0961169202970572,0.1920970368112046
AAPL,2019-09-19,0.09704274052431877,0.09882196692788855,0.09716134843776178,0.09915734167934565,0.09730154378937078,0.15950362481697017
AAPL,2019-09-20,0.09314679973719175,0.09476971325828673,0.09566732829881938,0.09548813530474098,0.09651596178312027,0.49098858350993396
AAPL,2019-09-23,0.0943409192132969,0.09601173794785614,0.09228087251855174,0.09571587036106621,0.09348579995878298,0.13072970670252598
AAPL,2019-09-24,0.09308645563746692,0.09470698125804441,0.0955801867811086,0.09513386790192918,0.09607951253615693,0.25024716637632843
AAPL,2019-09-25,0.09712713411440715,0.09890977641373275,0.09434761019279533,0.09507060172868592,0.09298701712854945,0.15794124012297317
AAPL,2019-09-26,0.0957521164797111,0.09747957486655526,0.09365040206112205,0.0972088709638807,0.09479512867232759,0.12743001383734154
AAPL,2019-09-27,0.09446153076098451,0.09613720194834072,0.09367530777939517,0.0952477354300918,0.09546848739587738,0.19221630281837998
AAPL,2019-09-30,0.10067335123688542,0.10259819596780065,0.09818227391449538,0.09968874278356332,0.09591739955402567,0.1984320495590015
AAPL,2019-10-01,0.10142122331689885,0.1033760191700723,0.10271414576786878,0.1040032370966738,0.10111730664730395,0.28617605103789995
AAPL,2019-10-02,0.0946304137558639,0.0963128400631478,0.09693725396579397,0.09607013776387802,0.09861087250291539,0.2842528866721976
AAPL,2019-10-03,0.0968739341812015,0.09864632881308147,0.09367530777939517,0.09252746373575998,0.09283736705760315,0.2245622378477256
AAPL,2019-10-04,0.10434014158117028,0.10641206037923437,0.10180528652461582,0.10361101385114108,0.10182807313175396,0.28432643404328906
AAPL,2019-10-07,0.104400409029133,0.10647479237947668,0.10484311924155001,0.10607824015862527,0.10261367416534978,0.24414174069234412
AAPL,2019-10-08,0.10119201538523509,0.1031376490550229,0.1025149380166773,0.10416772528588125,0.10205253872450076,0.2180870875414977
AAPL,2019-10-09,0.10436432521211747,0.10643715700795506,0.10217877731122879,0.10582519477177765,0.1035613691537316,0.12602963213642443
AAPL,2019-10-10,0.1080552033726469,0.11027611804810941,0.10547809157378571,0.10792550816425156,0.10468364003542968,0.22105283558659122
AAPL,2019-10-11,0.1154370746713489,0.11795405927153693,0.11444223140493673,0.11426438487826868,0.1109434653997905,0.35468542720959534
AAPL,2019-10-14,0.11502696858109424,0.11752749315576075,0.11505229801889924,0.11725036677777212,0.11337506499503319,0.17984146069054519
AAPL,2019-10-15,0.11436358590587187,0.11683749858245204,0.11445467476532487,0.1175160769829437,0.11523306623824187,0.15731111805173015
AAPL,2019-10-16,0.11321768038813695,0.1156456480072052,0.11145419112705193,0.1153904532599474,0.11146719307973929,0.12387489294012323
AAPL,2019-10-17,0.11431527613279902,0.11678730532501072,0.1125871448422727,0.11579534132380404,0.113611993498965,0.10817650474566896
AAPL,2019-10-18,0.11567833609260514,0.11820496812938727,0.11436753324761409,0.11676956702847374,0.11298850544750044,0.18234107742426175
AAPL,2019-10-21,0.12062371615484563,0.1233486667162346,0.11861305583208523,0.12060328089841132,0.1166421553233023,0.15703084293486808
AAPL,2019-10-22,0.11996031431668269,0.12265867214292589,0.12011951933141576,0.12351333180634749,0.12118114757687043,0.14472259099437285
AAPL,2019-10-23,0.12384414412539557,0.12669834878348926,0.12141435071666348,0.12553773351337966,0.12235330815799905,0.12865944759464065
AAPL,2019-10-24,0.12432668613084863,0.1272001856423087,0.12335657879703824,0.12628422416172413,0.12535850610527577,0.11237566208163409
AAPL,2019-10-25,0.12794522419088222,0.13096387593941985,0.12575945817923354,0.12763804690585356,0.12367509978272867,0.12281640712644208
AAPL,2019-10-28,0.13092450571781905,0.13406264914882418,0.1288969137692603,0.1324965878353802,0.12898721113136236,0.18020224036225063
AAPL,2019-10-29,0.12397682832561624,0.12683635152677478,0.129519423743611,0.1272458236603209,0.13092002789637153,0.2951617507951688
AAPL,2019-10-30,0.12394070618271963,0.12679871615525315,0.12397908877138894,0.12552508800118123,0.12567025013100802,0.24964785469027234
AAPL,2019-10-31,0.13057472456434877,0.13369881503329026,0.12879730989366453,0.12052734990684405,0.12876276456596086,0.2860239868787514
AAPL,2019-11-01,0.1390904095653121,0.14255604894604498,0.13721363790778743,0.13558379175084778,0.13163079438082154,0.3157490514004189
AAPL,2019-11-04,0.1411168138744595,0.14466370632373024,0.1396040929270914,0.14345362491040026,0.14134472985060736,0.19684779943035569
AAPL,2019-11-05,0.1406705089895462,0.1441995239795512,0.14002739515025062,0.14464295946532224,0.14099557806397484,0.13876922946953707
AAPL,2019-11-06,0.14080317402682635,0.1443375075797179,0.13915586598816224,0.1434409600920763,0.1406464262773423,0.12874790321662904
AAPL,2019-11-07,0.1443841718863642,0.14708500455950804,0.14271664279884497,0.14690772243475259,0.14310297072230027,0.1761462022348959
AAPL,2019-11-08,0.14524315069556298,0.14797577216258204,0.14282869003482887,0.14531353842822498,0.1430406371390301,0.11414278675461541
AAPL,2019-11-11,0.1477352911113199,0.15056016977036604,0.14535607901089306,0.14712283128500486,0.1425542981926362,0.1435488147070889
AAPL,2019-11-12,0.14744495339936958,0.15025904851195562,0.14575449451327596,0.15046309989344558,0.14660697052715582,0.15738267765603536
AAPL,2019-11-13,0.15048170458495197,0.15340801497880133,0.1482320720527939,0.15065287910705,0.1460832618745524,0.19551202014999186
AAPL,2019-11-14,0.14826765676214754,0.15111218074350805,0.14835658164666274,0.1519560811901346,0.14935033317547614,0.1618402446742137
AAPL,2019-11-15,0.1520422194839658,0.1550264125267056,0.14947709200149537,0.1531074599023357,0.14926303571514532,0.18923067710542396
AAPL,2019-11-18,0.1536634425785745,0.15670752293173343,0.15153136731785402,0.1546510618600695,0.15190661896460456,0.15567916152021422
AAPL,2019-11-19,0.15268348812581806,0.15569132961441243,0.1522410378074123,0.15611875213236154,0.15452527639169383,0.1295002729452268
AAPL,2019-11-20,0.14893308987200649,0.1518021753168167,0.14985058278810834,0.14980514713661586,0.1515824310550326,0.2042084998398605
AAPL,2019-11-21,0.14750550829144027,0.1503217996553167,0.1472734203704915,0.15079203765960952,0.14927551765367564,0.24187866820619203
AAPL,2019-11-22,0.14722724323202308,0.15003323628282597,0.1462400325358729,0.15036185857135598,0.14790383632951548,0.10256106357449664
AAPL,2019-11-25,0.15278014599784479,0.1557916778430575,0.1502988097270375,0.1524874629882268,0.14805346737311648,0.14901318560250576
AAPL,2019-11-26,0.15026387943996228,0.15318220274967168,0.1511952256099023,0.15246217196382988,0.15332818998819525,0.20165720116970132
AAPL,2019-11-27,0.15455858185655091,0.15763588762009148,0.15221615108663591,0.15601751081027188,0.15163228269977252,0.102338433694436
AAPL,2019-11-29,0.1538448772995002,0.15689569978934145,0.1522410378074123,0.15676400145861635,0.15290422267976223,0.05607813116130056
AAPL,2019-12-02,0.15010662834998384,0.15301910337766547,0.15255229279458762,0.15366417133707583,0.15373967535809796,0.17502013235048203
AAPL,2019-12-03,0.14440839384319248,0.1471101203313475,0.14169571732211136,0.14460500362260137,0.14256678013116653,0.22457317056505
AAPL,2019-12-04,0.14717878015542601,0.14998304302538465,0.14640189120840305,0.15015941453942766,0.1460084463527519,0.10717367640200297
AAPL,2019-12-05,0.15182450931661928,0.15480056201133843,0.14961406395324914,0.1527531924995239,0.14940022287490667,0.1251699230013688
AAPL,2019-12-06,0.15803090668035052,0.1612364785451965,0.15597609765351658,0.15853533847267542,0.15400156773909035,0.20381392813278876
AAPL,2019-12-09,0.15344571324828743,0.15648171070260378,0.1557270784657789,0.1555114200365766,0.15714393381878305,0.2583950224331905
AAPL,2019-12-10,0.1553329562833155,0.15843882659420258,0.1548182382200227,0.15671338079757152,0.15539817488562047,0.16491531989255126
AAPL,2019-12-11,0.15810345757319216,0.16131174928823974,0.15610060724738542,0.1600536494060123,0.15566002921192218,0.1359346740323365
AAPL,2019-12-12,0.15893811861086005,0.1621774011194743,0.15791832573389133,0.1585606681093233,0.15437564534809284,0.28142330065196264
AAPL,2019-12-13,0.16340231723642495,0.16680674324782,0.16132966823493536,0.1631281885031559,0.1589645082737462,0.2721732279121218
AAPL,2019-12-16,0.16910049425439472,0.17271572629413803,0.16816485358990188,0.17078295142470706,0.16587276653928684,0.2587518265713234
AAPL,2019-12-17,0.16976598485307526,0.17340575915368425,0.16938494882283342,0.17308567023685834,0.1690775042569404,0.2238973298577231
AAPL,2019-12-18,0.16895531581694934,0.17256518480805158,0.16954680749536358,0.17349055830071497,0.16936428440561208,0.22854373472059575
AAPL,2019-12-19,0.16929407827961557,0.1729164610376658,0.1686503916124988,0.1732754880627137,0.1689902067966096,0.18466577068078777
AAPL,2019-12-20,0.16859252302686006,0.17218883109283548,0.17048057245688966,0.17278202349509136,0.17239446525729474,0.6259718626641989
AAPL,2019-12-23,0.17410911202037987,0.17790963728154544,0.17247261197381067,0.17507211610116963,0.17027459066043898,0.1851696695611036
AAPL,2019-12-24,0.17443576350463202,0.1782483556252399,0.17326944297857647,0.17829851718144774,0.17546201581518694,0.060702670589524416
AAPL,2019-12-26,0.18125915006456572,0.18532411176120292,0.17960658995806758,0.18055065394480513,0.1756241287973182,0.17162602056295045
AAPL,2019-12-27,0.1811259676278913,0.18518608987479865,0.1845742073949884,0.18487777446398856,0.18348006302389536,0.3036753559407019
AAPL,2019-12-30,0.1832069096657834,0.18734394050992523,0.18298058338045028,0.18120856808938396,0.18141007812647014,0.2983292571690672
AAPL,2019-12-31,0.18578378860455813,0.19001616674667218,0.18421314097126681,0.18664911147804758,0.18199615841703448,0.1907195144283294
AAPL,2020-01-02,0.1938894058411479,0.1984217570580488,0.19282869573407793,0.1938230746503004,0.1898645745821419,0.27687628412840276
AAPL,2020-01-03,0.19035690938408817,0.1947584149895827,0.192803771018308,0.1954805441361968,0.19099932740237024,0.30381648738252603
AAPL,2020-01-06,0.19322414519775372,0.19773172419850252,0.19203186472931208,0.19073587073483284,0.18680950596277995,0.23440466508987062
AAPL,2020-01-07,0.19151826023188923,0.1959628234507493,0.1932021865206909,0.19672049935216362,0.1943536961636248,0.2107621669341455
AAPL,2020-01-08,0.19732539772970514,0.20198471261163217,0.1976095677776922,0.196315611288307,0.19101180934090056,0.2684252936366367
AAPL,2020-01-09,0.2051164361345758,0.21006410417899643,0.2050672251120159,0.20775344811262542,0.2035813117143621,0.3629167694714801
AAPL,2020-01-10,0.20596339978006312,0.21094227560991316,0.20785609563370275,0.2103471874604707,0.20777117120864302,0.2897083126170763
AAPL,2020-01-13,0.2139843551453971,0.21926003729232688,0.21333417580899036,0.2140163938350753,0.20906803701100268,0.24221857632664173
AAPL,2020-01-14,0.2088064136369004,0.2138905073332311,0.21395668578334107,0.21530696971208696,0.21537773304744873,0.34265645650256904
AAPL,2020-01-15,0.2071850755646485,0.21220939692820331,0.21137948537073067,0.21199199212804315,0.20932989133730445,0.24319158816851388
AAPL,2020-01-16,0.2119034897592671,0.2171021866572003,0.21162850455846835,0.2152057283899973,0.21149961757890007,0.21065582141108086
AAPL,2020-01-17,0.2161257754235978,0.22148063907081447,0.2154133378461254,0.21888759958292586,0.21484150440162436,0.28268056314426937
AAPL,2020-01-21,0.21351252522369957,0.21877077746254595,0.21576194191196205,0.22015284582328964,0.21598873916038303,0.21566002429547954
AAPL,2020-01-22,0.21487964772689777,0.2201884402669225,0.2169696127820022,0.22181031530918605,0.21772201615501535,0.1932708130984886
AAPL,2020-01-23,0.21673078778196975,0.22210792078699967,0.216434263322859,0.21971000191671214,0.21689904541520988,0.19982944960973925
AAPL,2020-01-24,0.21561757424077677,0.2209537055832744,0.22112797485126576,0.22207600620823215,0.21980448299097083,0.3043502027646357
AAPL,2020-01-27,0.20429380942355996,0.20921101023368158,0.20673554728387658,0.20608331380840506,0.20709779345774793,0.3426206767004164
AAPL,2020-01-28,0.21486753674848363,0.22017588238100275,0.21499003562296612,0.21533226073648387,0.21026512341450126,0.3433511809943654
AAPL,2020-01-29,0.22291282904828902,0.22851872154901828,0.22675548933619213,0.22695987677440665,0.22504179784514933,0.4775135124659066
AAPL,2020-01-30,0.22234426460280265,0.2279290752043547,0.22207420217067678,0.2236322729842899,0.22016611671613362,0.2551668891723113
AAPL,2020-01-31,0.20497125769713043,0.20991356269291003,0.2203187194836085,0.21039780812151548,0.22065241760783688,0.43616597554500214
AAPL,2020-02-03,0.20394305096012272,0.20884717611814765,0.2088769831154428,0.20271775417556742,0.19991519892737525,0.37206049668825625
AAPL,2020-02-04,0.2162709155351621,0.22163118055690093,0.2165338861959515,0.21715421841158772,0.21364441799812578,0.2796989129648858
AAPL,2020-02-05,0.21941639724530432,0.2248930531383114,0.2229083822541039,0.22388533767726304,0.2238820811478604,0.23549694293891815
AAPL,2020-02-06,0.2239653343938871,0.22961018560938254,0.2234810807919084,0.22554280716315944,0.22269747668289214,0.202198867618956
AAPL,2020-02-07,0.21861741760290088,0.22311155621840092,0.22121513536647333,0.2226833383040171,0.22244806624043,0.23265741808475188
AAPL,2020-02-10,0.22046062420059398,0.2250184788525584,0.21891184086237694,0.21743257412895778,0.2122353289130654,0.2119468759387539
AAPL,2020-02-11,0.218107951666005,0.22258462273086085,0.22183764534082404,0.22358165232324506,0.22398186054672148,0.17461264015929961
AAPL,2020-02-12,0.22731225693486695,0.23210679287444116,0.22597112068931127,0.22707374430256927,0.22132579535873198,0.22283387462707627
AAPL,2020-02-13,0.22448683465743502,0.2291836386367251,0.2247261007406098,0.22945241341241324,0.22471757188088676,0.17566715043940828
AAPL,2020-02-14,0.22458372248474812,0.22928402515160776,0.22442730811131942,0.22881979029223137,0.2254033935156215,0.1393059265018261
AAPL,2020-02-18,0.21736833881335943,0.22181935741450895,0.21667082015271175,0.21839413501530353,0.21370675158139596,0.31924255152726333
AAPL,2020-02-19,0.22297093108397203,0.2276154343462621,0.22267182542425115,0.22521383078474455,0.21949273896523858,0.17376982704192723
AAPL,2020-02-20,0.21894468230124992,0.22345027456209546,0.22277141030235012,0.2229490292030632,0.22277229220469263,0.19012417827584588
AAPL,2020-02-21,0.21015276351256545,0.21435468967741014,0.21754234931480018,0.2131939915012891,0.2177719058544459,0.2621509077758206
AAPL,2020-02-24,0.19212032149741975,0.19569933756386051,0.1972858504326319,0.18628221786916282,0.1911365145621316,0.49233728327440845
AAPL,2020-02-25,0.17987228973262293,0.18302823923967207,0.19523157511627323,0.18235994680158507,0.19573785942631527,0.5134036356751462
AAPL,2020-02-26,0.18541436543704592,0.18876160331430178,0.18944223995381024,0.1828280817325595,0.17775644727801365,0.43235542661575
AAPL,2020-02-27,0.1622155946553639,0.1647617987272583,0.17465139688403816,0.16569663682660424,0.1709853761722343,0.7368584389520791
AAPL,2020-02-28,0.16202162737133247,0.16456106398373052,0.16520170003279347,0.14470620633244002,0.14125747044496723,0.9999999999999999
AAPL,2020-03-02,0.1928843096104178,0.19648971865205186,0.19387450793158792,0.17171922128665595,0.17245679884056492,0.7885195038434714
AAPL,2020-03-03,0.18137608232767183,0.1845839239304529,0.19706175596066408,0.18194239391940448,0.19912963594847005,0.734050718366493
AAPL,2020-03-04,0.19765017124578543,0.20142014375257047,0.19631473639244454,0.1912166704841312,0.19011398502460397,0.4848414147234383
AAPL,2020-03-05,0.18574170678715712,0.18910035994423383,0.19152140199094528,0.1890404454062155,0.1889667502658453,0.40631071229883486
AAPL,2020-03-06,0.181024289065446,0.18422008981491897,0.18065240215557757,0.17616024794625296,0.1721076470539324,0.502230398569603
AAPL,2020-03-09,0.15330252775665704,0.15554078812832597,0.16480328453041057,0.15309479508401175,0.14935033317547614,0.652724221957021
AAPL,2020-03-10,0.17654955082259033,0.17959074768657327,0.17519920870106628,0.16115440745716858,0.16604736145994842,0.649109468056215
AAPL,2020-03-11,0.1645319725805916,0.16715801947743422,0.16870020304904507,0.16430485823975394,0.16635910548568067,0.5753354915511215
AAPL,2020-03-12,0.13154705216677476,0.13303389794558348,0.15473107770481517,0.13411610147855574,0.13961145285597504,0.9800328826320616
AAPL,2020-03-13,0.16761226196705514,0.1703446213158015,0.16708169231373057,0.1403790665071311,0.15077190419906683,0.861407930245288
AAPL,2020-03-16,0.12424675750590342,0.1254814398657593,0.14113544314719825,0.12399413155564587,0.12216625032615247,0.7413756389738452
AAPL,2020-03-17,0.13716179374168258,0.1388425327632564,0.1393052623028074,0.1219697298486137,0.12909943441406307,0.7454316771012
AAPL,2020-03-18,0.12965528667778192,0.13107678205398468,0.12983067873078638,0.12035021620543818,0.11944785155489279,0.6862399577400782
AAPL,2020-03-19,0.12736332233878783,0.1287056579325294,0.13336653082569924,0.12729642501524024,0.12894980337046208,0.6157328759481958
AAPL,2020-03-20,0.1085183141564039,0.10920975061646584,0.13210906751660959,0.10881117667128104,0.12868793001681506,0.9383374865235623
AAPL,2020-03-23,0.10261254500368677,0.10310001368350133,0.10306274983370542,0.08933903780432823,0.10487069786727621,0.7769795237658639
AAPL,2020-03-24,0.1299099429944678,0.13134024879775472,0.12695468568888554,0.1167822318467977,0.11519565847734164,0.6546781967079104
AAPL,2020-03-25,0.12826072284374668,0.12963404176400625,0.14010209330757326,0.12943469425043502,0.13313964383739774,0.6946094497936077
AAPL,2020-03-26,0.14392863046411608,0.1458429990130574,0.1406374427667164,0.13204109841660422,0.12786494024966427,0.5666101892428522
AAPL,2020-03-27,0.13095288603274202,0.13241917411531803,0.13713893975046484,0.13291412141143527,0.13563359604325592,0.44766620028688436
AAPL,2020-03-30,0.1395265197658641,0.14128892762775488,0.13670319416691742,0.13588743849261475,0.13312718092621273,0.3576193709861087
AAPL,2020-03-31,0.13889592488188635,0.140636549282849,0.1453809657316694,0.1391770864400107,0.139187485547542,0.4297395255250375
AAPL,2020-04-01,0.12267027987742923,0.12385050357505403,0.12823705471624827,0.12289337350448959,0.127839995399949,0.3780983383015079
AAPL,2020-04-02,0.12754523613322677,0.12889383479013747,0.12379232438058566,0.12007186048806812,0.1201586180393428,0.35254460238079793
AAPL,2020-04-03,0.1232766144786977,0.12447778529123923,0.1244770891518708,0.12269092947256127,0.12322618762458037,0.2629609227412198
AAPL,2020-04-06,0.14881558272068457,0.15089888811406052,0.14615287202066532,0.13586214746821784,0.13332668264189895,0.4417118448786555
AAPL,2020-04-07,0.14512905454765518,0.14708500455950804,0.15684762681560502,0.14803381012255679,0.1581414994792501,0.4443625318881274
AAPL,2020-04-08,0.15318126466899146,0.15541532412784145,0.15145666916053138,0.15085532313897831,0.14809087513401675,0.3599023211401234
AAPL,2020-04-09,0.15550956194322796,0.15782406447769956,0.1548182382200227,0.15524572913753049,0.1555228801068515,0.3423592853680238
AAPL,2020-04-13,0.16188832995701485,0.16442308038356382,0.1593376667130079,0.15667542495485065,0.15503654116045762,0.26580044759538607
AAPL,2020-04-14,0.17862317261720045,0.1817360404357801,0.17745269176861642,0.17213673555658554,0.16961369484807415,0.42475221865832197
AAPL,2020-04-15,0.17544595707754274,0.1784490903687677,0.1750622367493125,0.17540109247958452,0.1726064298841659,0.2661274352317251
AAPL,2020-04-16,0.1781866025060757,0.1812844159775208,0.17739045596917877,0.17757731755750017,0.1788163845764415,0.3306573022973366
AAPL,2020-04-17,0.17346937641376992,0.17640414584820593,0.17583418103330198,0.17063108944157263,0.17546201581518694,0.4750804859195297
AAPL,2020-04-20,0.16635088056969433,0.16903986462598977,0.16927290158684952,0.17061846323549967,0.16705740905894573,0.26329685532809705
AAPL,2020-04-21,0.15597043066294308,0.1583008047077983,0.16375747233290058,0.15616933418115536,0.16497494222299025,0.38995834883170244
AAPL,2020-04-22,0.16534451958488933,0.1679985938230669,0.16456672770055783,0.1647350759402585,0.16164549928410565,0.2306159815952673
AAPL,2020-04-23,0.16404684357816712,0.1666562017617336,0.1693600621020571,0.16811326177916908,0.16446367745422646,0.25037438345064883
AAPL,2020-04-24,0.17367545467621548,0.17661743847765346,0.17092879939581881,0.17080824244910403,0.16612217698174891,0.25372078883531024
AAPL,2020-04-27,0.1739180575033088,0.17686836647862256,0.1728336783975323,0.17454073430307743,0.17185823661147032,0.23117553794559825
AAPL,2020-04-28,0.1683518748197007,0.1711098866321534,0.17443972677496175,0.1723265533824409,0.17594831670689015,0.21854626166912278
AAPL,2020-04-29,0.17944783059991232,0.18258917266733252,0.17922063681356962,0.1795258075790906,0.17551190551461748,0.2813497532808712
AAPL,2020-04-30,0.18680885261931912,0.1902043436042802,0.18527141552666174,0.18516879499968258,0.1820335661779347,0.39510765869149783
AAPL,2020-05-01,0.18107284795674572,0.1842702830723603,0.19083665621715692,0.18200567939877327,0.17740729549138112,0.5381095890615182
AAPL,2020-05-04,0.18603271520202586,0.18940144291640668,0.18422560332915175,0.18260034667623426,0.18104848245599797,0.27212452762585854
AAPL,2020-05-05,0.191368521014598,0.19492151436158886,0.1933266961145598,0.19289943099442453,0.18839315191381129,0.30736564497938557
AAPL,2020-05-06,0.19509142044875083,0.19877303328766296,0.19611552864125306,0.19847917154789868,0.19512681525869036,0.2939044883028621
AAPL,2020-05-07,0.19886284044832236,0.20267470718494082,0.19851844601844196,0.2024014426154765,0.19856848148027573,0.22652316978236686
AAPL,2020-05-08,0.20762984741431956,0.21069138589518163,0.20496764023391692,0.20533682316006058,0.20158618039342802,0.27279639279961293
AAPL,2020-05-11,0.2135638435784354,0.21681366157094714,0.21330925109322044,0.20906927640178302,0.20465373095132028,0.30288124310959275
AAPL,2020-05-12,0.20918633809582232,0.2122972255571662,0.21659612199538916,0.21371274709330834,0.21678678407781848,0.3435181534044109
AAPL,2020-05-13,0.20461436709272401,0.20758005479985756,0.21193975954564373,0.2039703355976072,0.20970396894630688,0.4387351641162376
AAPL,2020-05-14,0.20691250189856836,0.2099511980644316,0.20427043210224363,0.20184473118073637,0.20017709130836764,0.3351397164003432
AAPL,2020-05-15,0.20468737789613833,0.20765532554290075,0.201917326161601,0.200174596876516,0.19498966615361968,0.3535742655760784
AAPL,2020-05-18,0.2135030204051973,0.21675091042758607,0.21262450531943208,0.21296625644496386,0.21097590892629658,0.2761259021665912
AAPL,2020-05-19,0.2112899690553004,0.21446763407821254,0.21513943193761134,0.21636977192052237,0.21329526621149325,0.19301538506645477
AAPL,2020-05-20,0.21869525746732843,0.22210792078699967,0.21638445188631275,0.22081075996786842,0.21535276917038815,0.217303907427713
AAPL,2020-05-21,0.21580119353692273,0.21912205369216012,0.2180901611318283,0.2199883576340822,0.21782179555387643,0.19539871744317533
AAPL,2020-05-22,0.2182818361883624,0.22168137381434225,0.2160234234575847,0.21933044348950337,0.2142180163501598,0.14350408995439812
AAPL,2020-05-26,0.21565528690773722,0.21897151220607372,0.22226094756398332,0.2207854689434715,0.22385715532549044,0.25213256317309196
AAPL,2020-05-27,0.21733338560983512,0.2207027775823053,0.21537598876746408,0.21647097463036102,0.21467942947418367,0.22088288152636631
AAPL,2020-05-28,0.21750362917349203,0.22087843484023115,0.22126494680301959,0.21968471089231517,0.21546499245308887,0.2721066377247822
AAPL,2020-05-29,0.2171266174815305,0.22048952323909535,0.21841384048189508,0.22074751310075064,0.2185575068880417,0.3217302416602623
AAPL,2020-06-01,0.22188094302669986,0.22539487085401208,0.21990787961833422,0.22168378296269947,0.21668704273364803,0.1409895649697847
AAPL,2020-06-02,0.22369283737956908,0.22726415811664794,0.22126494680301959,0.22386000804061512,0.2204279710424354,0.15801379361067153
AAPL,2020-06-03,0.22585713820876102,0.2294972794948177,0.22470121401983348,0.22812388169268072,0.2253036521714511,0.19987715601260936
AAPL,2020-06-04,0.22245249689090874,0.22598451719867566,0.22397908117239027,0.22620072130773822,0.22496698232334883,0.15780905363168718
AAPL,2020-06-05,0.23361502472651707,0.23750140031913877,0.23161105953712904,0.22930059004152975,0.22367011652098917,0.28127421814299347
AAPL,2020-06-08,0.23599831964007095,0.2399603339264382,0.23391435404122543,0.23447544253114733,0.23227424402026192,0.17792028409162908
AAPL,2020-06-09,0.2488023832872484,0.2531708853378489,0.24886701778853407,0.24040945048743328,0.23463104712104943,0.3072692382902522
AAPL,2020-06-10,0.2595635624964237,0.26427377937157426,0.2602714050780385,0.2582241005623642,0.2542833646260226,0.3543276291880693
AAPL,2020-06-11,0.23896531772212887,0.24302147176432096,0.2556523917069543,0.2447998564859855,0.2560416054977155,0.44131926093837
AAPL,2020-06-12,0.2424914520829331,0.2466596980609476,0.25159361451578977,0.2432056338672069,0.2503179897518338,0.43755144899502235
AAPL,2020-06-15,0.24758634140717845,0.2519163219054785,0.24895417830374164,0.2411306114991299,0.23601517232904923,0.28514638784261953
AAPL,2020-06-16,0.258639487178249,0.26332029891137676,0.2583167526347724,0.2564907193910261,0.25872259650807494,0.3512893276552775
AAPL,2020-06-17,0.25804374968309285,0.26270557508111136,0.2610557737249194,0.2645503317641829,0.2633239413722586,0.22451353756146236
AAPL,2020-06-18,0.2582139165949877,0.26288123233903726,0.2586280076219477,0.2621843274726629,0.25866026292480476,0.18081745418259676
AAPL,2020-06-19,0.25576987515995786,0.26035954758837676,0.2625000014248122,0.25703476600744224,0.2626880094369544,0.5973927456948077
AAPL,2020-06-22,0.2668959550826806,0.27183879533731825,0.2661105516770478,0.26462624344962465,0.25857296546447395,0.2767888223898075
AAPL,2020-06-23,0.276210064000772,0.28144875582362394,0.2821962261320675,0.2786957754645092,0.2743596874941194,0.46739180399029273
AAPL,2020-06-24,0.26834291039612135,0.273331728884738,0.2777266090756285,0.2739511020631452,0.2756066635970485,0.418859484020467
AAPL,2020-06-25,0.27415510691023687,0.279328540560019,0.27300797283145195,0.2727491413021503,0.2702446815763296,0.2819500588503204
AAPL,2020-06-26,0.2605241623792462,0.26526489520329344,0.2734063883338348,0.26699224774114466,0.27487095226288316,0.4502502971090168
AAPL,2020-06-29,0.27043439205130426,0.2754895795198645,0.269484583094424,0.2647907316388321,0.26095469438763147,0.26486420943905964
AAPL,2020-06-30,0.27410650969305606,0.2792783473025776,0.274228106059377,0.2758236803992939,0.2694715244265734,0.28866075952071957
AAPL,2020-07-01,0.2732674411790666,0.27841269547134306,0.2759462016727904,0.2807707978325862,0.2757562946406495,0.21539664519630064
AAPL,2020-07-02,0.2732674411790666,0.27841269547134306,0.2798182334706485,0.28042919524809834,0.2791605531013346,0.22360711590692978
AAPL,2020-07-06,0.2851110199210648,0.2906321693372721,0.2864292863586537,0.28831165461372377,0.28184154411169404,0.23507156084665942
AAPL,2020-07-07,0.28370047419462857,0.289176871161374,0.28996513845356653,0.2912976558193527,0.2885876893951034,0.21958884534851386
AAPL,2020-07-08,0.29425507690490454,0.3000664725656519,0.2935508019850257,0.2965230903577641,0.29022122504556525,0.2311864706629227
AAPL,2020-07-09,0.2962492874739638,0.3021239749721334,0.2982445135134324,0.29947113572067213,0.30060851923890086,0.2524327159578166
AAPL,2020-07-10,0.2970637890981955,0.30296451103152855,0.29656376697868025,0.2996356239098796,0.2959822485523472,0.16450981546815507
AAPL,2020-07-13,0.29491159924741767,0.30074394753927847,0.31635957656403446,0.3024318072896532,0.3056089055891476,0.4164393779582007
AAPL,2020-07-14,0.3025965516135215,0.3086727976205563,0.3029133383210628,0.2954476619432557,0.293513222168859,0.3651053007031476
AAPL,2020-07-15,0.30584309867201204,0.3120224605446922,0.31283614883201305,0.3086694619877061,0.31421303308842036,0.3208993551436074
AAPL,2020-07-16,0.29999433926736785,0.3059880134978896,0.30366035788928236,0.3057087904187251,0.30210490578429205,0.2150000857224426
AAPL,2020-07-17,0.2990459270147216,0.30500945555209025,0.3023779888619196,0.3053798140403102,0.3042247803811478,0.1693043089566038
AAPL,2020-07-20,0.30891944049272674,0.31519650449713976,0.3091135513437936,0.3065059017281144,0.30138167638865704,0.16466088574391052
AAPL,2020-07-21,0.3023168493335647,0.3083842342480656,0.31284861118989793,0.3099473730463938,0.3151233393432472,0.19724833443778622
AAPL,2020-07-22,0.30364223495229137,0.30975170379500083,0.3064990018525219,0.3092388382407702,0.3027533196581266,0.16139001549712678
AAPL,2020-07-23,0.28210749727435913,0.28753339612786777,0.302029384796083,0.2859962709832486,0.3042746320258877,0.42974548882539626
AAPL,2020-07-24,0.280988841458056,0.2863791809241425,0.28157371615771676,0.2714965212678595,0.2742973539108492,0.4010083443964978
AAPL,2020-07-27,0.291664975537165,0.297394246328905,0.29121015840226794,0.2934359250545475,0.28787690388330806,0.2414284390291051
AAPL,2020-07-28,0.2840895585391232,0.28957834064842947,0.2894422513523083,0.2922592167056985,0.2911564571227621,0.1977263923498807
AAPL,2020-07-29,0.2927837846569924,0.29854846153263026,0.292828707132576,0.29461259479114554,0.2880764246263396,0.16468871447891809
AAPL,2020-07-30,0.2983771020643891,0.3043194609787816,0.2981449286353335,0.2948909505085156,0.2902586328064655,0.33315393738087373
AAPL,2020-07-31,0.3473560833463737,0.35485327450321114,0.34853088747908045,0.3306088271621431,0.3336409420826826,0.870364807384156
AAPL,2020-08-03,0.36037887279674574,0.3682896381437515,0.37453933445005694,0.36637736308906654,0.3601516281537659,0.7059128856236506
AAPL,2020-08-04,0.36391750139477463,0.37194042232629787,0.3703187365813556,0.3688825259331461,0.36480286271738005,0.37027945764777115
AAPL,2020-08-05,0.36585081213883364,0.3739351735894182,0.36833915942231965,0.3714636390749184,0.36602491299793927,0.24282683296323598
AAPL,2020-08-06,0.38452793379924577,0.3932052495332333,0.38835906347964155,0.376018533262678,0.3711499665147263,0.4432235415196029
AAPL,2020-08-07,0.37193213298973415,0.37920435531986885,0.38468627742796846,0.3785237347190086,0.3851161140894086,0.432332567297708
AAPL,2020-08-10,0.37980158614724824,0.3873088243728351,0.3851842778084503,0.3770433796283926,0.3820984151762563,0.468008011694032
AAPL,2020-08-11,0.36346606084179967,0.3704851241503997,0.37874750795586676,0.37252644128335377,0.37895604909656355,0.4071296722147722
AAPL,2020-08-12,0.38117806016542444,0.3887264871772116,0.3826942379110475,0.37854902574340554,0.3716113415840596,0.35170974033057056
AAPL,2020-08-13,0.39092329691953054,0.3987629946361747,0.39647661786197086,0.39692038725307655,0.3912262893828231,0.46223951248031797
AAPL,2020-08-14,0.3904238340375905,0.39824861903455433,0.3912848679580887,0.3924540695690826,0.39322145875844783,0.35162824189233405
AAPL,2020-08-17,0.38896204660818057,0.3967431276012149,0.39670071233393867,0.39709754026060795,0.39936904181276256,0.237322706732094
AAPL,2020-08-18,0.3936153451308827,0.40153556910156674,0.39626494775289445,0.3973252753169332,0.39083972983529036,0.2027156869833825
AAPL,2020-08-19,0.3943218827481757,0.40226319904639707,0.4020542829153574,0.40543550835113484,0.3989700003266995,0.3018664881652092
AAPL,2020-08-20,0.40683237014645357,0.4151475900000329,0.40817979778076563,0.40605546665299275,0.39781032168410124,0.2555743813634937
AAPL,2020-08-21,0.4365309804001828,0.4457338526070209,0.44042580685313426,0.42385749052185073,0.41533032070837894,0.7802146142104951
AAPL,2020-08-24,0.4437789027445892,0.45319848205788216,0.4599352861670829,0.4475808575286707,0.46239118665542256,0.7998010742388655
AAPL,2020-08-25,0.4387479026640665,0.44801712895639445,0.441982081789011,0.4431018750263528,0.4424396070632475,0.4657518963916318
AAPL,2020-08-26,0.44701916435858624,0.45653562538233594,0.4510084764170965,0.4533756683201462,0.4498341662204913,0.34531012516222037
AAPL,2020-08-27,0.4396493657124174,0.44894553193099007,0.45346116723583807,0.44704943711832756,0.4546350318277065,0.3267493527955579
AAPL,2020-08-28,0.43866262757871377,0.4479293386136691,0.4482694173319559,0.4508198848150218,0.44899867548746486,0.40645283762405215
AAPL,2020-08-31,0.4592860907827444,0.4691690500487652,0.47096614467498077,0.45801913901167157,0.4568172400078324,0.5010523982778983
AAPL,2020-09-01,0.48433117255848523,0.4949628711554013,0.48989046309324014,0.48094539470910225,0.48265454832802057,0.3177937180109312
AAPL,2020-09-02,0.47078534980932296,0.48101213191324066,0.5057270803655286,0.4630801239731265,0.5067461357697367,0.4374843618659862
AAPL,2020-09-03,0.4195254037162077,0.42822011952503936,0.4602091540806035,0.43018372172366937,0.45347535318510823,0.580306896283547
AAPL,2020-09-04,0.4199152929042046,0.4286215890120948,0.43461154697490134,0.3815476531551074,0.4193580672205286,0.7666789162794869
AAPL,2020-09-08,0.38025226018260216,0.3877730067170141,0.41115537570076544,0.39060682086958187,0.3888320785211353,0.5151255386537402
AAPL,2020-09-09,0.40217891832022723,0.410355148499681,0.411902395268985,0.4036641713370758,0.4053420680011064,0.37989254629695196
AAPL,2020-09-10,0.38351682040518964,0.39113522752706975,0.41867530682952037,0.3896958420320299,0.42080456406648925,0.39314573287346344
AAPL,2020-09-11,0.3762566721047259,0.3836580401902887,0.3924303030286912,0.3770433796283926,0.39192459295608817,0.38963210660790826
AAPL,2020-09-14,0.3926286836489412,0.4005193757842457,0.39591634368705775,0.39121415296536677,0.39267278622878377,0.2884791273306255
AAPL,2020-09-15,0.3935056947851775,0.4014226629870019,0.41035858269099323,0.3953135384282249,0.4106791241994554,0.39902852867738714
AAPL,2020-09-16,0.3768900456150803,0.3843103993920758,0.39626494775289445,0.3873677935832307,0.39521662813407255,0.32457920840666327
AAPL,2020-09-17,0.36816810988520676,0.3753277206219553,0.3773406293346351,0.3705147043946456,0.3677332641702016,0.3825524267278103
AAPL,2020-09-18,0.35111397430993196,0.35776383256877,0.3707669255252912,0.35725490989522335,0.3711250406923564,0.6536189654816843
AAPL,2020-09-21,0.3669013628644978,0.37402300221838114,0.3673306963034709,0.3421225756719033,0.3418959177953228,0.4265387240574693
AAPL,2020-09-22,0.3753308337960225,0.3827045597300912,0.3806275002368038,0.3727921707946509,0.3824974566623194,0.3950862901985456
AAPL,2020-09-23,0.352478337349694,0.3591689757734643,0.37689244039069947,0.36069638121350267,0.3772102901634009,0.31473901740215277
AAPL,2020-09-24,0.3578382501414512,0.3646890472186465,0.3676294889327614,0.3517384548211179,0.34503828387501556,0.3570401854387635
AAPL,2020-09-25,0.3776210734703691,0.3850631451087455,0.37853587584178383,0.36525127540126234,0.36129886291252455,0.31290704183776985
AAPL,2020-09-28,0.3906796592936487,0.39851206663520555,0.3928784919726268,0.3911129116432771,0.3941192830747444,0.28232276512274335
AAPL,2020-09-29,0.38644039526400953,0.39414617210751113,0.39282868053608055,0.39511109439629666,0.3918248516119177,0.18718278037388403
AAPL,2020-09-30,0.3948213073042346,0.40277757464801733,0.40253985893294786,0.3953641590892698,0.3880340336036999,0.29475326472059327
AAPL,2020-10-01,0.3995964438028181,0.4076954801488538,0.40483069107915925,0.4065489312206151,0.40723745797787003,0.22877232790101515
AAPL,2020-10-02,0.3812266573826052,0.38877664214841534,0.3931275111603645,0.3882787724207827,0.38354491202221697,0.2998141189584002
AAPL,2020-10-05,0.39818344521999416,0.40624018197295564,0.3995020072185169,0.39500989168645795,0.3886325958327945,0.20423185609959904
AAPL,2020-10-06,0.3819088963913079,0.3894792328938813,0.3968625710064688,0.38843059579166617,0.39756091124163917,0.3415229324927067
AAPL,2020-10-07,0.3912642822832981,0.3991142708657889,0.3940239270432293,0.3979452336187911,0.39217400339855024,0.1808885168452054
AAPL,2020-10-08,0.3907283331625916,0.39856225989264693,0.3982569872698154,0.4002732820675903,0.4003042738899595,0.14766349195463818
AAPL,2020-10-09,0.40047353159081645,0.40859876735161005,0.4012450275477002,0.40194341637181064,0.395466000521844,0.18997733200451122
AAPL,2020-10-12,0.4366770786587735,0.44588439409310743,0.441982081789011,0.4240093138927342,0.41930817752109806,0.5371405527532185
AAPL,2020-10-13,0.420597416935264,0.42932414147132325,0.443027893986521,0.42588189222888284,0.44529515493957783,0.5920618036449182
AAPL,2020-10-14,0.42103594166632274,0.4297758042158202,0.43127490263117996,0.42573006885799936,0.42399681984561255,0.3147223698553179
AAPL,2020-10-15,0.41869718142655754,0.4273670255797245,0.4221613474878869,0.4182904147867005,0.4126244038756496,0.21992378405199797
AAPL,2020-10-16,0.41046248262256646,0.4188861645253046,0.4239044058120638,0.42163064478289025,0.42539342699214266,0.22696693871739843
AAPL,2020-10-19,0.3956497212232901,0.4036307068795698,0.4182768913271374,0.405688573044108,0.41880939469086453,0.24000047706402866
AAPL,2020-10-20,0.40310490993245485,0.4113086289598785,0.4111056022592128,0.40553671106097344,0.4000548634474974,0.2494036078464112
AAPL,2020-10-21,0.399986371316696,0.40809694963590937,0.40976095943741886,0.4096867171848765,0.40239918460975455,0.16373657418830162
AAPL,2020-10-22,0.3945289958094098,0.40247649167584454,0.40642431509369736,0.4002732820675903,0.4062897439621429,0.19365743373841532
AAPL,2020-10-23,0.39106943350400236,0.3989135361222611,0.39900400683803505,0.3987043890854596,0.40100257746322454,0.14541582466107955
AAPL,2020-10-26,0.3911181840247073,0.3989637293797025,0.39900400683803505,0.39161900241697245,0.38913137866302805,0.21816336809192027
AAPL,2020-10-27,0.39867079712351994,0.4067419996886563,0.4026394438110469,0.4000202559868681,0.3965134558817416,0.16952793272005756
AAPL,2020-10-28,0.37235866172002186,0.37964342189220845,0.39342630378965493,0.38261045536354277,0.39431880381777595,0.2978904576510013
AAPL,2020-10-29,0.3924337582178833,0.4003186410407179,0.4008964234818635,0.388177531098693,0.38095121847218827,0.3033354478202522
AAPL,2020-10-30,0.36095663545368584,0.36790072654261563,0.3762948171371252,0.3655043400942355,0.37441703781565017,0.41301892826075126
AAPL,2020-11-02,0.3605181490485083,0.3674490637981188,0.3697709247643275,0.36347993838720327,0.3646906394346793,0.24553541368035764
AAPL,2020-11-03,0.3686553851369704,0.3758295766238935,0.3738047772397223,0.3706159457167353,0.3674340020829996,0.20766224463097976
AAPL,2020-11-04,0.3906308704470626,0.3984618733777643,0.39422309679942713,0.3889366865653615,0.38977979253686246,0.28372190446941903
AAPL,2020-11-05,0.4105112331432714,0.41893635778274596,0.414292850288289,0.41181236021399836,0.40878369616800114,0.25428208448157924
AAPL,2020-11-06,0.4098521812926086,0.41723016989211625,0.4122011878982754,0.408067203541701,0.41062923450002486,0.22464150004832756
AAPL,2020-11-09,0.39828420396129405,0.4053368947701995,0.4260956150851827,0.4076623540900953,0.4215028676397543,0.3241724616280257
AAPL,2020-11-10,0.3965758278131609,0.40358051362212843,0.40418325638903874,0.3979452336187911,0.3968127560236342,0.283194897800213
AAPL,2020-11-11,0.41375697535825984,0.421244749903959,0.41434262372984165,0.40963613513608266,0.40499291621447386,0.21926732407083704
AAPL,2020-11-12,0.4123903127656343,0.4198396449855022,0.41882470314416553,0.4204160192035713,0.41711352545713243,0.1965752269097904
AAPL,2020-11-13,0.41263444862796983,0.42009057298647123,0.4145418314810331,0.41687334517545327,0.41621570114083584,0.14295422396715018
AAPL,2020-11-16,0.4177107115740213,0.4253095614594805,0.42111553529037693,0.4182904147867005,0.41362196953611663,0.16681015858154952
AAPL,2020-11-17,0.4132690102406371,0.4207429321882583,0.4195219112758388,0.42238980024955863,0.4167643736704999,0.12478876872010429
AAPL,2020-11-18,0.4066306993603296,0.41391810405326446,0.4152888510492527,0.4175312593200321,0.4120757313459855,0.1298851542892156
AAPL,2020-11-19,0.4096081220820351,0.4169792418911472,0.41150397976660213,0.41150867485998033,0.40698804753540796,0.1243961847798188
AAPL,2020-11-20,0.4032628508882924,0.41045549672832615,0.4100597520667092,0.4139379646308692,0.4122253623895865,0.12313221357460845
AAPL,2020-11-23,0.3862279932311895,0.3929418019325821,0.4043326906986774,0.3960220732338485,0.4049430265150433,0.2581885431582682
AAPL,2020-11-24,0.39267103374750967,0.3995658953240482,0.3955179281846749,0.39015131214468035,0.3886325958327945,0.22319117570690578
AAPL,2020-11-25,0.3968687141962014,0.40388159659430134,0.4000000075989988,0.40320866261217436,0.3968127560236342,0.13032519616152294
AAPL,2020-11-27,0.39960203938145245,0.40669180643121494,0.40368525600855687,0.4085227122666024,0.401900401779521,0.056261254176484365
AAPL,2020-11-30,0.4116093462873278,0.4190367442976286,0.421015950412278,0.41150867485998033,0.40389557115514574,0.36118194600877546
AAPL,2020-12-01,0.42952270979002827,0.4374537262961289,0.43346614989929244,0.4277038499039867,0.4240467095450431,0.2576143270278886
AAPL,2020-12-02,0.4312799131106285,0.43926030070164124,0.4329681495188106,0.4321575027696567,0.4290844656014994,0.16139647573918214
AAPL,2020-12-03,0.4305965243254942,0.4385577482424128,0.4350099624772843,0.4388380013742872,0.4365663222190741,0.13645845058051487
AAPL,2020-12-04,0.42722867585345703,0.4350951409174746,0.4304282981848614,0.435345909394963,0.4319774592934207,0.13470126474146482
AAPL,2020-12-07,0.4345501838894936,0.4426225215116969,0.43894423007458006,0.43904044540621556,0.43053096244746003,0.15570102695486304
AAPL,2020-12-08,0.4376252226302523,0.4457840075782247,0.44098608102804726,0.4432916542399572,0.4408060714127855,0.14455338234669285
AAPL,2020-12-09,0.42493456526512374,0.4327365555388202,0.44581672651321436,0.4327142142043968,0.441604116330221,0.22621009651353158
AAPL,2020-12-10,0.43206091791481605,0.4400632013895147,0.4354581894162134,0.4284123847096104,0.4215028676397543,0.14228409808933373
AAPL,2020-12-11,0.4280097189835256,0.4358980798915856,0.4299302978043795,0.4304367864166425,0.43112952467655463,0.15626704354724935
AAPL,2020-12-14,0.42493456526512374,0.4327365555388202,0.43286852664571807,0.43544715071705264,0.4319774592934207,0.13699738385043841
AAPL,2020-12-15,0.4547089074598223,0.4633478956314101,0.45552790491008166,0.4485550832333405,0.4406564023144939,0.3309517402525507
AAPL,2020-12-16,0.4543671172525525,0.46299661940179593,0.4578685104978458,0.460853278234166,0.45596930539096636,0.18426672649844694
AAPL,2020-12-17,0.45871127921864563,0.4674628621581355,0.46389444048515505,0.4683435143542587,0.4634012342544199,0.1747035804897708
AAPL,2020-12-18,0.44875398536464906,0.4572256582418822,0.46150402346084474,0.45862647110745647,0.46370057245100316,0.4186564833374206
AAPL,2020-12-21,0.4564170919785502,0.4651042767794812,0.4575697178685554,0.44511361191506105,0.4440481788366487,0.24152186406805914
AAPL,2020-12-22,0.4742329927657216,0.48342094883557385,0.48794823501286533,0.4764917032311813,0.4769184886982992,0.35992617434155844
AAPL,2020-12-23,0.46974238760810816,0.4788041645931479,0.47808762230635926,0.482210640949466,0.47966185134661943,0.15945716076834143
AAPL,2020-12-24,0.47467228401440154,0.48387257329383315,0.48321717440579726,0.4838301932048925,0.4754720299070292,0.07673227042473856
AAPL,2020-12-28,0.49771058433209625,0.5075587370227841,0.5025398323364524,0.4960271082713774,0.48878972555318634,0.24955890212658743
AAPL,2020-12-29,0.4888269517100414,0.4984254784803396,0.5097609328409233,0.5002277350563252,0.509040605287254,0.2410142381250191
AAPL,2020-12-30,0.4832138964739001,0.49265451732042587,0.49581677020745685,0.4954703968366372,0.49672047530156394,0.1799023360483743
AAPL,2020-12-31,0.47818661400384,0.48748572210485785,0.4895916704639497,0.4869679791691539,0.4892386186839893,0.1865228418008471
AAPL,2021-01-04,0.4621768203614981,0.47102585599795643,0.4839641559790233,0.4618654983938075,0.4864454043909291,0.29631043152677633
AAPL,2021-01-05,0.4699864084928006,0.4790550160216418,0.47465143107953245,0.470317295400246,0.46335138260968,0.18291579049633788
AAPL,2021-01-06,0.44846106065572744,0.4569245369834718,0.47121516386271856,0.459942299396614,0.4575155435810975,0.3255954541761365
AAPL,2021-01-07,0.46954704059235863,0.4786033915633825,0.4741036192625043,0.4674325741289578,0.46070779936022077,0.2125168680647127
AAPL,2021-01-08,0.4750624414835657,0.4842740427808887,0.4790836990573101,0.4794270837757654,0.4810085307390284,0.20153445657065006
AAPL,2021-01-11,0.4600779801371523,0.4688679670765923,0.4668326693264936,0.47067160141530884,0.4648477691550712,0.1896732036862141
AAPL,2021-01-12,0.45919939763979256,0.4679647181600737,0.46444225230218317,0.46237158916750287,0.46140610293348583,0.16871866316720324
AAPL,2021-01-13,0.4694007890302436,0.4784528500772961,0.473207165384646,0.470621019366515,0.46270293068115487,0.1604835938425942
AAPL,2021-01-14,0.45973626658164457,0.4685167291332156,0.47096614467498077,0.4719874297044664,0.4728782983023099,0.1644218567878633
AAPL,2021-01-15,0.45109688479956844,0.45963439859174027,0.46708168851423126,0.4630801239731265,0.46280271008001594,0.2175367246125532
AAPL,2021-01-19,0.45446477159748677,0.4630970059166786,0.45956179538046993,0.4627764772313595,0.45781480566829946,0.1657524181804132
AAPL,2021-01-20,0.47496509374567997,0.48417365626600606,0.4783864909256368,0.470924666108282,0.46220418590561196,0.19945053156610926
AAPL,2021-01-21,0.4985890901776937,0.5084619859393027,0.5141434273771482,0.49643199633523394,0.4878420115374592,0.23878694544101958
AAPL,2021-01-22,0.5093272355323536,0.5195022054021422,0.5150398812550065,0.5036692449868556,0.5002119931678892,0.22464522711105178
AAPL,2021-01-25,0.5281194114876999,0.5388224363171611,0.5411354507461971,0.5113618865266256,0.5340799067446973,0.3318661129742283
AAPL,2021-01-26,0.5292908803681001,0.5400268447783276,0.5372012211438948,0.5358064531573932,0.5367234899941565,0.1847189434423201
AAPL,2021-01-27,0.5239217310390081,0.5345067350469079,0.5372012211438948,0.5309479508401176,0.5358754792679092,0.29020276960515745
AAPL,2021-01-28,0.4996629813649218,0.5095660078855866,0.5256972489762914,0.5121716626543389,0.5163728308612278,0.2946188419916727
AAPL,2021-01-29,0.47462353349369646,0.4838224183226294,0.4995518300535612,0.4793259196781776,0.49796745140449306,0.3813418767549806
AAPL,2021-02-01,0.48526379454813573,0.4947621746981111,0.4927789184930259,0.4829697578038834,0.48759260109499714,0.20422191726566774
AAPL,2021-02-02,0.48941295443140886,0.4990277209971604,0.49741035622700147,0.5015942226187786,0.4974686305195689,0.14723661903728974
AAPL,2021-02-03,0.4842877110093661,0.49375853926670976,0.4947211465734006,0.4965332376573236,0.4976182615631699,0.16357481966607007
AAPL,2021-02-04,0.5011271833248384,0.5110714993189261,0.5028386249657428,0.501492981296689,0.5003117725667503,0.14941744767266052
AAPL,2021-02-05,0.49904976726800354,0.5079099749661607,0.5029382478388353,0.5079204538205973,0.5055490874209287,0.12832401194946003
AAPL,2021-02-08,0.49978309467615567,0.508662758969068,0.5006474536876174,0.5031631156009093,0.4989650170649601,0.11739974263389534
AAPL,2021-02-09,0.49538359013781563,0.5041462846690495,0.5052291179800403,0.5078698717718034,0.5019078624016213,0.13100849099429834
AAPL,2021-02-10,0.49235285611555923,0.501034991859963,0.5007968500022626,0.5005313817980922,0.5012095588283563,0.12174649165373998
AAPL,2021-02-11,0.491081816596172,0.4997302734563889,0.4978087717293843,0.49734301378503687,0.49831656513643496,0.0999640462682536
AAPL,2021-02-12,0.4922549718153387,0.5009346053450804,0.49352590006625197,0.49693812572118023,0.4905853741857795,0.08969002516264281
AAPL,2021-02-16,0.48159861389085534,0.48999484896959866,0.4959163170905623,0.4923831929211696,0.49627158217076095,0.14045560111682676
AAPL,2021-02-17,0.47011096760623716,0.47820192207632695,0.47704184810384276,0.47558076300588026,0.47512284006570604,0.18354591256758096
AAPL,2021-02-18,0.4645872499988406,0.4725313474312959,0.465986064880175,0.4651551463412035,0.464897620799811,0.1809076491005231
AAPL,2021-02-19,0.4653693279276978,0.47333420983293184,0.4695219549700814,0.4721899123486457,0.47008508400924964,0.1580783960312248
AAPL,2021-02-22,0.4464515963860074,0.4539135924030303,0.46459164861682845,0.45599473730463935,0.4589620023723675,0.1984489455766847
AAPL,2021-02-23,0.4457671344762034,0.45321103994380196,0.44960159779586484,0.41950504036601943,0.4377634466772633,0.3335092506939169
AAPL,2021-02-24,0.4432741892169444,0.4506517198216198,0.44387449843283955,0.43893924269637685,0.44364917540527626,0.21614876645405012
AAPL,2021-02-25,0.42196093680564284,0.4287721304981813,0.44835657784716343,0.43038616575559774,0.4423523096029166,0.30847953979223364
AAPL,2021-02-26,0.42328103345278356,0.43012708044543435,0.44033864633792663,0.4337263957517874,0.43192756959399015,0.3491316068087969
AAPL,2021-03-01,0.4552015866608151,0.4628962711731508,0.4556773012247268,0.4417733819188713,0.43771355697783276,0.22923821074154382
AAPL,2021-03-02,0.44214978451848264,0.44949754290413213,0.4596115688220226,0.45300877471126144,0.46095720980268284,0.1943355106833768
AAPL,2021-03-03,0.42719153807471244,0.4341416604572771,0.4446215180010591,0.43696542303813857,0.4430007234767511,0.22093530887535384
AAPL,2021-03-04,0.4177571242159819,0.42445642922792814,0.4341135465944195,0.42066908389654445,0.4277377481543998,0.38291022474933634
AAPL,2021-03-05,0.42406295807811645,0.4309299811333078,0.4258466338924386,0.4153550342421164,0.4238970785014421,0.32231216038693866
AAPL,2021-03-08,0.3993280476577732,0.4055376295137273,0.4211653467269232,0.40847209160555764,0.42364766805898,0.32382783256145864
AAPL,2021-03-09,0.4224498217444109,0.4292739482138819,0.4264442191510194,0.42152944207305154,0.4141706420657806,0.2620808389966051
AAPL,2021-03-10,0.4170238351337108,0.42370372179749594,0.4269920309680475,0.4248696720692413,0.4274384860671979,0.21839345209742939
AAPL,2021-03-11,0.4267027297877064,0.4336398427415764,0.43217131851404467,0.43403008110580543,0.4316781972062187,0.1962378034978235
AAPL,2021-03-12,0.42215651377667873,0.4289728652417091,0.42201195117324175,0.4234020204092003,0.4210040848095208,0.15916247434227904
AAPL,2021-03-15,0.43662591360756187,0.4438268916866259,0.43610558611134054,0.42977883365981273,0.4260418789206678,0.16984349069737564
AAPL,2021-03-16,0.4443495751135337,0.4517557417679038,0.452141449129814,0.45154108443896934,0.44743995535880354,0.22655472558009865
AAPL,2021-03-17,0.4403899750379704,0.4476909684986198,0.44536853756927874,0.439495915518866,0.43920994352322396,0.2183668657166632
AAPL,2021-03-18,0.4197123956898867,0.42646373837696827,0.4320219221993995,0.4292727428861175,0.4333740664399508,0.2414674489522854
AAPL,2021-03-19,0.4170726623061779,0.4237538767686997,0.4233067825584894,0.4260337155997663,0.41851013260366254,0.40128340162554593
AAPL,2021-03-22,0.43369302555964506,0.44081594710618455,0.4354581894162134,0.4289690961443505,0.42065493302288826,0.21831642613446195
AAPL,2021-03-23,0.4295380018165701,0.43655043909337266,0.4373007946234957,0.43848373397147544,0.4356186462580376,0.17745489819279697
AAPL,2021-03-24,0.417561585570827,0.42425569448440037,0.4306275059360529,0.42800749664575377,0.4330748043527488,0.1602194693308705
AAPL,2021-03-25,0.4200057036576189,0.4267648213491412,0.4244522176290919,0.422592244281487,0.41671448397106936,0.1858472495643685
AAPL,2021-03-26,0.4230364376798753,0.4298761524444652,0.4235558017462272,0.42218735621763037,0.4207546743670587,0.1739864936216291
AAPL,2021-03-29,0.423916361583072,0.43077943964722143,0.4290338819215148,0.4313477652541945,0.4272389653241664,0.14105913680730364
AAPL,2021-03-30,0.41663279616928217,0.4233022523104404,0.4181773064490385,0.4218837094758634,0.41955758796356013,0.15311668166188236
AAPL,2021-03-31,0.42763151918925124,0.4345933232017739,0.4337151310920365,0.4334733696710653,0.4272389653241664,0.23424713457205987
AAPL,2021-04-01,0.4317866962358504,0.4388588312145857,0.43700200199420525,0.4402550709855344,0.4372646638470298,0.126821508729899
AAPL,2021-04-05,0.44596274977312034,0.45341177468732974,0.44686257670571783,0.4431904515301185,0.43831211920692736,0.16051937364474683
AAPL,2021-04-06,0.4474780784583675,0.45496742109187294,0.4516932221908848,0.4562478019976125,0.451430294110053,0.13944929418128482
AAPL,2021-04-07,0.4557392987720502,0.46344828214629274,0.4556274897881806,0.45366668885584016,0.4480884072873287,0.14763740251556856
AAPL,2021-04-08,0.46776458051614156,0.4757931817264689,0.46792829296054983,0.4707728427373985,0.463650644696882,0.16099991626532412
AAPL,2021-04-09,0.4806698244893105,0.48904136850940116,0.4811254740207902,0.47558076300588026,0.4678903938905934,0.20533233348663982
AAPL,2021-04-12,0.4720663923836663,0.4802092695116047,0.4801793226913663,0.48145152409504854,0.4814574999792126,0.16739903449197774
AAPL,2021-04-13,0.4876599286318438,0.4962174345877717,0.48919325496156674,0.4880307427653383,0.48105845849314954,0.16701763173986495
AAPL,2021-04-14,0.47592806983312796,0.48417365626600606,0.49088646385420387,0.48666433242738694,0.49352821952244064,0.1569702160478873
AAPL,2021-04-15,0.4880022554014485,0.4965687491036235,0.49088646385420387,0.4966850610282071,0.4879417909363203,0.16224848227794098
AAPL,2021-04-16,0.4863402152435137,0.49486256121299377,0.4892430284031195,0.49486310335310324,0.49033596374331745,0.15125439265400908
AAPL,2021-04-19,0.4896641422558591,0.4982749369942532,0.4932271074369615,0.4951667500948702,0.48639547663680793,0.17446604235881324
AAPL,2021-04-20,0.4812072299934973,0.4895933794825431,0.49352590006625197,0.48742344928180437,0.4939272610085037,0.1758279110782467
AAPL,2021-04-21,0.4831140958796267,0.49155049537414197,0.4846613641106966,0.4848423747522831,0.4806594170070865,0.11131195838013903
AAPL,2021-04-22,0.4754881653703512,0.48372203180774676,0.48665336563262407,0.4853990861870232,0.4840511554745507,0.15037008490497356
AAPL,2021-04-23,0.48712236982413293,0.49566550018710487,0.49148404911278465,0.4891948249081144,0.47966185134661943,0.1356879424799925
AAPL,2021-04-26,0.4890775263203946,0.49767277104990737,0.4911852564834942,0.49628017296435045,0.4929795469927766,0.10648665450650334
AAPL,2021-04-27,0.4874643133349269,0.4960167381304815,0.4929283148076711,0.49906373013805116,0.49387733325438254,0.10427700325273186
AAPL,2021-04-28,0.48350501986641203,0.4919519648611974,0.4909860867272964,0.49385092180571266,0.49038581538805726,0.2079994195720984
AAPL,2021-04-29,0.48301613492764395,0.4914501088592592,0.5011952655046455,0.4906624765681554,0.5011597071836164,0.3156889214551347
AAPL,2021-04-30,0.4731417782802556,0.4813132914578886,0.48371513679128564,0.483678369834009,0.47776642331516517,0.21316612239127347
AAPL,2021-05-03,0.4784208617888628,0.4867329381019506,0.4862550261202283,0.48752469060389403,0.4790632510628342,0.12693580532010873
AAPL,2021-05-04,0.4554948563026662,0.4631973541453237,0.47340641113083093,0.4615618130397896,0.47482357797850405,0.28205516201914366
AAPL,2021-05-05,0.45671699199782434,0.4644519558639316,0.46822708558984016,0.4679892855636979,0.464897620799811,0.1489647337870908
AAPL,2021-05-06,0.464733769842123,0.4726818889173824,0.4647410449314736,0.4637380381177052,0.4583634781979635,0.13437303475088436
AAPL,2021-05-07,0.4681125795161426,0.4750404742960367,0.47226093806523495,0.4756313450546741,0.47312770874477195,0.1364726134188669
AAPL,2021-05-10,0.4516597770146584,0.4581791004158421,0.46369519473897003,0.4621185244745297,0.4659451142143993,0.15907824272471144
AAPL,2021-05-11,0.4470570686549521,0.453461967944771,0.44741035052775235,0.4416721405967816,0.43646658087490364,0.25367507019922636
AAPL,2021-05-12,0.431681606669991,0.4377046160108604,0.43929283414041664,0.43904044540621556,0.4359677980446701,0.21896245033999506
AAPL,2021-05-13,0.4424541686658404,0.4487447971874624,0.4468127652691716,0.44921303599017026,0.4418535267726831,0.20328145510492052
AAPL,2021-05-14,0.45459780073063694,0.4611900449962836,0.4554780934735354,0.4572599835450031,0.45018331800712386,0.14378933448822584
AAPL,2021-05-17,0.4488197525765436,0.45526850406404584,0.4506972214299211,0.45381851222672365,0.4530264219996145,0.12472317241615787
AAPL,2021-05-18,0.44186659458334954,0.4481425929568791,0.4509960140592115,0.4518447311807363,0.45172955619725497,0.09763562594900334
AAPL,2021-05-19,0.4410830985968933,0.4473396922690055,0.44068725040376333,0.44212764932168314,0.43477071164117154,0.1703608070034987
AAPL,2021-05-20,0.45391222737028236,0.4604874925370551,0.45463148902721684,0.4534642448239119,0.4450956722512369,0.13121447332752406
AAPL,2021-05-21,0.4447066956732265,0.45105318930867533,0.4560259052905635,0.454020956258652,0.458014326411331,0.13727293802118312
AAPL,2021-05-24,0.4528838673297504,0.4594336638482125,0.4557271126612731,0.4577154922699045,0.4489862316036253,0.09701444882829845
AAPL,2021-05-25,0.4519046793946151,0.45843002841681124,0.45761956730009523,0.45963865265484705,0.458014326411331,0.11916960048620774
AAPL,2021-05-26,0.4516597770146584,0.4581791004158421,0.4529880535761325,0.4601447434285424,0.4537247255728796,0.08082160364576306
AAPL,2021-05-27,0.44397218016276163,0.4503004435920056,0.454233073524834,0.4533630421140732,0.451131032022851,0.1753640160045043
AAPL,2021-05-28,0.44069140809248675,0.44693822278194995,0.4450697449399883,0.45068072626246225,0.446791541484969,0.11743428008180655
AAPL,2021-06-01,0.43907555062122616,0.4452821898625241,0.44282868623532956,0.4475935223469947,0.4443474789785413,0.1083054611159273
AAPL,2021-06-02,0.44289487797211935,0.4491964216457217,0.44228087441830144,0.4481502337817348,0.4403571402272919,0.08753777067482445
AAPL,2021-06-03,0.4354520301966551,0.44156869282285427,0.44033864633792663,0.44349409827188546,0.4423523096029166,0.12965432487116163
AAPL,2021-06-04,0.44695903105120727,0.45336158142988836,0.44686257670571783,0.44713801362209316,0.4393096848673944,0.12702078235022113
AAPL,2021-06-07,0.44700808817896076,0.45341177468732974,0.44765936971549014,0.45209779587370946,0.4497842765210608,0.11680440648141176
AAPL,2021-06-08,0.45112114508227785,0.45762708944270014,0.4583167754317685,0.4590819412201069,0.4519290769402865,0.1251187380066227
AAPL,2021-06-09,0.4530308470836055,0.459584205334299,0.4547808853418621,0.4606508342022376,0.4549717016758087,0.08157198560757457
AAPL,2021-06-10,0.4480362949159684,0.45446560337617237,0.4569721326099746,0.4577154922699045,0.45402398766008156,0.11712443693399892
AAPL,2021-06-11,0.45410811094836667,0.4606882272805829,0.45323707276387026,0.4585252297853668,0.45157992515365397,0.07323454629347338
AAPL,2021-06-14,0.46943463078321734,0.4763953476708146,0.4686752745337758,0.4634343913759382,0.458014326411331,0.1810313875829675
AAPL,2021-06-15,0.465321382250495,0.4721800329154442,0.4689741431530533,0.4751758749420236,0.46858869746385845,0.09615324886815317
AAPL,2021-06-16,0.46781862000843244,0.47473931475138875,0.47041833285795265,0.47046919599563153,0.47073345982839354,0.16838049434269148
AAPL,2021-06-17,0.4758491185181497,0.4829692478048394,0.4786852835549271,0.4764917032311813,0.4678903938905934,0.18057221345534247
AAPL,2021-06-18,0.4693368614606399,0.4762950377284071,0.47350595801393636,0.4794777430490611,0.4724294051715069,0.21096417373379872
AAPL,2021-06-21,0.4783464329278494,0.4855286062132591,0.47798807542325383,0.4742649347167227,0.47038434609645163,0.13818706227201244
AAPL,2021-06-22,0.48657262338624563,0.493959235724,0.48630479956178096,0.4864618497832076,0.47951222030301854,0.12606243028839764
AAPL,2021-06-23,0.48520170662082274,0.4925541308055432,0.4875000460689297,0.4946100386601301,0.4876923804938582,0.08986171851880563
AAPL,2021-06-24,0.48378157942412225,0.49109887091588256,0.48909363208847423,0.4930917277267932,0.4910841189613223,0.11097378955562727
AAPL,2021-06-25,0.4823124717514303,0.4895933794825431,0.48535857224237,0.4924844342432593,0.4861461423037271,0.11612384482796746
AAPL,2021-06-28,0.49048998834088375,0.4979738540220803,0.4921314838029053,0.49521740936816605,0.48589673186126503,0.09457545898156271
AAPL,2021-06-29,0.4980796625666789,0.5057521626172717,0.4983068101048598,0.500278394329621,0.4928299159491756,0.10065007428036009
AAPL,2021-06-30,0.5011646660365126,0.5089136869700371,0.5028884743972826,0.5079710358693911,0.49966332063822516,0.09743312220765353
AAPL,2021-07-01,0.5026826008816716,0.5104693333745803,0.5024900588948997,0.507414324434651,0.5018081591121415,0.07065889748018257
AAPL,2021-07-02,0.5158545163352378,0.5239684481584818,0.5157868628282326,0.5174857123087669,0.5082923739598678,0.13617270910499063
AAPL,2021-07-06,0.5259414283189705,0.5343060385896177,0.5314740837858759,0.5292272344871034,0.519116193509548,0.2090472211393034
AAPL,2021-07-07,0.5384279237157065,0.5471026009142906,0.5401394499852333,0.5423351670033912,0.5364241517975733,0.20092172745878673
AAPL,2021-07-08,0.5319154367029103,0.5404283142653832,0.536005974636746,0.5322637791292751,0.5266479017718626,0.2025713254205307
AAPL,2021-07-09,0.541072102901618,0.5498124242363216,0.5439242832728903,0.5422845077300954,0.532483740800445,0.18844650310824607
AAPL,2021-07-12,0.538085060383767,0.546751286398439,0.5472610036065988,0.5491168683178603,0.5497419235531117,0.12982949681920042
AAPL,2021-07-13,0.5436673782633002,0.5524720925871489,0.5529382915330779,0.5472443285939627,0.5388682523586916,0.19077293566071007
AAPL,2021-07-14,0.5608543130164388,0.570086135611538,0.5634462629397176,0.5677412559082535,0.5591690598468805,0.2559311855016266
AAPL,2021-07-15,0.5575736942496883,0.5667239148014824,0.5655876607762902,0.5647552933148756,0.564855267831862,0.2056642905399445
AAPL,2021-07-16,0.5473397641862194,0.55623578288426,0.5643924142691414,0.5586315447572362,0.5609647084794737,0.17194952960741355
AAPL,2021-07-19,0.5280469755725015,0.5364638509385067,0.5360558240682859,0.53732476409073,0.5374716452121615,0.2419765657204151
AAPL,2021-07-20,0.5461645393694756,0.5550313744230934,0.5511454597673483,0.5438534779367281,0.5360251864208915,0.17964864731227842
AAPL,2021-07-21,0.5424920767947943,0.5512676841259823,0.5463147762871878,0.5523053135554176,0.5463501089762662,0.12658397059894144
AAPL,2021-07-22,0.5493473504877677,0.5582932852907415,0.5566235019476424,0.5582772387421735,0.5483951680513215,0.1324098665786086
AAPL,2021-07-23,0.5579653847540949,0.567125384288538,0.5592131647181378,0.5638949351383685,0.5564256971985602,0.11777294584801486
AAPL,2021-07-26,0.5600710086593879,0.5692832732099021,0.5647410563299716,0.5678424972303432,0.5600169944637465,0.12022460770801295
AAPL,2021-07-27,0.5492005623633179,0.558142743804655,0.561653431173988,0.5569614104530158,0.5642566675480768,0.20069064956988453
AAPL,2021-07-28,0.5404354333654926,0.549160026748297,0.5504980250772277,0.5417277962953553,0.5427588117110799,0.23575634650452448
AAPL,2021-07-29,0.5436673782633002,0.5524720925871489,0.5484064006822078,0.5520522488624444,0.542160287536676,0.08112871361423955
AAPL,2021-07-30,0.544744335521013,0.5535761145334328,0.5473107770481516,0.5496735797526004,0.5406140493465449,0.11527134134751206
AAPL,2021-08-02,0.5430796892031662,0.5518699266428031,0.5503984022041352,0.555443099519679,0.5504900787711167,0.09648545439230614
AAPL,2021-08-03,0.5520893373221377,0.5611034951276551,0.5558266709428766,0.5550887935046162,0.5477467161227964,0.10122279958565002
AAPL,2021-08-04,0.5500818276723516,0.5590459927211736,0.5545816509941751,0.5606559078520175,0.5550290900520302,0.08030577816472971
AAPL,2021-08-05,0.5506204596047322,0.5595980036943157,0.5548306701819129,0.5600991964172773,0.5535825551513788,0.05553174376592854
AAPL,2021-08-06,0.5471875337866595,0.5549812194518896,0.5511952332089011,0.5573662985168725,0.5504402271263767,0.07473630410048955
AAPL,2021-08-09,0.5469424781031785,0.5547302914509206,0.5491533822554338,0.5568095870821324,0.5496919957989905,0.061770846766288565
AAPL,2021-08-10,0.5445397519679286,0.5522713961298586,0.5541833114817794,0.5556961642126521,0.5508891202571797,0.11174926707311526
AAPL,2021-08-11,0.5458145474236595,0.5535761145334328,0.5492530051285263,0.5568601691309262,0.5489438405809856,0.060739195804221865
AAPL,2021-08-12,0.5606734915096101,0.5687814172079638,0.5608566001692221,0.558429062113057,0.5496421441542506,0.11984817437286578
AAPL,2021-08-13,0.5617034612371464,0.5698352841830441,0.5627988282495969,0.5707272957261335,0.5635085123300718,0.08777655116002343
AAPL,2021-08-16,0.571609398410526,0.5799721015844147,0.571513967890507,0.5616175073506142,0.5613636738561555,0.19690743243394337
AAPL,2021-08-17,0.5670485419129344,0.5753051623707849,0.5739541583563701,0.5748772632377854,0.5697932444894572,0.16941090295051675
AAPL,2021-08-18,0.5482664839901872,0.5560852413981736,0.5691733243077494,0.5599979550951877,0.5676484821249222,0.15474192948049464
AAPL,2021-08-19,0.5499338897714701,0.5577914292888033,0.5556275011866787,0.5516473607985878,0.543856156770408,0.1563179800711471
AAPL,2021-08-20,0.5572407956468238,0.5652686549118218,0.5581175410840815,0.5631864003327449,0.5558770246688961,0.09069508974394334
AAPL,2021-08-23,0.5646948729054379,0.5728964220209268,0.5665338880957013,0.56880409672894,0.5602164771520874,0.08965697853982131
AAPL,2021-08-24,0.564253512059181,0.5724447209901924,0.5698705324394227,0.5751809099795524,0.565902685137069,0.061019719391932195
AAPL,2021-08-25,0.5580743835598221,0.5661217488571366,0.5671813227858219,0.5683486266162895,0.5676983337696621,0.08682316851516554
AAPL,2021-08-26,0.5540532321192806,0.5620067440441737,0.5612051662400652,0.5668808977317464,0.5604160359498096,0.060996860073890255
AAPL,2021-08-27,0.5592515246706188,0.5673261573183033,0.559362561032783,0.5634394650257181,0.556076507357237,0.0788996816343021
AAPL,2021-08-30,0.5814172213283988,0.5900086090433778,0.5829681666165577,0.5724480120791476,0.5636581433736728,0.16624786905188743
AAPL,2021-08-31,0.5750914580081142,0.5835350954242357,0.5795318993997437,0.5860114147080859,0.5819138917868064,0.155057735928661
AAPL,2021-09-01,0.5784258096601073,0.5869474712054951,0.5903884368772265,0.591325464362514,0.5827618264036725,0.13980311666923834
AAPL,2021-09-02,0.5840163292781868,0.592668277394205,0.5890936434869724,0.591629111104281,0.5879492135037299,0.11694827110256702
AAPL,2021-09-03,0.5872041994127785,0.5959301882618531,0.5886454545430367,0.5951212030836052,0.5874005409740658,0.08388475226338306
AAPL,2021-09-07,0.5989243304918909,0.6079238116124149,0.6017430127301846,0.6017004989783971,0.5934359388003704,0.14468457495458575
AAPL,2021-09-08,0.5911762170738044,0.5999949615311371,0.6006473890961284,0.5996254766103201,0.6034615992685433,0.125159487225741
AAPL,2021-09-09,0.5860761154297353,0.5947760113443653,0.5960159513621529,0.5994736532394366,0.5960296704050897,0.0826349438965248
AAPL,2021-09-10,0.5610659485316377,0.5691828866950194,0.5928784767746293,0.5729034821917981,0.5935855698439714,0.2903255142042087
AAPL,2021-09-13,0.563910265468431,0.5720934830468157,0.5726593649661159,0.5731565468847712,0.5717884519197726,0.19469181787981316
AAPL,2021-09-14,0.5568976257078359,0.5649173403959701,0.5709163826319261,0.5638443530895747,0.5703918447732425,0.2118164287434059
AAPL,2021-09-15,0.5613602146463964,0.5694839696671923,0.5627988282495969,0.5611113779646679,0.5614634532550166,0.14717673756285382
AAPL,2021-09-16,0.5601830735355997,0.5682795612060256,0.5604581846668393,0.5654132460717054,0.5608649290806126,0.10929189038360669
AAPL,2021-09-17,0.5467953067199182,0.5545797499648341,0.5597112030936132,0.5580241740492003,0.5627603571120668,0.26293309400621223
AAPL,2021-09-20,0.5314949251359486,0.5389228228320437,0.5398904307974955,0.5353004009959489,0.5377210556546236,0.2470560552718432
AAPL,2021-09-21,0.533897957878247,0.5413817181531055,0.538695260280334,0.5429424604869252,0.5383694314737675,0.12867236807875132
AAPL,2021-09-22,0.5457655669476682,0.553525959562229,0.5478087394336398,0.5475985573845235,0.5409631630784868,0.13008939732650338
AAPL,2021-09-23,0.5505713258252166,0.5584438267768279,0.5510458368942558,0.5574168805656663,0.5519365375623867,0.1013510105433635
AAPL,2021-09-24,0.5510129166267599,0.5588954512350872,0.5529880649746306,0.5570119925018097,0.5469985609047914,0.0731239767659879
AAPL,2021-09-27,0.5434115146813611,0.5511171426398959,0.5454681718408693,0.5482059280925594,0.5460508468890642,0.1244898582896211
AAPL,2021-09-28,0.5264440339231572,0.5337540276164757,0.5394422418535599,0.5374260054128197,0.5349776930063033,0.2110113831949723
AAPL,2021-09-29,0.5309555266859469,0.5383708118589018,0.5379482027171208,0.539146721765834,0.5310871336539149,0.12561120722791758
AAPL,2021-09-30,0.5244333048993621,0.5316965252099942,0.5375996366462777,0.5353509830447427,0.5370227520813585,0.16152692293453014
AAPL,2021-10-01,0.5300729582969573,0.537467486369908,0.530328686710267,0.5243686549453258,0.5282439916067335,0.17539880192326374
AAPL,2021-10-04,0.512860115248224,0.5198534433455189,0.5267928726103477,0.5201174461115841,0.5275456880334685,0.18454849244039867
AAPL,2021-10-05,0.5225207667828362,0.5297394093183955,0.5269422689249929,0.5256339011856895,0.5162231998176268,0.14116324609273379
AAPL,2021-10-06,0.5268854714211761,0.534205652074735,0.5264940039910702,0.5206234982730285,0.5161234204187657,0.14702715811218808
AAPL,2021-10-07,0.5332114646967471,0.5406791656938772,0.5368028056415118,0.5426388137451582,0.5340299789905761,0.0936347483499672
AAPL,2021-10-08,0.531298849928459,0.5387220498022783,0.5366035598953269,0.5418290376174449,0.5388682523586916,0.08628125359506257
AAPL,2021-10-11,0.5308574890822021,0.538270425344019,0.5397410344828504,0.5380332988963538,0.530089567993448,0.10039191306899513
AAPL,2021-10-12,0.5244824386788778,0.5317466801811981,0.5319721221613514,0.5341363188531728,0.5348779136074422,0.12171990527297379
AAPL,2021-10-13,0.5215399308348155,0.5287357738869942,0.5227589441449658,0.5248241250579763,0.5249520325381305,0.1359493338123851
AAPL,2021-10-14,0.5355163065317764,0.5430377510725315,0.5351095967488748,0.5365149879630169,0.5292914850213218,0.11394574937192782
AAPL,2021-10-15,0.5408125600350973,0.5484574742890685,0.540189223426786,0.5466369578859267,0.5375714246110226,0.10905882472791821
AAPL,2021-10-18,0.5491983394622166,0.5570387218583711,0.5498505903871072,0.5448656594841187,0.5359752586667703,0.15291119627035316
AAPL,2021-10-19,0.5600360554558635,0.5681290197199392,0.561454185427803,0.5620223954144709,0.5537321861949798,0.13002628573103975
AAPL,2021-10-20,0.5624879920223912,0.57063814658468,0.5643426408275888,0.569968101647214,0.5621617568282816,0.08540067290875132
AAPL,2021-10-21,0.5635667889223946,0.5717421685309639,0.5637948290105607,0.5687028554068503,0.5627104293579457,0.09286026471587235
AAPL,2021-10-22,0.5596927322133515,0.5677777817765626,0.5664840386641614,0.5725998354500311,0.5670998095952582,0.08655506846986931
AAPL,2021-10-25,0.5594475998781083,0.5675268537755935,0.5624501861887667,0.5674376091664866,0.5620619774294205,0.06627289006630942
AAPL,2021-10-26,0.5627823347889119,0.570939306129328,0.5697709095663301,0.5744723751739288,0.565304160962665,0.09154933252033672
AAPL,2021-10-27,0.5604776462574068,0.5685807207506737,0.5642430179544963,0.5718407185956137,0.565453792006266,0.07962645886552681
AAPL,2021-10-28,0.5787201524266281,0.587248630750143,0.581374504607026,0.5780657084753427,0.5677482615237833,0.1889113920653816
AAPL,2021-10-29,0.5651361570999327,0.5733480464791861,0.5652888681469997,0.5613138606088472,0.5547796796095681,0.2507192609880642
AAPL,2021-11-01,0.5610168147521222,0.5691327317238156,0.564093621639851,0.5683486266162895,0.5636082917289329,0.12557716672170294
AAPL,2021-11-02,0.5662151073034604,0.57445206842547,0.573406422529329,0.572650417498825,0.5619622741399407,0.11199500474206613
AAPL,2021-11-03,0.5734239755750693,0.5818289075336059,0.5753984240512565,0.578571837861289,0.5705913274615834,0.07569217145383027
AAPL,2021-11-04,0.5708247909735191,0.5791692391827787,0.5776892182024744,0.582721805372941,0.576526945889027,0.0903099599291063
AAPL,2021-11-05,0.5734769419426906,0.5807750405585258,0.5765438211268654,0.579786424828357,0.5780731840791581,0.10290569264106374
AAPL,2021-11-08,0.569351467453911,0.5765597258031553,0.573406422529329,0.5802925542143031,0.5756790112721609,0.07695788195497856
AAPL,2021-11-09,0.5711684974748419,0.5784164551798714,0.5727091384076686,0.579786424828357,0.5696436134458562,0.08134836184412082
AAPL,2021-11-10,0.5569753505946203,0.5639137049645687,0.5662350954664108,0.5686016913092626,0.5687458271842504,0.10221792533301925
AAPL,2021-11-11,0.5567298350005666,0.5636627769635997,0.5627489788180571,0.5677412559082535,0.5634586606853319,0.042120032788213135
AAPL,2021-11-12,0.5671413671968554,0.5743015269393836,0.5675796622982177,0.566729074360863,0.5608150013264914,0.09878132503043145
AAPL,2021-11-15,0.567190500976371,0.5743516819105874,0.5749502351073209,0.5765979795907997,0.5704915480627223,0.08739837852893827
AAPL,2021-11-16,0.5721016560268272,0.5793699356400689,0.5730080070269461,0.5761425094781492,0.5683467856981872,0.08748136779226444
AAPL,2021-11-17,0.5843304481993332,0.5918654149925691,0.590488059750319,0.5844931809992511,0.5736339521971057,0.16090649122637013
AAPL,2021-11-18,0.605840848942794,0.6138453142584152,0.6087649434784577,0.5949187976639279,0.587151206640985,0.2827086403501252
AAPL,2021-11-19,0.6190027230155233,0.6272942740711127,0.620468161392246,0.6125310037069305,0.6068034860912674,0.23171720439485294
AAPL,2021-11-22,0.6213109375280856,0.629652859449767,0.6437748983567432,0.6351536126625942,0.6269047347817343,0.23212047258161456
AAPL,2021-11-23,0.623226388411572,0.6316099753413659,0.6243526175529955,0.6253352894814513,0.624111520488674,0.1788831086287217
AAPL,2021-11-24,0.6258292522977036,0.6342696436921931,0.6260458264456326,0.6282706700260354,0.6222660202113409,0.1128437811597973
AAPL,2021-11-26,0.6006352744740548,0.6085259775567607,0.6176294794340129,0.6116706455304234,0.6163803295380186,0.13146965288870965
AAPL,2021-11-29,0.6174803423681615,0.6257386276665694,0.6213147658385646,0.623968801918998,0.6153826877681703,0.16076039036758033
AAPL,2021-11-30,0.6423305370387254,0.65113097928615,0.642878520468872,0.6296877396372826,0.6184752402578138,0.3727057754812445
AAPL,2021-12-01,0.639727749804356,0.6484713109353228,0.6666832958088446,0.65301888339857,0.6558345955915658,0.3180531215765376
AAPL,2021-12-02,0.6347675376261462,0.6434028256621624,0.6363047786645345,0.6189584762308388,0.6122403597431681,0.28000403516657607
AAPL,2021-12-03,0.6253380678060722,0.6337677876902549,0.6400896879421787,0.6286755580898921,0.6385764889482805,0.23349998273127603
AAPL,2021-12-06,0.6424287279459945,0.6512313658010327,0.654631511824213,0.6517536371582062,0.6399231683406894,0.20734569277026854
AAPL,2021-12-07,0.6712078619872759,0.6806382591462184,0.6730577918669969,0.6723012237457929,0.6638152730940646,0.23941930374989717
AAPL,2021-12-08,0.6903613743492313,0.7002094946346815,0.694870565685042,0.6842451513438067,0.679028396771676,0.23095514430317216
AAPL,2021-12-09,0.6878073376355668,0.6975999812550581,0.6988047952873442,0.7005415290976518,0.6928947649474972,0.21089062636270728
AAPL,2021-12-10,0.7118228712684629,0.7221392389293239,0.7131474494131806,0.7044385091408326,0.6943911514928884,0.22698905262289554
AAPL,2021-12-13,0.6936025174584928,0.7035215604735334,0.7255976489001951,0.7086897179745743,0.7238696087230028,0.3209962587744374
AAPL,2021-12-14,0.6866779505725675,0.6964458043375704,0.7037351016405973,0.6918872880592849,0.6945906341812293,0.28656664721139924
AAPL,2021-12-15,0.7110860945310156,0.7213865314988916,0.71250001472306,0.6923933402207292,0.6938923306079643,0.2659010782889403
AAPL,2021-12-16,0.6765120106220945,0.6860579823627555,0.720667342546942,0.6844982160367798,0.714691882871696,0.3134149162516582
AAPL,2021-12-17,0.6710113268692136,0.6804375626889282,0.6824701396395803,0.6791335843335579,0.6680549461783948,0.4258402725029487
AAPL,2021-12-20,0.6641848742387954,0.6734621930678479,0.6680777120721911,0.667847609492374,0.6598249343428152,0.20735091065808248
AAPL,2021-12-21,0.680097013536203,0.6897213627174591,0.6811254968177863,0.6762487858377676,0.6761852547244946,0.16681736423614968
AAPL,2021-12-22,0.6931113329668612,0.7030197044715952,0.6943725273095666,0.6915835640930159,0.6835673319432082,0.16917634646973861
AAPL,2021-12-23,0.6962546684276643,0.7062313837955644,0.6993028336628196,0.7073738896854167,0.6975834072720116,0.11009320886931602
AAPL,2021-12-27,0.7161444976164942,0.7265553267144597,0.7170816790154829,0.7164836780609359,0.7037683600325361,0.12640035064206107
AAPL,2021-12-28,0.7110369607515,0.7213362999552128,0.721613569866353,0.7238726728589391,0.7190812631090086,0.13689749856942907
AAPL,2021-12-29,0.7114790881153781,0.7217880009859472,0.7181275292079864,0.7218988918129517,0.7149412933141581,0.09516582571708064
AAPL,2021-12-30,0.7056840615959763,0.715866421767472,0.7178287365786961,0.7216458271199786,0.7156395968874232,0.08876546513618562
AAPL,2021-12-31,0.7025897066111646,0.7127049739871816,0.7111553719012661,0.7174452003350307,0.7087562644442524,0.09942312523154377
AAPL,2022-01-03,0.7243952166387674,0.7349859562252006,0.7293327087462994,0.719722705347287,0.7074594366965835,0.19986895647461606
AAPL,2022-01-04,0.7130504492387311,0.7233938023616943,0.7296315013755897,0.726858635452317,0.7314013930946986,0.1870043783048176
AAPL,2022-01-05,0.6895753871805064,0.6994065556605704,0.7158366590667815,0.7041854444478595,0.7163379004606882,0.17514536165801614
AAPL,2022-01-06,0.6752349156135002,0.6847532639591813,0.6915836947828733,0.6890024895634946,0.6818714627094761,0.18102517581176047
AAPL,2022-01-07,0.6760697299546923,0.6856063579044962,0.6858067839833017,0.6859152856480271,0.6828191767252032,0.15569382130026282
AAPL,2022-01-10,0.6761682274690097,0.6857067444193788,0.6776394561594198,0.6714408655692858,0.6638152730940646,0.2055283769859343
AAPL,2022-01-11,0.6903613743492313,0.7002094946346815,0.6909860335343053,0.6848525220518427,0.6799761107874032,0.12942846487007337
AAPL,2022-01-12,0.6925713979545247,0.7024676934984532,0.7009461931239169,0.7050964618976624,0.6989300866644206,0.12611609999162654
AAPL,2022-01-13,0.6761682274690097,0.6857067444193788,0.6981573605972236,0.6897616064179121,0.6972342174306885,0.1502192631000664
AAPL,2022-01-14,0.6804900071205654,0.6901228322045146,0.6840139522175721,0.686218932389794,0.6750879096651665,0.1401189231174047
AAPL,2022-01-18,0.664430466484611,0.673713121068817,0.6778386259156176,0.6777165147223106,0.6759358442820326,0.16624786905188743
AAPL,2022-01-19,0.6468978322843348,0.6557979184997799,0.6705677519695941,0.6601548907281019,0.668404136019718,0.17583461979115028
AAPL,2022-01-20,0.6384508847510479,0.6471665159592735,0.6635955946628737,0.6512475077722599,0.6533406433857076,0.16740027684621916
AAPL,2022-01-21,0.6281376201137903,0.6366282290708474,0.6469123729442666,0.6417329085573861,0.6405716202692145,0.2454906889276669
AAPL,2022-01-24,0.6242577378708264,0.6326637657439709,0.6268426574503985,0.6032693919605278,0.6186248713014147,0.3435017543284243
AAPL,2022-01-25,0.6152211849833525,0.6234301972591189,0.6291334516016163,0.6150109141388641,0.6134374080919761,0.22797225176954722
AAPL,2022-01-26,0.6147790576194745,0.6229785728008596,0.6372510059839456,0.6190597175529284,0.6359827573435611,0.20927954138244703
AAPL,2022-01-27,0.6124709964104363,0.6206199874222053,0.634511946898805,0.6213877273894767,0.6307454424893826,0.24326861413148132
AAPL,2022-01-28,0.6670334070225048,0.6763727894196442,0.6669323149965822,0.6442634010381135,0.6470060595815822,0.38733474514469324
AAPL,2022-01-31,0.688887974177861,0.6987040032013421,0.6900896556464341,0.678222566883755,0.6692022189918442,0.22733417863115918
AAPL,2022-02-01,0.6880529298813826,0.6978509092560272,0.6892928246416683,0.6923933402207292,0.6884056053113237,0.15446339365957057
AAPL,2022-02-02,0.6940935486466001,0.7040233399029965,0.6944721501826591,0.6975555665042737,0.6920966819753711,0.1512342665152982
AAPL,2022-02-03,0.679654962824087,0.6892696616867247,0.6962649819483886,0.6914317407221324,0.6907499264735809,0.1624248965802212
AAPL,2022-02-04,0.6782289334417035,0.6867103798507802,0.6856076142271038,0.684143910021717,0.6767837788988986,0.1451494639117213
AAPL,2022-02-07,0.6746392547701062,0.6830470760685516,0.6848605566638907,0.6855103975841704,0.6826695456816022,0.1321936969406033
AAPL,2022-02-08,0.6902274637208168,0.6989549312023111,0.691832713970611,0.6879396487428082,0.6770331893413607,0.12617573299521417
AAPL,2022-02-09,0.6973575339809718,0.7062313837955644,0.6983067569118688,0.705501272737017,0.6985809729324787,0.11736942919040495
AAPL,2022-02-10,0.6769012482701134,0.6853554299035272,0.6924800726707445,0.6885470194508442,0.6890540572398488,0.1660222575216474
AAPL,2022-02-11,0.6597887423779883,0.6678919283652244,0.6805279115592056,0.6707829128124561,0.6800259624321431,0.18541491028835788
AAPL,2022-02-14,0.6609689495592697,0.669096336826391,0.6630976322773854,0.6632926766923634,0.6552859230619018,0.1543928279386585
AAPL,2022-02-15,0.6801958176575689,0.6887176507135827,0.6798804768690849,0.6819677235560524,0.6732424093878334,0.09560934618126395
AAPL,2022-02-16,0.6790159170833361,0.6875133188248912,0.6818227049494597,0.6809555420086617,0.6776317896251459,0.09225498972945749
AAPL,2022-02-17,0.6609689495592697,0.669096336826391,0.6747012273180812,0.6729591765026227,0.6735416714750354,0.11315610901608773
AAPL,2022-02-18,0.6531996036030774,0.6611674867451132,0.6678784663260061,0.6614201369684656,0.6675063497581121,0.14591301482849173
AAPL,2022-02-22,0.638545702980784,0.6462131120715512,0.6487052047099963,0.6409737144784666,0.6433648345622747,0.16675996747019656
AAPL,2022-02-23,0.617646906647237,0.6248855337212545,0.6460159190664083,0.6288273814607755,0.6461580488553349,0.16389360776441586
AAPL,2022-02-24,0.6307764336763538,0.6382842619902733,0.6295817165355391,0.5896047480094998,0.5815148503007433,0.29095737557138973
AAPL,2022-02-25,0.641152169499735,0.6488727804223784,0.6408864429569574,0.6344956599057644,0.6376786265772932,0.16877605993315636
AAPL,2022-02-28,0.6424796247160387,0.6502276537971563,0.6423804820933965,0.6423907840897138,0.6337880672249049,0.17643492536059951
AAPL,2022-03-01,0.6330383505245989,0.6405926158252487,0.6482570157660607,0.6400627742531656,0.6419682274157447,0.14765653477088625
AAPL,2022-03-02,0.6495607911519644,0.6574539514192057,0.6520418490537176,0.645022517892531,0.6404219892256136,0.13833987184370589
AAPL,2022-03-03,0.6479379200444703,0.6557979184997799,0.659760987933664,0.6581811096821145,0.6607726483585423,0.1307704559216442
AAPL,2022-03-04,0.6328907192307658,0.6404420743391623,0.6430279167835171,0.6407207270099954,0.6409208101105377,0.14830951616017124
AAPL,2022-03-07,0.6138605395540531,0.6210214569092608,0.640388480571469,0.6252340481593617,0.6352844537702961,0.17981959525589641
AAPL,2022-03-08,0.6047141446914688,0.6116875019095261,0.6297311128501842,0.608836506307929,0.6126394012292312,0.2661122785099799
AAPL,2022-03-09,0.6318090862155642,0.6393380523928783,0.6323705490622323,0.6271066651077614,0.6259071691212672,0.16748575081802813
AAPL,2022-03-10,0.6100251153331158,0.6171072251260632,0.6173306868047226,0.6097474465332299,0.6195226575630206,0.2019911459897923
AAPL,2022-03-11,0.5913882358478139,0.5980880006107421,0.6118027951928887,0.6022572104131372,0.613187997649514,0.18118941504247482
AAPL,2022-03-14,0.5711777723380578,0.5774629747196739,0.5861055652140941,0.5799889074725362,0.5758784939605018,0.21041455621739907
AAPL,2022-03-15,0.5931585082938547,0.5998945750162544,0.593326741708552,0.5814059770837834,0.5731351313121815,0.17123616980199607
AAPL,2022-03-16,0.6152867222399607,0.6224767167989214,0.6153884587243478,0.6020548049934598,0.6038107891098664,0.19443315972675163
AAPL,2022-03-17,0.620351564073457,0.6276455120144894,0.6203685385191535,0.6180981180543317,0.611591907814643,0.12812921080440698
AAPL,2022-03-18,0.6368740047008226,0.6445068476084463,0.6376991949278812,0.6288779635095694,0.6210688957531517,0.24713755371007973
AAPL,2022-03-21,0.6437582527598754,0.6515324487732056,0.6470119958173591,0.6453261646342979,0.636032608988301,0.17831038332343174
AAPL,2022-03-22,0.6606738402751277,0.6687952538542181,0.6623008012726196,0.6549420823957635,0.6460084178117339,0.14283023701385744
AAPL,2022-03-23,0.6675091078581892,0.6757706234752985,0.6783366642910931,0.6688091317664687,0.6583784755515453,0.18390420753080355
AAPL,2022-03-24,0.6864901537553864,0.6951410859339963,0.6858067839833017,0.681765318136375,0.6736913025186364,0.16419723914101642
AAPL,2022-03-25,0.6896864555838107,0.6984029202291692,0.6914840719097808,0.6946201859596897,0.6877572294921798,0.1403808113914939
AAPL,2022-03-28,0.6940136775104765,0.702819008014305,0.6937250926194459,0.6908244472385985,0.679227879460017,0.1647948115311345
AAPL,2022-03-29,0.710536118137842,0.7196803436082619,0.7100597482672099,0.7127891034374324,0.701773228711602,0.19018232045434386
AAPL,2022-03-30,0.7046844459662375,0.7137086094185829,0.7130478265400881,0.7146110611125362,0.7110507339617698,0.17041348282333446
AAPL,2022-03-31,0.6891454474468045,0.6978509092560272,0.7051792913454966,0.7029707802562896,0.7075092883413233,0.19629445485123176
AAPL,2022-04-01,0.6876703609366677,0.6963454178226877,0.6894920703878533,0.6905208004968315,0.6885053847101847,0.13592100813568098
AAPL,2022-04-04,0.7079789387019307,0.7170708302286385,0.7074701614867016,0.7031732629004689,0.6911988957137651,0.13024866714025207
AAPL,2022-04-05,0.691358230515534,0.7001091081197989,0.7065239341672905,0.7030720215783792,0.7058134191075913,0.12262906010683748
AAPL,2022-04-06,0.6754751422359679,0.6839001700138665,0.6832669706443462,0.6813604300725183,0.6801755934757441,0.16153214082234407
AAPL,2022-04-07,0.6769996691326688,0.6854558164184098,0.6819223278225521,0.6799433604612711,0.6741901234035605,0.13304719430445183
AAPL,2022-04-08,0.6669191958969538,0.6751683809584775,0.6740537926279606,0.6766536739016242,0.6772825997838228,0.13051477941876205
AAPL,2022-04-11,0.645577658985432,0.6533891781499217,0.6603585731922448,0.6579280449891414,0.6619697728167315,0.11975897333833256
AAPL,2022-04-12,0.6549697227455941,0.6629740611506255,0.6645418219822847,0.66369756475622,0.6585281065951462,0.13719789982500197
AAPL,2022-04-13,0.6684431862313199,0.6767240273630208,0.670368506223409,0.6643555175130498,0.6553857024607629,0.1157143648699988
AAPL,2022-04-14,0.6433156654854247,0.6510807477424712,0.671513979289005,0.6555999579280912,0.6714966123999802,0.12741858417832058
AAPL,2022-04-18,0.6422337258631745,0.6499768023686623,0.6482570157660607,0.6481603810812944,0.6380776680633563,0.11175125483990152
AAPL,2022-04-19,0.6536911713535195,0.6616692661745762,0.6543327191949226,0.6498810974343086,0.6435643933599969,0.10852088534138775
AAPL,2022-04-20,0.6528552072358956,0.6608161722292614,0.6596115916190187,0.6609646668558151,0.6622191071498124,0.10903273528884859
AAPL,2022-04-21,0.6488722283728874,0.6567513989599774,0.6728087726792592,0.6600030673572184,0.6629673384771986,0.1569826395903014
AAPL,2022-04-22,0.6261048920342684,0.6335168596892857,0.6545816623926732,0.6376841051433216,0.6507469878903696,0.15115500431469625
AAPL,2022-04-25,0.6314649198036688,0.6389868144495017,0.6311753025550836,0.6222987448392795,0.624111520488674,0.17889428981689437
AAPL,2022-04-26,0.6015672832496085,0.6084758225855569,0.6270418272065963,0.6134926032055272,0.6297478768289156,0.17784276118696513
AAPL,2022-04-27,0.6004362864996049,0.6073216456680692,0.6143426085318442,0.6067109018910581,0.5981245811248849,0.1590583650568489
AAPL,2022-04-28,0.635202076465575,0.6428006597178166,0.6378984406740662,0.6246773367246216,0.6147841635937663,0.26379777255823345
AAPL,2022-04-29,0.6057470271859655,0.6127412923121311,0.6462649382541461,0.6161749190571382,0.6277028177538604,0.2676013643037337
AAPL,2022-05-02,0.6072714774309043,0.6142970152891495,0.6065736962103452,0.5960322205334081,0.6021149198761343,0.24600353275852083
AAPL,2022-05-03,0.6147457907547167,0.6219247058257794,0.6189243488142542,0.6114682401107461,0.6092974382971257,0.16130280222937982
AAPL,2022-05-04,0.6469054208087842,0.6547441280971747,0.6476593545174927,0.6263474710288419,0.6168790743135615,0.20923282886297007
AAPL,2022-05-05,0.6014197286075376,0.6083252810994705,0.6357071934059537,0.6045346382008915,0.6377285543314144,0.2645643051251833
AAPL,2022-05-06,0.6050638300302364,0.610884562935415,0.6125996261976545,0.6006376581577106,0.5986233259004278,0.22878276367664302
AAPL,2022-05-09,0.5793574351768503,0.5846892723417234,0.5946215350988062,0.5870236734799785,0.5932363800026482,0.2671797092741992
AAPL,2022-05-10,0.5914227291407655,0.5969839786644581,0.5991534259496764,0.5943114269558919,0.5961793014486907,0.226899603117514
AAPL,2022-05-11,0.551976659231829,0.556787793857402,0.5927290804599842,0.5582772387421735,0.5861037132263968,0.2947895414644424
AAPL,2022-05-12,0.5325740286430005,0.5370158619116487,0.5466633423580309,0.5227997619631951,0.5325835201993061,0.3939597233724352
AAPL,2022-05-13,0.5549805651373452,0.5598489316952847,0.556125539562154,0.5446125947911455,0.5416614666517517,0.2234811411868508
AAPL,2022-05-16,0.5472491618033998,0.5519702365852106,0.5532370841623683,0.5500278085431612,0.5464498883751273,0.1555315698363347
AAPL,2022-05-17,0.5654700521757047,0.5705378366422724,0.5644422637006813,0.5626802709467986,0.5629598398004078,0.13488985411531085
AAPL,2022-05-18,0.5240050515044269,0.5282841494287349,0.5524402531576025,0.5283667990860943,0.552934179332235,0.21292609955183311
AAPL,2022-05-19,0.5069165376138437,0.5108708028616359,0.5240538135252071,0.5116656104928946,0.5181684794938208,0.27840487678703335
AAPL,2022-05-20,0.5080985077856536,0.5120751347503274,0.5192729034865993,0.4914722526958687,0.5142279923873114,0.28171078142342487
AAPL,2022-05-23,0.5352823653538021,0.5397759167773586,0.532021895602904,0.5169795829228208,0.5077437014302038,0.23276252125357516
AAPL,2022-05-24,0.5217398386304108,0.5259757190212843,0.5255976261031989,0.5153601078918961,0.5228071940642142,0.19898638802151852
AAPL,2022-05-25,0.5225277420931886,0.5267786579953954,0.5247011722253406,0.520471674902145,0.510935957209327,0.17003953419667012
AAPL,2022-05-26,0.5385819171057951,0.5431381375874141,0.5374003909000927,0.5143985083932994,0.5057485701092697,0.1653653005987899
AAPL,2022-05-27,0.5674400024620546,0.572545107505075,0.5639939987667586,0.5554936815684728,0.5456518054030012,0.1663020356968129
AAPL,2022-05-31,0.5635004084964033,0.5685304892069948,0.5688745316784589,0.5634900470745119,0.564007333214996,0.1979569732970864
AAPL,2022-06-01,0.5628601363274585,0.5678781682914452,0.5742530269756476,0.5677412559082535,0.568147226900465,0.12482753017243627
AAPL,2022-06-02,0.5751716357512864,0.5804238026151491,0.5719123833928899,0.5635912883966016,0.5578223043450903,0.12001092277849047
AAPL,2022-06-03,0.546461258340622,0.5511673741835748,0.5554781048720335,0.5514449553789105,0.5531835136653157,0.1603183607284867
AAPL,2022-06-06,0.5502040872329247,0.5549812194518896,0.5584661831449118,0.5536717238933689,0.553831965593841,0.1181481368289206
AAPL,2022-06-07,0.5628601363274585,0.5678781682914452,0.5606075809814844,0.5496229977038066,0.5404644183029439,0.10873059473733775
AAPL,2022-06-08,0.5591666711699577,0.5641144779943341,0.5649402260861696,0.5666279102632753,0.5615632326538776,0.07429750458242361
AAPL,2022-06-09,0.5329679420485084,0.5374173313987042,0.555378481998941,0.5416772142465615,0.554081376036303,0.11286713741953582
AAPL,2022-06-10,0.5058333715633997,0.509766780915352,0.5195716961158896,0.5139936203294427,0.5201636108147549,0.1674435107738202
AAPL,2022-06-13,0.4799793454161806,0.48342094883557385,0.4918824646151676,0.4855509095579067,0.48320322085768463,0.24389600302339326
AAPL,2022-06-14,0.4843126994838155,0.4878369600482345,0.48535857224237,0.485753314977584,0.4845001247147349,0.15091125441253167
AAPL,2022-06-15,0.4974615427569853,0.5012356883172533,0.5025398323364524,0.4891948249081144,0.4902860359891962,0.16767980655053633
AAPL,2022-06-16,0.4710164548720991,0.47428769029312934,0.4778884525501613,0.4734044993157136,0.47926280986055636,0.20890335651814818
AAPL,2022-06-17,0.4784033085353385,0.48181507088735165,0.4813247197669752,0.47730147935889455,0.4692371493923836,0.27449071551404763
AAPL,2022-06-21,0.4996283347684459,0.5034437322098212,0.5011454160731058,0.49506558599728256,0.48594658350600495,0.14150961445523885
AAPL,2022-06-22,0.4970676293514774,0.5008342954026728,0.5046314567314724,0.4980515485906605,0.4927799881950544,0.12264744694961034
AAPL,2022-06-23,0.5114472699689242,0.515487587104062,0.5087649320799595,0.5067564489023232,0.5029055041714696,0.12022386229546812
AAPL,2022-06-24,0.5281418704539995,0.5324994641841053,0.5252988334739085,0.5277089235537665,0.5182681827833007,0.16167625391434765
AAPL,2022-06-27,0.5281418704539995,0.5324994641841053,0.5331673686685001,0.533782090062612,0.532234330357983,0.11469314968355994
AAPL,2022-06-28,0.5073600447094399,0.5113224273198952,0.5328187266076698,0.5153095258431023,0.5293912644201829,0.10692967802899007
AAPL,2022-06-29,0.5161749207008777,0.5203050678037782,0.519123507171954,0.5120198392834554,0.5060977599505928,0.1048400381949388
AAPL,2022-06-30,0.503814210845772,0.5077092785088705,0.5076693084459034,0.49734301378503687,0.5050502665360046,0.18614491764061025
AAPL,2022-07-01,0.5146976112896394,0.5187995763704386,0.5110059527896248,0.5069082722732067,0.4990148687097,0.11678949823051483
AAPL,2022-07-05,0.5276493828824121,0.5319976081821671,0.5238047943374694,0.513335667572613,0.5076439981407239,0.12250979409966216
AAPL,2022-07-06,0.5343467539454291,0.5388224363171611,0.5363047672660365,0.5343388014973521,0.5255007050677946,0.12427517947670548
AAPL,2022-07-07,0.551238042852091,0.5560350864269699,0.5484064006822078,0.5454729529676526,0.5351771756946442,0.10486811540079465
AAPL,2022-07-08,0.5546360154666392,0.559497617179433,0.5533864804770136,0.5541778532793152,0.545003353474476,0.10062945119995269
AAPL,2022-07-11,0.543949686703169,0.5486080157751551,0.5488545896261434,0.5480034454483801,0.5470484125495313,0.09713545413141177
AAPL,2022-07-12,0.5488248920771934,0.5535761145334328,0.5578685218963438,0.5544309179722884,0.5474973056803343,0.13303253452440317
AAPL,2022-07-13,0.5470030329952492,0.5517193851567167,0.5479083623067323,0.5396021918784845,0.5336808652586342,0.11712244916721266
AAPL,2022-07-14,0.5616781661556486,0.5666737598302787,0.5603585617937468,0.5453211295967691,0.5391176628011537,0.13440384513607134
AAPL,2022-07-15,0.5700499183103008,0.5752047758559022,0.5698705324394227,0.5703729897110706,0.5675487027260611,0.1297306054215842
AAPL,2022-07-18,0.5547837234122345,0.5596482352379946,0.573406422529329,0.5627815122688883,0.5723371244494366,0.14255418590141622
AAPL,2022-07-19,0.5741376034803579,0.5793699356400689,0.5717131376467048,0.5638443530895747,0.5582711974758933,0.146434058197339
AAPL,2022-07-20,0.5841836600748834,0.5896071395563223,0.5841135636921666,0.5813553178104877,0.5742324763715096,0.10131423685781778
AAPL,2022-07-21,0.5955593181350519,0.6011993699923037,0.593326741708552,0.5893011012677328,0.5910916176381132,0.10196821213049588
AAPL,2022-07-22,0.5893545879471466,0.5948763212867729,0.5968625558084714,0.5967407553390317,0.5955308495201656,0.1059159169679997
AAPL,2022-07-25,0.5837403062828115,0.589155515098063,0.5906872295065169,0.591021817620747,0.5886475170769949,0.07348674420447958
AAPL,2022-07-26,0.5770922223028343,0.5823809185067479,0.580976089104643,0.5835315815006543,0.5799186843564911,0.07725058061425473
AAPL,2022-07-27,0.6026508325588631,0.608425591041878,0.6020916547910149,0.5904145241372131,0.5815148503007433,0.13559650520782474
AAPL,2022-07-28,0.605408762959753,0.6112358774512668,0.6036354673690068,0.6018017403004867,0.6034615992685433,0.14244933120344122
AAPL,2022-07-29,0.6308195886184245,0.6371300085003104,0.6334661726962886,0.6275621352204118,0.6247101207724592,0.1931577588625203
AAPL,2022-08-01,0.625894942857836,0.6321117547708289,0.6332669269501036,0.6345969012278541,0.62356284795901,0.1087832705571735
AAPL,2022-08-02,0.6185080125428344,0.6245843741766066,0.6273904692674266,0.6282200879772416,0.6190239127874778,0.08909841607288345
AAPL,2022-08-03,0.6486467188887457,0.6552961390703167,0.6482071663345208,0.6338883664222305,0.6227149133421439,0.145254070138848
AAPL,2022-08-04,0.6470706053561415,0.6536902611220946,0.6511952446073991,0.6525127540126237,0.6485023700175921,0.07808395183939242
AAPL,2022-08-05,0.645936389232129,0.6513819072871191,0.6445219559199563,0.6452755825855041,0.6345362985522911,0.0811225018430325
AAPL,2022-08-08,0.6435693828180246,0.6489730903647859,0.6542828697633828,0.6513487490943496,0.6502980186501853,0.09001750974067842
AAPL,2022-08-09,0.6438159715367479,0.649224018365755,0.6443725596053111,0.6465408288258678,0.6385764889482805,0.09712029740966656
AAPL,2022-08-10,0.6651196424777851,0.6709029112319034,0.6619023857702366,0.6650133930453775,0.6568321612520328,0.1146002215863025
AAPL,2022-08-11,0.6614211183039848,0.6671392209347922,0.6701195630256584,0.6715421068913755,0.66870339810692,0.08224608701896353
AAPL,2022-08-12,0.6792234134033808,0.6852551199611195,0.6759960207083354,0.6776658554490148,0.6675063497581121,0.10930505933856562
AAPL,2022-08-15,0.6845990014804905,0.6907249981488605,0.6820717241371974,0.6875348379034536,0.6759857720361537,0.07464909083274258
AAPL,2022-08-16,0.6838097182859946,0.6899220591747494,0.683665386146729,0.6891037308855843,0.6822705041955391,0.08032764359937851
AAPL,2022-08-17,0.6913055707549612,0.6975498262838543,0.6958167170144659,0.6937092457343887,0.6822206525507993,0.13788566713304645
AAPL,2022-08-18,0.6893330143086994,0.6955424788485767,0.6895916172709587,0.6964927256835873,0.6871087775636546,0.09501972485829087
AAPL,2022-08-19,0.676363382855354,0.6823445236093233,0.6838147824613743,0.6873323552592743,0.6835174802984683,0.11503703333758218
AAPL,2022-08-22,0.6568843304596971,0.6625224366923662,0.6644920485407321,0.6662280572369474,0.6668578978295869,0.11175846049450171
AAPL,2022-08-23,0.6552073432081499,0.6608161722292614,0.6587649871727003,0.6637481468050138,0.6538394642706318,0.0747867436826908
AAPL,2022-08-24,0.6566867988687273,0.6623216636626008,0.655776908899822,0.6617237837102327,0.655036588728821,0.07402741677034112
AAPL,2022-08-25,0.6690153149837447,0.6748672979863047,0.6658864648040786,0.6723518830190888,0.6623188865486734,0.06750928100736044
AAPL,2022-08-26,0.6374050481087539,0.642700273202934,0.6704183556549488,0.6481097218079985,0.6712472780668994,0.13644205150452826
AAPL,2022-08-29,0.6263585327151062,0.6314594338552794,0.6298306597332897,0.6291816874758384,0.624261151532275,0.12241090270204592
AAPL,2022-08-30,0.6141780311527325,0.619064341017662,0.6281374508406525,0.6185535881669821,0.6291493526545117,0.13382118099685014
AAPL,2022-08-31,0.6058437617097543,0.6105834799632421,0.6182769141241335,0.615618207622398,0.6200713300926847,0.1588792175752376
AAPL,2022-09-01,0.6094931521040391,0.6142970152891495,0.6075199235297563,0.6031175685896443,0.6017657300348112,0.1246866472014604
AAPL,2022-09-02,0.5988906037165603,0.6035077238272791,0.6171812904900773,0.6046358795229811,0.6172781157996245,0.131464683471744
AAPL,2022-09-06,0.5925782544546458,0.5970843651793408,0.6008964082838661,0.5981578249502789,0.6009177954179451,0.12340677386196001
AAPL,2022-09-07,0.599630293220968,0.6042605078301865,0.5988047838888462,0.5977529368864223,0.5926877835823655,0.15753374793179076
AAPL,2022-09-08,0.5922330149180809,0.5967331272359642,0.5972609713108543,0.5930461807155282,0.5917899212113783,0.15125787124588502
AAPL,2022-09-09,0.6065835278659241,0.6113361873936743,0.6045319212468651,0.6035224566535009,0.5959298910062286,0.10927872142864774
AAPL,2022-09-12,0.6364682102721869,0.6417467927427365,0.6366035712938249,0.6265499536730212,0.6164800328274984,0.20103204851542394
AAPL,2022-09-13,0.5891757593861329,0.5936217578544025,0.6180776683779485,0.5965382726948524,0.6180262710176294,0.24501287948642064
AAPL,2022-09-14,0.5964247931810899,0.6009985969625383,0.6009462577154059,0.5977529368864223,0.5925380764293832,0.1588153605672291
AAPL,2022-09-15,0.581926265680603,0.5862449187462666,0.5916833062574677,0.5864669620452384,0.5918397728561181,0.16506614169745842
AAPL,2022-09-16,0.5736910303142772,0.5778644442067294,0.5723107988952728,0.5712333478875777,0.5746814456116939,0.3434624959343957
AAPL,2022-09-19,0.5923316657359227,0.5968334371783717,0.5882968124822066,0.5749279225110813,0.5652043815638039,0.1426866208635505
AAPL,2022-09-20,0.6042657318830973,0.60897760201502,0.6058267146371191,0.5950706210348113,0.5856048923414726,0.20782474456575617
AAPL,2022-09-21,0.5885838544790825,0.5930195919100567,0.6091135855392878,0.5977023548376285,0.6052572479011363,0.19293388662821825
AAPL,2022-09-22,0.5837512674847939,0.5881017246954579,0.5878486235382709,0.5840882929353944,0.5805172846402764,0.15555318680013525
AAPL,2022-09-23,0.5723593592510571,0.5765094942594764,0.5729083841538536,0.5721949473861745,0.5745816662128328,0.17885329212692785
AAPL,2022-09-26,0.574036116547318,0.5782157587225812,0.5843625828799043,0.577660820411486,0.5669501785516572,0.1721681839539017
AAPL,2022-09-27,0.5789180672764085,0.5831837809083839,0.5890936434869724,0.5792297133936168,0.5823129332728695,0.1500624779948005
AAPL,2022-09-28,0.5694498116647042,0.5735487429364763,0.5687749088053664,0.553368077151602,0.5568745903293632,0.30473235092929335
AAPL,2022-09-29,0.5331545890892578,0.5366143924245932,0.5492530051285263,0.532314361178069,0.5491932510234476,0.25863305750584464
AAPL,2022-09-30,0.5120478365250936,0.5151362725882102,0.5312251405881253,0.5187509585491307,0.5251515152264714,0.25064993762139354
AAPL,2022-10-03,0.5330064978848521,0.5364638509385067,0.5310757442734801,0.517182065567,0.5098386882593802,0.22427823566813931
AAPL,2022-10-04,0.5510063245752179,0.5547805229945995,0.5467629652311234,0.5504326966070179,0.543856156770408,0.15847917950950363
AAPL,2022-10-05,0.5524856269322711,0.5562859378554638,0.552539876030695,0.5441064654051992,0.5390678111564138,0.13770925283076624
AAPL,2022-10-06,0.5477021737174982,0.5514182256120687,0.5533366310454737,0.5552912761487955,0.5477467161227964,0.11020651157613258
AAPL,2022-10-07,0.5213684608429647,0.5246207690740312,0.5312251405881253,0.52608937129834,0.5314362473858568,0.15374705220397367
AAPL,2022-10-10,0.5229959310561858,0.5262768019934572,0.525199210600816,0.5216357570449209,0.52086191438802,0.12634916564731502
AAPL,2022-10-11,0.5158942985997754,0.5190505043714078,0.5225100009472152,0.519864381418611,0.5182681827833007,0.13165327284559003
AAPL,2022-10-12,0.5127383155982235,0.5158388250474386,0.5175796945939621,0.5195607346768439,0.5144275511850336,0.11525419685898063
AAPL,2022-10-13,0.535669610056006,0.5391737508330128,0.5336653310539884,0.5003795584272087,0.4937776299649027,0.22157561825137645
AAPL,2022-10-14,0.5129356172339069,0.5160395980772039,0.538296844777951,0.5197125580477274,0.5402648595052217,0.1603871871534608
AAPL,2022-10-17,0.5328092729009308,0.5362631544812165,0.5302290638371745,0.530239416034494,0.5241040979212644,0.15207061939061528
AAPL,2022-10-18,0.5394174979646083,0.5429875961013277,0.5491533822554338,0.5319601323875082,0.5461506262879253,0.1865725359705035
AAPL,2022-10-19,0.5399599624850946,0.5435396070744697,0.5404382426145237,0.536464405914223,0.5271965743015267,0.0936983568871274
AAPL,2022-10-20,0.5376420131987436,0.5411810216958154,0.5451195297800391,0.5422845077300954,0.5338304963022352,0.10056534572109595
AAPL,2022-10-21,0.5567762093166461,0.5606518706693958,0.5548805196134526,0.5422845077300954,0.533082264974849,0.15529502558877029
AAPL,2022-10-24,0.5675265423014821,0.5715916270448775,0.5667330578518991,0.5592388382407701,0.5546300485659671,0.12903985646336036
AAPL,2022-10-25,0.5817785577350079,0.5860943772601802,0.5779880868217518,0.5762437508002388,0.5690949409161922,0.12593496474322896
AAPL,2022-10-26,0.5670334415157978,0.5710898476154145,0.575498046924349,0.5695632135833574,0.5734344695087648,0.1593841103389465
AAPL,2022-10-27,0.5445954777989861,0.5482567778317784,0.5608566001692221,0.5497748210746901,0.5590194288032795,0.21152795408855052
AAPL,2022-10-28,0.5985452875282332,0.6031564858839025,0.6029382592373334,0.5684498679383791,0.5596678046224234,0.3496335179223265
AAPL,2022-10-31,0.5867099488506624,0.5911126309896617,0.5867032264626619,0.5891998599456432,0.5844078439926647,0.1836072848671066
AAPL,2022-11-01,0.5734442882920298,0.5776135162057604,0.5927290804599842,0.5750797458819648,0.5939846113300344,0.1399661135457113
AAPL,2022-11-02,0.5457296939229985,0.5494109547492662,0.5763944248122203,0.5541778532793152,0.5634087329312107,0.17282712864354544
AAPL,2022-11-03,0.5154013511176153,0.5185487249419447,0.5297311014516861,0.522546697270222,0.5290420745788597,0.18354591256758096
AAPL,2022-11-04,0.5140676871085802,0.5160395980772039,0.5290836667615656,0.5004302177005044,0.5291917056224607,0.29013071305915566
AAPL,2022-11-07,0.5167350917784125,0.5187494213992349,0.5115537646066529,0.5069588543220005,0.5043519629627395,0.14740856086430087
AAPL,2022-11-08,0.5196002579945009,0.5216600177510312,0.5229083404596111,0.5161698840196094,0.5208120627432801,0.16364339762019592
AAPL,2022-11-09,0.4967296717323133,0.4984254784803396,0.5085657623237617,0.501492981296689,0.5112851470506502,0.12639587816679204
AAPL,2022-11-10,0.5560050159380092,0.5586445232341182,0.5499999867017523,0.5263424359913131,0.5249520325381305,0.2355645270096508
AAPL,2022-11-11,0.5699840744466442,0.5728461904772479,0.5656374342178428,0.550989408041758,0.5477966438769175,0.17375914279545107
AAPL,2022-11-14,0.5629698249990447,0.5657202793700812,0.5669820770396369,0.5664760096678898,0.5635085123300718,0.12256023368186338
AAPL,2022-11-15,0.5716635912063412,0.5745523783678776,0.583466129002046,0.5721949473861745,0.5797192016681503,0.16354351233918657
AAPL,2022-11-16,0.5654890618127092,0.5682795612060256,0.5649402260861696,0.5657674748622662,0.564306595302198,0.09981073975486364
AAPL,2022-11-17,0.5750227013774973,0.5779648307216121,0.5729581575954064,0.5599979550951877,0.5508391925030586,0.1399912091013878
AAPL,2022-11-18,0.5778381972517354,0.5808251955297296,0.5790338610242683,0.5793309547157064,0.5801680947989531,0.12617672687860731
AAPL,2022-11-21,0.5616361609900097,0.5643653294228281,0.5674302659835725,0.5679437385524329,0.5694441307575153,0.08615925440855614
AAPL,2022-11-22,0.5723551434041407,0.575254930827106,0.5676792851713102,0.5639455171871623,0.5593186908904815,0.06896507170744447
AAPL,2022-11-23,0.5767515818719963,0.5797212501559207,0.5747012159195832,0.5761425094781492,0.565902685137069,0.08510896813286829
AAPL,2022-11-25,0.5621301049450773,0.5648671854247663,0.5600099957229037,0.5649071166857591,0.5602164771520874,0.02769853628307986
AAPL,2022-11-28,0.5429150412181437,0.545346181479982,0.5488545896261434,0.5459790823535989,0.5444048293000721,0.11230310859393576
AAPL,2022-11-29,0.5278492906780075,0.5300404922905684,0.5397410344828504,0.5306443040983506,0.5401650801063606,0.14837560940581423
AAPL,2022-11-30,0.5617348884596135,0.5644657159377108,0.5592131647181378,0.5316564856457412,0.5257500394008754,0.21699605204669165
AAPL,2022-12-01,0.5631178395516884,0.5658708208561676,0.5612550156716051,0.5623260421562378,0.5597177323765445,0.11728345827689939
AAPL,2022-12-02,0.5606481197763501,0.5633616939914268,0.5556275011866787,0.5574674626144602,0.5484949474501826,0.1028646949510972
AAPL,2022-12-05,0.5548194431333799,0.5574401913454267,0.5701693250687131,0.5580748333224961,0.5575230422578883,0.11126052491454465
AAPL,2022-12-06,0.5364440994604137,0.5387722813459572,0.552141460528312,0.5385900103310939,0.5540315243915631,0.10107520790177053
AAPL,2022-12-07,0.5267132349117043,0.5288863153730806,0.5325697074199321,0.5288729284720406,0.5296905265073849,0.11348359359412337
AAPL,2022-12-08,0.5351597991861806,0.537467486369908,0.5333167649831453,0.5344400428194418,0.5305384611242508,0.09461769902577065
AAPL,2022-12-09,0.5327394431456443,0.5350085910488461,0.5435259437604945,0.5334277840475492,0.5304386817253898,0.12932584640973288
AAPL,2022-12-12,0.5442487818789409,0.5467011314272351,0.5381972219048585,0.5342375601752625,0.532234330357983,0.11532625340498238
AAPL,2022-12-13,0.5490895706117758,0.5516189986418341,0.565438264461645,0.5503315325094302,0.5661520955795311,0.17352682255230745
AAPL,2022-12-14,0.5379260846291409,0.5402777727792968,0.5489542124992358,0.5347436895612088,0.5454523227146603,0.1447166276940141
AAPL,2022-12-15,0.5047810195213258,0.5066052565625866,0.5247510216568804,0.5087808119971043,0.5243035806096054,0.18606391614407036
AAPL,2022-12-16,0.49495127419948826,0.4966189040748272,0.5040836449144442,0.49714053114085766,0.5022570522429445,0.33819019300470077
AAPL,2022-12-19,0.48438053629328714,0.48587984415663577,0.4918824646151676,0.48494361607437275,0.4943761541393067,0.13801139338227714
AAPL,2022-12-20,0.4840349134979116,0.4855286062132591,0.4821713242132938,0.4777063674227511,0.4758211436389711,0.1326449200010833
AAPL,2022-12-21,0.4995946079931154,0.5013360748321359,0.4999003961244043,0.4921807875014923,0.4837518933873487,0.15375301550433246
AAPL,2022-12-22,0.4836890607472497,0.4851772916974073,0.4886952165860914,0.4797813897908282,0.4905853741857795,0.13368675826792958
AAPL,2022-12-23,0.4818613761313848,0.4833205623206912,0.4780378488648065,0.47644112118238735,0.47347682247671385,0.09880840835289419
AAPL,2022-12-27,0.47282187215106963,0.47413714880704294,0.4730079956284481,0.4717850242847891,0.4757712919942312,0.11171125103332814
AAPL,2022-12-28,0.45311294112083045,0.4541143271465581,0.47111554098962605,0.45736122486709274,0.46724194196206825,0.15253650223114396
AAPL,2022-12-29,0.47074733053531403,0.4720294914293577,0.46837648190448544,0.46677465998437895,0.45886226102819705,0.12834861056343994
AAPL,2022-12-30,0.4723279281960019,0.47363529280510475,0.46573704569243735,0.4652563490510421,0.46095720980268284,0.13165451519983146
AAPL,2023-01-03,0.4483214394710354,0.449246614903163,0.4704681062995054,0.44875752726526874,0.47028456669759056,0.21882628831513656
AAPL,2023-01-04,0.45469346212975614,0.45572016680854266,0.45931277619273225,0.4533630421140732,0.45337557378624704,0.16166830284720257
AAPL,2023-01-05,0.4480743908417395,0.44899568690219394,0.45488047021996103,0.4517435284708977,0.4545726601897456,0.14141569247458824
AAPL,2023-01-06,0.4707967325959971,0.47207964640056144,0.46743025458507437,0.45240144261547643,0.4489862316036253,0.15829183248989903
AAPL,2023-01-09,0.47341477353102746,0.47473931475138875,0.4829681552180596,0.4777063674227511,0.4712322807133177,0.1161414862581955
AAPL,2023-01-10,0.4762795181624242,0.477649911103185,0.47226093806523495,0.46874840241811533,0.4701847872987295,0.09901041515254742
AAPL,2023-01-11,0.4899130305274457,0.4915003404029381,0.48346611760354785,0.48059116591854134,0.47512284006570604,0.11283210302992806
AAPL,2023-01-12,0.4895178906937441,0.49109887091588256,0.4872011774496522,0.4855509095579067,0.4882410530235223,0.11760448261287969
AAPL,2023-01-13,0.4961862873906816,0.49787346750719763,0.4904880483518209,0.48666433242738694,0.4790133994180943,0.08388723697186588
AAPL,2023-01-17,0.5020150406854139,0.5037950467256729,0.5022908131487147,0.4991649714601407,0.4929795469927766,0.09839023191523565
AAPL,2023-01-18,0.4984090351884861,0.5001317429434444,0.508864554953052,0.5037198270356494,0.5029055041714696,0.11336358217440316
AAPL,2023-01-19,0.4987056775078703,0.5004328259156173,0.497111563597711,0.49734301378503687,0.4892386186839893,0.08505678925472908
AAPL,2023-01-20,0.5115485269466779,0.5134802396687842,0.5059263261117136,0.4996204415727913,0.49522408875617274,0.1395792444349363
AAPL,2023-01-23,0.5275528783139096,0.5297394093183955,0.5323207642221816,0.5182448291631845,0.5093897190191959,0.14339749596048518
AAPL,2023-01-24,0.5345669744579848,0.5368653204255622,0.5315239332174158,0.5303912394053775,0.5203132418583559,0.10531884151957814
AAPL,2023-01-25,0.531257457976917,0.5335030996155067,0.5278884202544168,0.5228503440119889,0.5232062355502772,0.10373906386620142
AAPL,2023-01-26,0.5416305876403863,0.5440414630764079,0.5369522019561571,0.5384887690090042,0.5345786515202402,0.07468238592641237
AAPL,2023-01-27,0.5513616821443821,0.5539273524768095,0.5517928184674818,0.5444607714202621,0.5345287998755003,0.1155575797647329
AAPL,2023-01-30,0.5368886030289174,0.5392239058042166,0.543426320887402,0.543296766501988,0.5435070430384662,0.09930634393285125
AAPL,2023-01-31,0.5432608173170435,0.5456974194233587,0.5374003909000927,0.5404119680061977,0.532234330357983,0.10392591394410945
AAPL,2023-02-01,0.5488918857172816,0.5514182256120687,0.5487051933114981,0.535553465688922,0.5385689902714896,0.1332183907189181
AAPL,2023-02-02,0.5755165686808028,0.5784666867235503,0.5714641184589672,0.5702211663401872,0.5631593224887487,0.23428490214099873
AAPL,2023-02-03,0.5936943041110371,0.5969338236932543,0.6023406739787526,0.568500449987173,0.5588198700055573,0.3237798776877402
AAPL,2023-02-06,0.580011581314738,0.5830332394222975,0.5810259385361829,0.5834303401785647,0.5814649986560035,0.11382449559796622
AAPL,2023-02-07,0.5944352200436386,0.5976865311236865,0.5916334568259279,0.582721805372941,0.5718383035645125,0.14727935602319425
AAPL,2023-02-08,0.5809501054900713,0.583986719882495,0.5883964353552991,0.585404121224552,0.587999141257851,0.09956674138185075
AAPL,2023-02-09,0.5757636173100988,0.5787175381520443,0.5871514154065975,0.5816083825034608,0.5875003203729269,0.07940830146073526
AAPL,2023-02-10,0.5775938314341135,0.5794200906112728,0.572260949463733,0.5755352159946152,0.5659526128911901,0.08299522662653365
AAPL,2023-02-13,0.5916438694744667,0.5936719893980814,0.5868027733457674,0.5841388749841883,0.5733845417546436,0.09479336791550598
AAPL,2023-02-14,0.5884282514019895,0.5904100785304333,0.5843625828799043,0.5838352282424213,0.579220380783226,0.09357238216704843
AAPL,2023-02-15,0.5989656457916707,0.6010989834774211,0.5929780996477219,0.5940584394874208,0.5841584335502026,0.10317876210332559
AAPL,2023-02-16,0.5909512441519975,0.592969436938853,0.5971115749962091,0.5964371085972647,0.5861535648711367,0.10962434437860795
AAPL,2023-02-17,0.5852126333295122,0.5871482442352604,0.5805279001607074,0.5837846461936275,0.5803676535966754,0.08720283197134036
AAPL,2023-02-21,0.5650774418501527,0.5667239148014824,0.5720617797075351,0.5714358305317571,0.5696436134458562,0.08651481619244762
AAPL,2023-02-22,0.5672048348558865,0.5688818037228466,0.5653386415885525,0.5651095993299384,0.5630096914451477,0.06699519482226508
AAPL,2023-02-23,0.5696289468327664,0.5713406990439084,0.5672808696689272,0.5655144873937951,0.5690949409161922,0.060492464251877875
AAPL,2023-02-24,0.5563211278049707,0.5578416608324822,0.5515936487112839,0.5578217686295229,0.554231007079904,0.07807277065121972
AAPL,2023-02-27,0.5623071705155624,0.5639137049645687,0.561454185427803,0.5665772509899795,0.5572237801706863,0.052055139656767335
AAPL,2023-02-28,0.5597841011137923,0.5613544231286243,0.5610059964838674,0.5634394650257181,0.553931744992702,0.06584154467369192
AAPL,2023-03-01,0.5493948745802789,0.550816059667723,0.5517928184674818,0.5542284353281091,0.5528343999333739,0.07809612691095823
AAPL,2023-03-02,0.5523633673716981,0.553827042534402,0.5492032316869736,0.548610738931914,0.5406140493465449,0.07004343518898816
AAPL,2023-03-03,0.5776928655107657,0.5795204771261554,0.5711155523881241,0.5659699575064455,0.5588697216502972,0.11599613081195055
AAPL,2023-03-06,0.5915449120495765,0.5935716028831988,0.5969621786815639,0.5969938200320049,0.5875501720176668,0.1578030903313284
AAPL,2023-03-07,0.5805128071872064,0.5823809185067479,0.5856573762701585,0.5852017158048747,0.5871012788868638,0.0798428769743804
AAPL,2023-03-08,0.5867956455207067,0.5887540456110074,0.5828685437434652,0.5887443898329927,0.5826620470048114,0.057537151982412243
AAPL,2023-03-09,0.5755161854219922,0.5773124332335875,0.588197189609114,0.580646783004864,0.5864029753135988,0.07400778757332686
AAPL,2023-03-10,0.5651765525785671,0.5668243013163651,0.5702689479418055,0.5673870271176927,0.5696935411999774,0.11062940895990848
AAPL,2023-03-13,0.5749225175244133,0.5767102672892417,0.5812251082923808,0.5678424972303432,0.5577225249462292,0.15009825779695307
AAPL,2023-03-14,0.5854103948757684,0.5873489406925506,0.5825199016826349,0.5799889074725362,0.5750305593436358,0.12335981287163474
AAPL,2023-03-15,0.5873893134182857,0.5893562881278283,0.581772920109409,0.5790778900227334,0.5745816662128328,0.13198672072398443
AAPL,2023-03-16,0.6015380022764807,0.6037084968570445,0.5977590096863297,0.587782790334396,0.5794199395809483,0.12948511622348163
AAPL,2023-03-17,0.5973331932139122,0.5994429505579951,0.5991534259496764,0.6011437875436569,0.5989725157417509,0.18609547194180215
AAPL,2023-03-20,0.6092061679066814,0.6114867288797607,0.6045319212468651,0.6004858347868272,0.5939347596852946,0.12322439625932106
AAPL,2023-03-21,0.618507092721689,0.6209210703943782,0.6124003804514695,0.6125815857557243,0.6051575446116566,0.1239621062078702
AAPL,2023-03-22,0.6113334842606529,0.6136446178011249,0.6260458264456326,0.6190090582796327,0.6150335740362284,0.12834388961732257
AAPL,2023-03-23,0.616775452763754,0.6191646509600696,0.6231075976042941,0.6183511055228029,0.6126892528739711,0.10826819048868501
AAPL,2023-03-24,0.6233056463335986,0.6257887826377733,0.6170816676169848,0.6192115409238119,0.6128388839175721,0.08733303069584013
AAPL,2023-03-27,0.6135597580395147,0.6159028166648965,0.6192231414435446,0.6193127050213997,0.6182258298153517,0.0704216078200733
AAPL,2023-03-28,0.6104429440884034,0.6127412923121311,0.6078685655905864,0.6097474465332299,0.6083996520355197,0.05452419447614518
AAPL,2023-03-29,0.6258780794701707,0.6283982960173966,0.6206175577068912,0.6268030183659944,0.6153826877681703,0.06772669299960717
AAPL,2023-03-30,0.6337441599501519,0.6363773010698783,0.6276892618967169,0.6365201002250476,0.6261565795637293,0.06324427889660059
AAPL,2023-03-31,0.6463099899206766,0.6491236318508724,0.6402888576983765,0.6397591275113986,0.6306955908446428,0.11107019624476068
AAPL,2023-04-03,0.6525929049059389,0.655496835527607,0.6467131271980817,0.6514499904164393,0.6398234650512096,0.08181623245143575
AAPL,2023-04-04,0.6499213610409524,0.652787012205576,0.6494521862832222,0.655954263943154,0.6514452914636346,0.05523506957307987
AAPL,2023-04-05,0.6406701832195572,0.6434028256621624,0.6405378768861143,0.6392024160766585,0.6421677862134668,0.068238542947068
AAPL,2023-04-06,0.6451226541255186,0.6479192999621809,0.6400896879421787,0.6402145976240491,0.6306456630905215,0.0530281514986395
AAPL,2023-04-10,0.6321114007653449,0.6347212681504524,0.6254980146286045,0.6304975157649959,0.6256079070340652,0.058809571196464155
AAPL,2023-04-11,0.6260266305851492,0.6285488375034831,0.6271414500796888,0.6326737022306606,0.6302466977138398,0.058628932889763175
AAPL,2023-04-12,0.6225636572763276,0.6250360752073411,0.6256474109432497,0.628979204831659,0.6246103413735982,0.06481312383265289
AAPL,2023-04-13,0.6495750483797178,0.6524356976897242,0.6442729367322186,0.637279217079465,0.6266554004486534,0.11031434792428695
AAPL,2023-04-14,0.6478434850735448,0.6506793548278907,0.646862599502714,0.6494256273216581,0.6414195548860806,0.06295804047937978
AAPL,2023-04-17,0.6479425191501972,0.6507796647702982,0.6422310857787513,0.6504883909178425,0.6439135070919387,0.04340263930704462
AAPL,2023-04-18,0.6540769596722432,0.6570023269609464,0.6522908682414553,0.6586871618435589,0.6489513392577764,0.0642910865804125
AAPL,2023-04-19,0.6598157237982527,0.662823519664539,0.6560259280875597,0.6581304504088188,0.6474549527123852,0.05881777073445746
AAPL,2023-04-20,0.6549674231927306,0.657905575877465,0.6545816623926732,0.6582316917309083,0.6489014115036552,0.0705858470507877
AAPL,2023-04-21,0.6469036578182555,0.6497258743676932,0.6475099582028475,0.6528164779788926,0.6437140244035979,0.08519816916740151
AAPL,2023-04-24,0.6484371529711238,0.6512815207722364,0.6432769359712549,0.6497798561122189,0.6434646139611359,0.04447951196349864
AAPL,2023-04-25,0.6407197769096454,0.6434530572058413,0.6468127500711742,0.6489700799845056,0.644412327976863,0.06128732249553187
AAPL,2023-04-26,0.6406701832195572,0.6434028256621624,0.6416832739617232,0.6442634010381135,0.6337880672249049,0.05329823931072199
AAPL,2023-04-27,0.6636745268066351,0.6667377514477366,0.6580179296094871,0.6563591520070107,0.644412327976863,0.10151028035711225
AAPL,2023-04-28,0.6699573651401354,0.6731108785519961,0.6644422750991793,0.6699732139092448,0.6608724277574034,0.07759148261809758
AAPL,2023-05-01,0.6695120184022484,0.6726592540937368,0.6674302773820705,0.6738195346791298,0.6648128387545317,0.07062684474075422
AAPL,2023-05-02,0.664317558439016,0.6673900723632862,0.6669323149965822,0.6682524203317286,0.6688530291505209,0.0605707325690867
AAPL,2023-05-03,0.6589252602777653,0.6619201941755453,0.6697709209648282,0.6663292985590371,0.6659101838138598,0.10209095672954717
AAPL,2023-05-04,0.6507127138330254,0.653589874607212,0.6504481870441859,0.6519054605290897,0.6429159414314718,0.14209327247785314
AAPL,2023-05-05,0.6892017864919588,0.6926319590692555,0.6866036149880675,0.6845487980855737,0.6732922610325733,0.2221451134356387
AAPL,2023-05-08,0.6888553205272001,0.6922806445534037,0.6843625942784024,0.6913811586733386,0.6807741176501481,0.07929822887494635
AAPL,2023-05-09,0.6802968446800362,0.6835990870416936,0.6828187057104234,0.6888000841438173,0.6836172596973293,0.0528711179225253
AAPL,2023-05-10,0.6891522694536327,0.6925817275255766,0.6852589721662736,0.6903183178526522,0.6834676286537285,0.07373670587785124
AAPL,2023-05-11,0.6900922500124463,0.6935352079857741,0.6880478046929669,0.6916848054151056,0.6876075984485788,0.06327658010687724
AAPL,2023-05-12,0.6854355021604491,0.687613705339774,0.6854083684809188,0.6857634622771436,0.6864603256351295,0.0533834648116827
AAPL,2023-05-15,0.6829585004677099,0.6851045784750331,0.6811753462493262,0.6881421313869875,0.6841659322269934,0.0328438706093027
AAPL,2023-05-16,0.6829585004677099,0.6851045784750331,0.680826704188496,0.6898122656912079,0.678330093198411,0.04487880461668775
AAPL,2023-05-17,0.6860297832721249,0.6882158712841197,0.6797808539959924,0.6828280817325595,0.6769334860518809,0.084239817105578
AAPL,2023-05-18,0.6977213998957306,0.7000589531485951,0.6912849021535828,0.6937598277831826,0.6833678492548673,0.10298719107930022
AAPL,2023-05-19,0.6982663939243667,0.7006109641217371,0.6970119635216147,0.7057037553811963,0.7002768421662108,0.0789173230645301
AAPL,2023-05-22,0.693510535343955,0.6957934068495457,0.6886454659415348,0.6981628599878077,0.6882559742677227,0.04850796982669407
AAPL,2023-05-23,0.6804318284331203,0.6825452200666134,0.6820219506956446,0.6871805318883908,0.6840163011833924,0.0663392317828007
AAPL,2023-05-24,0.6818189953721115,0.6839503249850702,0.6772410406570368,0.6833342111185058,0.6738409335622374,0.052415422386776184
AAPL,2023-05-25,0.6875162142430549,0.6897213627174591,0.684611537476153,0.6892555542564678,0.6804250039182062,0.07953551853505562
AAPL,2023-05-26,0.6996038905215075,0.701965837496515,0.6939243383656309,0.6964421436347935,0.6849640151991195,0.0764959746480224
AAPL,2023-05-30,0.7088680224907001,0.7113500240399285,0.7099602013841044,0.7139531855802085,0.7031199842133922,0.07930220440851886
AAPL,2023-05-31,0.7086202839955451,0.7110990960389595,0.7117530331498341,0.7149147078543032,0.7049654844907253,0.18778681300605748
AAPL,2023-06-01,0.7226895616281892,0.725350918253293,0.7155876398790437,0.7157750660308103,0.7068109847680584,0.11144787193414925
AAPL,2023-06-02,0.726950019870053,0.7296666195235462,0.7238545905760182,0.7275671702579406,0.7234207155921998,0.09429120833112815
AAPL,2023-06-05,0.7201629662453618,0.7227916364173484,0.739641434406754,0.7213927624270055,0.7314013930946986,0.2432484879927705
AAPL,2023-06-06,0.718330069309673,0.7209349070406323,0.7155876398790437,0.7183055585115379,0.7181335490932814,0.10137635456988826
AAPL,2023-06-07,0.7114439049565674,0.713959537419552,0.7210159846077723,0.7177489243012997,0.7105020614321057,0.09416125807747668
AAPL,2023-06-08,0.7250675292442761,0.7277597351756262,0.7191733034105029,0.7184574591069233,0.7078085504285253,0.06501637298654754
AAPL,2023-06-09,0.7269996135601413,0.7297168510672251,0.7260956112856833,0.7345007721677952,0.725765036754457,0.06174922980248804
AAPL,2023-06-12,0.7410192975026971,0.7439184417378797,0.7343625619826578,0.7362214885208094,0.724617840050389,0.07510428942679513
AAPL,2023-06-13,0.7386413298866102,0.7415097013880216,0.735657355372912,0.7436611425921084,0.7322493277115647,0.07672978571625573
AAPL,2023-06-14,0.7418118767229639,0.7447213807119908,0.7368526018800607,0.7415355381752374,0.7350923936493647,0.08302554007002404
AAPL,2023-06-15,0.7520171390274019,0.7550589711431267,0.7474601961597929,0.7504428439065775,0.7380353150954072,0.10282941209064116
AAPL,2023-06-16,0.7466174056452259,0.7495890929553859,0.7498008397425505,0.7529227543385111,0.7518517555171073,0.19183912407068793
AAPL,2023-06-20,0.7470632122936856,0.7500407174136452,0.7453685717647729,0.7536312891441347,0.7402798568588034,0.06398323119939114
AAPL,2023-06-21,0.7418614704130522,0.7447716122556697,0.741932304547959,0.7444202594465258,0.7427238813105405,0.06327906481536007
AAPL,2023-06-22,0.756921625374554,0.7600270699014046,0.750099632371841,0.7498861324718373,0.7369379700360791,0.06757661660724486
AAPL,2023-06-23,0.7553364669340203,0.7584211919531824,0.7526394457107966,0.7566678337863064,0.7459660648437849,0.0722272454745383
AAPL,2023-06-26,0.7483512685042624,0.7513455123896945,0.7550797121666467,0.7577812566557867,0.7523505764020314,0.05973338581037649
AAPL,2023-06-27,0.7621728076417514,0.765346406603059,0.7567729210592837,0.7600081023947471,0.7476619340775169,0.06629823409283418
AAPL,2023-06-28,0.7680680946659993,0.771318140792738,0.7642928141930451,0.7697758435270963,0.7578372255892907,0.0675058024154845
AAPL,2023-06-29,0.7697525171384717,0.7730243286833677,0.7651394946293507,0.7765575448415654,0.7635733613283934,0.055406514458394424
AAPL,2023-06-30,0.7914510213061621,0.7950043045216889,0.7871015887720539,0.7882989897953998,0.7762925328001465,0.151976945880813
AAPL,2023-07-03,0.7839705758413805,0.7874267689562628,0.7841135864891627,0.7908294822761273,0.7870164968415844,0.018411441386845015
AAPL,2023-07-05,0.7783726210023758,0.7817561177387566,0.7796314690798453,0.7850599625090487,0.7759932707129445,0.056830252419050056
AAPL,2023-07-06,0.7807504353149385,0.7841648580886147,0.7748506350312245,0.7778733731307229,0.7673641412819207,0.05229317472942145
AAPL,2023-07-07,0.7751524038241717,0.7784942068711086,0.7780876565018534,0.7831368407363571,0.7751951877408184,0.05656861261580916
AAPL,2023-07-10,0.7648977011331698,0.7681064614687688,0.7647410791269678,0.7669416270800998,0.7644711475899993,0.08913618364182231
AAPL,2023-07-11,0.76227207167369,0.7654467931179416,0.7613048119101539,0.7647148585656414,0.7639724028144564,0.05612906768519836
AAPL,2023-07-12,0.7706441304353908,0.7739276541723614,0.7732569730216928,0.7741788757317214,0.7665660583097945,0.09119352226559695
AAPL,2023-07-13,0.774458782028795,0.7777916544118801,0.7707171596827374,0.780808753675307,0.770656176459905,0.04297054850188228
AAPL,2023-07-14,0.7752018442107358,0.7785444384147875,0.7706673102511975,0.7800496368208896,0.7693094209581148,0.04365111015532658
AAPL,2023-07-17,0.7915502853381008,0.7951046910365716,0.7863048337572752,0.7910825469691004,0.7776392121925555,0.06577495448635236
AAPL,2023-07-18,0.7902619991722376,0.7937998960605223,0.7863546071988279,0.794169750884568,0.7848717344770494,0.060229085152698994
AAPL,2023-07-19,0.797049052796929,0.8006749557391951,0.8057768880025755,0.795333755802842,0.7836247583741203,0.1402841562315122
AAPL,2023-07-20,0.7872897504444748,0.7907889897663184,0.7970119749201128,0.7945746389484246,0.793550639443432,0.08828889804918082
AAPL,2023-07-21,0.7813943867684648,0.7848172555766394,0.7895418552279041,0.7881471664245163,0.7886126627858366,0.11902598433590077
AAPL,2023-07-24,0.7854071065151736,0.7888820288459234,0.7892430625986137,0.7933093927080609,0.7851709965642514,0.052997589584300814
AAPL,2023-07-25,0.7897170817953636,0.7932478850873803,0.786902419015856,0.7967002433652954,0.7847719550781883,0.03288486829926922
AAPL,2023-07-26,0.794076727417404,0.7976639728725161,0.7928784995716255,0.7987246836845786,0.7864678243119203,0.05820081761817335
AAPL,2023-07-27,0.7877356337446965,0.7912406142245777,0.8006474118931245,0.7948277036413978,0.7981894301232065,0.05817174652892436
AAPL,2023-07-28,0.8006654829335044,0.8043382595214236,0.7978088059248786,0.8028746511962307,0.7914557287236368,0.060237036219844026
AAPL,2023-07-31,0.8037368423896816,0.8074495523305101,0.7971115977932053,0.8085429296412195,0.7983889128115473,0.03671355560044595
AAPL,2023-08-01,0.7995756481797563,0.8032342375751397,0.7983067683103668,0.8086441709633092,0.7992867751825345,0.027646854346637204
AAPL,2023-08-02,0.7845650102565807,0.7880289349006085,0.7905876294304205,0.7912850296132797,0.7933012290009699,0.06544970614595129
AAPL,2023-08-03,0.7775799651303469,0.7809531787646455,0.7765936173654143,0.7854142685241116,0.7759932707129445,0.09239860587976446
AAPL,2023-08-04,0.7321021680605981,0.7348856462827931,0.7517430678229253,0.7410294087892912,0.7458164338001839,0.22836582959322588
AAPL,2023-08-07,0.7165467660640726,0.71912833263512,0.7305777286950008,0.7179007476721831,0.7289074408888404,0.1826951483830635
AAPL,2023-08-08,0.7212528009991097,0.7238956583636325,0.7163346974422569,0.7190647525904572,0.7167369419467513,0.10876736842288347
AAPL,2023-08-09,0.7132770318475424,0.7158162667962681,0.7196214923544385,0.716179954094667,0.7226226326200736,0.0902699561225329
AAPL,2023-08-10,0.7121870437902702,0.7147122448499842,0.7187251144665673,0.7191659939125469,0.7156894485321631,0.07612798932171681
AAPL,2023-08-11,0.7124846825825619,0.7138089193609904,0.7081175201868352,0.7138519442581188,0.7049156328459854,0.0695430149005483
AAPL,2023-08-14,0.7207690517284033,0.7221894704730027,0.7134462420424711,0.7176982650280038,0.7081577402698486,0.04876811880484527
AAPL,2023-08-15,0.7107981138607503,0.7121027314703607,0.7124003918499675,0.7163824367388463,0.712696751550762,0.04863642925525584
AAPL,2023-08-16,0.7064326427047892,0.7076867202577001,0.7077191046844522,0.7135988795651457,0.7039679188302582,0.05694107041738382
AAPL,2023-08-17,0.6936837683263345,0.6947897714181445,0.7025896285750013,0.6983146833586912,0.7040177704749981,0.10439403302227267
AAPL,2023-08-18,0.6961145490065184,0.6972487433116814,0.6905876940219096,0.6906220418189212,0.6798763313885421,0.09224206924534682
AAPL,2023-08-21,0.7028114601589627,0.7040233399029965,0.6957171701313605,0.6996305888723507,0.6936928479196234,0.055318555778102615
AAPL,2023-08-22,0.7097067460717601,0.7109987095240768,0.7034362330213197,0.712333633324782,0.7036187289889351,0.04470139643101442
AAPL,2023-08-23,0.7290037505323944,0.730519713468861,0.7227091935004093,0.7228604913115485,0.7109011029181688,0.07124777339061082
AAPL,2023-08-24,0.7054901326378259,0.7067332397975026,0.7204681727907442,0.711118969133212,0.7216250669596066,0.07677128034791882
AAPL,2023-08-25,0.7165525149462313,0.7179239241739533,0.7107569563988831,0.7101574468591173,0.7052148949331873,0.0680842425502849
AAPL,2023-08-28,0.7243904642295163,0.7258527742552312,0.7179282834618014,0.7239739141810287,0.7187320732676854,0.04912865000570241
AAPL,2023-08-29,0.7438859967540278,0.7455744746573056,0.7393924152190163,0.7287818344495105,0.7167867935914912,0.07194622494513143
AAPL,2023-08-30,0.761397168460912,0.7632889041965775,0.754083711405683,0.755301423448355,0.7429234401082626,0.09135179819595256
AAPL,2023-08-31,0.7624885362499022,0.7643929261428615,0.7604083580322956,0.7691684728190603,0.7573883324584878,0.09130359485138585
AAPL,2023-09-01,0.7703760792232754,0.7723720077678182,0.7643924370661376,0.7732172762331246,0.7656184204034486,0.05396339577157279
AAPL,2023-09-05,0.7715665577406801,0.7735763396565096,0.764691229695428,0.7698264255758901,0.7595830225771439,0.05275458509468106
AAPL,2023-09-06,0.7378834739145813,0.739502430525219,0.7590637912004887,0.7387519810015368,0.7601815467515479,0.1433863147723125
AAPL,2023-09-07,0.7113437211034833,0.7126547424435027,0.7060757452233549,0.6986183301004583,0.6942414443399061,0.21974886057480747
AAPL,2023-09-08,0.714419373058339,0.7157660352525892,0.7161853011276117,0.7201275161866417,0.7100531683013027,0.10312285616246215
AAPL,2023-09-11,0.7202729615239964,0.7216876144710646,0.716484093756902,0.7178500883988873,0.7186323699782056,0.08672825265112184
AAPL,2023-09-12,0.7050933064653576,0.706331770310447,0.7156374893105836,0.7050964618976624,0.7157393762862843,0.16479058752671372
AAPL,2023-09-13,0.6947256190769986,0.6958436383932246,0.7015438543724848,0.7008451758394187,0.7008753663406148,0.1496281509520036
AAPL,2023-09-14,0.7023153699545559,0.7035215604735334,0.6955677738167153,0.6988208127446375,0.6883557536665837,0.09155529582069548
AAPL,2023-09-15,0.6986938808016808,0.6998581801188297,0.6975597753386428,0.7000354769362074,0.7007257352970138,0.21172499147123813
AAPL,2023-09-18,0.713377598959437,0.7147122448499842,0.7119024294644792,0.7119287452609253,0.7007257352970138,0.10736251424669725
AAPL,2023-09-19,0.7188344379043884,0.7202323545814039,0.7131474494131806,0.7167873248027029,0.7059131985064524,0.06902172306085273
AAPL,2023-09-20,0.7010751444435387,0.702266997041163,0.7134960154840237,0.7080317652177445,0.714592103472835,0.08544390683635238
AAPL,2023-09-21,0.6933364591921923,0.6944384569022927,0.696563774577679,0.7002378823558847,0.6910991163149041,0.09715408944503291
AAPL,2023-09-22,0.6976025896644527,0.6987541581725458,0.7004482307384285,0.7011994818544814,0.691697640489308,0.08119306756394458
AAPL,2023-09-25,0.7040019386763674,0.7052277483641631,0.6999004189214004,0.7017055340159258,0.6893533193270508,0.05497268435729412
AAPL,2023-09-26,0.6835639727366546,0.6845525675018912,0.6910856564073978,0.6891037308855843,0.6924458718166943,0.10073157271859658
AAPL,2023-09-27,0.6759740685555731,0.6768745688491072,0.6803286658130205,0.6758945570472068,0.681472421223413,0.10652814913816643
AAPL,2023-09-28,0.6772637344531542,0.6781793638251565,0.675298812576662,0.6686573083955852,0.6651121008417337,0.08012215820784933
AAPL,2023-09-29,0.6798434495071273,0.68078887720478,0.6804781381176528,0.6824231936687029,0.678479724242012,0.06910670009096519
AAPL,2023-10-02,0.6924436961188415,0.6935352079857741,0.6866036149880675,0.6854091562620808,0.6744893854907625,0.06986056064465264
AAPL,2023-10-03,0.6857467083146351,0.686760534821984,0.6832669706443462,0.6848525220518427,0.6796767725908199,0.06347510831465454
AAPL,2023-10-04,0.6919970463009987,0.6930835835275148,0.6861554260441319,0.6856116389062601,0.6738409335622374,0.07198697416424966
AAPL,2023-10-05,0.6981979439007983,0.6993564006893667,0.6923306763560994,0.6942658799446269,0.6873082602519955,0.06082466977603086
AAPL,2023-10-06,0.7109964886211034,0.7123035045001261,0.7049801215892987,0.6967963724253543,0.6873581880061167,0.08253804026569485
AAPL,2023-10-09,0.7184376117319201,0.7198308850943484,0.7102589940133949,0.7100562055370276,0.702371752886006,0.04557576534611865
AAPL,2023-10-10,0.715461147157241,0.7168199022276694,0.7135956383571163,0.720937292314355,0.7088061921983737,0.04882377627486044
AAPL,2023-10-11,0.7224557737537391,0.7238956583636325,0.7142430730472369,0.7191659939125469,0.7093049369739165,0.05839760653001266
AAPL,2023-10-12,0.7269698726764408,0.7284622876348547,0.7266434231027115,0.7264537473884604,0.7186323699782056,0.08123704690409049
AAPL,2023-10-13,0.7177432234189223,0.71912833263512,0.7246015721492443,0.7218988918129517,0.725365995268394,0.06802833660942147
AAPL,2023-10-16,0.7170982754924885,0.7184759351470954,0.71040839032804,0.7136494616139395,0.702072490798804,0.07073642038484655
AAPL,2023-10-17,0.7093099198992918,0.7105972400370213,0.7071215194258714,0.7049952205755727,0.7015736699138798,0.08324046735378794
AAPL,2023-10-18,0.7028114601589627,0.7040233399029965,0.7029382706358315,0.7065641135577034,0.6962366517702214,0.07632055422913535
AAPL,2023-10-19,0.700926440025036,0.7021164555550765,0.7042330640260855,0.7069690016215601,0.6985310451783575,0.08759740367841214
AAPL,2023-10-20,0.6881277420012065,0.6891693517443171,0.6921812800414541,0.6940634745249495,0.6948898962684312,0.0998745967628721
AAPL,2023-10-23,0.6887229429340278,0.689771517688663,0.6851593492931811,0.6803481713006259,0.6729431473006314,0.07934121433169915
AAPL,2023-10-24,0.6909056785120083,0.6919795615812308,0.683466140400544,0.6880408900648979,0.6836172596973293,0.04911846270092285
AAPL,2023-10-25,0.67929768896087,0.680236866231638,0.680428288686113,0.6839920866508336,0.6777814206687469,0.08226546774512954
AAPL,2023-10-26,0.6584133031586007,0.6591099843386317,0.6720617911060331,0.6587884031656485,0.670249636297051,0.11573026700428886
AAPL,2023-10-27,0.6650109502791063,0.6657842709875391,0.6600100071214017,0.6646591642548167,0.6529915296537657,0.08560019499992173
AAPL,2023-10-30,0.675279526939051,0.6761720163898789,0.6710159409135297,0.6749835395974039,0.6635160110068626,0.06729261442765859
AAPL,2023-10-31,0.6776607139291467,0.6785808333122121,0.6696712980917356,0.6700743780068324,0.6651620285958548,0.05167622161313734
AAPL,2023-11-01,0.6935347573007833,0.6946392299320581,0.6862549729272374,0.6813097707992226,0.6733920404314344,0.0817136139910953
AAPL,2023-11-02,0.7113933914453338,0.7127049739871816,0.7039342713967952,0.7083354891840135,0.6959373896830195,0.132401418569767
AAPL,2023-11-03,0.7068296221807817,0.7080881131722805,0.6991534373481745,0.6976568078263634,0.689552878124773,0.13859927540931222
AAPL,2023-11-06,0.7196281669010869,0.7210352169830399,0.7121513726622298,0.7121312279051046,0.7002269905214709,0.09887400465684064
AAPL,2023-11-07,0.7324763819632425,0.7340325523374782,0.7271414614781869,0.7260995185978996,0.7141930619867719,0.11549347428587615
AAPL,2023-11-08,0.7377842865344049,0.7394020440103364,0.7321713147145453,0.7393592744850708,0.7300047859481685,0.06284324694747351
AAPL,2023-11-09,0.735403099544309,0.7369933036604782,0.7355079590582668,0.7404726973545511,0.7330474106836908,0.07383360950868119
AAPL,2023-11-10,0.7564144206646405,0.7570160870347256,0.7477092153475305,0.7491775976662137,0.7380851667401471,0.10456920497031146
AAPL,2023-11-13,0.7484670126650557,0.7489869270110402,0.7450199297039427,0.7526191075967441,0.7473128203455751,0.04864860432682165
AAPL,2023-11-14,0.7615805194758904,0.7622351137939725,0.7553785047959372,0.7631965476323045,0.7566900288852227,0.08959883636132333
AAPL,2023-11-15,0.7644117289613621,0.7650954786020898,0.7623008126711176,0.7706867837523972,0.757438260212609,0.07390069663771733
AAPL,2023-11-16,0.7728561469864992,0.7736265712001885,0.7695717626071283,0.7750898159570223,0.7660174618895117,0.07544717919742426
AAPL,2023-11-17,0.77275649969575,0.7735261846853059,0.7666833072073426,0.7746850051176677,0.7694092003569759,0.06677504965068724
AAPL,2023-11-20,0.7814989397719894,0.7823582836831023,0.7743028232141964,0.7813148830612533,0.7676135517243827,0.05579860145698336
AAPL,2023-11-21,0.7774754887785844,0.7782935104138183,0.7723605951338216,0.7806063482556297,0.7751951877408184,0.03500010063069356
AAPL,2023-11-22,0.780803478334322,0.781655731223874,0.7793824498921076,0.7861228033297352,0.7755942292268815,0.03868542025241159
AAPL,2023-11-24,0.7741474225710848,0.7749312896037627,0.7692728939878508,0.7781264378236961,0.772501676737238,0.0
AAPL,2023-11-27,0.773253356417778,0.7740279641147689,0.7681274969122419,0.776355062197386,0.7677631827679837,0.041008374212999646
AAPL,2023-11-28,0.7762833239224133,0.7770891019526517,0.7701693478657092,0.7788855546781135,0.7670648791947187,0.03569805524351759
AAPL,2023-11-29,0.7711669721047757,0.7719203067370838,0.7751992011020676,0.7767093682124488,0.772651307780839,0.047124732614308384
AAPL,2023-11-30,0.7740481585391462,0.77483090308888,0.7663845145780521,0.7727618061204742,0.7673641412819207,0.06148684458670228
AAPL,2023-12-01,0.7804559392448935,0.7813044932804973,0.7725597648900195,0.7780251965016064,0.769808241843039,0.05381008925818283
AAPL,2023-12-04,0.7714651474594022,0.7722213897092566,0.7650398717562582,0.7690166494481768,0.7680624448551857,0.04805724370791059
AAPL,2023-12-05,0.7912842270718004,0.7922442496559791,0.786703173269671,0.7828331167700883,0.769209717668635,0.10579913566930717
AAPL,2023-12-06,0.7858204894682587,0.7867242164970344,0.7884960050354005,0.7926008579024373,0.7903583836643087,0.04234291113912206
AAPL,2023-12-07,0.7955065893878931,0.7965097959550284,0.7896912515425493,0.80009109402253,0.7862683416235794,0.05821522892737371
AAPL,2023-12-08,0.8026593485696341,0.8037360935770779,0.7946215578958024,0.8004959820863866,0.7891114075613795,0.07294632010946632
AAPL,2023-12-11,0.7900922155191533,0.7910398411948124,0.7821713584087879,0.7891087659231131,0.7836746100188602,0.09167431335702254
AAPL,2023-12-12,0.7976920844293098,0.7987178398475963,0.7882968352792027,0.79062707685645,0.7835249789752592,0.0711834194409058
AAPL,2023-12-13,0.813835635396542,0.8150271644684113,0.8046314909269666,0.8064679844976446,0.793550639443432,0.11518089795873744
AAPL,2023-12-14,0.8145806905242977,0.8157798718988435,0.8126991958777561,0.8130978624412302,0.8081652389466394,0.1063040284330161
AAPL,2023-12-15,0.8118984154126151,0.8130700485768125,0.8066234924488941,0.8173490712749718,0.8057211383855211,0.25962743784066905
AAPL,2023-12-18,0.803553491374703,0.8046393424935965,0.7978088059248786,0.8041398974365944,0.7985385438551483,0.0787742038559197
AAPL,2023-12-19,0.8087691072242791,0.8099085242240471,0.7994023919444231,0.8117313748787768,0.7988877336964715,0.04140965463297501
AAPL,2023-12-20,0.7982882818350385,0.7993200057919421,0.8030378289174349,0.8063667431755549,0.8025787342511377,0.07005511331885743
AAPL,2023-12-21,0.7975429967519966,0.7985672217890347,0.8000498266345437,0.7996356239098795,0.7985884716092696,0.055742447045271634
AAPL,2023-12-22,0.7921785231803935,0.7931475751449728,0.7917331024960166,0.7969533080582686,0.793999532574235,0.032552911245964516
AAPL,2023-12-26,0.7894465010750984,0.7903875202792628,0.7841633599307154,0.796244773252645,0.7861685622247183,0.012103015019814312
AAPL,2023-12-27,0.7899432044936022,0.790889299708726,0.7822211318503407,0.7874386316188927,0.780582133638598,0.05973090110189366
AAPL,2023-12-28,0.7920791058449307,0.79304718863009,0.7879980426499122,0.7979654896056592,0.7888121454741776,0.02485106036176858
AAPL,2023-12-29,0.7868634133435924,0.7877780068996395,0.786703173269671,0.7906776589052438,0.7876150210159883,0.04627471384233581
AAPL,2024-01-02,0.7526393980322497,0.7532022417664106,0.7570219402470214,0.7509995553413176,0.7539466662369024,0.14520735761937098
AAPL,2024-01-03,0.7457349905597606,0.7462268721453302,0.7442729481307166,0.7486714682802674,0.7393321428430762,0.08538998866227519
AAPL,2024-01-04,0.7341115940044372,0.7344841767957375,0.7303784829488158,0.7357660184081589,0.7290071441783202,0.11910524653650272
AAPL,2024-01-05,0.7304855823975973,0.7308207964410339,0.7287350474977314,0.732172685106745,0.7282091373155753,0.0952423547383515
AAPL,2024-01-08,0.7522420352974466,0.752800772279355,0.74287853186737,0.7389038043724203,0.7287078820911183,0.0872038258547335
AAPL,2024-01-09,0.7501558042879686,0.7506931149016699,0.7406374351677177,0.7451287942521494,0.737835756297685,0.046696368871870286
AAPL,2024-01-10,0.7553712668340204,0.7559622966321204,0.7468625349112249,0.7511513787122011,0.7399805947716014,0.05651370055833885
AAPL,2024-01-11,0.7523909696712356,0.7529513137654416,0.750099632371841,0.7496330677788642,0.7509040415013801,0.06231673721996403
AAPL,2024-01-12,0.7540301676040603,0.7546073466848674,0.7485558197938491,0.7575788512361094,0.748509868694383,0.040822518018484744
AAPL,2024-01-16,0.742655352713275,0.7431155793362437,0.7362051671899401,0.73601900587663,0.7290570719324414,0.10325131559102395
AAPL,2024-01-17,0.7379362103269164,0.7383481770352562,0.72958165194405,0.7328306378635748,0.724617840050389,0.05781693015757773
AAPL,2024-01-18,0.7674913668078477,0.7682068479836515,0.7605079809053881,0.7608178785224604,0.748659499737984,0.13406865796173895
AAPL,2024-01-19,0.7820451602288193,0.7829102946562444,0.7745019929703943,0.7759502513580314,0.7648203374313225,0.11145085358432864
AAPL,2024-01-22,0.7936189630940546,0.7946028350346334,0.7913346869936336,0.7933599747568547,0.7796344196228708,0.08966219642763522
AAPL,2024-01-23,0.8000265904962776,0.8010763486537755,0.7934263113886536,0.8013057582140999,0.79320152571149,0.0454883036075234
AAPL,2024-01-24,0.7966490072504518,0.7976639728725161,0.7965637859761772,0.8038868327436213,0.7951966570324241,0.07350513104725244
AAPL,2024-01-25,0.7950098859693894,0.7960079399530902,0.796015974159149,0.7976618428638922,0.7941990913719571,0.07646392190859404
AAPL,2024-01-26,0.7863171162350003,0.7872259959264974,0.7884960050354005,0.7917404997259302,0.7894605974027027,0.0510500750754668
AAPL,2024-01-29,0.7828897859955621,0.7837633886015591,0.7757470129190958,0.7797965721279164,0.7781878847222196,0.05739005724022932
AAPL,2024-01-30,0.7645606633351512,0.7652460200881763,0.7737550113971683,0.7691178907702665,0.7728508665785612,0.07904131001782282
AAPL,2024-01-31,0.7464800456875162,0.7469795795757624,0.7503486515595786,0.7533276424023677,0.7533979937072384,0.07806829817595067
AAPL,2024-02-01,0.7586994863450442,0.7593245174421761,0.7496015939963655,0.7506453265507568,0.7381849461390082,0.1014682887837526
AAPL,2024-02-02,0.7536825518628697,0.7542561087414908,0.7514940486351875,0.7275165882091468,0.7175848765636174,0.19505806391018077
AAPL,2024-02-05,0.7627725310285375,0.7634394456826639,0.7610557927224162,0.7608684605712543,0.7589345706486188,0.11335364334047189
AAPL,2024-02-06,0.7708194330153473,0.7715690687937071,0.7613545853517066,0.7655752167421485,0.7525002074456324,0.04830894467722022
AAPL,2024-02-07,0.7713658067757015,0.7721210797668491,0.770019951551064,0.774887410537345,0.7713544800331701,0.07302732160600624
AAPL,2024-02-08,0.7659515095587238,0.7666512015791083,0.7624999824273155,0.7685105972867325,0.7651195995185245,0.04202561386586599
AAPL,2024-02-09,0.7697811848975026,0.7693108699299355,0.7647410791269678,0.7718002066218774,0.761428522854477,0.05244449347602517
AAPL,2024-02-12,0.7613260356256695,0.7607797773318367,0.7581673373226304,0.7656763808397361,0.760281326150409,0.044062826350929785
AAPL,2024-02-13,0.7508318728298209,0.7501912588997316,0.745916383581801,0.7490763563441241,0.747063409903113,0.08070631317216022
AAPL,2024-02-14,0.7464054635229787,0.745725016143392,0.7425298898065398,0.7436611425921084,0.7448188681397169,0.0759878517632858
AAPL,2024-02-15,0.7449629540117405,0.7442697562537315,0.7373506402555361,0.7381446875180029,0.735990256020352,0.10283264221166884
AAPL,2024-02-16,0.7372542395993811,0.73649144765854,0.7391434720212657,0.7397641625489274,0.7353418040918268,0.06386744378409175
AAPL,2024-02-20,0.7335237516407789,0.7327277573614289,0.7270916120466471,0.731312326930238,0.7272114955457271,0.07359035654821315
AAPL,2024-02-21,0.7373038332894694,0.7365416792022189,0.7293824821878521,0.7346525955386787,0.7279597268731133,0.04304285351873234
AAPL,2024-02-22,0.7474995141236429,0.746829038089676,0.7396912838382939,0.7437623839141979,0.7356410661790288,0.07017785791790872
AAPL,2024-02-23,0.738298619858195,0.7375453146336203,0.7400896233506896,0.7425983017714219,0.7432725538402045,0.05235628632488508
AAPL,2024-02-26,0.7315345617621382,0.7307204864986263,0.7287350474977314,0.7346019362653828,0.7294561134185045,0.04179056044339126
AAPL,2024-02-27,0.7388456068326461,0.7380973256067622,0.7345119582973031,0.7290854811912775,0.7237699054335229,0.07521361660003921
AAPL,2024-02-28,0.7328274470337282,0.7320252049022005,0.7305278792634611,0.7319702796870677,0.7308027928109134,0.06188315558971201
AAPL,2024-02-29,0.7294953182828365,0.7286629840921449,0.7277888961683076,0.728933657820394,0.724617840050389,0.2798634006664485
AAPL,2024-03-01,0.7240740457555064,0.723193105904404,0.717629490832511,0.7180525710430666,0.7160386383734862,0.1230298435851163
AAPL,2024-03-04,0.7013946289880331,0.7003098811495642,0.6995517768605702,0.699883576340822,0.6990797177080216,0.1427758218980837
AAPL,2024-03-05,0.6766263750511698,0.675318922444564,0.6753485860182148,0.6787792783184952,0.6721949159732452,0.17662326626359726
AAPL,2024-03-06,0.6716529021181143,0.6703006687150824,0.6713645829743599,0.6740219400988071,0.6736913025186364,0.1106674249996956
AAPL,2024-03-07,0.6710559381947644,0.6696985027707367,0.6688246936454172,0.6730604178247124,0.6641643868260065,0.11856233773300663
AAPL,2024-03-08,0.6796601751439107,0.6783800602824468,0.6836155367151893,0.6753378456124667,0.6634162316080016,0.12974824685181224
AAPL,2024-03-11,0.6897068449525332,0.6885169542562926,0.6870020304904505,0.6910775119315716,0.6830685871676654,0.089676110795139
AAPL,2024-03-12,0.692094087431836,0.6909256946061506,0.6852589721662736,0.6858140443259374,0.6841160044728722,0.08889566386068538
AAPL,2024-03-13,0.6816495949778378,0.6803874077177244,0.6810757233762337,0.6845487980855737,0.6822206525507993,0.07066610313478276
AAPL,2024-03-14,0.6909501365340349,0.689771517688663,0.6866533884296202,0.6910775119315716,0.6829189561240644,0.12141577695467669
AAPL,2024-03-15,0.6890603639908571,0.6878645567682679,0.6782370414180006,0.6821701289757297,0.6742399750483005,0.2427669514888
AAPL,2024-03-18,0.6945313068600376,0.6933846664996877,0.7035857053259521,0.6985171660028705,0.6961868001254816,0.12810138206939942
AAPL,2024-03-19,0.70626883788915,0.7052277483641631,0.6981075871556709,0.6960372555709369,0.6900516229003159,0.07744066081319041
AAPL,2024-03-20,0.7191502431643012,0.7182250071461262,0.7083665393745728,0.7064628722356138,0.6969349553434865,0.0729878147411294
AAPL,2024-03-21,0.6828432928692514,0.681591739606416,0.7024900816918959,0.6849536861494303,0.7035688773441952,0.2040765618194228
AAPL,2024-03-22,0.6873691195115565,0.6861583688776381,0.6803785152445604,0.6810061240574556,0.6771828203849617,0.11705908910090078
AAPL,2024-03-25,0.6802569857637365,0.6789823027992676,0.6748506236327264,0.677918920141988,0.6712472780668994,0.07513758452046491
AAPL,2024-03-26,0.6745872082236303,0.6732614966105577,0.6722609608622311,0.6785768728988177,0.668404136019718,0.08284042928805398
AAPL,2024-03-27,0.6924919100772117,0.6913271640932062,0.6831175743297009,0.6812591887504288,0.6704491950947733,0.09000856479014029
AAPL,2024-03-28,0.6833902798437025,0.6821437505795579,0.6762948133376258,0.68328355184521,0.6771329687402218,0.10342449977227645
AAPL,2024-04-01,0.6761787287604195,0.6748672979863047,0.6714143564159125,0.6780707435128714,0.6743397544471615,0.05514114759242929
AAPL,2024-04-02,0.6702601396004887,0.6688955637966256,0.6619023857702366,0.6717445123110528,0.6638152730940646,0.06281641209585906
AAPL,2024-04-03,0.6742887262619554,0.6729603370659097,0.6685756744576795,0.6735158879373628,0.6623687381934134,0.0587469565426971
AAPL,2024-04-04,0.6701607989167879,0.6687952538542181,0.6747510007596339,0.6747305521289327,0.669850594810988,0.07368676323734656
AAPL,2024-04-05,0.6739406506101921,0.6726090991225331,0.6671314847527802,0.6753884276612605,0.6663590769446628,0.04486513872003224
AAPL,2024-04-08,0.668320390108412,0.6669384479050269,0.6612051776385633,0.6717951715843486,0.6635658626516026,0.03323844231637445
AAPL,2024-04-09,0.6743881435974182,0.6730607235807924,0.6655876721747883,0.6723518830190888,0.6619198450626104,0.04553352530191071
AAPL,2024-04-10,0.6649881847057583,0.6635762270949712,0.6606573658215352,0.666076233866064,0.6624186659475345,0.06376010437763395
AAPL,2024-04-11,0.7010962236781202,0.7000087216049162,0.6923805257876391,0.671390283520492,0.6601241964300172,0.16653013193553573
AAPL,2024-04-12,0.7086064100266024,0.7075863337428174,0.706822726796581,0.7020092579821947,0.6896525814142528,0.19286953267851326
AAPL,2024-04-15,0.6894083629908583,0.6882158712841197,0.6982072100287634,0.6933549397193259,0.6951393067108934,0.12295207220960404
AAPL,2024-04-16,0.6729459406932286,0.6716054636911317,0.6839143293444796,0.6719469949552321,0.6771329687402218,0.12339782891142188
AAPL,2024-04-17,0.6660823119581846,0.6646802490412552,0.6684262781430342,0.6705805073927787,0.6664588563435239,0.06672162841830663
AAPL,2024-04-18,0.6613076736960548,0.6598626917690639,0.6584163451118701,0.6632420946435695,0.6585779582398861,0.047394820426390885
AAPL,2024-04-19,0.6511616632037317,0.6496254878528106,0.6472609390151098,0.6507414556108156,0.6495000117874404,0.10957837727167578
AAPL,2024-04-22,0.6553394141942737,0.653840802608181,0.6515438106782422,0.6542335475901399,0.6460583455658551,0.059802212235350594
AAPL,2024-04-23,0.6606114457407662,0.6591601393098354,0.6504980364757258,0.6549926644445573,0.6452104109489891,0.06333397687283038
AAPL,2024-04-24,0.6711555088337515,0.6697988892856194,0.6617032160140387,0.6615213782905552,0.6511459532670514,0.06013864176392436
AAPL,2024-04-25,0.6754824241533688,0.6741647455270763,0.6682271083868363,0.6713396242471962,0.6660598148574608,0.0658696218795478
AAPL,2024-04-26,0.6725480413960907,0.6712039942040762,0.6718625453598481,0.6765524325795346,0.6678056118453141,0.051657337828667924
AAPL,2024-04-29,0.6934369496523248,0.6922806445534037,0.6952191317558851,0.6963915615859997,0.6852133495322004,0.10962807144133217
AAPL,2024-04-30,0.6776708319617458,0.6763727894196442,0.6900398822048814,0.6807024773156886,0.6850138668438595,0.10407574186562348
AAPL,2024-05-01,0.6725480413960907,0.6712039942040762,0.6786853063519233,0.6761982037889738,0.6663092252999229,0.0654343009533578
AAPL,2024-05-02,0.6910993775148725,0.6899220591747494,0.6822211204518426,0.6852067508424035,0.6809237486937489,0.17434354623061027
AAPL,2024-05-03,0.7425758648359619,0.7418610159038733,0.7498506131841033,0.7447745654615886,0.7514527140310442,0.3458112908632051
AAPL,2024-05-06,0.7342700331967283,0.7334805413643362,0.7359063745606497,0.7334379313471088,0.7300047859481685,0.1354697850752009
AAPL,2024-05-07,0.737701579283083,0.7369430721167993,0.7393924152190163,0.7379928641471194,0.7354914351354278,0.13232936202376522
AAPL,2024-05-08,0.7393928237623835,0.7386493365799042,0.7302789360657104,0.7386507396794472,0.7324987381540268,0.052200743573860564
AAPL,2024-05-09,0.7484943773441306,0.7478327500935524,0.7381972447018547,0.741991008287888,0.7310522032533755,0.06195546060656207
AAPL,2024-05-10,0.7421694571932294,0.7402049829844475,0.7403386425384273,0.7420922496099776,0.7427238813105405,0.06636954522629109
AAPL,2024-05-13,0.7582557492941618,0.7564139210903797,0.7503486515595786,0.7546940527403191,0.7454173923141209,0.11925731069565128
AAPL,2024-05-14,0.763982939004092,0.7621848822502936,0.7563247321153481,0.7631458883590087,0.7557423148694956,0.07042980735806663
AAPL,2024-05-15,0.7753879546891504,0.7736767261713924,0.7680278740391494,0.7686117613843202,0.757737522299811,0.1151704621831096
AAPL,2024-05-16,0.7759855318265974,0.7742788921157381,0.7702689707388016,0.780201460191773,0.770506545416304,0.07155190170890795
AAPL,2024-05-17,0.7761350027627212,0.7744294336018245,0.7688247050439152,0.7777721318086332,0.7657181236929285,0.0428229568180028
AAPL,2024-05-20,0.7819619930669247,0.780300781276621,0.7743525966557491,0.7769117736321262,0.7648203374313225,0.05047188341151468
AAPL,2024-05-21,0.7884862844510866,0.7868747579831208,0.7783864491311439,0.7865782734423856,0.7735990217965661,0.04537351007561713
AAPL,2024-05-22,0.7812646919869666,0.7795982288173925,0.7788347140650665,0.7832886641072406,0.7794847885792698,0.0263384068595844
AAPL,2024-05-23,0.7612438649366824,0.7594249039570588,0.7697709323633263,0.7648666819365249,0.7730503492669021,0.06698177739645785
AAPL,2024-05-24,0.7766829095583176,0.7749814445749665,0.7676793079683063,0.7720026120415547,0.7622765335807243,0.030508990047997106
AAPL,2024-05-28,0.7767326565519301,0.7750316761186454,0.7797310919529378,0.7773673209692786,0.7756939325163613,0.07014779294526659
AAPL,2024-05-29,0.7782268293508335,0.7765370909795097,0.7759960321068334,0.7794422661128537,0.7662169445778526,0.07210549475888016
AAPL,2024-05-30,0.7832071242907173,0.7815553447089914,0.7756473900460032,0.7851106217823446,0.771953004207574,0.06420685496284491
AAPL,2024-05-31,0.7879882013008647,0.7863729019811826,0.7775896941163651,0.7814667064321368,0.7753448187844194,0.12699345055691014
AAPL,2024-06-03,0.7968531308929635,0.7953053874938618,0.7896414781009966,0.7946758802705143,0.782627116604272,0.06468242816645658
AAPL,2024-06-04,0.798446797679092,0.7969112654420839,0.791284913552081,0.7972569548000356,0.7913060976800358,0.05819957526393195
AAPL,2024-06-05,0.8060167724020236,0.8045389559787138,0.7991533727566854,0.8065691485952322,0.7950968776335631,0.07481084535497413
AAPL,2024-06-06,0.7990942751136755,0.7975635863576335,0.7971613712347579,0.8030264745671142,0.7965434125342143,0.042571752790389744
AAPL,2024-06-07,0.8110967146326565,0.809657596223078,0.7993526185028704,0.8028746511962307,0.7913559493247757,0.07219469579341338
AAPL,2024-06-10,0.7923210188061649,0.7907387582226395,0.8011454502686,0.7928032633221146,0.8025787342511377,0.18128905185263589
AAPL,2024-06-11,0.8621947722041854,0.8611448519214676,0.8502490400849843,0.8002935766667093,0.7863680449130592,0.3685443857142182
AAPL,2024-06-12,0.8916781826357774,0.8908529813837763,0.9151892471736569,0.8674527915035749,0.8548020995305593,0.4325529609401341
AAPL,2024-06-13,0.897505096288219,0.8967243290585728,0.8980079870795745,0.8912394826020146,0.8915630067992887,0.1834072658342396
AAPL,2024-06-14,0.8887894843287196,0.8879423850319802,0.890139451884983,0.8897211716686778,0.8871237749172364,0.11448145252082371
AAPL,2024-06-17,0.9096072597497113,0.9089186488664248,0.9089641474301497,0.8969077610470036,0.884729526000858,0.17313448708287021
AAPL,2024-06-18,0.8977541378633298,0.8969751804870668,0.9073705614106051,0.8983248306582509,0.9057784887070518,0.13888278064720194
AAPL,2024-06-20,0.8747950188158997,0.8738410277312579,0.8855080141510074,0.8773217739580136,0.8875227402939182,0.15436052672838185
AAPL,2024-06-21,0.8638880862810632,0.8628511163845723,0.8738047962372191,0.8685156323242612,0.8698655921645696,0.5410621681516528
AAPL,2024-06-24,0.8671253201504567,0.8661129506797453,0.8778386487126137,0.8658838985214442,0.8565478965184125,0.14083004668518767
AAPL,2024-06-25,0.8717570795280045,0.8707799664658503,0.8712649828982635,0.8761071097664438,0.8636805632946641,0.07827179580069359
AAPL,2024-06-26,0.8925746249937097,0.8917562303002952,0.8885956393069911,0.8863809030602371,0.8754021691059503,0.10476748470724047
AAPL,2024-06-27,0.8968078718600228,0.8960217765993445,0.8929781338432161,0.8950352213231058,0.8913135963568267,0.0639176348954447
AAPL,2024-06-28,0.8794763718835357,0.8785581984885665,0.8946215692943005,0.8846601867072229,0.896700542254606,0.14534153187744325
AAPL,2024-07-01,0.910005695609184,0.9093201183534804,0.9017928203672316,0.8928589576329392,0.8783450144426114,0.0903305830095137
AAPL,2024-07-02,0.9275363368636451,0.9269843929215486,0.9160857010515153,0.908952929967107,0.8985958941766791,0.08447487052805273
AAPL,2024-07-03,0.9339110806599211,0.9334077515694869,0.9219123852926396,0.9288425637978638,0.9177993566055399,0.033100044053881394
AAPL,2024-07-05,0.9577667953688078,0.9574451532418143,0.9463147458911929,0.9421023196850352,0.9260293684411195,0.09035418774010047
AAPL,2024-07-08,0.9651378587690516,0.9648722238936293,0.9532869031979132,0.9501999265131639,0.9531635806183579,0.08705822193764028
AAPL,2024-07-09,0.9694208526289771,0.9691878485914073,0.9610059660878725,0.9659901748810625,0.9573534020579483,0.05970207848349296
AAPL,2024-07-10,0.9908360518838915,0.990766354942673,0.9793326992475511,0.9805658362818935,0.964186882856379,0.09585856244209075
AAPL,2024-07-11,0.9638925742417348,0.9636176604612589,0.9758964320307371,0.9629536302388909,0.9746115848106148,0.1010339617409557
AAPL,2024-07-12,0.9786841414287866,0.9785218035911419,0.9771414519794386,0.9776810377861033,0.9622914548249247,0.07205207352649955
AAPL,2024-07-15,0.9979081734118875,0.9978922660498396,1.0,0.9999999999999999,1.0,0.0958675073926289
AAPL,2024-07-16,1.0,1.0000000000000002,0.9952191659513794,0.996153679230115,0.9926179227812865,0.04767161695137699
AAPL,2024-07-17,0.9704169422776587,0.9701915605952837,0.9712649942967615,0.967356662443516,0.9649350380743841,0.08273482917753415
AAPL,2024-07-18,0.9470092571183328,0.9466057068087402,0.9661852916288634,0.9452401828737985,0.9690750078692344,0.10432371577220888
AAPL,2024-07-19,0.9476568112046786,0.9472581042967648,0.9480578042153698,0.9503517498840474,0.9418410924025161,0.062374133985917166
AAPL,2024-07-22,0.9459136734824263,0.9455017614349314,0.9529382611370831,0.9493901503854506,0.9527645391322949,0.06001440633978339
AAPL,2024-07-23,0.9511430866491832,0.950770866592907,0.9487550123470432,0.9473151280173736,0.9395964745297388,0.03953668137862559
AAPL,2024-07-24,0.9189204488466574,0.9183027588373635,0.9380976446257583,0.9192267232609003,0.9377509742524056,0.09374631176084582
AAPL,2024-07-25,0.9136911889834247,0.9130336536793878,0.9184263446342731,0.9065236015839672,0.9124622623525004,0.06793913557488825
AAPL,2024-07-26,0.9160318271913617,0.9153922390580421,0.9116534330737376,0.9135583675914095,0.9113150656484322,0.04361408799893257
AAPL,2024-07-29,0.9174262760477538,0.916797343976499,0.9107072057543266,0.9122425393022519,0.9026361606820498,0.030471222479058258
AAPL,2024-07-30,0.9202154037158246,0.9196075538134126,0.9158366818637775,0.9141150790261495,0.9137591662095507,0.0437196881094524
AAPL,2024-07-31,0.9365507373918678,0.9360674199203142,0.9332171877040449,0.9369401706259927,0.9249819511359126,0.06457260405151595
AAPL,2024-08-01,0.9180240064887251,0.9173995099208448,0.9365039826162267,0.9186700118261603,0.9395964745297388,0.09554374987731752
AAPL,2024-08-02,0.9254944872244317,0.924926890515067,0.9420817236596004,0.9221621038054845,0.9135596074118285,0.20255418093199923
AAPL,2024-08-05,0.8727530158731618,0.8717836018972515,0.8818227277464559,0.8122880863135169,0.8135022570902977,0.23729040552181735
AAPL,2024-08-06,0.862593131411896,0.8615463214085232,0.8643426750230829,0.8379473171358544,0.8444771769751845,0.11333302026006449
AAPL,2024-08-07,0.8754922432440957,0.8745436567629613,0.882519935878129,0.8648717169740535,0.8524577783683022,0.09806672287077255
AAPL,2024-08-08,0.8928734902141953,0.892057313272468,0.8853087684048224,0.877220532635924,0.8834326982531889,0.05742857022171302
AAPL,2024-08-09,0.9074658394715107,0.9067608365175358,0.8981573833942198,0.8931120223259122,0.8783949421967326,0.04510565850116918
AAPL,2024-08-12,0.9151442764378348,0.9132343501366781,0.9117529799568431,0.9114834224478344,0.8981969287999972,0.03473572764812155
AAPL,2024-08-13,0.9337921937768809,0.9320026466510302,0.9236055941852765,0.9287413224757742,0.9128613038385635,0.04996003346405384
AAPL,2024-08-14,0.936035944157505,0.9342608455148017,0.9292828821117558,0.9322334144550984,0.9206424986527214,0.04450684375680965
AAPL,2024-08-15,0.9509942289271562,0.9493156067032463,0.9408367037108989,0.9477200160812301,0.940743747343188,0.055572244514198496
AAPL,2024-08-16,0.9576256794747544,0.9559898933521539,0.9482072005300151,0.952224289607945,0.9373519327663425,0.05041945606252719
AAPL,2024-08-19,0.9568279645864259,0.9551869543780428,0.9440239517399751,0.9491370856924773,0.9463301759293085,0.041344306799876857
AAPL,2024-08-20,0.959919176848991,0.9582982471871292,0.949900409422652,0.9613340779834644,0.9465795863717704,0.015531167313560523
AAPL,2024-08-21,0.9593708101428218,0.9577462362139874,0.9539342618980469,0.9593097148886832,0.9503205146805579,0.0266291177520743
AAPL,2024-08-22,0.9500468897991796,0.9483621262430489,0.9557270936637763,0.9534895358483088,0.9566550984846832,0.04881706756195682
AAPL,2024-08-23,0.961564660226309,0.9599542801065551,0.9551295084051956,0.9556657995384755,0.9460309138421065,0.03634880039516804
AAPL,2024-08-26,0.9632598139454773,0.9616604679971849,0.9504482212396801,0.9534389537995148,0.9515175630293659,0.01628453092555142
AAPL,2024-08-27,0.9674981198280901,0.9659260142962344,0.9582669829927191,0.95849993876097,0.9477267830758386,0.0295339904393387
AAPL,2024-08-28,0.9598195295582417,0.9581979372447217,0.9632968362290775,0.9624980829017383,0.9573035504132082,0.0347956091225575
AAPL,2024-08-29,0.9762735201620387,0.9747581132940307,0.9785358682427852,0.9786932965579959,0.9681772216076284,0.06921900891438863
AAPL,2024-08-30,0.9723345394104843,0.9707937265396295,0.9659860458826783,0.9716078712772577,0.9686261147384315,0.07191367526400648
AAPL,2024-09-03,0.9412714128134687,0.9395300272452524,0.959013964565945,0.9396730685263973,0.9604459545475917,0.06495599457041502
AAPL,2024-09-04,0.9316980676359052,0.9298949892733449,0.9230577823682484,0.9209980216627084,0.9260792961952408,0.04917710182111738
AAPL,2024-09-05,0.9393269109121409,0.9375729113536536,0.9414840624110323,0.9414444441527073,0.9259296651516397,0.031225579974442294
AAPL,2024-09-06,0.9315485966997814,0.9297444477872584,0.9402888918938708,0.9325877204701613,0.9375015638099436,0.06056402385618308
AAPL,2024-09-09,0.9319972394634393,0.9301960722455177,0.9205179690292928,0.9171011188440296,0.9218894747556504,0.10716970086843046
AAPL,2024-09-10,0.928008358414748,0.9261814539474374,0.9215637432318093,0.9172022829416172,0.9124124107077604,0.0684355803297556
AAPL,2024-09-11,0.9407229694555375,0.9389780162721103,0.9295816747410461,0.9230730440307854,0.9250817305347737,0.05103293058693535
AAPL,2024-09-12,0.9412714128134687,0.9395300272452524,0.9318725448822511,0.9328407851631343,0.9302691176348311,0.033313232041707316
AAPL,2024-09-13,0.9399250246119226,0.9381750772979994,0.9343127353481142,0.9434182251986948,0.9356560635326104,0.03160126789704461
AAPL,2024-09-16,0.9091112461970665,0.9071623060045914,0.9003486306623323,0.902980927555849,0.9005411738528734,0.08773282029072581
AAPL,2024-09-17,0.9114545672166776,0.9095208148107706,0.8987549686528005,0.9059163081004332,0.896600762855745,0.05334917583461979
AAPL,2024-09-18,0.9309003527475765,0.9290920502992338,0.9276892960922112,0.9213016684044754,0.9055790060187109,0.08906835110024135
AAPL,2024-09-19,0.9716864487618038,0.9701413290516047,0.9630976664728796,0.9571841104718123,0.9426890270193823,0.10617904759633028
AAPL,2024-09-20,0.9683457350135554,0.9667791082415492,0.9793824726891036,0.9723164060828814,0.9675287696791034,0.7320736358267135
AAPL,2024-09-23,0.9597198056157303,0.9580975507298392,0.9612549852756103,0.9631560356585681,0.9544105567212872,0.07478401050335969
AAPL,2024-09-24,0.9642073063769783,0.9626139484573825,0.9607570228901219,0.9627511475947116,0.9609446993231346,0.04847119614114834
AAPL,2024-09-25,0.9592211859031736,0.9575956947279008,0.9504979946812329,0.9540969065563446,0.9423896888227988,0.04537177077967916
AAPL,2024-09-26,0.9649552742716943,0.9633667324602898,0.9565239246685422,0.961131672563787,0.9542110740329462,0.03127850426512635
AAPL,2024-09-27,0.9663013558661919,0.9647216058350677,0.9616036273364403,0.9706969310519568,0.9599970614167886,0.02479167582902919
AAPL,2024-09-30,0.9922788680021779,0.9908667414575555,0.978934283745168,0.9825901993766747,0.9678778834110452,0.07576770659170796
AAPL,2024-10-01,0.9584235476666072,0.956792832326265,0.962250986036574,0.9526798369450974,0.9652842279157071,0.09749176132784808
AAPL,2024-10-02,0.9612655650505371,0.9596531971343824,0.9508964101836157,0.9490359215948897,0.9471781105461744,0.021945690732807624
AAPL,2024-10-03,0.9557309245670391,0.9540829324317589,0.9481075776569226,0.9505542325282267,0.9434371822373872,0.024836897523416515
AAPL,2024-10-04,0.9613652123412864,0.9597535836492651,0.9540338847711394,0.9546536179910848,0.9572037710143472,0.03279020090607379
AAPL,2024-10-07,0.9358863965696189,0.9341103040287152,0.942529912603536,0.9404828446541106,0.9402449264582639,0.03840638748979096
AAPL,2024-10-08,0.9562295442795958,0.954584788433697,0.9439741023084354,0.9501999265131639,0.9392473607977968,0.019399113008765803
AAPL,2024-10-09,0.9750270092065281,0.9735035498616603,0.9627490244120493,0.958196292019203,0.94388607536819,0.023711076109850945
AAPL,2024-10-10,0.972534063947269,0.9709944229969195,0.961504004463348,0.970038978295127,0.9566052468399432,0.010274766518155634
AAPL,2024-10-11,0.9651048985113422,0.9635172739463761,0.9610558155194124,0.970899336471634,0.964186882856379,0.019159338640173718
