Symbol,Date,Adj Close,Close,High,Low,Open,Volume
AMZN,2018-01-02,0.0,0.0,0.0,0.0,0.0,0.12346452403649734
AMZN,2018-01-03,0.005403780154536075,0.005403780154536075,0.0054657855837498825,0.006329854601222595,0.005760141732357338,0.15167506468745745
AMZN,2018-01-04,0.007321259287212778,0.007321259287212778,0.009128433456440987,0.01215090917160716,0.01166161248703651,0.14577148304507692
AMZN,2018-01-05,0.014276110915452445,0.014276110915452445,0.013810873497313414,0.0140509215366722,0.0160824177367761,0.18135639384447771
AMZN,2018-01-08,0.020583479498324397,0.020583479498324397,0.02225828790783474,0.02188942265733257,0.022616445057978607,0.23139043987471059
AMZN,2018-01-09,0.02265748255465283,0.02265748255465283,0.024463651399226682,0.02535145084560897,0.030002140156007606,0.18929592809478413
AMZN,2018-01-10,0.023237356601612913,0.023237356601612913,0.022699360606113106,0.023739621862466587,0.025849892401755947,0.12288574152253846
AMZN,2018-01-11,0.03118829423609809,0.03118829423609809,0.030617509315453206,0.030581859784505838,0.031005732587695567,0.15277815606700257
AMZN,2018-01-12,0.041334203736988984,0.041334203736988984,0.04084687465642145,0.03660569599232094,0.035829387561115644,0.3106632166689364
AMZN,2018-01-16,0.04121320778560361,0.04121320778560361,0.05290756393373525,0.04333405587299194,0.05336068390521259,0.4316628081165736
AMZN,2018-01-17,0.03770557369559957,0.03770557369559957,0.04375439013246285,0.039270713621700426,0.04955828075104646,0.29773253438649055
AMZN,2018-01-18,0.03710792209185226,0.03710792209185226,0.040437568668590385,0.04038794000323853,0.043094944901901966,0.21419038540106222
AMZN,2018-01-19,0.037556133653354695,0.037556133653354695,0.04340156427896941,0.04357956552880471,0.049473461768935745,0.25174996595396976
AMZN,2018-01-22,0.04919975481627942,0.04919975481627942,0.048500336673288846,0.04488540326467583,0.04423280260088536,0.22189840664578508
AMZN,2018-01-23,0.06173268807949406,0.06173268807949406,0.06171491132618906,0.05935972308769383,0.058693225810400096,0.2919787552771347
AMZN,2018-01-24,0.05994331592091762,0.05994331592091762,0.069922352468128,0.059594591458115354,0.07167290263228404,0.40352716873212585
AMZN,2018-01-25,0.06721474376651004,0.06721474376651004,0.0664573043027955,0.06657554613614791,0.06926286804522763,0.2636320305052431
AMZN,2018-01-26,0.07578824872555273,0.07578824872555273,0.07499296555810181,0.07486239284232399,0.07774757018959494,0.27073403241182076
AMZN,2018-01-29,0.08134857994504863,0.08134857994504863,0.0851764576155089,0.08181136937191036,0.0838151200700854,0.328244586681193
AMZN,2018-01-30,0.08851328816730164,0.08851328816730164,0.08794990680508624,0.07880830090840474,0.08169130236608291,0.3398202369603704
AMZN,2018-01-31,0.09316291993574677,0.09316291993574677,0.09971064295714255,0.09945950685514593,0.09869958426835973,0.3774615279858369
AMZN,2018-02-01,0.07150149624603142,0.07150149624603142,0.09522938310878931,0.07636748321791931,0.09647326123378347,0.5605678877842843
AMZN,2018-02-02,0.08571355367443367,0.08571355367443367,0.1086803236241703,0.0866361064514014,0.10791929438803,0.6975623042353262
AMZN,2018-02-05,0.07150149624603142,0.07150149624603142,0.09491176984619848,0.05344620877740458,0.08149691429837203,0.7227087021653276
AMZN,2018-02-06,0.09029913195582873,0.09029913195582873,0.08962245103107741,0.0645012012843923,0.06695172602854071,0.6935516818738935
AMZN,2018-02-07,0.0810283667924141,0.0810283667924141,0.09562102895928698,0.08704530730851356,0.09788676714417827,0.4277134686095601
AMZN,2018-02-08,0.05744951825263822,0.05744951825263822,0.08600917616428488,0.06384296177376114,0.0910594591848955,0.5241250170230152
AMZN,2018-02-09,0.05357189385099553,0.05357189385099553,0.0682780752302467,0.0339513739406051,0.07120292027495584,0.9029143401879342
AMZN,2018-02-12,0.07016033564895735,0.07016033564895735,0.07191600967904743,0.0617330011913082,0.06808607881090795,0.3988560533841754
AMZN,2018-02-13,0.08022085859465344,0.08022085859465344,0.08105857662954336,0.07579459115950787,0.0755990023821031,0.3429524717417949
AMZN,2018-02-14,0.09321980811746589,0.09321980811746589,0.09246998665044376,0.08285030629664131,0.08277971377988164,0.34576467383903037
AMZN,2018-02-15,0.09702985066200909,0.09702985066200909,0.09842624485931167,0.09476284524625689,0.10420877397100098,0.3248944573062781
AMZN,2018-02-16,0.09238027317618014,0.09238027317618014,0.09731828660916858,0.09822131729069072,0.10084459323744127,0.24453901675064688
AMZN,2018-02-20,0.09937426257065962,0.09937426257065962,0.10542342817509082,0.09819639713765715,0.09699980755311682,0.3825343864905352
AMZN,2018-02-21,0.10455749245580204,0.10455749245580204,0.1106175007007521,0.1097352966685855,0.110608536024908,0.36927005311180716
AMZN,2018-02-22,0.10541836046523245,0.10541836046523245,0.11028228114270994,0.10861095799936238,0.11426955623495821,0.2707885060601934
AMZN,2018-02-23,0.11063361709389985,0.11063361709389985,0.10938602917303925,0.1124323195925474,0.11426249247993175,0.2408279994552635
AMZN,2018-02-26,0.11844227999147106,0.11844227999147106,0.11744529745540028,0.11972643209780864,0.11916037080292302,0.2773866267193245
AMZN,2018-02-27,0.11489545385261102,0.11489545385261102,0.11883554869346752,0.11980113826463712,0.12456710909678465,0.2674315674792319
AMZN,2018-02-28,0.11506264431033497,0.11506264431033497,0.11951304109610866,0.12150548127995664,0.12280375858630427,0.24742612011439463
AMZN,2018-03-01,0.10830348151329516,0.10830348151329516,0.11591037308009272,0.10478242982621999,0.12071525965743374,0.4054133188070271
AMZN,2018-03-02,0.11072253201914395,0.11072253201914395,0.10975651516386614,0.10122791475190263,0.10498977723666653,0.3885537246357075
AMZN,2018-03-05,0.11903276628988735,0.11903276628988735,0.11834154942507097,0.1104754089260025,0.11387377026630413,0.29637750238322214
AMZN,2018-03-06,0.12402394427911168,0.12402394427911168,0.12425193435037779,0.12719846037973914,0.1276415680306741,0.2506060193381452
AMZN,2018-03-07,0.12664221198620962,0.12664221198620962,0.12558220573176987,0.12524507871090063,0.1252809258070084,0.22421353670162059
AMZN,2018-03-08,0.12908264984281925,0.12908264984281925,0.1287509081779465,0.13333614748278633,0.13357835756048525,0.20300285986653954
AMZN,2018-03-09,0.13869848959706232,0.13869848959706232,0.13724064230780947,0.1382570361767056,0.13834903437120744,0.2487402968813836
AMZN,2018-03-12,0.14563553652720662,0.14563553652720662,0.1465525958194363,0.14808448040462951,0.14863240580118703,0.2923124063734169
AMZN,2018-03-13,0.14200332383315173,0.14200332383315173,0.1508609693843213,0.14499248119892538,0.15688740110271143,0.3847609968677652
AMZN,2018-03-14,0.14300657514472825,0.14300657514472825,0.14694424166993397,0.1495753462048548,0.15018729465569775,0.23002178945934904
AMZN,2018-03-15,0.13991865424275096,0.13991865424275096,0.14358149308061824,0.1450280969296227,0.14948054170050035,0.2171047255889963
AMZN,2018-03-16,0.13613352741901796,0.13613352741901796,0.1409456637417244,0.14125293806025385,0.1453989854183067,0.3093898951382269
AMZN,2018-03-19,0.12661729626539941,0.12661729626539941,0.13114326452592057,0.12625556648489167,0.13517918778356458,0.3880906986245404
AMZN,2018-03-20,0.1414092548820699,0.1414092548820699,0.14008467820483844,0.1333931000765386,0.13369849531772798,0.2519610513414136
AMZN,2018-03-21,0.13975504643769243,0.13975504643769243,0.14114326344908296,0.13971228624623366,0.14645914181199987,0.26348222797221843
AMZN,2018-03-22,0.12661376789535006,0.12661376789535006,0.13544458480424865,0.132322130711089,0.13904516473296819,0.37037314449135234
AMZN,2018-03-23,0.1090541015293367,0.1090541015293367,0.12668311069535604,0.11558480038970997,0.12969469426261865,0.48513550320032683
AMZN,2018-03-26,0.13050561434242258,0.13050561434242258,0.12949543372381972,0.1169689275823882,0.12651072016492299,0.3229878796132371
AMZN,2018-03-27,0.10958417127598452,0.10958417127598452,0.13619266391434143,0.11094503708230075,0.14149413085536083,0.4166076535475964
AMZN,2018-03-28,0.0862365123983666,0.0862365123983666,0.09382497145572616,0.07673395605664912,0.09718001418898087,0.8732125834127741
AMZN,2018-03-29,0.09189998058853643,0.09189998058853643,0.09367324503192881,0.06927262335238227,0.08269138988115476,0.7966634890371783
AMZN,2018-04-02,0.06509451906253488,0.06509451906253488,0.08163726917850528,0.06564334781896408,0.08679764234504367,0.6524785510009533
AMZN,2018-04-03,0.07223078319392834,0.07223078319392834,0.0790402059947336,0.06576078200417484,0.0775249271017785,0.6366539561487131
AMZN,2018-04-04,0.07881922716319478,0.07881922716319478,0.07953070554079267,0.06488901098617705,0.06581386832955727,0.4154296609015389
AMZN,2018-04-05,0.09346885676033534,0.09346885676033534,0.09511642284011407,0.09128656533647439,0.09540959992347414,0.37669889690862046
AMZN,2018-04-06,0.07691949844599727,0.07691949844599727,0.09262526663846066,0.08174730449047313,0.09116191059367512,0.34052839438921423
AMZN,2018-04-09,0.07722190690053643,0.07722190690053643,0.08767822066793868,0.08256923520240367,0.08941624643165785,0.22653547596350265
AMZN,2018-04-10,0.08794408065441384,0.08794408065441384,0.08764290039327188,0.08724103095053148,0.09187578122569301,0.22966090153888058
AMZN,2018-04-11,0.08468191255461377,0.08468191255461377,0.09131265539440198,0.09051089164063242,0.09450845890056586,0.18393027373008308
AMZN,2018-04-12,0.0923126913190806,0.0923126913190806,0.0924912003519967,0.09412947159638696,0.09452965016564502,0.1534590766716601
AMZN,2018-04-13,0.08601237947630735,0.08601237947630735,0.09519406283412252,0.09037923288005167,0.09793626735115707,0.1909301375459621
AMZN,2018-04-16,0.08982242202085056,0.08982242202085056,0.09068453599765941,0.09143244867242506,0.09647326123378347,0.13123382813563939
AMZN,2018-04-17,0.11199611075911853,0.11199611075911853,0.11192305865825386,0.1019430525640137,0.10258675248284249,0.288240501157565
AMZN,2018-04-18,0.12053758897463607,0.12053758897463607,0.12131265216388903,0.11869813645846894,0.12108629552259847,0.2959417131962413
AMZN,2018-04-19,0.13087913302411058,0.13087913302411058,0.13356388786200452,0.1311337271604287,0.1311824504834817,0.3842026419719461
AMZN,2018-04-20,0.12041306465320134,0.12041306465320134,0.13098093125134674,0.12296073134948471,0.13753621724702608,0.3173294293885333
AMZN,2018-04-23,0.11698723446572656,0.11698723446572656,0.12632323155530562,0.11844909780494983,0.1324086860029861,0.24404875391529346
AMZN,2018-04-24,0.09643578171092726,0.09643578171092726,0.12332391567025985,0.09889378137669191,0.12856034148025136,0.4503200326841891
AMZN,2018-04-25,0.09646422580178682,0.09646422580178682,0.09879673085013857,0.08699905029242494,0.10106723632525777,0.3885332970175677
AMZN,2018-04-26,0.11702284386191719,0.11702284386191719,0.119767120937805,0.10958588433492855,0.11061209486331819,0.5392755004766444
AMZN,2018-04-27,0.13646790833446598,0.13646790833446598,0.15811573226413406,0.14121379333185025,0.1632659718915393,0.8288097507830587
AMZN,2018-04-30,0.13415916010462214,0.13415916010462214,0.1432604339375721,0.13891880468504314,0.14506326832827393,0.31205229470243767
AMZN,2018-05-01,0.1398973211746063,0.1398973211746063,0.13937897265596938,0.13580193961857778,0.13825008787904397,0.251314176766989
AMZN,2018-05-02,0.1354220451692163,0.1354220451692163,0.1406139977479018,0.14084732049312043,0.14452615333729807,0.23689227836034316
AMZN,2018-05-03,0.13627580215593182,0.13627580215593182,0.1357798043622908,0.13361016058161146,0.13711573509667668,0.22951109900585592
AMZN,2018-05-04,0.13943130491500866,0.13943130491500866,0.13934370622318476,0.13936356698058006,0.13797794458424867,0.17447228653139046
AMZN,2018-05-07,0.1462581038517642,0.1462581038517642,0.1471242350818413,0.14848656897405654,0.14748042059215077,0.19886967179626852
AMZN,2018-05-08,0.14350103549518556,0.14350103549518556,0.14357094007172383,0.14659366889667658,0.14948054170050035,0.14889009941440828
AMZN,2018-05-09,0.1490542556919665,0.1490542556919665,0.1474947210726681,0.14997026819432457,0.1512474510493909,0.18766171864360615
AMZN,2018-05-10,0.14943846804903504,0.14943846804903504,0.15017642369512313,0.15404072273330105,0.15424415475619607,0.13183984747378458
AMZN,2018-05-11,0.14724349618262933,0.14724349618262933,0.14858857274969733,0.15206600420140748,0.15513111434725751,0.09414408279994553
AMZN,2018-05-14,0.14675614685488692,0.14675614685488692,0.14861678589592514,0.15283456560956443,0.1526609569597857,0.11086749285033366
AMZN,2018-05-15,0.137713042983581,0.137713042983581,0.14036697119276248,0.140441702925987,0.14693618792435442,0.2857279041263789
AMZN,2018-05-16,0.14168316496313338,0.14168316496313338,0.14270640097061832,0.14451574075494222,0.14329635897938336,0.11502791774479097
AMZN,2018-05-17,0.13971943704150191,0.13971943704150191,0.14256883496181688,0.1432099030190711,0.1443777066381557,0.08622497616777884
AMZN,2018-05-18,0.13709047565902355,0.13709047565902355,0.1388814198233534,0.14288968719642992,0.14464979601115685,0.11993054609832494
AMZN,2018-05-21,0.1410357362003819,0.1410357362003819,0.1418666291352853,0.1439215118334759,0.14594672300271921,0.1391733623859458
AMZN,2018-05-22,0.13959138435001772,0.13959138435001772,0.14110444345207868,0.1440104425756743,0.14767475473806763,0.08404603023287484
AMZN,2018-05-23,0.14686997750094122,0.14686997750094122,0.14532817757828037,0.1408402082054354,0.14101703082121225,0.1689091651913387
AMZN,2018-05-24,0.14730043864696452,0.14730043864696452,0.14757941435323357,0.14868223832380212,0.15055126676583602,0.17354623450905626
AMZN,2018-05-25,0.14981909775343794,0.14981909775343794,0.14965421128049888,0.15297686565553648,0.15230760744308408,0.12373008307231377
AMZN,2018-05-29,0.15078673966882394,0.15078673966882394,0.15236062732684424,0.1528701270479894,0.15149834915731292,0.201906577693041
AMZN,2018-05-30,0.1550627984729649,0.1550627984729649,0.15384617869625322,0.1574173763232215,0.15764365426488763,0.13796132370965547
AMZN,2018-05-31,0.156745505290818,0.156745505290818,0.1570218805871048,0.16041327820676965,0.15937524483864635,0.15559035816423805
AMZN,2018-06-01,0.1609860089813845,0.1609860089813845,0.16116092143274113,0.16530213445997044,0.1643331920402588,0.16560670025874985
AMZN,2018-06-04,0.16942782431366143,0.16942782431366143,0.16784754477248626,0.16900253287023836,0.16852782232466884,0.15704752825820512
AMZN,2018-06-05,0.18048443326560315,0.18048443326560315,0.1796047812022052,0.17774478315734266,0.1770407794891417,0.26562031867084296
AMZN,2018-06-06,0.1802709940189242,0.1802709940189242,0.1850740934292336,0.18358364559307594,0.1881794044952551,0.312671932452676
AMZN,2018-06-07,0.17797641355189397,0.17797641355189397,0.17992239446479602,0.17989741746590548,0.18607677805633177,0.19640473920740842
AMZN,2018-06-08,0.1760874327926929,0.1760874327926929,0.17623147960399504,0.1787944156597373,0.17991378660029395,0.14120931499387174
AMZN,2018-06-11,0.17791241434745997,0.17791241434745997,0.1779251836896571,0.18149149287597166,0.18005161070599968,0.09901947432929321
AMZN,2018-06-12,0.18133824453493474,0.18133824453493474,0.17978477461411252,0.18538044834830014,0.18411197572311416,0.0938240501157565
AMZN,2018-06-13,0.18351182905057972,0.18351182905057972,0.18480946057864295,0.18844041511328558,0.18757866178724752,0.16656679831131693
AMZN,2018-06-14,0.1902710461302357,0.1902710461302357,0.1887085281556969,0.19155375118204454,0.19134925108289785,0.1561419038540106
AMZN,2018-06-15,0.18746420061465296,0.18746420061465296,0.1873218304818493,0.19142925900142127,0.19153296263537806,0.2653070951927005
AMZN,2018-06-18,0.1902461304094255,0.1902461304094255,0.18939307384489507,0.18930860284130469,0.18879783355172558,0.15160016342094512
AMZN,2018-06-19,0.19415578155459334,0.19415578155459334,0.19269934229987323,0.18853651243544145,0.18978023471833433,0.23211221571564755
AMZN,2018-06-20,0.19959869947536935,0.19959869947536935,0.20216302223529742,0.2031140418683003,0.20160436749277194,0.23500612828544193
AMZN,2018-06-21,0.19253359985374097,0.19253359985374097,0.20222300209197247,0.19464575038774867,0.20778855021388892,0.2764401470788506
AMZN,2018-06-22,0.18735748099131344,0.18735748099131344,0.19513057248673366,0.1926318871274515,0.20164675002293025,0.21747242271551137
AMZN,2018-06-25,0.16867367592757043,0.16867367592757043,0.18172195169069433,0.1692942995421397,0.1874726515400577,0.4514435516818739
AMZN,2018-06-26,0.1786132029218812,0.1786132029218812,0.18051164002265235,0.17535375148065213,0.1768216952397355,0.23868309955059241
AMZN,2018-06-27,0.16773447810304398,0.16773447810304398,0.18417434173722552,0.17416534792999172,0.18945158138332802,0.2717486041127605
AMZN,2018-06-28,0.18229877542760586,0.18229877542760586,0.1818983915383821,0.1745816610747889,0.17688176411835682,0.24842707340324116
AMZN,2018-06-29,0.18171176321662286,0.18171176321662286,0.18821808245151989,0.1863767658391936,0.19259311902907122,0.24936674383766855
AMZN,2018-07-02,0.18668513650775176,0.18668513650775176,0.1848588874264237,0.18059127270723396,0.1804721467781431,0.1569113441372736
AMZN,2018-07-03,0.17963420464893698,0.17963420464893698,0.1887791148631484,0.18572205532626873,0.19505265382310638,0.0882473103636116
AMZN,2018-07-05,0.18168690177842883,0.18168690177842883,0.18372971547472766,0.18204652277676203,0.18848681264338812,0.14311589268691272
AMZN,2018-07-06,0.18556452618007147,0.18556452618007147,0.18534577956638115,0.18543387194434613,0.18517213211680733,0.12045485496391121
AMZN,2018-07-09,0.19566413260939142,0.19566413260939142,0.19391670725447213,0.19417253894147168,0.1950844676816222,0.1450837532343729
AMZN,2018-07-10,0.19710495608970613,0.19710495608970613,0.19760056882871618,0.1994278680334023,0.20020143025401965,0.14446411548413457
AMZN,2018-07-11,0.20134898815032198,0.20134898815032198,0.20005645859758475,0.20049525410887314,0.20001060102471896,0.1585523627944982
AMZN,2018-07-12,0.21615516881242225,0.21615516881242225,0.21453777121098255,0.2105220052687936,0.2093823166819418,0.24863134958463845
AMZN,2018-07-13,0.22199293848303103,0.22199293848303103,0.22064220227942838,0.2222814943025011,0.22331263473371282,0.23845158654500886
AMZN,2018-07-16,0.22535829783612116,0.22535829783612116,0.2300459023581775,0.22912020322683413,0.22968058292910415,0.31219528802941576
AMZN,2018-07-17,0.23298554823053874,0.23298554823053874,0.23348273737728226,0.22304652671295178,0.22600894012561729,0.3269508375323437
AMZN,2018-07-18,0.2326262515942804,0.2326262515942804,0.23601976686249676,0.23510489470624563,0.2388861655387216,0.2710472558899632
AMZN,2018-07-19,0.22197160541488636,0.22197160541488636,0.22971068280013535,0.22798869797765364,0.23233445186905605,0.2584502247037995
AMZN,2018-07-20,0.22223129345052006,0.22223129345052006,0.22753703217730864,0.22755816025748654,0.23076193058787636,0.20448726678469292
AMZN,2018-07-23,0.21806906529243353,0.21806906529243353,0.22194776023693014,0.213300846647269,0.226238593046666,0.20476644423260248
AMZN,2018-07-24,0.22775959792649092,0.22775959792649092,0.22935780310475978,0.22731623389165245,0.23217543649827127,0.231335966226338
AMZN,2018-07-25,0.23998659436511705,0.23998659436511705,0.23776995108249638,0.2320342866558689,0.2322778879070509,0.19453220754460027
AMZN,2018-07-26,0.2202035663244546,0.2202035663244546,0.23100918747108018,0.22557985843561434,0.2357056963576421,0.6157633119978211
AMZN,2018-07-27,0.2235013438204453,0.2235013438204453,0.24348978958700146,0.22630216282768267,0.24879850110353646,0.5991897044804576
AMZN,2018-07-30,0.20996515924565406,0.20996515924565406,0.22565278167084496,0.21188832459612317,0.23158175754529015,0.38683099550592404
AMZN,2018-07-31,0.20933195252833225,0.20933195252833225,0.2158892024520454,0.20238820847852557,0.2171496432776751,0.33075037450633255
AMZN,2018-08-01,0.21635080336100587,0.21635080336100587,0.2146929973571174,0.21544642296041916,0.21626969351984598,0.22278360343183984
AMZN,2018-08-02,0.2295703574358282,0.2295703574358282,0.22814399171438043,0.21899740903703024,0.21795534272503597,0.236510962821735
AMZN,2018-08-03,0.22564290159256506,0.22564290159256506,0.22971068280013535,0.23162861479646302,0.23526046410380336,0.1756230423532616
AMZN,2018-08-06,0.23434445924309188,0.23434445924309188,0.23209948558388988,0.2307106410546491,0.23104458863252014,0.17094511779926463
AMZN,2018-08-07,0.23958463159256949,0.23958463159256949,0.2398447480097617,0.24044204225268961,0.24119374871699834,0.16997140133460437
AMZN,2018-08-08,0.24813674920085127,0.24813674920085127,0.24753353030129593,0.2433703502570943,0.2434801406301959,0.20983930273730084
AMZN,2018-08-09,0.2524057512648935,0.2524057512648935,0.2556704385776654,0.2515468750657446,0.2509011275424598,0.2709451177992646
AMZN,2018-08-10,0.2480585279509876,0.2480585279509876,0.2503528527744345,0.25180660929692733,0.25320164696571007,0.18783875800081712
AMZN,2018-08-13,0.25158038408642136,0.25158038408642136,0.2593507465876899,0.25730744804467065,0.25673196074687504,0.3166416995778292
AMZN,2018-08-14,0.25992264510068985,0.25992264510068985,0.2579428352122894,0.2595597086730955,0.2641140700455968,0.21141222933405962
AMZN,2018-08-15,0.2467493398148225,0.2467493398148225,0.25624913112662734,0.24881070741337907,0.2606368153098209,0.4643469971401335
AMZN,2018-08-16,0.24813674920085127,0.24813674920085127,0.25229358341523583,0.2537066216619923,0.2586543266281402,0.20943755958055288
AMZN,2018-08-17,0.24660706507790853,0.24660706507790853,0.24629500548702615,0.24374393538350914,0.25224399590259067,0.21946071088111124
AMZN,2018-08-20,0.2446469198089426,0.2446469198089426,0.2476182235818613,0.247483532814453,0.25392964510778077,0.13486994416451042
AMZN,2018-08-21,0.2470339435712663,0.2470339435712663,0.24973534022846827,0.2504545145449677,0.2501943745872624,0.15145717009396703
AMZN,2018-08-22,0.25467541601111365,0.25467541601111365,0.25257587640315976,0.2512479961061582,0.24900701668130015,0.14974805937627672
AMZN,2018-08-23,0.2539638794786958,0.2539638794786958,0.25741001594688867,0.2598301384819419,0.25979574316553394,0.18260247855100098
AMZN,2018-08-24,0.2548497174915525,0.2548497174915525,0.2561785444191758,0.2604634578395395,0.26097603731646973,0.13070951927005314
AMZN,2018-08-27,0.262779322057893,0.262779322057893,0.2603034786916983,0.26286160180391505,0.26256274002949626,0.18301103091379545
AMZN,2018-08-28,0.26460783198270943,0.26460783198270943,0.26527168452189104,0.26981416162348015,0.27059509224320427,0.1511235189976849
AMZN,2018-08-29,0.2878309665388926,0.2878309665388926,0.2853528759264438,0.276973032078182,0.2761502772362083,0.38475418766171865
AMZN,2018-08-30,0.28935359392173665,0.28935359392173665,0.2948377157215388,0.29047959214559127,0.291688489266085,0.43551681873893505
AMZN,2018-08-31,0.2930284184694647,0.2930284184694647,0.2937120973340623,0.2968272274660263,0.29507386126472385,0.2262767261337328
AMZN,2018-09-04,0.30256245432117856,0.30256245432117856,0.3036344562632161,0.29976623104809474,0.3019647969410382,0.32955195424213535
AMZN,2018-09-05,0.28666410742225756,0.28666410742225756,0.30006350111576524,0.29154344922335584,0.30606759841010506,0.49974805937627675
AMZN,2018-09-06,0.27367579729220937,0.27367579729220937,0.2884615446740633,0.27208775911495997,0.29490071838388615,0.4499114803213945
AMZN,2018-09-07,0.2714559639876096,0.2714559639876096,0.2770642412262769,0.2728492082354319,0.2709414319266737,0.2731376821462617
AMZN,2018-09-10,0.26680991487183003,0.26680991487183003,0.27630205554307025,0.27077480909140395,0.28235214630578825,0.249455263516274
AMZN,2018-09-11,0.28393553743915456,0.28393553743915456,0.28189132748344875,0.2656084650339442,0.26725210277472383,0.28273866267193243
AMZN,2018-09-12,0.28494942814349544,0.28494942814349544,0.285815108484393,0.2817764865868905,0.29047988617324955,0.24054882200735395
AMZN,2018-09-13,0.28490317935454057,0.28490317935454057,0.2889061709365612,0.2887467999795318,0.2926001989606359,0.18658586408824734
AMZN,2018-09-14,0.2779020789373461,0.2779020789373461,0.2835744785602164,0.28063075676234006,0.29010178655305846,0.1879817513277952
AMZN,2018-09-17,0.2557888610334629,0.2557888610334629,0.2705787173162277,0.2550800532770069,0.2766026271668675,0.42005311180716326
AMZN,2018-09-18,0.2675356191670615,0.2675356191670615,0.2710656632980672,0.2650534351331538,0.26385260326603227,0.2306550456216805
AMZN,2018-09-19,0.2623310562137745,0.2623310562137745,0.26493646496384887,0.26130319641681865,0.27157398849319697,0.21622633800898816
AMZN,2018-09-20,0.2686917846083162,0.2686917846083162,0.26993649134637115,0.27103459761485904,0.2708954905581051,0.1548141086749285
AMZN,2018-09-21,0.2582720193089779,0.2582720193089779,0.2707516035996959,0.2632957228140608,0.27642236660920944,0.40682282445866813
AMZN,2018-09-24,0.26515570642745256,0.26515570642745256,0.26354271400344437,0.24710636439805955,0.25860132150454535,0.2269099822960643
AMZN,2018-09-25,0.2794531504110497,0.2794531504110497,0.27731476750375356,0.27338290127316733,0.27242207047071626,0.24901947432929322
AMZN,2018-09-26,0.2795598700343891,0.2795598700343891,0.2841390106941823,0.2814491041842919,0.28146869163134297,0.2337055699305461
AMZN,2018-09-27,0.29312449870003987,0.29312449870003987,0.2915172868515647,0.2910773500647639,0.2902113556386586,0.2347882336919515
AMZN,2018-09-28,0.28957414419113037,0.28957414419113037,0.2951728814376989,0.29388111159627295,0.29415859273176276,0.21815334332016884
AMZN,2018-10-01,0.2900579651488234,0.2900579651488234,0.29752647163055074,0.2964216098988929,0.3003710843947794,0.1756230423532616
AMZN,2018-10-02,0.2783005133398444,0.2783005133398444,0.2905398951655482,0.28296130684757215,0.2925966401222256,0.30773525806890917
AMZN,2018-10-03,0.27170142997781366,0.27170142997781366,0.2821806737579297,0.277282606615432,0.2861333042730811,0.2976848699441645
AMZN,2018-10-04,0.25628337566653625,0.25628337566653625,0.2702893710417467,0.25833927268171664,0.27457770203323445,0.4341345499114803
AMZN,2018-10-05,0.24925024850581667,0.24925024850581667,0.2607904246735378,0.24633427399219632,0.26361933758477923,0.40453493122701895
AMZN,2018-10-08,0.24027478077422648,0.24027478077422648,0.2512349981709912,0.23488783420117276,0.24807406179987607,0.4434086885469154
AMZN,2018-10-09,0.24237367241005692,0.24237367241005692,0.24935780095108456,0.24259467656125233,0.24312317835328984,0.2649870625085115
AMZN,2018-10-10,0.2014379030755662,0.2014379030755662,0.23590686043570358,0.2077573341734158,0.24238110662296047,0.6882473103636116
AMZN,2018-10-11,0.188670197497528,0.188670197497528,0.19950597919485064,0.18309615527915668,0.1950667813331592,0.888914612556176
AMZN,2018-10-12,0.213305602877934,0.213305602877934,0.21840157235525176,0.20353035501309735,0.22475089074759708,0.5830927413863544
AMZN,2018-10-15,0.20346568448424784,0.20346568448424784,0.21349684610407144,0.20057712685565898,0.22015691565612278,0.37831267874165875
AMZN,2018-10-16,0.22445829206045087,0.22445829206045087,0.22366973131070195,0.21029783247603573,0.21609304572239213,0.3390031322347814
AMZN,2018-10-17,0.2286454359393476,0.2286454359393476,0.23112209389787336,0.2264693830266883,0.23704505980115692,0.30055154568977255
AMZN,2018-10-18,0.20694134611334292,0.20694134611334292,0.22588214808865087,0.21254656410675432,0.22951800871990896,0.3399632302873485
AMZN,2018-10-19,0.20456137909111793,0.20456137909111793,0.2184544989253699,0.20725567357639896,0.2166796609203469,0.3422238866948114
AMZN,2018-10-22,0.21355106886813802,0.21355106886813802,0.21859561849839076,0.20832311394414227,0.21626969351984598,0.2464047392074084
AMZN,2018-10-23,0.2062226985582103,0.2062226985582103,0.2068948622030095,0.19337905738028116,0.20151248475563482,0.3978346724771892
AMZN,2018-10-24,0.16904719460925854,0.16904719460925854,0.2073782546206296,0.17294138294090655,0.21262986457487493,0.41175949884243496
AMZN,2018-10-25,0.21101460506356928,0.21101460506356928,0.21341215282350595,0.18555483512726312,0.18776593217813792,0.6403649734440964
AMZN,2018-10-26,0.16143780319555245,0.16143780319555245,0.17941423478140356,0.15388419811195908,0.16877165667756439,0.95890644150892
AMZN,2018-10-29,0.12446504481789922,0.12446504481789922,0.1678687584740392,0.11545672491910797,0.1724503632360776,0.8841617867356666
AMZN,2018-10-30,0.12145545373101796,0.12145545373101796,0.12384968164910365,0.1088244352144565,0.11101844950361478,0.7884243497208225
AMZN,2018-10-31,0.14550031853039158,0.14550031853039158,0.15310870643693703,0.1403954459098985,0.14064243611763733,0.5793885332970176
AMZN,2018-11-01,0.16952032189157107,0.16952032189157107,0.1695306958492539,0.15226167355115305,0.15956251522953674,0.49395342503064144
AMZN,2018-11-02,0.16952032189157107,0.16952032189157107,0.17905435564135314,0.17125837678864197,0.179019709332412,0.4136047936810568
AMZN,2018-11-05,0.15609802224545033,0.15609802224545033,0.16516939571425077,0.1515216155860084,0.17159165866512177,0.3229878796132371
AMZN,2018-11-06,0.16143780319555245,0.16143780319555245,0.16760762534578605,0.15799379737933916,0.1577320320854087,0.2298856053384175
AMZN,2018-11-07,0.20152328963076094,0.20152328963076094,0.20085746427779566,0.1756170690018135,0.1770443383275519,0.49781424485904946
AMZN,2018-11-08,0.201316961406797,0.201316961406797,0.20959772468513532,0.19733213202631927,0.20602164086499836,0.38496527304916245
AMZN,2018-11-09,0.18620484392010817,0.18620484392010817,0.19545518519399924,0.18906309318549186,0.1980705487949908,0.34188342639248265
AMZN,2018-11-12,0.15931752420896117,0.15931752420896117,0.18297458307807796,0.16349463612708248,0.1859637040541155,0.40343864905352034
AMZN,2018-11-13,0.15729690810561048,0.15729690810561048,0.17186307234055292,0.15770914299512284,0.16866564643037457,0.3440010894729674
AMZN,2018-11-14,0.14585608679660045,0.14585608679660045,0.17043050138314414,0.15177423752950614,0.17114993132789907,0.3816968541468065
AMZN,2018-11-15,0.15312398627214352,0.15312398627214352,0.15342976557998317,0.13378449306830198,0.14453672200894058,0.5138226882745472
AMZN,2018-11-16,0.14386391478410931,0.14386391478410931,0.1497812242804059,0.143252576745181,0.1468301776771645,0.353043715102819
AMZN,2018-11-19,0.11500575612861597,0.11500575612861597,0.13803459470146345,0.11843128993960128,0.14312321609854578,0.4704276181397249
AMZN,2018-11-20,0.10901854641576225,0.10901854641576225,0.1216478717219312,0.08877098718688803,0.09382289721044762,0.6807503745063326
AMZN,2018-11-21,0.116585271693179,0.116585271693179,0.12702893710417468,0.12257292164769995,0.1311011364179871,0.32925915838213266
AMZN,2018-11-23,0.11136643241184607,0.11136643241184607,0.12215947728577897,0.11787978903651719,0.1219167450734488,0.12435653002859866
AMZN,2018-11-26,0.13956646862920763,0.13956646862920763,0.1393119395127374,0.12585347791546453,0.12969113542420846,0.36609015388805666
AMZN,2018-11-27,0.1395984953727326,0.1395984953727326,0.1438426262088714,0.1378762844703334,0.14276274890502355,0.33378047119705845
AMZN,2018-11-28,0.1738675452054771,0.1738675452054771,0.1734121571308565,0.15325082446208915,0.15616652063746134,0.5159607789731717
AMZN,2018-11-29,0.1723805272188237,0.1723805272188237,0.17642552574713416,0.17143629256531123,0.1777475324443391,0.39029688138363067
AMZN,2018-11-30,0.17828593302914797,0.17828593302914797,0.17854624979984274,0.17647809014987514,0.17934129891239198,0.3323233011030914
AMZN,2018-12-03,0.20752472138904432,0.20752472138904432,0.20760056775187846,0.19907203648006366,0.21113153968236936,0.4072586136456489
AMZN,2018-12-04,0.17054132361862684,0.17054132361862684,0.20477769171452037,0.17594439711213972,0.20637504430349402,0.5320168868309955
AMZN,2018-12-06,0.18149479559989457,0.18149479559989457,0.18032814688840765,0.15632148680473823,0.156502237727494,0.5384788233691952
AMZN,2018-12-07,0.15657114952776297,0.15657114952776297,0.18663728479265113,0.16187569485625508,0.18837729747958215,0.45586272640610104
AMZN,2018-12-10,0.16080454219561457,0.16080454219561457,0.16513407543958397,0.14956823391716978,0.15967208431513685,0.45032684189023564
AMZN,2018-12-11,0.16159077160784674,0.16159077160784674,0.17271350486854448,0.15979065442683582,0.17881124767644246,0.3652049571020019
AMZN,2018-12-12,0.16881242229443494,0.16881242229443494,0.18171839812647478,0.17426139095987514,0.17563077849536296,0.38926188206455126
AMZN,2018-12-13,0.16697674706428756,0.16697674706428756,0.1771771584214465,0.16758284423913528,0.17951800063163986,0.29892414544464113
AMZN,2018-12-14,0.14333026238479596,0.14333026238479596,0.15969303020066544,0.1474796101977719,0.16467597288531793,0.3735462345090562
AMZN,2018-12-17,0.11807228967983241,0.11807228967983241,0.1362491440486791,0.11901840657338258,0.13923248904565272,0.5412297426120114
AMZN,2018-12-18,0.1289474318460041,0.1289474318460041,0.13322161501740543,0.12542294019529743,0.13004453886270412,0.38415497752962
AMZN,2018-12-19,0.1088833284189471,0.1088833284189471,0.13921313965905807,0.11125102832957201,0.13112232768306625,0.5386694811384992
AMZN,2018-12-20,0.09669899811661031,0.09669899811661031,0.11273817091157862,0.09328620402140153,0.11025513258641223,0.6203527168732126
AMZN,2018-12-21,0.06703685963340561,0.06703685963340561,0.10232886600058516,0.06883139005455152,0.10353733979093555,0.8687865994825004
AMZN,2018-12-24,0.05512291104208289,0.05512291104208289,0.07269935522192494,0.04856446481188881,0.061488477694468024,0.4316151436742476
AMZN,2018-12-26,0.10028137936904491,0.10028137936904491,0.09991529595105814,0.06849336636656161,0.06957739387018125,0.6489513822688274
AMZN,2018-12-27,0.09698718452571975,0.09698718452571975,0.09844740471898256,0.0782070139915258,0.09972436796512679,0.6019814789595533
AMZN,2018-12-28,0.10281431480356418,0.10281431480356418,0.11413902900042222,0.09908945072643738,0.10649166096758239,0.5411752689636389
AMZN,2018-12-31,0.11133445995093716,0.11133445995093716,0.11671137876030352,0.11261023536921666,0.11972579473579853,0.41353670162059103
AMZN,2019-01-02,0.12455395974314332,0.12455395974314332,0.12821453534832622,0.10333429204437694,0.1036115901014037,0.4835761950156612
AMZN,2019-01-03,0.11073322569452437,0.11073322569452437,0.12279464996907857,0.11620747846191626,0.12298046030555215,0.41497344409641834
AMZN,2019-01-04,0.1374533549479473,0.1374533549479473,0.14255467454682097,0.1237506296206966,0.12651072016492299,0.565252621544328
AMZN,2019-01-07,0.15670636752457812,0.15670636752457812,0.1568666005990878,0.14897047599799718,0.15206377309018843,0.48426392482636527
AMZN,2019-01-08,0.16633642932425086,0.16633642932425086,0.17170429263019854,0.1587267430567988,0.17410770349936805,0.5447432929320442
AMZN,2019-01-09,0.1673467373759262,0.1673467373759262,0.16859562388257904,0.1675472828007103,0.16996963717696328,0.37229334059648644
AMZN,2019-01-10,0.1662083223501507,0.1662083223501507,0.16699011279981985,0.16050937552892552,0.16573963419562726,0.3831131690044941
AMZN,2019-01-11,0.1606373517378905,0.1606373517378905,0.16594568797057135,0.16570416873712512,0.16557705998643218,0.259083480866131
AMZN,2019-01-14,0.15233064583719647,0.15233064583719647,0.1616796341250279,0.15109107786584142,0.1565481790960626,0.34894457306278087
AMZN,2019-01-15,0.17273271283236702,0.17273271283236702,0.17119268706635077,0.16207136420600066,0.1625556600979317,0.3484406918153343
AMZN,2019-01-16,0.17601273991287858,0.17601273991287858,0.18172195169069433,0.179815599011392,0.18100926176911908,0.3735258068909165
AMZN,2019-01-17,0.17937098824325381,0.17937098824325381,0.1800176407542558,0.18039202006750976,0.17951800063163986,0.22658314040582866
AMZN,2019-01-18,0.1804310734539334,0.1804310734539334,0.1856739458378664,0.1853876149282575,0.19082620968018066,0.34993871714558084
AMZN,2019-01-22,0.15765262208920328,0.15765262208920328,0.17356032999043441,0.15644603327763396,0.17987140407013563,0.37692360070815745
AMZN,2019-01-23,0.16044524555935635,0.16044524555935635,0.1649364757322253,0.15708646492291656,0.1710368573256828,0.2957851014571701
AMZN,2019-01-24,0.16574941711326785,0.16574941711326785,0.16487649587555026,0.16412437219470133,0.16576082546070642,0.21848018521040447
AMZN,2019-01-25,0.17131333098542922,0.17131333098542922,0.17412846953050204,0.17473818569613075,0.17616088365310661,0.2767669889690862
AMZN,2019-01-28,0.15968751452059982,0.15968751452059982,0.16055046217333185,0.15783010617803983,0.16665134389017816,0.2693994280266921
AMZN,2019-01-29,0.14403110524183338,0.14403110524183338,0.1560974154712063,0.14951486461339625,0.16229769823498325,0.25544736483726
AMZN,2019-01-30,0.17126349954380893,0.17126349954380893,0.17182430618543082,0.15981910357757578,0.15937524483864635,0.3338213264333379
AMZN,2019-01-31,0.18844606457546864,0.18844606457546864,0.19280524928199155,0.1809542165482575,0.1840589705995192,0.6828952744110037
AMZN,2019-02-01,0.15553950840794295,0.15553950840794295,0.1704516612428149,0.16064814657719118,0.16498693987186136,0.723471333242544
AMZN,2019-02-04,0.15805816751441637,0.15805816751441637,0.16218418640231885,0.15762021225292433,0.15937524483864635,0.2756230423532616
AMZN,2019-02-05,0.16712971547658184,0.16712971547658184,0.16769937191290835,0.1679386757924738,0.16656301999145123,0.24321122157156477
AMZN,2019-02-06,0.1605306321145511,0.1605306321145511,0.17016936825489087,0.16467945638776416,0.17624920755183354,0.208266376140542
AMZN,2019-02-07,0.15132033778552112,0.15132033778552112,0.1536838454216794,0.1502940673069445,0.16008199779384374,0.25502519406237234
AMZN,2019-02-08,0.1420176001611977,0.1420176001611977,0.14064571061646697,0.14098962053909248,0.14630012644121498,0.32522129919651366
AMZN,2019-02-11,0.14300657514472825,0.14300657514472825,0.14794990034406036,0.1478354417511104,0.15159379073286022,0.16587225929456628
AMZN,2019-02-12,0.15973018065688915,0.15973018065688915,0.15857446509974588,0.15241825246476737,0.1526609569597857,0.27082255209042627
AMZN,2019-02-13,0.16043813453664146,0.16043813453664146,0.16456598974139852,0.16602085556206014,0.1678563881446034,0.18241862998774344
AMZN,2019-02-14,0.15426592966796848,0.15426592966796848,0.15804514555668253,0.15497297534275734,0.15990529607459586,0.22056380226065642
AMZN,2019-02-15,0.1490364509938713,0.1490364509938713,0.1548729972300505,0.1544178911496945,0.1610926539805581,0.2357755685687049
AMZN,2019-02-19,0.15601974671297048,0.15601974671297048,0.15666900089172925,0.15301601038394008,0.15160085448788668,0.19068500612828543
AMZN,2019-02-20,0.15407029511938486,0.15407029511938486,0.15699716716321438,0.15641752983462165,0.1618489071427343,0.16725452812202096
AMZN,2019-02-21,0.15312398627214352,0.15312398627214352,0.15298519315936737,0.1531405568568358,0.15826208332135822,0.1771823505379273
AMZN,2019-02-22,0.15743565447247498,0.15743565447247498,0.15700072072743393,0.16034926761760493,0.15955194655789423,0.150817104725589
AMZN,2019-02-25,0.1579479195210276,0.1579479195210276,0.16393792418653802,0.1636298238853695,0.165895144649796,0.1568296336647147
AMZN,2019-02-26,0.159157444773952,0.159157444773952,0.15878261781599884,0.1585559938600869,0.16042833747731305,0.12151028190113032
AMZN,2019-02-27,0.16082587526375924,0.16082587526375924,0.15942484378585536,0.15818946672908474,0.16120572798277438,0.15439874710608742
AMZN,2019-02-28,0.1603776637022568,0.1603776637022568,0.16293931879896845,0.16485378887445468,0.1637041403903517,0.1460302328748468
AMZN,2019-03-01,0.1717259874333572,0.1717259874333572,0.17087507380375994,0.17096308111903435,0.17072939525575564,0.27874165872259293
AMZN,2019-03-04,0.18042043406116914,0.18042043406116914,0.1832850892122297,0.17927479368597166,0.18128490998053043,0.35994144082799945
AMZN,2019-03-05,0.17908991285685938,0.17908991285685938,0.18270995022748732,0.18448739475951992,0.1876281080724323,0.1906713877161923
AMZN,2019-03-06,0.17073701244982653,0.17073701244982653,0.17916370850392688,0.17711146379974518,0.18516150952337068,0.21208634073267058
AMZN,2019-03-07,0.15543989980731843,0.15543989980731843,0.16928372313599677,0.1601143992471834,0.17505478589084494,0.27752281084025604
AMZN,2019-03-08,0.15360780722983647,0.15360780722983647,0.15268879359832938,0.1480382233885409,0.1526645157981959,0.2577761133051886
AMZN,2019-03-11,0.17133108140090836,0.17133108140090836,0.17017997510566735,0.16207136420600066,0.16047778376249783,0.20394253030096687
AMZN,2019-03-12,0.17221333676109962,0.17221333676109962,0.17440720895420653,0.17451406719564533,0.17563077849536296,0.18610921966498706
AMZN,2019-03-13,0.17851359432125669,0.17851359432125669,0.17995766089758075,0.18105025957814092,0.18057815702533303,0.1818534658858777
AMZN,2019-03-14,0.17688071894502388,0.17688071894502388,0.1806633664464498,0.18282577976258263,0.18347586031818058,0.14063053247991286
AMZN,2019-03-15,0.18617992819929796,0.18617992819929796,0.18659141150908992,0.18595334040671163,0.1876457944208953,0.45414680648236416
AMZN,2019-03-18,0.19677763191435682,0.19677763191435682,0.19760056882871618,0.19289162135863425,0.1910736028714865,0.30966907258613646
AMZN,2019-03-19,0.2037858433542662,0.2037858433542662,0.209654204819473,0.2074371183507745,0.2054950945456649,0.373341958327659
AMZN,2019-03-20,0.2163864127571965,0.2163864127571965,0.21506703691216372,0.21224768514716807,0.2113011776465908,0.3666280811657361
AMZN,2019-03-21,0.22420924341758142,0.22420924341758142,0.22362385802714085,0.21945281261795846,0.22060220183175566,0.33273185346588585
AMZN,2019-03-22,0.20482464977941717,0.20482464977941717,0.2219407069503732,0.21085291666909856,0.22551771258141579,0.3732602478551001
AMZN,2019-03-25,0.20820064852527165,0.20820064852527165,0.20913199240484875,0.2052987086175817,0.2070076008700174,0.2875187253166281
AMZN,2019-03-26,0.21158028420640773,0.21158028420640773,0.21727945369011264,0.21449994577559295,0.21945016270092538,0.2713196241318262
AMZN,2019-03-27,0.20515550232481583,0.20515550232481583,0.21083274977706762,0.20465111039234174,0.2163156348884145,0.23447501021380907
AMZN,2019-03-28,0.20790182272339797,0.20790182272339797,0.20745589461463804,0.20742289377540457,0.21132236891166994,0.1471946071088111
AMZN,2019-03-29,0.21050945103773167,0.21050945103773167,0.21272405357008822,0.21566342917321968,0.2171814571361908,0.1661105815061964
AMZN,2019-04-01,0.2224056492135752,0.2224056492135752,0.22077276884355496,0.22352685044691367,0.2219627026185555,0.2286190930137546
AMZN,2019-04-02,0.2223309020511447,0.2223309020511447,0.2223006399323057,0.2258004479383935,0.2258181108963166,0.17477870080348634
AMZN,2019-04-03,0.2247215627487501,0.2247215627487501,0.22582922151853274,0.22740163563614457,0.2313661782125001,0.20732670570611467
AMZN,2019-04-04,0.22406696868066756,0.22406696868066756,0.22538814882025432,0.22547311982806728,0.22922116924341845,0.18674928503336513
AMZN,2019-04-05,0.23061980325374343,0.23061980325374343,0.2288567505498063,0.23294156482001915,0.23217187765986097,0.18787961323709657
AMZN,2019-04-08,0.23509507925913353,0.23509507925913353,0.23295697139843846,0.2329131156692792,0.23366669763575038,0.19552635162740023
AMZN,2019-04-09,0.23010753820519092,0.23010753820519092,0.2339767366456787,0.23528633948062116,0.23799915202586602,0.19291161650551547
AMZN,2019-04-10,0.23419507348346313,0.23419507348346313,0.23218067914211787,0.2342295946905415,0.23641250323463364,0.14181533433201687
AMZN,2019-04-11,0.23303532538954286,0.23303532538954286,0.23286872455365343,0.23832144038484537,0.2391335048082333,0.1207612692360071
AMZN,2019-04-12,0.23267602875328464,0.23267602875328464,0.2334156503921681,0.23867368864820526,0.23902749456104339,0.15205638022606566
AMZN,2019-04-15,0.23331992914598676,0.23331992914598676,0.23177487287662418,0.2307035287669642,0.23676585275133527,0.19359253711017294
AMZN,2019-04-16,0.23978384879381853,0.23978384879381853,0.23986240814709509,0.24105760803721088,0.24006996460627356,0.14730355440555631
AMZN,2019-04-17,0.24041705551114034,0.24041705551114034,0.24222655134884147,0.24548389412952587,0.24771715344476414,0.13701484406918152
AMZN,2019-04-18,0.23930361048879112,0.23930361048879112,0.24023289413792198,0.24514228715155728,0.24623295606231138,0.1272368241862999
AMZN,2019-04-22,0.24841782458724582,0.24841782458724582,0.24644317834660406,0.24021786945993173,0.24150115686513135,0.16971946071088112
AMZN,2019-04-23,0.2613883300191987,0.2613883300191987,0.26085390425255023,0.2558521436828701,0.2541522342738031,0.25596486449679967
AMZN,2019-04-24,0.25355480568343336,0.25355480568343336,0.2610056306763477,0.25890499816017065,0.2660965587272774,0.19028326297153753
AMZN,2019-04-25,0.25373268981653774,0.25373268981653774,0.2584509410537998,0.2596700305706213,0.26326949298469365,0.35529075309818875
AMZN,2019-04-26,0.2709436989390571,0.2709436989390571,0.26852508024863314,0.25884809985869084,0.2675100646376722,0.5141835761950156
AMZN,2019-04-29,0.2666035866478661,0.2666035866478661,0.2704093307550968,0.27168925383551157,0.27457770203323445,0.21380906986245402
AMZN,2019-04-30,0.26236661132734895,0.26236661132734895,0.26312985445139375,0.262032613096572,0.2678987868512999,0.1787212311044532
AMZN,2019-05-01,0.25703041302991236,0.25703041302991236,0.2659280170648614,0.2633134763871371,0.26895543832837693,0.15223341958327657
AMZN,2019-05-02,0.2532239531380346,0.2532239531380346,0.258133381633091,0.2531088637428197,0.2619725659931313,0.20983249353125427
AMZN,2019-05-03,0.2751521758860985,0.2751521758860985,0.2732533666521258,0.27236888450147,0.27457770203323445,0.37452676017976305
AMZN,2019-05-06,0.2709152005655814,0.2709152005655814,0.27134790244410917,0.2632957228140608,0.2636158326681631,0.3088996323028735
AMZN,2019-05-07,0.26040293768833356,0.26040293768833356,0.2678546411325489,0.26076233679912586,0.2713937279355389,0.3418766171864361
AMZN,2019-05-08,0.2592538289871775,0.2592538289871775,0.26300989473804365,0.2631178070373915,0.26393030457132255,0.2177107449271415
AMZN,2019-05-09,0.25288598956992103,0.25288598956992103,0.2538461679278768,0.25102029431569406,0.25726201198282456,0.30144355168187387
AMZN,2019-05-10,0.2493676618045365,0.2493676618045365,0.25186661729007126,0.2439040975871022,0.25655525902762716,0.32934086885469155
AMZN,2019-05-13,0.22542593397583688,0.22542593397583688,0.23166552001405055,0.2303833129443229,0.23484348687007012,0.3337940896091516
AMZN,2019-05-14,0.23163011130541877,0.23163011130541877,0.23374737022787279,0.22958271909544736,0.23588239807689,0.2551954242135367
AMZN,2019-05-15,0.24266896984188124,0.24266896984188124,0.24150668538497638,0.2321623621264709,0.23180084179469634,0.2595192700531118
AMZN,2019-05-16,0.25562525322840435,0.25562525322840435,0.25670786396223916,0.2532583303687491,0.25229344218777544,0.26055426937219117
AMZN,2019-05-17,0.24190407349779375,0.24190407349779375,0.2542448670649315,0.24793540739767506,0.25480598210540556,0.2625153207136048
AMZN,2019-05-20,0.2383359685734051,0.2383359685734051,0.2391602023205635,0.23662420965721087,0.24054350580201195,0.19861773117254528
AMZN,2019-05-21,0.23782012087218707,0.23782012087218707,0.2431192497542925,0.2403459992228062,0.24835326884969772,0.2127059784829089
AMZN,2019-05-22,0.23858854558632392,0.23858854558632392,0.24046931384228482,0.2421250484049542,0.24022191622203198,0.13994961187525534
AMZN,2019-05-23,0.22286455445045794,0.22286455445045794,0.2307692142024978,0.22547311982806728,0.23485405554171263,0.24125017023015116
AMZN,2019-05-24,0.2256393732225157,0.2256393732225157,0.22997881537306336,0.23032994364054937,0.23460671627220092,0.16944028326297156
AMZN,2019-05-28,0.2303174490818204,0.2303174490818204,0.23262880512695322,0.2337101262281761,0.23349705967152895,0.1578850606019338
AMZN,2019-05-29,0.2241843819793874,0.2241843819793874,0.22582922151853274,0.2266579943810213,0.2300940013244271,0.2313563938444777
AMZN,2019-05-30,0.22316338025233162,0.22316338025233162,0.22564222866195055,0.22676473298856836,0.23093151463030376,0.15426937219120251
AMZN,2019-05-31,0.20848883493438097,0.20848883493438097,0.21368739252487307,0.21426513169744388,0.2183935651456425,0.2544940759907395
AMZN,2019-06-03,0.179182410434769,0.179182410434769,0.20334862047944907,0.1784350551086925,0.2077921090522991,0.5595396976712516
AMZN,2019-06-04,0.19229877325630118,0.19229877325630118,0.19083275193074295,0.18159823148351872,0.18631705357081713,0.32669208770257385
AMZN,2019-06-05,0.19547919173618822,0.19547919173618822,0.19830627437758513,0.1938238196758182,0.2041134024937859,0.22868718507422037
AMZN,2019-06-06,0.20112132685821338,0.20112132685821338,0.20112915041494323,0.1976950758673428,0.1999116545325555,0.1912025057878251
AMZN,2019-06-07,0.2187912412176155,0.2187912412176155,0.2174488402512434,0.2095648867985761,0.2090960458770938,0.26739071224295247
AMZN,2019-06-10,0.23892650915443747,0.23892650915443747,0.24519054695922043,0.2303833129443229,0.229698215355773,0.3057129238730764
AMZN,2019-06-11,0.24001862110864214,0.24001862110864214,0.24830626899339686,0.24461570640150687,0.2513428548796824,0.21526623995642108
AMZN,2019-06-12,0.23703747411262033,0.23703747411262033,0.23817925707032744,0.23976957816668842,0.24099936064928745,0.1223614326569522
AMZN,2019-06-13,0.24236656138734203,0.24236656138734203,0.24456248140435993,0.24611721348712345,0.24550145300362453,0.13036224976167782
AMZN,2019-06-14,0.24214242846528278,0.24214242846528278,0.24206071835193016,0.24497148366257304,0.24454024310209493,0.13413454991148033
AMZN,2019-06-17,0.24796244772041243,0.24796244772041243,0.24900847481992844,0.25082457067367614,0.24895751647432135,0.11936538199645923
AMZN,2019-06-18,0.2534195876866182,0.2534195876866182,0.25817575519431474,0.25948500250626705,0.2577390580951792,0.20525670706795585
AMZN,2019-06-19,0.256059242744477,0.256059242744477,0.25743822909311637,0.25688043932220983,0.26003251376340314,0.13713740977801991
AMZN,2019-06-20,0.25940326902942246,0.25940326902942246,0.2629499148813686,0.26162341223945984,0.26904020338869356,0.15905624404194474
AMZN,2019-06-21,0.2569521917800486,0.2569521917800486,0.2596859661457321,0.2622567315970574,0.262951462243124,0.20783739615960778
AMZN,2019-06-24,0.25787711327652907,0.25787711327652907,0.25647849754443325,0.2600222788339812,0.26173584931705624,0.09544464115484134
AMZN,2019-06-25,0.24520185099378444,0.24520185099378444,0.25631266454752194,0.24974648902054164,0.2614460735955921,0.1451041808525126
AMZN,2019-06-26,0.2521602852746896,0.2521602852746896,0.2518701708542908,0.2550480208362883,0.25460458420446236,0.10626446956284898
AMZN,2019-06-27,0.25445481145910365,0.25445481145910365,0.25449539334240817,0.25886232443406076,0.25796876493802195,0.08582323301103091
AMZN,2019-06-28,0.2506661562653213,0.2506661562653213,0.25509529959292304,0.253866729573313,0.260477799939036,0.1468132915702029
AMZN,2019-07-01,0.2608262335290258,0.2608262335290258,0.2610515039599089,0.2647758930366225,0.26538274201705364,0.15734713332425437
AMZN,2019-07-02,0.26513790172935725,0.26513790172935725,0.26280524174412806,0.26191870790906757,0.2641105651289806,0.1201552498978619
AMZN,2019-07-03,0.2668063322191645,0.2668063322191645,0.26520465137865906,0.27041191954265276,0.26994490325001214,0.0550864769167915
AMZN,2019-07-05,0.2681973242578589,0.2681973242578589,0.26672546918085277,0.26856169319138257,0.2673687356153504,0.1189636388397113
AMZN,2019-07-08,0.27154487891285384,0.27154487891285384,0.2702893710417467,0.2696113256937772,0.2693194104385152,0.1363271142584775
AMZN,2019-07-09,0.2843446655170332,0.2843446655170332,0.2822900804623854,0.27503034598700704,0.27415366104447486,0.23589813427754325
AMZN,2019-07-10,0.2947004316119375,0.2947004316119375,0.2946154025902899,0.2935039431798794,0.291366899686105,0.27581370012256573
AMZN,2019-07-11,0.2888875233795227,0.2888875233795227,0.29844743702411175,0.2934683817414545,0.3016538299544948,0.23399836579054883
AMZN,2019-07-12,0.2924201274729531,0.2924201274729531,0.2918136864126026,0.2965176529287763,0.2955226523569728,0.1108538744382405
AMZN,2019-07-15,0.29597401035191206,0.29597401035191206,0.2938955366264248,0.29569219321913953,0.3001625688170157,0.14299332697807438
AMZN,2019-07-16,0.2920288040931698,0.2920288040931698,0.2951023485721294,0.2955747590339287,0.2963389743977704,0.11826909982296065
AMZN,2019-07-17,0.28567160406867753,0.28567160406867753,0.290049395619489,0.2923048983438278,0.29509154761318684,0.11422443143129511
AMZN,2019-07-18,0.28064487096587887,0.28064487096587887,0.2814043815016091,0.2779017013976596,0.2855361204034838,0.17742067274955742
AMZN,2019-07-19,0.27588499120404486,0.27588499120404486,0.284403697386655,0.281701780420062,0.2894939800900245,0.15690453493122702
AMZN,2019-07-22,0.2833948282997425,0.2833948282997425,0.2819336472027904,0.2802892040766439,0.2824015925909729,0.13745744246220892
AMZN,2019-07-23,0.2865467484061538,0.2865467484061538,0.28503531650573505,0.2855800946069993,0.2911831342118308,0.1240773525806891
AMZN,2019-07-24,0.2887950258016131,0.2887950258016131,0.28627384132000483,0.28299692257826947,0.28175134967598664,0.11916110581506197
AMZN,2019-07-25,0.279193462375416,0.279193462375416,0.2862385210453379,0.2854342112710486,0.29295360239913154,0.2216532752281084
AMZN,2019-07-26,0.26824710141686314,0.26824710141686314,0.26848975997396635,0.26828062209714487,0.2721040397291465,0.2754868582323301
AMZN,2019-07-29,0.257361265575311,0.257361265575311,0.26190193648790044,0.2561937506608388,0.26786346807616795,0.2459417131962413
AMZN,2019-07-30,0.25240927963494286,0.25240927963494286,0.25401905421134513,0.2536817558012311,0.2541239792536975,0.13819964592128559
AMZN,2019-07-31,0.24111431571551223,0.24111431571551223,0.2503705129117679,0.24156996421189136,0.2565941366411694,0.24440964183576197
AMZN,2019-08-01,0.23703747411262033,0.23703747411262033,0.2497953739270255,0.23963791940610768,0.2472683623525151,0.2609287757047528
AMZN,2019-08-02,0.22562515117708593,0.22562515117708593,0.23160198659315595,0.22683232686771193,0.23785075924851778,0.2774683371918834
AMZN,2019-08-05,0.20495270247090125,0.20495270247090125,0.21124560932911823,0.20575416649078238,0.21140012413875436,0.3525057878251396
AMZN,2019-08-06,0.21302816442682115,0.21302816442682115,0.21304516655501654,0.2073979736223709,0.21917807332792422,0.28523764129102547
AMZN,2019-08-07,0.21500964276393186,0.21500964276393186,0.21486593748246768,0.20867889120520844,0.2127323699054487,0.24823641563393706
AMZN,2019-08-08,0.2290580923872756,0.2290580923872756,0.22733237918339305,0.22330626094413453,0.22404413779239968,0.19201280130736753
AMZN,2019-08-09,0.22005412628220966,0.22005412628220966,0.22621381408247349,0.2247686233013475,0.2321542452331921,0.13608198284080075
AMZN,2019-08-12,0.21199294065433572,0.21199294065433572,0.21558930316867014,0.21579508793380042,0.22050676025620836,0.1378319487947705
AMZN,2019-08-13,0.22601647455686924,0.22601647455686924,0.2264431805002794,0.21686252830154362,0.21591634400314424,0.21195015661173905
AMZN,2019-08-14,0.20418074938671504,0.20418074938671504,0.21370855238454384,0.20875718066201554,0.21945366761754154,0.2732057742067275
AMZN,2019-08-15,0.20886235361606909,0.20886235361606909,0.2110091896247554,0.2104437158119864,0.21555943564803243,0.19595533160833445
AMZN,2019-08-16,0.21471439961472372,0.21471439961472372,0.21627029529364877,0.21848146957237102,0.21941128508738322,0.14549230559716736
AMZN,2019-08-19,0.22309221574256666,0.22309221574256666,0.22441781042079473,0.22846549271390915,0.22831296446548371,0.13175813700122568
AMZN,2019-08-20,0.2178485150230397,0.2178485150230397,0.22117857510904865,0.22393605130402572,0.22704785133243716,0.07137409778019883
AMZN,2019-08-21,0.22573187080042545,0.22573187080042545,0.22568099481707277,0.2293158725765796,0.22877588306778557,0.07833991556584503
AMZN,2019-08-22,0.21901537413967487,0.21901537413967487,0.2256210149603976,0.22401428646856048,0.23181852814315934,0.1206727495574016
AMZN,2019-08-23,0.19943509167031082,0.19943509167031082,0.21697250112018035,0.20449100248102114,0.21946073137256789,0.29889009941440825
AMZN,2019-08-26,0.20628316939259495,0.20628316939259495,0.20465773200117027,0.2038790199864785,0.21023039865946108,0.14971401334604384
AMZN,2019-08-27,0.2037787323315513,0.2037787323315513,0.2079746073069249,0.20500694194568037,0.21334724012350897,0.14560806209995913
AMZN,2019-08-28,0.2046396546235978,0.2046396546235978,0.20390259960452056,0.2040711603385178,0.20602164086499836,0.10475282582050933
AMZN,2019-08-29,0.212519427748318,0.212519427748318,0.21473181735412156,0.21588407296827117,0.21591634400314424,0.1452948386218167
AMZN,2019-08-30,0.20892282445045363,0.20892282445045363,0.2151517301927291,0.21137238513146406,0.22103681149215787,0.1482636524581234
AMZN,2019-09-03,0.21374317504667217,0.21374317504667217,0.21552576974777554,0.21259282112284295,0.21132236891166994,0.18124063734168594
AMZN,2019-09-04,0.21757813331202558,0.21757813331202558,0.21793578623308302,0.22263732585583962,0.2236907343539039,0.09824322483998367
AMZN,2019-09-05,0.23184360483471378,0.23184360483471378,0.23006350865362885,0.2295222375039888,0.22968058292910415,0.16542966090153888
AMZN,2019-09-06,0.22927864265666942,0.22927864265666942,0.2295871695225657,0.23337210254018614,0.23543010206802478,0.1100095328884652
AMZN,2019-09-09,0.22851021794253246,0.22851021794253246,0.23288638469098683,0.23273519989260993,0.23641250323463364,0.14423260247855102
AMZN,2019-09-10,0.22466814865446427,0.22466814865446427,0.22435072343568058,0.2258787373952007,0.22996324097374782,0.11797630396295793
AMZN,2019-09-11,0.22553618196922565,0.22553618196922565,0.22703597962235517,0.2272094952841054,0.22621389686497068,0.10564483181261065
AMZN,2019-09-12,0.2328503302337236,0.2328503302337236,0.23417783607537473,0.2361758640716951,0.2352215864902611,0.13224839983657904
AMZN,2019-09-13,0.23135267285430594,0.23135267285430594,0.23151729331259058,0.23649255089663013,0.23676941158974546,0.07422034590766717
AMZN,2019-09-16,0.2201466238601193,0.2201466238601193,0.22430840371633892,0.2240499021992578,0.23041203206599686,0.19026283535339777
AMZN,2019-09-17,0.225379685186882,0.225379685186882,0.22370855130770623,0.2254375583896424,0.22442574232920692,0.07497616777883699
AMZN,2019-09-18,0.22356892567754472,0.22356892567754472,0.22302750534084542,0.22237759162465687,0.22794543351693525,0.11060193381451723
AMZN,2019-09-19,0.22500611222257783,0.22500611222257783,0.2267360803389799,0.23034769721362558,0.22935192959409773,0.07831948794770531
AMZN,2019-09-20,0.21528002447494599,0.21528002447494599,0.22605153464978173,0.21718985641186994,0.22959576394699338,0.3037314449135231
AMZN,2019-09-23,0.2121281043685347,0.2121281043685347,0.21266762727763272,0.2123508404647364,0.21379603121575802,0.13897589541059513
AMZN,2019-09-24,0.19658552573582255,0.19658552573582255,0.21372971224421472,0.20104675501195723,0.21860558564002225,0.2543034182214354
AMZN,2019-09-25,0.20609106321406068,0.20609106321406068,0.20571631724541478,0.19658137848351098,0.2033217766346837,0.17784965273049164
AMZN,2019-09-26,0.1959558473885502,0.1959558473885502,0.20231830222331432,0.1996057295177991,0.20877451021890786,0.18081846656679834
AMZN,2019-09-27,0.19083667099045798,0.19083667099045798,0.19729006269456434,0.19331504679111633,0.2035479785609104,0.206039765763312
AMZN,2019-09-30,0.19455779860975708,0.19455779860975708,0.19317573527281845,0.19167829765494038,0.1961234328102362,0.12007353942530301
AMZN,2019-10-01,0.19446530103184734,0.19446530103184734,0.19957656590230216,0.19850631100160965,0.202841225605713,0.15002042761813972
AMZN,2019-10-02,0.18648944767655207,0.18648944767655207,0.19015175980576432,0.19017679056932368,0.196388458428211,0.1647691679150211
AMZN,2019-10-03,0.19047026333148487,0.19047026333148487,0.1887791148631484,0.18308193070378664,0.19117961311867643,0.1761473512188479
AMZN,2019-10-04,0.19588826553145067,0.19588826553145067,0.19427664023640462,0.195239979309215,0.19578065196517708,0.10830723137682145
AMZN,2019-10-07,0.19340163316850234,0.19340163316850234,0.19683488342317207,0.1968304171370301,0.19776308672506365,0.08670842979708566
AMZN,2019-10-08,0.18374307299535386,0.18374307299535386,0.18948482041201747,0.19017679056932368,0.19453317125879938,0.11308048481547052
AMZN,2019-10-09,0.18960581266938892,0.18960581266938892,0.1905257455189286,0.19350718714315562,0.19351545131705866,0.0791365926732943
AMZN,2019-10-10,0.18899035636754624,0.18899035636754624,0.19346858126963679,0.19329012663808276,0.19550500375376573,0.11534114122293342
AMZN,2019-10-11,0.1931383624802031,0.1931383624802031,0.195995057745957,0.1990221961739964,0.2017528141919142,0.16163012392755005
AMZN,2019-10-14,0.19474279376557635,0.19474279376557635,0.1947388727943538,0.19622554693017247,0.1968019307453281,0.07005992101320986
AMZN,2019-10-15,0.2057531539285632,0.2057531539285632,0.2069336822000138,0.2028507243471388,0.20147716598050286,0.15187253166280812
AMZN,2019-10-16,0.20932836987566672,0.20932836987566672,0.21038812351456976,0.2134894580016019,0.21249910422419555,0.12815606700258753
AMZN,2019-10-17,0.21290364010538643,0.21290364010538643,0.2148376704943578,0.21758124940363333,0.22068346197545624,0.12025738798856055
AMZN,2019-10-18,0.20224193718589367,0.20224193718589367,0.21311925298480544,0.20590357882443933,0.21761256187997685,0.16895002042761814
AMZN,2019-10-21,0.21225615706001877,0.21225615706001877,0.21026111051466273,0.21152538075509963,0.21120223115442732,0.08505379272776793
AMZN,2019-10-22,0.20516614171758019,0.20516614171758019,0.211637255179616,0.21045794038735643,0.21773625847562977,0.08378047119705843
AMZN,2019-10-23,0.2038996740003205,0.2038996740003205,0.20467539213850366,0.20334174365876445,0.2082479638995745,0.0855849107994008
AMZN,2019-10-24,0.21052014471311198,0.21052014471311198,0.21112914933810562,0.20984237460283506,0.2117075322868875,0.2427345771483045
AMZN,2019-10-25,0.20360084819844682,0.20360084819844682,0.2026147017843522,0.1866186922050277,0.18571986970121984,0.5954718779790277
AMZN,2019-10-28,0.209203845554232,0.209203845554232,0.2077275807517856,0.2035196594354337,0.20356916982598955,0.19253711017295383
AMZN,2019-10-29,0.20409178017885465,0.20409178017885465,0.2071277283431528,0.20825546577272636,0.21302214562691285,0.09502927958600028
AMZN,2019-10-30,0.21023906932671754,0.21023906932671754,0.2090261392646125,0.20943322803799536,0.20787336919599958,0.10677516001634209
AMZN,2019-10-31,0.20905445979460324,0.20905445979460324,0.2124206007224934,0.21383101068729815,0.2134391228606461,0.12936810567887785
AMZN,2019-11-01,0.21431238255955998,0.21431238255955998,0.21434367122596137,0.2187162836505201,0.21768675826865097,0.12999455263516274
AMZN,2019-11-04,0.21901537413967487,0.21901537413967487,0.2205575089988629,0.2243380855811805,0.22228073336012527,0.1287348495165464
AMZN,2019-11-05,0.21796592832175954,0.21796592832175954,0.2188602513489814,0.2218438442946491,0.22516080422630397,0.06837804711970584
AMZN,2019-11-06,0.21585276035788314,0.21585276035788314,0.21612562215640824,0.21991538277884415,0.2222772284435091,0.07820373144491354
AMZN,2019-11-07,0.21315979977097077,0.21315979977097077,0.21732532697367374,0.21810077215827117,0.2232525658550915,0.12050932861228382
AMZN,2019-11-08,0.21233443259249862,0.21233443259249862,0.2116725754542828,0.2147419264336995,0.21764437573849266,0.08457033909846111
AMZN,2019-11-11,0.2072721443761255,0.2072721443761255,0.2081863135873973,0.21228324658559294,0.21414943465425368,0.0724976167778837
AMZN,2019-11-12,0.2095311697295814,0.2095311697295814,0.21038107022801283,0.21398400631093373,0.2129691405033179,0.07873484951654637
AMZN,2019-11-13,0.2006766436667603,0.2006766436667603,0.20642202279428384,0.20523464373614442,0.21252034941106884,0.1435516818738935
AMZN,2019-11-14,0.20120671341340812,0.20120671341340812,0.20345447361968522,0.20603165429504133,0.204760086570362,0.0942053656543647
AMZN,2019-11-15,0.19583137734973155,0.19583137734973155,0.201721949537019,0.20008963654173972,0.20780623656235192,0.2074288437968133
AMZN,2019-11-18,0.20047031544279637,0.20047031544279637,0.19890612678621783,0.1964781688736702,0.20012017011031907,0.13333787280403103
AMZN,2019-11-19,0.200562813020706,0.200562813020706,0.20136906984164343,0.20370821649749427,0.2067248889035796,0.0946139180171592
AMZN,2019-11-20,0.19798004614456632,0.19798004614456632,0.20201834909805688,0.20053798212725538,0.20395082828459082,0.12996731581097642
AMZN,2019-11-21,0.19413086583378314,0.19413086583378314,0.19649611030091046,0.19920011195066567,0.20178106921201983,0.12131281492577965
AMZN,2019-11-22,0.19804768228428193,0.19804768228428193,0.19634088415477563,0.1994278680334023,0.20037457313485724,0.10879749421217487
AMZN,2019-11-25,0.20805126276564279,0.20805126276564279,0.20727595504461277,0.20734107532089108,0.20540321180852777,0.1773730083072314
AMZN,2019-11-26,0.21626899945847666,0.21626899945847666,0.21419549836638346,0.21627546596003466,0.21482793258934557,0.1566049298651777
AMZN,2019-11-27,0.22394244435923283,0.22394244435923283,0.22388849087773138,0.2230216065599181,0.2222772284435091,0.1460098052567071
AMZN,2019-11-29,0.21764218679907577,0.21764218679907577,0.22395552402096347,0.2242597961243733,0.2282069542182939,0.07095873621135775
AMZN,2019-12-02,0.21081185949227077,0.21081185949227077,0.21720181369610408,0.21069992104546287,0.22347871385952417,0.20729265967588179
AMZN,2019-12-03,0.2066709644023289,0.2066709644023289,0.2056704439618537,0.20520266558769829,0.20778855021388892,0.17020291434018792
AMZN,2019-12-04,0.2033731869063382,0.2033731869063382,0.21139378218869614,0.20982462102975885,0.21273943366047504,0.12180307776113307
AMZN,2019-12-05,0.196183562963275,0.196183562963275,0.20236417550687552,0.20263013484435966,0.20902540832682986,0.1322688274547188
AMZN,2019-12-06,0.2001394628973976,0.2001394628973976,0.19915315334135714,0.20267639186044828,0.20467877250486738,0.1522606564074629
AMZN,2019-12-09,0.19939595390407083,0.19939595390407083,0.20356032675992147,0.20462624453158051,0.20448794327556669,0.10632575241726815
AMZN,2019-12-10,0.19573176874910703,0.19573176874910703,0.19783698853307902,0.20085108566221166,0.20333595806653054,0.11119433474056926
AMZN,2019-12-11,0.1991148785176764,0.1991148785176764,0.19760056882871618,0.2011037076057095,0.20131108685469162,0.08282037314449135
AMZN,2019-12-12,0.20324513421485402,0.20324513421485402,0.20254056151268124,0.20456576294012208,0.2042547315161078,0.15079667710744926
AMZN,2019-12-13,0.2034621018315823,0.2034621018315823,0.20430135258345733,0.20796728239080364,0.2095554595627795,0.1269508375323437
AMZN,2019-12-16,0.2064041653439802,0.2064041653439802,0.20448129215348249,0.208696699070557,0.2102622125179769,0.15415361568841074
AMZN,2019-12-17,0.21403488982583097,0.21403488982583097,0.2124206007224934,0.21593385898206607,0.21415293957086984,0.188145172272913
AMZN,2019-12-18,0.21167631015436672,0.21167631015436672,0.21460835791843408,0.21770221258655043,0.22016397941114924,0.16819419855644835
AMZN,2019-12-19,0.21461120836143366,0.21461120836143366,0.21276992685364943,0.2147490387213844,0.21503288932869896,0.1206250851150756
AMZN,2019-12-20,0.21255498286189245,0.21255498286189245,0.21629145515331955,0.217734245027269,0.2217895597377179,0.2907190521585183
AMZN,2019-12-23,0.214867368027018,0.214867368027018,0.21277348041786898,0.2184672449970011,0.21777513608917193,0.08546234509056246
AMZN,2019-12-24,0.2135190964072291,0.2135190964072291,0.21368033923831614,0.21955955122550552,0.21973637958397935,0.0
AMZN,2019-12-26,0.24182226959526443,0.24182226959526443,0.24010588113801495,0.22380080925346635,0.22228073336012527,0.348910527032548
AMZN,2019-12-27,0.24218867725423765,0.24218867725423765,0.2510232918905188,0.24746572494910446,0.25122627596084995,0.36124880838894186
AMZN,2019-12-30,0.23403852241850331,0.23403852241850331,0.24488354054740608,0.23843170799009872,0.24807406179987607,0.1902083617050252
AMZN,2019-12-31,0.23437648598661698,0.23437648598661698,0.23403671650235375,0.23544650168421422,0.23676585275133527,0.1106632166689364
AMZN,2020-01-02,0.2522242844791236,0.2522242844791236,0.24982708679559068,0.24680390214849457,0.24842746523837184,0.2143333787280403
AMZN,2020-01-03,0.2440278808544344,0.2440278808544344,0.24565983280372666,0.2469284486213903,0.24471694482134282,0.19631621952880296
AMZN,2020-01-06,0.2539567684559809,0.2539567684559809,0.25183135085728653,0.24532731521591156,0.24312673719170014,0.21656679831131692
AMZN,2020-01-07,0.25537267621548543,0.25537267621548543,0.2554305191509652,0.25672744369857425,0.25885221961246724,0.21541604248944574
AMZN,2020-01-08,0.2500756156842888,0.2500756156842888,0.25441075390372486,0.254734917301332,0.25656938653767997,0.17885741522538473
AMZN,2020-01-09,0.2533057570405639,0.2533057570405639,0.2568172168248128,0.25806531387516385,0.26075695306706353,0.15565845022470381
AMZN,2020-01-10,0.24694144599335666,0.24694144599335666,0.2529781291044339,0.25244351194450354,0.2591596816823945,0.13430478006264468
AMZN,2020-01-13,0.2498372607167998,0.2498372607167998,0.2498235870732533,0.25272816632871986,0.2541911118873453,0.12934086885469154
AMZN,2020-01-14,0.24206062456275357,0.24206062456275357,0.24598094578865487,0.24481137575125234,0.2522722509226963,0.17428843796813293
AMZN,2020-01-15,0.23942096950489478,0.23942096950489478,0.24306987674839392,0.24358029847448215,0.24745568666519963,0.13722592945662537
AMZN,2020-01-16,0.24508449197768067,0.24508449197768067,0.24544462680091667,0.24746930823908309,0.25125097214254527,0.1210813019201961
AMZN,2020-01-17,0.2403815003975659,0.2403815003975659,0.24581511279174356,0.2443488598826391,0.2522758097611065,0.21217486041127603
AMZN,2020-01-21,0.25008625507705307,0.25008625507705307,0.24850742226497508,0.24532731521591156,0.2448936465405907,0.1924622089064415
AMZN,2020-01-22,0.24847118439891558,0.24847118439891558,0.251411438018679,0.25363191549516384,0.25588026600915154,0.15899496118752554
AMZN,2020-01-23,0.24744660001919427,0.24744660001919427,0.24699365774933818,0.24986745220345874,0.2520001615496951,0.10917200054473648
AMZN,2020-01-24,0.2392858057906958,0.2392858057906958,0.24876144826478913,0.24085835539748668,0.25421230315242443,0.1964387852376413
AMZN,2020-01-27,0.22743943905647257,0.22743943905647257,0.22971068280013535,0.2294368357594967,0.2289914624005756,0.1802533024649326
AMZN,2020-01-28,0.23630107614200857,0.23630107614200857,0.2357480807253492,0.2346601324107086,0.23623580151538576,0.13119297289935994
AMZN,2020-01-29,0.23799089398257656,0.23799089398257656,0.24161964565365174,0.24355537832144858,0.24454024310209493,0.08216668936402015
AMZN,2020-01-30,0.2425017251015411,0.2425017251015411,0.24095625982412444,0.24198627735668843,0.24241998423650274,0.3708361705025194
AMZN,2020-01-31,0.29160898233991084,0.29160898233991084,0.30547638705033814,0.295948398452616,0.31078877501384844,1.0000000000000002
AMZN,2020-02-03,0.29000102268448813,0.29000102268448813,0.30292875071434716,0.29522962305825384,0.29634603815279675,0.34116845975759225
AMZN,2020-02-04,0.30617680803452196,0.30617680803452196,0.30691601129430385,0.3006094986230802,0.30315927252382086,0.30014980253302465
AMZN,2020-02-05,0.30269050701266265,0.30269050701266265,0.310875112569915,0.3065265962233481,0.3176973970386258,0.23797494212174858
AMZN,2020-02-06,0.3063760252357711,0.3063760252357711,0.3056810400442537,0.3039647610576732,0.3070959409452824,0.15672749557401605
AMZN,2020-02-07,0.31671045826253075,0.31671045826253075,0.3205822116543769,0.3086970383972596,0.30743872179034154,0.2869399428026692
AMZN,2020-02-10,0.3361449376249315,0.3361449376249315,0.333662666178931,0.32537030383720134,0.3226412167301856,0.2842775432384584
AMZN,2020-02-11,0.34215348040592974,0.34215348040592974,0.35142908738763595,0.34353085178738985,0.3459255101689224,0.3312474465477325
AMZN,2020-02-12,0.34542634218111024,0.34542634218111024,0.3494177700393832,0.3503944265724841,0.3502721459908849,0.16702982432248398
AMZN,2020-02-13,0.34182262786053097,0.34182262786053097,0.3458997953039325,0.345665678230604,0.3438370112400519,0.14643197603159475
AMZN,2020-02-14,0.3364864295630944,0.3364864295630944,0.3419336945836466,0.33993360869469025,0.34761466429072857,0.11745199509737166
AMZN,2020-02-18,0.34388596438278707,0.34388596438278707,0.3444142439345235,0.3393002350448203,0.3367799964379263,0.1405624404194471
AMZN,2020-02-19,0.3490620832452146,0.3490620832452146,0.3511291342623785,0.3524687714242397,0.35189767239565956,0.11438785237641293
AMZN,2020-02-20,0.3429716822790708,0.3429716822790708,0.3481969053624468,0.3404886385954806,0.35376002332009754,0.15320713604793684
AMZN,2020-02-21,0.3226478908163801,0.3226478908163801,0.33682076177433123,0.32645196878031457,0.3428334188083639,0.2563666076535476
AMZN,2020-02-24,0.2918117821938254,0.2918117821938254,0.299682408274162,0.290860289559691,0.2937239291495665,0.38578918698079806
AMZN,2020-02-25,0.27880925001834755,0.27880925001834755,0.29802402446316684,0.28034610237812374,0.3019365419209326,0.3634618003540787
AMZN,2020-02-26,0.28124610522229165,0.28124610522229165,0.2909915208727209,0.28106840677019207,0.28209768935945595,0.2957442462208906
AMZN,2020-02-27,0.24734699141856975,0.24734699141856975,0.27699365451882535,0.2534255505677546,0.2694112931756523,0.49453220754460026
AMZN,2020-02-28,0.24715135686998613,0.24715135686998613,0.24691601775532973,0.22793891196385874,0.22709379270100577,0.5855712923873077
AMZN,2020-03-02,0.27212478010112195,0.27212478010112195,0.2697636050629029,0.24888541358020755,0.2595554676510486,0.4004085523627945
AMZN,2020-03-03,0.25613040725424197,0.25613040725424197,0.28452010353578555,0.25532203393511343,0.2838964125668623,0.4530300966907259
AMZN,2020-03-04,0.279908472995267,0.279908472995267,0.27805223976306986,0.2673875142160922,0.2737189974622786,0.2649870625085115
AMZN,2020-03-05,0.26148082759710833,0.26148082759710833,0.27195486198118096,0.2631178070373915,0.2689236244698611,0.2633051886150075
AMZN,2020-03-06,0.2533199790859937,0.2533199790859937,0.25436488062016366,0.2487074978035383,0.24842746523837184,0.29908075718371235
AMZN,2020-03-09,0.21757460494197622,0.21757460494197622,0.2373923579632305,0.2102053184438586,0.21268642853688008,0.47200735394253035
AMZN,2020-03-10,0.25002225587261906,0.25002225587261906,0.24850742226497508,0.23044379453578145,0.24697152287602459,0.4257115620318671
AMZN,2020-03-11,0.22477845093046922,0.22477845093046922,0.24040933398560976,0.22451241806787103,0.24236697911290778,0.32299468881928367
AMZN,2020-03-12,0.173461999780264,0.173461999780264,0.2028934412080568,0.1795024954764357,0.19435296462293544,0.712576603568024
AMZN,2020-03-13,0.21202138474519527,0.21202138474519527,0.21041283693846008,0.18150213416136285,0.20602164086499836,0.5398610921966499
AMZN,2020-03-16,0.1779230537402242,0.1779230537402242,0.2009351042718041,0.16207847649368567,0.16591633591487515,0.5471877979027645
AMZN,2020-03-17,0.2201466238601193,0.2201466238601193,0.23563162073433647,0.1845692132140333,0.21325535738637186,0.6833583004221708
AMZN,2020-03-18,0.22802997963750504,0.22802997963750504,0.22994354894027863,0.20440918402650765,0.2042547315161078,0.5967520087157837
AMZN,2020-03-19,0.24614815984102578,0.24614815984102578,0.2664079097601441,0.23559591401787117,0.24312673719170014,0.6481410867492851
AMZN,2020-03-20,0.2337539186620594,0.2337539186620594,0.2706421968952401,0.23135465598991034,0.26655947732957924,0.6085115075582187
AMZN,2020-03-23,0.2539390180405018,0.2539390180405018,0.25737474951410394,0.22824843220883628,0.23173015032263838,0.47168732125834123
AMZN,2020-03-24,0.2671976555989478,0.2671976555989478,0.26993649134637115,0.2596806718560126,0.27546115670767973,0.42665123246629444
AMZN,2020-03-25,0.24789486586331289,0.24789486586331289,0.26826394712038,0.25450010322318295,0.2645734837312825,0.3811657360751736
AMZN,2020-03-26,0.272672600263249,0.272672600263249,0.27046225732521495,0.2557489883653018,0.25796876493802195,0.36361160288710337
AMZN,2020-03-27,0.25296779347245024,0.25296779347245024,0.26456953253724164,0.25953125952235556,0.2681673713076849,0.30686367969494754
AMZN,2020-03-30,0.27568224563274635,0.27568224563274635,0.2765102621012053,0.2639503790347133,0.2653297368934587,0.35712923873076396
AMZN,2020-03-31,0.27061995741637324,0.27061995741637324,0.2833521654289674,0.2752189030490676,0.28000212667555907,0.28886694811384994
AMZN,2020-04-01,0.2556715020173591,0.2556715020173591,0.26639380318703015,0.25706905067654284,0.2689130018764245,0.22065913114530844
AMZN,2020-04-02,0.2596309303215312,0.2596309303215312,0.2602434988350231,0.25600161030879953,0.257841563425753,0.23523764129102548
AMZN,2020-04-03,0.25527659598491026,0.25527659598491026,0.25982003243219604,0.25569914805923455,0.2612022392426964,0.18579599618684461
AMZN,2020-04-06,0.2876495540357388,0.2876495540357388,0.28529289606976876,0.2702411160536685,0.2699837808635543,0.33309955059240093
AMZN,2020-04-07,0.29263356671963203,0.29263356671963203,0.29841922387788405,0.2942938414510913,0.29864655757604713,0.28821326433337874
AMZN,2020-04-08,0.30380400631762805,0.30380400631762805,0.3013408459270393,0.2991079915374635,0.3000212397946938,0.21081301920196105
AMZN,2020-04-09,0.3037186197624332,0.3037186197624332,0.30451660165977296,0.30142431704732564,0.308254989909345,0.25638022606564076
AMZN,2020-04-13,0.3485817906575709,0.3485817906575709,0.3493295770364803,0.3086614769588347,0.3067354737517603,0.39734440964183576
AMZN,2020-04-14,0.3892970097226679,0.3892970097226679,0.3888496800338472,0.3613960497756983,0.36344265204206955,0.4906645785101458
AMZN,2020-04-15,0.3979630122596203,0.3979630122596203,0.4034474526382576,0.38231410224130713,0.3836596581455313,0.40755140950565166
AMZN,2020-04-16,0.43371908007901816,0.43371908007901816,0.44848274114621395,0.41433698751997106,0.4148703474725804,0.7596963094103227
AMZN,2020-04-17,0.4219118511110349,0.4219118511110349,0.4269583719334759,0.4075837346324026,0.4241748765743613,0.47996050660492984
AMZN,2020-04-20,0.4285322675412103,0.4285322675412103,0.44282993578494084,0.43250106446786585,0.4304014418256366,0.3329293204412366
AMZN,2020-04-21,0.4052344401052127,0.4052344401052127,0.4369477640058618,0.3946464833334261,0.4398226037680442,0.44909437559580556
AMZN,2020-04-22,0.4178172048100478,0.4178172048100478,0.4248412014449869,0.42002996661975367,0.4229980873400417,0.22680784420536565
AMZN,2020-04-23,0.43060988039151227,0.43060988039151227,0.43550458619767657,0.43108848812444767,0.4339458831168544,0.28498570066730217
AMZN,2020-04-24,0.43444125600420014,0.43444125600420014,0.43416726152972757,0.4310600389737078,0.43996042787374984,0.2004357891869808
AMZN,2020-04-27,0.4222676193772438,0.4222676193772438,0.4427946693521561,0.42429967379845435,0.4492190695287564,0.3244110036769713
AMZN,2020-04-28,0.4002397880285553,0.4002397880285553,0.4176076522667271,0.4040185239804217,0.42409361643066085,0.2987947705297562
AMZN,2020-04-29,0.4210971776079432,0.4210971776079432,0.42409667589911365,0.4054417416092311,0.4092197748258231,0.2526419719460711
AMZN,2020-04-30,0.45713073816106997,0.45713073816106997,0.453422733830179,0.4360449382567919,0.44096402030543785,0.5892210268282718
AMZN,2020-05-01,0.3902646516380539,0.3902646516380539,0.4137050311254536,0.38700723485249,0.41161918681944293,0.6054269372191202
AMZN,2020-05-04,0.4009192435348319,0.4009192435348319,0.40119266229908496,0.3863632199172288,0.38320024445984574,0.2713196241318262
AMZN,2020-05-05,0.401563143927534,0.401563143927534,0.40966834369771615,0.4044205582575764,0.41275003468519406,0.16077897317172818
AMZN,2020-05-06,0.4134664531260924,0.4134664531260924,0.4119442400546775,0.40899983997352707,0.4090183230030859,0.1522878932316492
AMZN,2020-05-07,0.41928288972855654,0.41928288972855654,0.4184897976632838,0.41722262179826597,0.4250406449003436,0.17125834127740708
AMZN,2020-05-08,0.4235518375099826,0.4235518375099826,0.42245589838356973,0.42216479306296784,0.42410774394071366,0.15833446820100777
AMZN,2020-05-11,0.4340072122055114,0.4340072122055114,0.4338990751149174,0.4275410853378153,0.4250123898802381,0.16191611058150618
AMZN,2020-05-12,0.41549065188210854,0.41549065188210854,0.43366265541055454,0.42145318424856304,0.4381405134012643,0.14936674383766851
AMZN,2020-05-13,0.4193931920045615,0.4193931920045615,0.42967539483059775,0.4153332507185922,0.4222206429127863,0.265667983113169
AMZN,2020-05-14,0.42683892133059287,0.42683892133059287,0.42391318276486895,0.42081628160098683,0.42017458043586814,0.18839711289663624
AMZN,2020-05-15,0.43428470493924043,0.43428470493924043,0.4308398332150786,0.42194062027020995,0.4228285032976143,0.22836034318398474
AMZN,2020-05-18,0.4401474446132755,0.4401474446132755,0.4386027019364018,0.4317752310780911,0.43549014937792846,0.23668119297289936
AMZN,2020-05-19,0.4483544876307288,0.4483544876307288,0.45695131541640605,0.44777244914205316,0.4444943340866028,0.23418221435380632
AMZN,2020-05-20,0.4656473549383936,0.4656473549383936,0.4622477413599662,0.4613999723923795,0.4614708021303638,0.2122293340596486
AMZN,2020-05-21,0.4474330945042977,0.4474330945042977,0.4712244214716687,0.45260076951152295,0.46929113384969195,0.288240501157565
AMZN,2020-05-22,0.4439254604142936,0.4439254604142936,0.4516055164669473,0.4481851789968716,0.45339250854808716,0.13521721367288575
AMZN,2020-05-26,0.4385821510941421,0.4385821510941421,0.44883556699970734,0.44246733403632776,0.45444910610337014,0.18295655726542287
AMZN,2020-05-27,0.4345017268385848,0.4345017268385848,0.43175019175786317,0.41255793833782306,0.4357162973823611,0.2843252076807844
AMZN,2020-05-28,0.4311968383198792,0.4311968383198792,0.4400035600252454,0.42971863979941183,0.42841544822733985,0.15721775840936947
AMZN,2020-05-29,0.44587849466054474,0.44587849466054474,0.44190897039137983,0.4368241952426125,0.4395858331701749,0.17898679014026964
AMZN,2020-06-01,0.4560777639731054,0.4560777639731054,0.45410372595515763,0.45318077385761935,0.450915287405589,0.1394253030096691
AMZN,2020-06-02,0.4565651133008477,0.4565651133008477,0.45290402113789213,0.45358639142475277,0.4576295213626555,0.11225657088383494
AMZN,2020-06-03,0.45869603168020334,0.45869603168020334,0.45800990066065067,0.459229530218468,0.45798642971776743,0.12186436061555224
AMZN,2020-06-04,0.4523637473765212,0.4523637473765212,0.46490473055853093,0.4552587019993537,0.46131529167619506,0.1407735258068909
AMZN,2020-06-05,0.4603324897091017,0.4603324897091017,0.4582392670784566,0.4506758369934243,0.44968198813105814,0.16513005583548956
AMZN,2020-06-08,0.4749394531699528,0.4749394531699528,0.4728299325544279,0.4685410349817327,0.46936182532175,0.21036361160288708
AMZN,2020-06-09,0.5022607623971724,0.5022607623971724,0.5068560637427582,0.4819408564415949,0.4796946969587083,0.2924349720822552
AMZN,2020-06-10,0.5188349821497045,0.5188349821497045,0.5407021476772988,0.5179701856700705,0.5205315049675183,0.27677379817513276
AMZN,2020-06-11,0.48699925915085485,0.48699925915085485,0.5227170207434466,0.4859366048137429,0.5058661789404442,0.3349312270189296
AMZN,2020-06-12,0.4823958761713646,0.4823958761713646,0.5051094330869779,0.47423759737149396,0.5050569206546731,0.3101457170093967
AMZN,2020-06-15,0.4922358488476669,0.4922358488476669,0.49188425158330124,0.4758921000807462,0.4786911045270204,0.20317309001770395
AMZN,2020-06-16,0.5073871041005957,0.5073871041005957,0.5045871668304716,0.5000871798164134,0.5116969582230655,0.18414135911752688
AMZN,2020-06-17,0.5165332906599593,0.5165332906599593,0.5169372023822663,0.5199484874919427,0.5214149596419635,0.14149530164782786
AMZN,2020-06-18,0.5211580609902104,0.5211580609902104,0.5185744263335907,0.5214748604383206,0.5212417628393318,0.10938989513822688
AMZN,2020-06-19,0.5286393997124325,0.5286393997124325,0.5319090145417231,0.5296193528062522,0.5322214263964544,0.3333583004221708
AMZN,2020-06-22,0.5424458574330054,0.5424458574330054,0.5381086918996287,0.5331774511705482,0.534490131961189,0.15848427073403243
AMZN,2020-06-23,0.5604431502503732,0.5604431502503732,0.5621418774513536,0.5506263360140595,0.5491624678214952,0.22813563938444775
AMZN,2020-06-24,0.5497671710028345,0.5497671710028345,0.5666902242848209,0.5516796060987053,0.5682380573875634,0.24821598801579736
AMZN,2020-06-25,0.5569461555531333,0.5569461555531333,0.5526569838143764,0.5485270710092703,0.55394371330386,0.14213536701620594
AMZN,2020-06-26,0.5349929628016431,0.5349929628016431,0.5619512771886699,0.5399378163458016,0.5664923932255461,0.3826433337872804
AMZN,2020-06-29,0.5305497135397781,0.5305497135397781,0.5316866475685922,0.5193293384174427,0.5364372479459436,0.22757047528258206
AMZN,2020-06-30,0.5584544523253153,0.5584544523253153,0.5573853779016331,0.5353229731914261,0.5346914759403381,0.19667710744927142
AMZN,2020-07-01,0.6011013725685188,0.6011013725685188,0.6016231604517162,0.5634212872670641,0.5604601621201877,0.3732874846792864
AMZN,2020-07-02,0.605228045613031,0.605228045613031,0.6229922496764371,0.6050865887092975,0.6148879583305318,0.3889486585864088
AMZN,2020-07-06,0.6645452658393416,0.6645452658393416,0.6598024369051212,0.6260438401955826,0.6230016785315284,0.4085046983521721
AMZN,2020-07-07,0.6442961129738491,0.6442961129738491,0.6632145046584534,0.6473924303813585,0.6666726160379484,0.2979844750102138
AMZN,2020-07-08,0.6731080228403878,0.6731080228403878,0.6683027778857606,0.6553732858402632,0.6539719845005039,0.2830110309137954
AMZN,2020-07-09,0.70922344157866,0.70922344157866,0.707085408623811,0.6772804349245358,0.6869708283633167,0.37501021380906985
AMZN,2020-07-10,0.7154027574700479,0.7154027574700479,0.7145377712109824,0.6992339496094417,0.7137465579696762,0.3135435108266376
AMZN,2020-07-13,0.6812510666534073,0.6812510666534073,0.7601587517125756,0.6752843252373149,0.7347020769650572,0.46568841073130873
AMZN,2020-07-14,0.6741361355901585,0.6741361355901585,0.683620362612154,0.6331600369241746,0.6774330335802825,0.43242543919379
AMZN,2020-07-15,0.6474088953140207,0.6474088953140207,0.6733768368561897,0.6414076846096746,0.6743339323864919,0.3341685959417132
AMZN,2020-07-16,0.6442178374413694,0.6442178374413694,0.6499647712565326,0.6218559514713953,0.6357551534271857,0.3753847201416315
AMZN,2020-07-17,0.6307243732854835,0.6307243732854835,0.6471418413772925,0.6326085360210905,0.6491624839980337,0.26419719460710883
AMZN,2020-07-20,0.7142785644897021,0.7142785644897021,0.7097247376850424,0.6488228145901254,0.646052706289012,0.45736756094239417
AMZN,2020-07-21,0.69344967328379,0.69344967328379,0.7235639320123477,0.6885667125119663,0.7281397946237491,0.3568023968405284
AMZN,2020-07-22,0.679796075410279,0.679796075410279,0.6916019909005064,0.6741706821457556,0.6901548024610122,0.21945390167506468
AMZN,2020-07-23,0.6394686513549157,0.6394686513549157,0.673348623709962,0.6402762336527665,0.6807088904151153,0.3251804439602342
AMZN,2020-07-24,0.6474231173594505,0.6474231173594505,0.6498164907131905,0.6110997836317213,0.6212453378542804,0.32351218847882335
AMZN,2020-07-27,0.6638942001413086,0.6638942001413086,0.67325332357862,0.6565616350986512,0.6678917878024264,0.2239684052839439
AMZN,2020-07-28,0.6443708058536637,0.6443708058536637,0.6658751551050017,0.6494418550800805,0.665160109713596,0.15289391256979434
AMZN,2020-07-29,0.6561816174743125,0.6561816174743125,0.6524911400490887,0.6498012699233977,0.6569333694321771,0.14250306414272096
AMZN,2020-07-30,0.662709536326578,0.662709536326578,0.6711362607738951,0.6527295779278024,0.6509293933469242,0.3572790412637886
AMZN,2020-07-31,0.702837743180692,0.702837743180692,0.7257657419395203,0.7046778357634329,0.7322072233958901,0.49054882200735395
AMZN,2020-08-03,0.68405791216899,0.68405791216899,0.7035991467569256,0.6879547300174238,0.7097710119346725,0.2855372463570748
AMZN,2020-08-04,0.693641725179708,0.693641725179708,0.6976852621092815,0.6869620501087814,0.6817478555437293,0.2596350265559036
AMZN,2020-08-05,0.7171921296286243,0.7171921296286243,0.7140402722202486,0.6962451600135786,0.6967878301961723,0.20667302192564346
AMZN,2020-08-06,0.724296421299109,0.724296421299109,0.7259951083573262,0.709812147380174,0.7146653853410476,0.208314040582868
AMZN,2020-08-07,0.7038267724468388,0.7038267724468388,0.7236450178868115,0.7010022489216536,0.725143144838738,0.20800762631077213
AMZN,2020-08-10,0.6969608900264594,0.6969608900264594,0.6995448530337369,0.6870723720063072,0.7061665556866275,0.15565845022470381
AMZN,2020-08-11,0.6729514717754281,0.6729514717754281,0.6948553327853664,0.6769246033711973,0.6859849222800918,0.19316355712923872
AMZN,2020-08-12,0.7019697641485467,0.7019697641485467,0.7002081850213822,0.6870367562756099,0.684147267537349,0.1798175132779518
AMZN,2020-08-13,0.701535720349858,0.701535720349858,0.7154270237359783,0.7061010533922423,0.7106474567758854,0.1544123655181806
AMZN,2020-08-14,0.6969110585848393,0.6969110585848393,0.701566723390884,0.6936477091172064,0.7089476261388485,0.12735938989513823
AMZN,2020-08-17,0.7091451660461803,0.7091451660461803,0.707470055029634,0.7058092867203409,0.707159579446673,0.12323982023696038
AMZN,2020-08-18,0.7554206620481569,0.7554206620481569,0.7515878778663667,0.7241833118856236,0.7208990682691434,0.30401062236143267
AMZN,2020-08-19,0.736918323770184,0.736918323770184,0.7501411464939618,0.7420378685885407,0.7530602909824913,0.2249625493667438
AMZN,2020-08-20,0.7500417976144311,0.7500417976144311,0.748983761396038,0.7356332263820811,0.7350343430602677,0.16690725861364564
AMZN,2020-08-21,0.7455415516056147,0.7455415516056147,0.7496118807927807,0.7489370048120598,0.7502297203232913,0.1834808661310091
AMZN,2020-08-24,0.7536312898895805,0.7536312898895805,0.7728723276524045,0.7425929527816035,0.7555835074153521,0.25772844886286256
AMZN,2020-08-25,0.7675160231426335,0.7675160231426335,0.7647847385400515,0.7459517985061752,0.7502261614848811,0.21186844613918016
AMZN,2020-08-26,0.8014400526671654,0.8014400526671654,0.7980734513109473,0.7735519266902304,0.7700579502913314,0.3831812610649598
AMZN,2020-08-27,0.786552068102536,0.786552068102536,0.7985179698896812,0.785446603482225,0.8050215964873617,0.23038948658586406
AMZN,2020-08-28,0.7871923858425727,0.7871923858425727,0.7915914271232356,0.7884710088087854,0.7954625565174545,0.1372531662808117
AMZN,2020-08-31,0.8046809419814371,0.8046809419814371,0.8133380556253405,0.7950535124996421,0.7905116730708683,0.22501702301511645
AMZN,2020-09-01,0.8218136212888605,0.8218136212888605,0.8199964658188579,0.817113765792095,0.8189907921526751,0.17369603704208092
AMZN,2020-09-02,0.8333149134322551,0.8333149134322551,0.8335392067432434,0.8241196406231612,0.8392819946448109,0.2076944028326297
AMZN,2020-09-03,0.7751681349752451,0.7751681349752451,0.8110127324205985,0.7587608657500051,0.8173722755811328,0.49569658177856457
AMZN,2020-09-04,0.7490635163062809,0.7490635163062809,0.7732886330849105,0.6904916993223376,0.7583574601907528,0.5379613237096554
AMZN,2020-09-08,0.6975585416302068,0.6975585416302068,0.7271877060461525,0.6972058074815024,0.6968690364180787,0.35495710200190655
AMZN,2020-09-09,0.7398105015583454,0.7398105015583454,0.7456527795171697,0.7167753484851302,0.7177150941714476,0.2932997412501702
AMZN,2020-09-10,0.7065481771246107,0.7065481771246107,0.7621348564699257,0.7116338702884317,0.7545479932815602,0.3029688138363067
AMZN,2020-09-11,0.6855983442499294,0.6855983442499294,0.7153634903150836,0.6808314752934193,0.719729288868056,0.28685142312406375
AMZN,2020-09-14,0.6808846589944342,0.6808846589944342,0.7047954056937358,0.6851082947598048,0.7070959517296413,0.2484202641971946
AMZN,2020-09-15,0.699796179632902,0.699796179632902,0.7004305519945131,0.6897053300488318,0.6940985346375002,0.2138226882745472
AMZN,2020-09-16,0.6720372439543278,0.6720372439543278,0.7047424252817356,0.6773338585205817,0.7095872464603983,0.24723546234509058
AMZN,2020-09-17,0.6473590638724003,0.6473590638724003,0.6490578585942035,0.6411835661091891,0.6492508078967605,0.3791229742612011
AMZN,2020-09-18,0.6282128252017252,0.6282128252017252,0.6520113011956881,0.6173406803446093,0.657198448971946,0.5455059240092606
AMZN,2020-09-21,0.6301907751687863,0.6301907751687863,0.6252647001529432,0.6050510815631451,0.6129408423457772,0.35657088383494484
AMZN,2020-09-22,0.6901411478298027,0.6901411478298027,0.6859526852615707,0.6510216516225042,0.6579405207022753,0.41314857687593626
AMZN,2020-09-23,0.6442036153959396,0.6442036153959396,0.6834862963256898,0.6482392812463225,0.6885398447278801,0.3248944573062781
AMZN,2020-09-24,0.6512936850209943,0.6512936850209943,0.6631263116555506,0.6384971844706184,0.6381334280775204,0.31649870625085114
AMZN,2020-09-25,0.6780956181769466,0.6780956181769466,0.6745024552436663,0.6505946971923158,0.6653685713695656,0.2542489445730628
AMZN,2020-09-28,0.7061711300728732,0.7061711300728732,0.7004375514391881,0.692640804633194,0.6985829945651685,0.22762494893095464
AMZN,2020-09-29,0.6957940309098245,0.6957940309098245,0.7051023044217859,0.6981095566479463,0.7079617200556236,0.17802669208770255
AMZN,2020-09-30,0.6971635813151418,0.6971635813151418,0.7137896921008897,0.698625441820333,0.6958584341531586,0.2733760043578919
AMZN,2020-10-01,0.7229659543774154,0.7229659543774154,0.717713473101834,0.7121498640453634,0.7194854545151603,0.2785373825411957
AMZN,2020-10-02,0.6887217659828648,0.6887217659828648,0.7077628471845703,0.6947150951926773,0.7002721486869747,0.3221980117118344
AMZN,2020-10-05,0.7151182079962202,0.7151182079962202,0.7101375972370929,0.7010663138030908,0.6975193332548593,0.19705842298787962
AMZN,2020-10-06,0.6798138801083742,0.6798138801083742,0.7028934950499388,0.6829734140243184,0.7042900772521368,0.2863679694947569
AMZN,2020-10-07,0.7138694906944396,0.7138694906944396,0.7092448988316418,0.6980562416364451,0.6936886211587934,0.23342639248263652
AMZN,2020-10-08,0.7120409264870071,0.7120409264870071,0.7209915822524664,0.7132136668308555,0.7254894306004134,0.15612147623587092
AMZN,2020-10-09,0.7462282266998383,0.7462282266998383,0.7406456998480904,0.7213403513334387,0.7201922613921519,0.2741794906713877
AMZN,2020-10-12,0.801824265024234,0.801824265024234,0.8137755747593993,0.7717657109281251,0.7696444779742142,0.5095260792591584
AMZN,2020-10-13,0.8020733136671034,0.8020733136671034,0.8124135905094421,0.8018921671317025,0.8113612896626474,0.33115892686912707
AMZN,2020-10-14,0.7736420335049676,0.7736420335049676,0.8027099911473177,0.771925873131718,0.8039438076669998,0.335789186980798
AMZN,2020-10-15,0.7647269823251459,0.7647269823251459,0.7642484733941954,0.7505772829459421,0.7491730688462144,0.29566253574833173
AMZN,2020-10-16,0.7412690754541393,0.7412690754541393,0.7796965708428332,0.7078801025743904,0.7743409583962624,0.3808457033909846
AMZN,2020-10-19,0.7179677196480923,0.7179677196480923,0.7547635797572183,0.719529269710572,0.7518588055664763,0.29567615416042486
AMZN,2020-10-20,0.7214539663873356,0.7214539663873356,0.7325335588374933,0.7192695354793892,0.7245317795372939,0.24706523219392618
AMZN,2020-10-21,0.7100451718218506,0.7100451718218506,0.7211997349687194,0.7078801025743904,0.721075716066597,0.2527168732125834
AMZN,2020-10-22,0.7070071909267259,0.7070071909267259,0.7088038261333633,0.6943379810685562,0.7130786826280211,0.22679422579327252
AMZN,2020-10-23,0.7169680509891814,0.7169680509891814,0.711125595773886,0.7007639058457984,0.7134780274350854,0.17604521312814925
AMZN,2020-10-26,0.7179072488137077,0.7179072488137077,0.7385250834791459,0.7054961288931123,0.7162131565187377,0.3418153343320169
AMZN,2020-10-27,0.746114341771168,0.746114341771168,0.7415878251013222,0.7261331645567559,0.7254717442519503,0.23217349857006675
AMZN,2020-10-28,0.7021619246096971,0.7021619246096971,0.7318349065751812,0.7087589858800729,0.7340801429919706,0.3205093286122838
AMZN,2020-10-29,0.7193195739205467,0.7193195739205467,0.7294460499495448,0.7093033202031997,0.7171072877084139,0.38915974397385267
AMZN,2020-10-30,0.6571136499935077,0.6571136499935077,0.6976006226705982,0.6577108939209078,0.7017280371275278,0.5110377230014981
AMZN,2020-11-02,0.6458471844475528,0.6458471844475528,0.6667996202209001,0.6332027106502844,0.6677999050652894,0.43416178673566663
AMZN,2020-11-03,0.6614751496354596,0.6614751496354596,0.6651023087291366,0.6441829969904436,0.6525302235700035,0.27349857006673023
AMZN,2020-11-04,0.7300452760444736,0.7300452760444736,0.7250705355576634,0.7006678085236424,0.702519609064836,0.40567206863679695
AMZN,2020-11-05,0.7588038803819586,0.7588038803819586,0.7681016138458061,0.7537368760307896,0.7590536983961016,0.3341958327658995
AMZN,2020-11-06,0.7550222276456586,0.7550222276456586,0.7522936372571178,0.7334984542311394,0.7536362835870094,0.25643469971401334
AMZN,2020-11-09,0.6953884312019951,0.6953884312019951,0.7406492534123099,0.6908403642957186,0.7276238708978524,0.4295996186844614
AMZN,2020-11-10,0.6567117415035764,0.6567117415035764,0.6788990756533362,0.6578816974098922,0.6795604640444894,0.388785237641291
AMZN,2020-11-11,0.6931295144137717,0.6931295144137717,0.6877735100309041,0.6687410205671345,0.6678140325753421,0.23734168595941713
AMZN,2020-11-12,0.6834852305686689,0.6834852305686689,0.700734004842108,0.6815680042608576,0.7025054815547831,0.23700803486313493
AMZN,2020-11-13,0.6900772029079849,0.6900772029079849,0.6886803150094691,0.681333135890436,0.6890946999891132,0.19575786463298378
AMZN,2020-11-16,0.6908775458004146,0.6908775458004146,0.6890260875764056,0.6768143900582162,0.6789172848845295,0.19933269780743562
AMZN,2020-11-17,0.6925140581119291,0.6925140581119291,0.7054516305529421,0.6990773706958275,0.7108417909218023,0.1745471877979028
AMZN,2020-11-18,0.6817704427246747,0.6817704427246747,0.6880734093142793,0.6883461773014596,0.6933352177202976,0.1386013890780335
AMZN,2020-11-19,0.6858828937237571,0.6858828937237571,0.6827805369349387,0.6797426980626211,0.6831967341510501,0.14496799673158112
AMZN,2020-11-20,0.6796146629071251,0.6796146629071251,0.6855645929752927,0.685837657147286,0.687334800473455,0.16976031594716057
AMZN,2020-11-23,0.6792553119882507,0.6792553119882507,0.6879852163113767,0.6742418050226053,0.6872217803930327,0.2606291706387035
AMZN,2020-11-24,0.6862528840353956,0.6862528840353956,0.6860444318286931,0.6816427104276861,0.6814969035140133,0.18526487811521175
AMZN,2020-11-25,0.7100914206108053,0.7100914206108053,0.7085391394408906,0.7008564198779754,0.696116396016107,0.1980866131009124
AMZN,2020-11-27,0.7137449663730049,0.7137449663730049,0.7149576302077079,0.7185722055326269,0.7206375475677846,0.10292795860002725
AMZN,2020-11-30,0.7040330463881868,0.7040330463881868,0.7192625040502554,0.6956224276490999,0.7196550924793819,0.21670979163829496
AMZN,2020-12-01,0.7225461326241562,0.7225461326241562,0.7265172669300681,0.7068766727958118,0.71259457276064,0.24892414544464114
AMZN,2020-12-02,0.7166585315119272,0.7166585315119272,0.7205364029810741,0.7125981010463343,0.7243091903712715,0.15307095192700532
AMZN,2020-12-03,0.710682015474454,0.710682015474454,0.7193508047369226,0.7154624527538467,0.7185878723306622,0.13691270597848293
AMZN,2020-12-04,0.702090705817316,0.702090705817316,0.708613333554444,0.7074389235688319,0.7160259400496416,0.13838349448454312
AMZN,2020-12-07,0.7004613588111326,0.7004613588111326,0.7024558682321156,0.7013652470549496,0.7012792999570729,0.12733215307095191
AMZN,2020-12-08,0.7073237671440786,0.7073237671440786,0.7036450200404869,0.6936548756971637,0.7021344996114127,0.16376140542012801
AMZN,2020-12-09,0.6813222854457883,0.6813222854457883,0.700222291594496,0.6822617509176412,0.7053113560322877,0.21922238866948113
AMZN,2020-12-10,0.6803581176178357,0.6803581176178357,0.6888143812959331,0.6779920980312129,0.6774294747418723,0.14632302873484954
AMZN,2020-12-11,0.6856694544770783,0.6856694544770783,0.6805469602973191,0.6768606470743048,0.6801399076438295,0.14867220482091786
AMZN,2020-12-14,0.7000949511521595,0.7000949511521595,0.705882150242326,0.6957825898526928,0.696515632979583,0.22296745199509738
AMZN,2020-12-15,0.702994294245652,0.702994294245652,0.7051870515442336,0.6973801942604654,0.7099477675757144,0.16602206182759088
AMZN,2020-12-16,0.7299741658173247,0.7299741658173247,0.7258292753604147,0.7091895236002401,0.7081808582268239,0.24147487402968815
AMZN,2020-12-17,0.7282380991878017,0.7282380991878017,0.7316549670051562,0.7295845243135048,0.7343275361832764,0.17656271278768898
AMZN,2020-12-18,0.7159897696810311,0.7159897696810311,0.7266830999269795,0.712007509707119,0.7322036645574799,0.3482500340460302
AMZN,2020-12-21,0.7176013119891191,0.7176013119891191,0.718761451495302,0.7100149833098768,0.7166620015327809,0.20124608470652322
AMZN,2020-12-22,0.7177222536578884,0.7177222536578884,0.717007821394847,0.7150247484537222,0.7176620351260588,0.10132779517908212
AMZN,2020-12-23,0.7101626394031866,0.7101626394031866,0.71281935370143,0.7164799985232502,0.7184253520432613,0.08256162331472151
AMZN,2020-12-24,0.7056873633977965,0.7056873633977965,0.7099506582223929,0.7110823693853476,0.7145028650536465,0.03885332970175677
AMZN,2020-12-28,0.7452712241772166,0.7452712241772166,0.7459421257916505,0.7123953737011761,0.7145381299069844,0.32721639656816015
AMZN,2020-12-29,0.7588038803819586,0.7588038803819586,0.7624029890428539,0.7510114039560878,0.7555092031830899,0.2717962685550865
AMZN,2020-12-30,0.7459435686607785,0.7459435686607785,0.7593860130204746,0.7514561662516248,0.7664853079018021,0.1585183167642653
AMZN,2020-12-31,0.7356553844229736,0.7356553844229736,0.738503869777593,0.7367718439189466,0.7431620829277292,0.14135230832084977
AMZN,2021-01-04,0.7106464060782633,0.7106464060782633,0.7346507293259825,0.702194290054565,0.7413951735788387,0.24037178265014297
AMZN,2021-01-05,0.7219876730692651,0.7219876730692651,0.7174947673766867,0.7096805429118656,0.7046470395290427,0.1208089336783331
AMZN,2021-01-06,0.693481700027315,0.693481700027315,0.7083663069993045,0.6976185373363206,0.6977454812592918,0.23924145444641154
AMZN,2021-01-07,0.7019413200576872,0.7019413200576872,0.7122583212898015,0.7061010533922423,0.7014630654313472,0.17930001361841208
AMZN,2021-01-08,0.7092483030168542,0.7092483030168542,0.7059421300990012,0.7015466918293252,0.7095908052988085,0.18087974942121748
AMZN,2021-01-11,0.684883225064846,0.684883225064846,0.6938532276754596,0.6900896107529104,0.6982861011668837,0.1908007626310772
AMZN,2021-01-12,0.687238330648877,0.687238330648877,0.6888284878690469,0.6815501963955088,0.6883878931121217,0.1793068228244587
AMZN,2021-01-13,0.7032682043267153,0.7032682043267153,0.7056986571080814,0.6943878213746233,0.6913704153870801,0.16613781833038266
AMZN,2021-01-14,0.6896004929730069,0.6896004929730069,0.7014819762684366,0.6938576030423218,0.7051806496034025,0.14909437559580552
AMZN,2021-01-15,0.6813399815786514,0.6813399815786514,0.6889732148481695,0.6848129447979248,0.6894551132608413,0.2289731717281765
AMZN,2021-01-19,0.6872133606454507,0.6872133606454507,0.689837700107393,0.6851082947598048,0.6837939719424415,0.1650415361568841
AMZN,2021-01-20,0.73795001917262,0.73795001917262,0.7374030186558891,0.7132172501208343,0.7102940533373898,0.3015456897725725
AMZN,2021-01-21,0.7534640994318564,0.7534640994318564,0.7616620170612001,0.7539823856866026,0.7495229134463,0.27609968677652186
AMZN,2021-01-22,0.7482132334069984,0.7482132334069984,0.7522618705466706,0.7517016759074377,0.753519704668177,0.13213945253983383
AMZN,2021-01-25,0.7488429117542708,0.7488429117542708,0.7670748491538908,0.737465699160275,0.7620680345295758,0.195322075446003
AMZN,2021-01-26,0.7602730936705167,0.7602730936705167,0.7579392816480697,0.7515984120053245,0.7507102713522622,0.1412161241999183
AMZN,2021-01-27,0.7269929645386868,0.7269929645386868,0.7609457046615546,0.7246316574711393,0.7666583968608458,0.2573130872940215
AMZN,2021-01-28,0.7287859193499289,0.7287859193499289,0.7451235138159884,0.7323206376735978,0.7290409356466574,0.15442598393027374
AMZN,2021-01-29,0.7176083687292178,0.7176083687292178,0.7222971402099683,0.7166151862815373,0.7272598987877141,0.23235053792727767
AMZN,2021-02-01,0.7662318050098946,0.7662318050098946,0.7622653691921704,0.7345764815920015,0.7316276719529617,0.2232670570611467
AMZN,2021-02-02,0.7794371370392872,0.7794371370392872,0.789604769356991,0.7794441584297371,0.7802671792544309,0.4233487675337056
AMZN,2021-02-03,0.7554348840935867,0.7554348840935867,0.7918136864126024,0.7607605587272046,0.7961729222328562,0.4226814653411412
AMZN,2021-02-04,0.762005577647374,0.762005577647374,0.7611150912226856,0.7497766890970665,0.7625980857655252,0.1899359934631622
AMZN,2021-02-05,0.7695295825058854,0.7695295825058854,0.7717008359813666,0.7586577104324366,0.7587108636292483,0.18653819964592128
AMZN,2021-02-08,0.7591382612974067,0.7591382612974067,0.7674664950043886,0.7591166973033436,0.7726694906229192,0.16179354487266784
AMZN,2021-02-09,0.7527561455521041,0.7527561455521041,0.7579392816480697,0.7569249182663771,0.7564103442059982,0.09003132234781426
AMZN,2021-02-10,0.7462032566964121,0.7462032566964121,0.7508645660220463,0.7413262054818637,0.7569439542803578,0.15458940487539152
AMZN,2021-02-11,0.737505335981167,0.737505335981167,0.7417078924984366,0.7392127159017043,0.7491696178513922,0.09669753506741115
AMZN,2021-02-12,0.7430478082199514,0.7430478082199514,0.7375617445243612,0.7339644990974588,0.7343275361832764,0.09900585591720006
AMZN,2021-02-16,0.7399314432271145,0.7399314432271145,0.7474593900296247,0.7411803764381855,0.7357587284421341,0.11530709519270053
AMZN,2021-02-17,0.7540511116428394,0.7540511116428394,0.751908990851295,0.7432832247329533,0.7391334778473364,0.16452403649734443
AMZN,2021-02-18,0.7610201310338929,0.7610201310338929,0.7579392816480697,0.7484211196396731,0.7457841919309594,0.14613237096554543
AMZN,2021-02-19,0.7331544757319794,0.7331544757319794,0.756351484544526,0.7383908394820464,0.7619725929540284,0.2331404058286804
AMZN,2021-02-22,0.7085510970950983,0.7085510970950983,0.7206492555659851,0.7122423780775404,0.7195313958837288,0.17938172409097097
AMZN,2021-02-23,0.7134461948537474,0.7134461948537474,0.7109138894934135,0.6842542773148834,0.6908721780096463,0.2584706523219393
AMZN,2021-02-24,0.7010057048858263,0.7010057048858263,0.6990931196427999,0.6955619460576412,0.7049084523868132,0.14503608879204682
AMZN,2021-02-25,0.6645879319756309,0.6645879319756309,0.701573722835559,0.6679440100082374,0.6943035452986477,0.24870625085115072
AMZN,2021-02-26,0.67731297141738,0.67731297141738,0.6818771778368291,0.6640087975198203,0.6796239839179328,0.2311453084570339
AMZN,2021-03-01,0.696242296753943,0.696242296753943,0.6914467109124895,0.6858163745765034,0.6911760812411634,0.12582050932861227
AMZN,2021-03-02,0.6778821789302676,0.6778821789302676,0.6963725970233408,0.6819487016749572,0.6966817121053943,0.11674383766852785
AMZN,2021-03-03,0.6460321796033721,0.6460321796033721,0.6767043728546027,0.6491714795635064,0.6746696494765245,0.2115892686912706
AMZN,2021-03-04,0.636274010829599,0.636274010829599,0.6591848705172729,0.6315339833656621,0.6502226943135208,0.3132439057605883
AMZN,2021-03-05,0.6444170546426184,0.6444170546426184,0.6418489689979519,0.6086091799274411,0.6477489780876389,0.3069113441372736
AMZN,2021-03-08,0.6271598510137604,0.6271598510137604,0.661464428122218,0.6336261903750389,0.65128279678542,0.22495574016069725
AMZN,2021-03-09,0.6666121307316473,0.6666121307316473,0.6707692745054057,0.6527830015238483,0.6523394482624969,0.21440147078850608
AMZN,2021-03-10,0.6647587050860206,0.6647587050860206,0.679767114476779,0.661642631703891,0.6807725181321469,0.14511779926460577
AMZN,2021-03-11,0.6846627290780685,0.6846627290780685,0.6851729471247949,0.680457835874732,0.6827373204653646,0.12904126378864222
AMZN,2021-03-12,0.6760892241190257,0.6760892241190257,0.6735992038293206,0.6671398328693832,0.6724857089721066,0.10490262835353399
AMZN,2021-03-15,0.6733108226943025,0.6733108226943025,0.6676923186263513,0.6623685193859381,0.6723337573563481,0.13838349448454312
AMZN,2021-03-16,0.6769323417129769,0.6769323417129769,0.6841601813222296,0.6779422577251457,0.6830765963938075,0.11286259022198013
AMZN,2021-03-17,0.692538919550123,0.692538919550123,0.6997353456126565,0.6759355067525334,0.6718566573221996,0.15234236688002178
AMZN,2021-03-18,0.6542108328125822,0.6542108328125822,0.6798270943334541,0.6598457746563944,0.6816736591550552,0.1884992509873349
AMZN,2021-03-19,0.6709202162793131,0.6709202162793131,0.6659456879705712,0.6568676263459223,0.6563114354590904,0.25494348358981345
AMZN,2021-03-22,0.6836950871626823,0.6836950871626823,0.6833380157823477,0.672316926796779,0.6699590415444237,0.13760724499523358
AMZN,2021-03-23,0.6931685978973954,0.6931685978973954,0.7028934950499388,0.6939501170744988,0.6908616093380038,0.19991828952744112
AMZN,2021-03-24,0.6752283018269791,0.6752283018269791,0.6952399791911894,0.6812477884382162,0.6993568801540135,0.14147487402968817
AMZN,2021-03-25,0.6607103075739882,0.6607103075739882,0.6774100245615897,0.6641652678488901,0.6717754511002931,0.18263652458123386
AMZN,2021-03-26,0.6627629504208641,0.6627629504208641,0.6586661578249859,0.6495273111168449,0.6615520946271407,0.16557265422851697
AMZN,2021-03-29,0.6711941263603767,0.6711941263603767,0.6708715740814224,0.6610733229354584,0.6655735820307132,0.12697126515048346
AMZN,2021-03-30,0.663922644232168,0.663922644232168,0.6644318696130522,0.6630480414673519,0.6707223584616264,0.09916246765627128
AMZN,2021-03-31,0.6777220452126425,0.6777220452126425,0.6807798802793446,0.6731886435225043,0.668619732022703,0.1506604929865178
AMZN,2021-04-01,0.7015286636097593,0.7015286636097593,0.6959915041817373,0.6920643292848039,0.6876599488918451,0.14020155249897864
AMZN,2021-04-05,0.7249118776009515,0.7249118776009515,0.7219337075056982,0.7083212815799487,0.7071170890729264,0.16707067955876348
AMZN,2021-04-06,0.7238765995458498,0.7238765995458498,0.7259385743811062,0.7281755312600653,0.725051262101601,0.11279449816151436
AMZN,2021-04-07,0.7436454598236988,0.7436454598236988,0.745804505940967,0.7305273639160799,0.728602767147845,0.1678401198420264
AMZN,2021-04-08,0.7507283641434226,0.7507283641434226,0.7531757826536747,0.7548470444169153,0.7558484791115327,0.1314721503472695
AMZN,2021-04-09,0.7766623182672294,0.7766623182672294,0.7700070780538226,0.7537440426107471,0.7536575287738827,0.23561214762358706
AMZN,2021-04-12,0.7792201151399427,0.7792201151399427,0.7780663463361837,0.7758931180608537,0.7715068288986522,0.16345499114803214
AMZN,2021-04-13,0.786552068102536,0.786552068102536,0.7911080347056156,0.7917195326358315,0.7876351610430998,0.16577012120386764
AMZN,2021-04-14,0.7627170056145596,0.7627170056145596,0.7812738149374825,0.7669445571386126,0.7887624500704407,0.15415361568841074
AMZN,2021-04-15,0.7791133955166034,0.7791133955166034,0.7787579991538209,0.7761956346026913,0.7770867639951455,0.160172953833583
AMZN,2021-04-16,0.7863528509012869,0.7863528509012869,0.7822159401907143,0.7774729146032775,0.7802671792544309,0.15693177175541334
AMZN,2021-04-19,0.7765946821275138,0.7765946821275138,0.792494678537581,0.7790989681617899,0.7839175768710445,0.12556856870488903
AMZN,2021-04-20,0.7633182398709724,0.7633182398709724,0.7738144529056363,0.7633864587743167,0.7780054835229286,0.11859594171319625
AMZN,2021-04-21,0.7730407992485548,0.7730407992485548,0.7667114164496209,0.7590491577164724,0.7576507611573493,0.09055563121340053
AMZN,2021-04-22,0.7541933320971372,0.7541933320971372,0.7702434439163033,0.758209364846921,0.777327039509631,0.11570883834944846
AMZN,2021-04-23,0.765520377042709,0.765520377042709,0.7709950765906157,0.7607178850010947,0.7587462363261746,0.15739479776658044
AMZN,2021-04-26,0.7897537653679514,0.7897537653679514,0.7898553494763498,0.7687022151654332,0.768958916284096,0.27232738662671935
AMZN,2021-04-27,0.7927527713446847,0.7927527713446847,0.8009880200735457,0.7925663835007957,0.8026962730388281,0.20058559172000545
AMZN,2021-04-28,0.8073632631755852,0.8073632631755852,0.8115314451128852,0.802169709228234,0.7996325445419632,0.2553860819828408
AMZN,2021-04-29,0.8119203973661206,0.8119203973661206,0.8202011726546556,0.80572780759253,0.824475285673621,0.4631009124336103
AMZN,2021-04-30,0.810536516350141,0.810536516350141,0.8341566654473274,0.815512578094344,0.8315499329024156,0.41726814653411415
AMZN,2021-05-03,0.781745885269131,0.781745885269131,0.810391720152295,0.7835608156925298,0.8172768340055854,0.34006536837804713
AMZN,2021-05-04,0.7552001660613794,0.7552001660613794,0.7685180269620762,0.7477771047044119,0.7718531146603276,0.3103704208089337
AMZN,2021-05-05,0.7404970680873368,0.7404970680873368,0.7638320602779252,0.745012433609034,0.7657290008178319,0.19270053111807162
AMZN,2021-05-06,0.7532434948798465,0.7532434948798465,0.7496118807927807,0.7389067246544332,0.7413951735788387,0.2428435244450497
AMZN,2021-05-07,0.7479927374202209,0.7479927374202209,0.7554304653090831,0.7538045242022056,0.7587426774877641,0.2607244995233556
AMZN,2021-05-10,0.7120196477014786,0.7120196477014786,0.7385320829238209,0.7185543976672784,0.7457488192340334,0.33755277134686096
AMZN,2021-05-11,0.723908626289375,0.723908626289375,0.722653465785799,0.6962700258743397,0.6941409171676587,0.25456216805120524
AMZN,2021-05-12,0.698305578993583,0.698305578993583,0.712046615009329,0.6983088092876706,0.711357714647699,0.27612011439466155
AMZN,2021-05-13,0.7016958540674834,0.7016958540674834,0.7105998836369243,0.6982731935569733,0.7115237937735102,0.16816015252621547
AMZN,2021-05-14,0.7235493839357328,0.7235493839357328,0.7194283370471668,0.7160636853784532,0.711555607632026,0.16639656816015252
AMZN,2021-05-17,0.7404437625582831,0.7404437625582831,0.7419724715071452,0.734420011262932,0.7328892262475981,0.19355849107994005
AMZN,2021-05-18,0.7268862449153473,0.7268862449153473,0.7487650556708907,0.7329183955927705,0.7493745206689517,0.13258205093286124
AMZN,2021-05-19,0.7267154718049578,0.7267154718049578,0.7215067413805338,0.7164195169317917,0.7148915333454802,0.12245676154160424
AMZN,2021-05-20,0.7323647722323139,0.7323647722323139,0.7303034280803289,0.7349857367413859,0.732348606340006,0.1192904807299469
AMZN,2021-05-21,0.7164985063595342,0.7164985063595342,0.7292484502421861,0.7210485846615373,0.7343275361832764,0.2195015661173907
AMZN,2021-05-24,0.7314077697096921,0.7314077697096921,0.7296930765046841,0.7258484558802671,0.7221358185384961,0.10496391120795316
AMZN,2021-05-25,0.7364095870916807,0.7364095870916807,0.7374100181005638,0.7270084645724599,0.7402183843445189,0.16204548549639114
AMZN,2021-05-26,0.7385831716073257,0.7385831716073257,0.7430240034648328,0.7429309764695935,0.7430172489887912,0.10232193926188206
AMZN,2021-05-27,0.726114237548545,0.726114237548545,0.7305434551907934,0.7328010156998321,0.7364478489706627,0.11438785237641293
AMZN,2021-05-28,0.7236098547701175,0.7236098547701175,0.7261786014915708,0.729121954152619,0.7315005243624868,0.09863134958463844
AMZN,2021-06-01,0.7220373959456532,0.7220373959456532,0.7272335793297138,0.7253361539978591,0.7320305755984362,0.10545417404330655
AMZN,2021-06-02,0.727494535911859,0.727494535911859,0.7215949343834367,0.7249589312891931,0.724821555258758,0.07716192291978756
AMZN,2021-06-03,0.7107815697924624,0.7107815697924624,0.7143401715036237,0.7164302668017277,0.71815326267026,0.1032956557265423
AMZN,2021-06-04,0.7176155340345489,0.7176155340345489,0.7166549416994714,0.7216891248913646,0.7208990682691434,0.09317717554133188
AMZN,2021-06-07,0.7146948035902956,0.7146948035902956,0.7120677210271178,0.7122209869222131,0.7157149191413041,0.09086885469154297
AMZN,2021-06-08,0.7382097072082539,0.7382097072082539,0.7373077185245471,0.7285206129434678,0.7246483584561263,0.17264061010486176
AMZN,2021-06-09,0.7442715555183057,0.7442715555183057,0.7436767824435835,0.7472682775274377,0.742409334682169,0.10719052158518318
AMZN,2021-06-10,0.7686402161229793,0.7686402161229793,0.7625265023204235,0.7509864295107818,0.7456392501484332,0.17671251532071364
AMZN,2021-06-11,0.7676370733766349,0.7676370733766349,0.7680239738517975,0.769595323046486,0.7695420265654347,0.131833038267738
AMZN,2021-06-14,0.7808138527499355,0.7808138527499355,0.7745236581768427,0.7703246854339669,0.768545551810567,0.11496663489037177
AMZN,2021-06-15,0.7805505820616363,0.7805505820616363,0.7787544455896014,0.7801486549564569,0.7816806851648257,0.10519542421353671
AMZN,2021-06-16,0.7919771813252168,0.7919771813252168,0.7891143774946963,0.779230681214643,0.7845078048292036,0.22616777883698758
AMZN,2021-06-17,0.8182989304587576,0.8182989304587576,0.814114347881661,0.7936302948708327,0.7884585468389238,0.2897453356938581
AMZN,2021-06-18,0.8174664522575705,0.8174664522575705,0.8175723966023187,0.819501214178807,0.8156018073938318,0.29731717281764947
AMZN,2021-06-21,0.8057481382148315,0.8057481382148315,0.808750942636751,0.8053719760391915,0.8143402530991957,0.16313495846384313
AMZN,2021-06-22,0.8240620072495519,0.8240620072495519,0.8234932806946378,0.8132318683151791,0.8078521671465617,0.16776521857551407
AMZN,2021-06-23,0.823485634431333,0.823485634431333,0.8225123892862838,0.8228778677687274,0.824439912976695,0.1315538608198284
AMZN,2021-06-24,0.8040120715853085,0.8040120715853085,0.823874373536241,0.8042511663676746,0.8253728678581191,0.2009192428162876
AMZN,2021-06-25,0.7870714441738034,0.7870714441738034,0.8026887774457647,0.7912036474634447,0.8099512347470748,0.20834127740705433
AMZN,2021-06-28,0.802165811245013,0.802165811245013,0.7967536790965675,0.7980815011161813,0.7929889481351606,0.09270734032411822
AMZN,2021-06-29,0.8036776906698606,0.8036776906698606,0.7995871619847021,0.801468795991493,0.8010530602855903,0.08287484679286396
AMZN,2021-06-30,0.8008388184107527,0.8008388184107527,0.8050811876356208,0.80572780759253,0.8018446322228985,0.10368378047119707
AMZN,2021-07-01,0.7982810215380394,0.7982810215380394,0.7999294886711834,0.7966261424621084,0.7995653579865214,0.07870080348631349
AMZN,2021-07-02,0.8260327919112822,0.8260327919112822,0.8192378336998709,0.8064109129639223,0.8055834615818271,0.1558014435516819
AMZN,2021-07-06,0.8846456409105061,0.8846456409105061,0.8805504923247858,0.8391739105000033,0.8333132834128958,0.3992577965409233
AMZN,2021-07-07,0.8920593434930126,0.8920593434930126,0.8977417745487484,0.8925133535237246,0.8994911777743855,0.3027917744790957
AMZN,2021-07-08,0.9044500020193134,0.9044500020193134,0.9068419140961383,0.8719511326114542,0.8734044608529663,0.29274819556039766
AMZN,2021-07-09,0.9001561385170771,0.9001561385170771,0.9026111266833798,0.897669056295793,0.901307587330255,0.1952131281492578
AMZN,2021-07-12,0.8998751716959148,0.8998751716959148,0.9058892358340123,0.8988752134195295,0.9088981582849462,0.11509600980525671
AMZN,2021-07-13,0.8852219051634926,0.8852219051634926,0.9114609014789394,0.8898127473097841,0.8940914493137562,0.20186572245676154
AMZN,2021-07-14,0.8867587545917666,0.8867587545917666,0.8919054222113485,0.8860803707510698,0.8964768416409115,0.16446275364292523
AMZN,2021-07-15,0.8688006538232549,0.8688006538232549,0.884050860764785,0.8718800097346044,0.8912998101898926,0.15688410731308727
AMZN,2021-07-16,0.8483203655782205,0.8483203655782205,0.8666407651319108,0.8539257724195528,0.8697823182564581,0.21533433201688684
AMZN,2021-07-19,0.8397682479699387,0.8397682479699387,0.8328193407793785,0.8285565137085953,0.8341861694156987,0.19769167915021107
AMZN,2021-07-20,0.8481638145132608,0.8481638145132608,0.8475653400852488,0.8352599805823688,0.8464626521207954,0.16167778836987606
AMZN,2021-07-21,0.8524362906647363,0.8524362906647363,0.845606895465232,0.8443830368681178,0.8496643125669541,0.09789595533160834
AMZN,2021-07-22,0.8712304522871004,0.8712304522871004,0.864509595754072,0.8581278857191099,0.8534984756578419,0.16233828135639383
AMZN,2021-07-23,0.8778508687172757,0.8778508687172757,0.8737155884416985,0.8722785150140528,0.8721464653967401,0.10588315402424077
AMZN,2021-07-26,0.8932119805642178,0.8932119805642178,0.8899365322662014,0.8812484670916214,0.883868092840604,0.1374642516682555
AMZN,2021-07-27,0.8670895571971584,0.8670895571971584,0.8851447124418144,0.8595084296218096,0.8928193263474773,0.22134005174996596
AMZN,2021-07-28,0.8684876602585676,0.8684876602585676,0.8710021729506783,0.8647922621567523,0.8699483973822695,0.14422579327250445
AMZN,2021-07-29,0.8576729346441645,0.8576729346441645,0.8637791767813128,0.8573238171648006,0.8678175159232406,0.3158586408824731
AMZN,2021-07-30,0.760792469741784,0.760792469741784,0.7685744532545318,0.7601770253834019,0.7689413377792211,0.61856870488901
AMZN,2021-08-02,0.7621763507577637,0.7621763507577637,0.7653211113696716,0.7637422903276552,0.7707611983299127,0.1683644287076127
AMZN,2021-08-03,0.7745420392806381,0.7745420392806381,0.7766408286653317,0.7576116069277483,0.7663863074878445,0.22306959008579597
AMZN,2021-08-04,0.7704438103269855,0.7704438103269855,0.775892749555239,0.7739041749535902,0.7800374724115882,0.08869671796268556
AMZN,2021-08-05,0.7780105898870184,0.7780105898870184,0.7759350692745808,0.7722532555343167,0.7718637911755581,0.10569249625493667
AMZN,2021-08-06,0.7669646203278409,0.7669646203278409,0.7709950765906157,0.7680261677894535,0.7785002699055403,0.11959008579599618
AMZN,2021-08-09,0.7658725626562526,0.7658725626562526,0.7638955936988199,0.7678411397250993,0.7674075862679957,0.08626583140405829
AMZN,2021-08-10,0.7583342271870792,0.7583342271870792,0.764996444820524,0.7630306272209781,0.7679023726506073,0.10426937219120251
AMZN,2021-08-11,0.7481705672707091,0.7481705672707091,0.7578334285078334,0.7497909136724366,0.7631104506530118,0.1406713877161923
AMZN,2021-08-12,0.752222547435407,0.752222547435407,0.7496506469479027,0.7469018046887077,0.7484628109744009,0.09756230423532615
AMZN,2021-08-13,0.7488322723615066,0.7488322723615066,0.7466725447644098,0.7516446690214131,0.7540002556971477,0.08003540787144219
AMZN,2021-08-16,0.7506180618674176,0.7506180618674176,0.7445307146939126,0.7260726829652973,0.7459890947485188,0.16603568023968407
AMZN,2021-08-17,0.7303299340835336,0.7303299340835336,0.7376464916468088,0.7312496683081482,0.7440455376021744,0.1706795587634482
AMZN,2021-08-18,0.7158368012687368,0.7158368012687368,0.728334538135182,0.7221124960315743,0.7314969655240764,0.13094103227563664
AMZN,2021-08-19,0.7110448404807617,0.7110448404807617,0.7208891749926856,0.7158715993186864,0.7145452475838048,0.1975759226474193
AMZN,2021-08-20,0.7153849527719527,0.7153849527719527,0.7120007417257679,0.7134876256374083,0.718026007236197,0.16867084297970858
AMZN,2021-08-23,0.7388358029028606,0.7388358029028606,0.7377911109421671,0.7256741776858489,0.7208636955722172,0.16252212991965137
AMZN,2021-08-24,0.7530336382858331,0.7530336382858331,0.7499965271986035,0.7486488214301372,0.7449289922766198,0.11374778700803485
AMZN,2021-08-25,0.7506856980071333,0.7506856980071333,0.7519407575617423,0.7527654786929299,0.7554845070013945,0.05440555631213401
AMZN,2021-08-26,0.7566693793499375,0.7566693793499375,0.755822218843345,0.7562702620457247,0.7516432262336863,0.08290208361705025
AMZN,2021-08-27,0.7686331593828806,0.7686331593828806,0.7629922346007101,0.7625858649254411,0.763739502302919,0.10357483317445186
AMZN,2021-08-30,0.7942255672859082,0.7942255672859082,0.7956951476942051,0.7773413101349693,0.772291391002728,0.157353942530301
AMZN,2021-08-31,0.8117354022103014,0.8117354022103014,0.8054269602025574,0.7917053080604615,0.7960987258441821,0.23662671932452678
AMZN,2021-09-01,0.8146560240893224,0.8146560240893224,0.8246295597747728,0.8200455485019338,0.8214008806615256,0.1871578373961596
AMZN,2021-09-02,0.8090068322271984,0.8090068322271984,0.8193225808223183,0.812844004321122,0.8208213292185973,0.13907122429524715
AMZN,2021-09-03,0.8143180605212086,0.8143180605212086,0.8089873084992318,0.806240218059483,0.8057107170158904,0.1153751872531663
AMZN,2021-09-07,0.8254315576548694,0.8254315576548694,0.8250140984968315,0.8206504730010638,0.8148985593552507,0.1264197194607109
AMZN,2021-09-08,0.8311982170983292,0.8311982170983292,0.8312032228458428,0.8273147408541612,0.8267899326069241,0.14790276453765494
AMZN,2021-09-09,0.8164916450368536,0.8164916450368536,0.8327417007853699,0.8218708547001703,0.8318679636439852,0.12514639793000137
AMZN,2021-09-10,0.8111519726519838,0.8111519726519838,0.8180840021661664,0.8156584071380222,0.8233197416261746,0.10322756366607654
AMZN,2021-09-13,0.8068901358932725,0.8068901358932725,0.8143824804545892,0.8067951936680009,0.8165948311538773,0.11491897044804576
AMZN,2021-09-14,0.8043393957606579,0.8043393957606579,0.8104481464447504,0.8066920383504326,0.8140327910292684,0.07187797902764538
AMZN,2021-09-15,0.8135141349761135,0.8135141349761135,0.8099576468986913,0.793989601129605,0.8023606637923835,0.14137273593898952
AMZN,2021-09-16,0.8179431621925486,0.8179431621925486,0.8124735703661172,0.8096915778162319,0.808523601326627,0.1159131145308457
AMZN,2021-09-17,0.8087933929805196,0.8087933929805196,0.81418843431145,0.8118228752617396,0.8185773198355579,0.2543442734577148
AMZN,2021-09-20,0.7708031612458599,0.7708031612458599,0.7865208140332618,0.7594761121466609,0.7859213107395984,0.25791910663216666
AMZN,2021-09-21,0.7664986583508593,0.7664986583508593,0.7726535142434929,0.7692182089223649,0.7785002699055403,0.1293476780607381
AMZN,2021-09-22,0.7794549417373824,0.7794549417373824,0.7759350692745808,0.7722995125504053,0.7700191265995833,0.10418766171864362
AMZN,2021-09-23,0.7922440346661814,0.7922440346661814,0.7900352890463751,0.7861760744542508,0.780284865602894,0.10200871578373961
AMZN,2021-09-24,0.7956307270874163,0.7956307270874163,0.7901411421866114,0.7909261053669132,0.7880450745218068,0.08408688546915431
AMZN,2021-09-27,0.788615350342176,0.788615350342176,0.7853105562071021,0.7717871020834524,0.7772634117925994,0.18747106087430204
AMZN,2021-09-28,0.7566551573045077,0.7566551573045077,0.7689449930872407,0.7541709970409354,0.7723902835730976,0.2416927686231785
AMZN,2021-09-29,0.7513758471887901,0.7513758471887901,0.7626323554606598,0.7569355595517684,0.7598098976364838,0.11446275364292523
AMZN,2021-09-30,0.7456554365342851,0.7456554365342851,0.7543578273336067,0.7484388189204769,0.7576507611573493,0.1335353397793817
AMZN,2021-10-01,0.7450221755343471,0.7450221755343471,0.7477663964414392,0.7420164774332134,0.7481129663743153,0.13307231376821466
AMZN,2021-10-04,0.7117670164059438,0.7117670164059438,0.737469997957239,0.7136620124163713,0.7447134129438295,0.24797766580416725
AMZN,2021-10-05,0.7228734567995057,0.7228734567995057,0.7306739679130378,0.7229877960472784,0.7182487042458074,0.1625970311861637
AMZN,2021-10-06,0.7374625612796453,0.7374625612796453,0.7319477591600925,0.7216214767199487,0.7214396881767353,0.11246765627127876
AMZN,2021-10-07,0.7518419177310041,0.7518419177310041,0.7536168553519529,0.7516660601767404,0.749006989720403,0.1040310499795724
AMZN,2021-10-08,0.7469290152742596,0.7469290152742596,0.7520924839855396,0.7534949496649557,0.7580041645958451,0.07605202233419585
AMZN,2021-10-11,0.731873840251906,0.731873840251906,0.7419160452146896,0.7356688421127784,0.7431620829277292,0.07850333651096282
AMZN,2021-10-12,0.7322402479108792,0.7322402479108792,0.7330733775475688,0.7350212438875385,0.7368012524091583,0.06389078033501294
AMZN,2021-10-13,0.7453851091058872,0.7453851091058872,0.7404305476871627,0.7438489502114074,0.7412927221700589,0.10478006264469562
AMZN,2021-10-14,0.7509275813446716,0.7509275813446716,0.7489767619513632,0.7544129234067696,0.7528623979981641,0.08363066866403378
AMZN,2021-10-15,0.7897609306732825,0.7897609306732825,0.7834932850019882,0.7591166973033436,0.756032244585807,0.29270053111807165
AMZN,2021-10-18,0.8031797019493538,0.8031797019493538,0.7971665386486182,0.7879729315017474,0.7832214465092837,0.15612147623587092
AMZN,2021-10-19,0.8022583088229227,0.8022583088229227,0.7991143225759765,0.8011023231527632,0.7994522300625111,0.10246493258886015
AMZN,2021-10-20,0.7919096537507333,0.7919096537507333,0.8019972323118918,0.7934060677858024,0.8059438748535552,0.08569385809614598
AMZN,2021-10-21,0.7990067801158869,0.7990067801158869,0.794029710596653,0.7943418493929648,0.7923704651568959,0.06809886967179628
AMZN,2021-10-22,0.7636241766955609,0.7636241766955609,0.7903458490224089,0.7688303449283078,0.7947558574840512,0.15373825411956965
AMZN,2021-10-25,0.7582239249110743,0.7582239249110743,0.7613973303687274,0.75687507796031,0.7643649951144158,0.09156339370829363
AMZN,2021-10-26,0.778039033977878,0.778039033977878,0.7855046023502412,0.773342032765115,0.7694925263584558,0.1237232738662672
AMZN,2021-10-27,0.7838803863011521,0.7838803863011521,0.7928723254987291,0.7831160533969928,0.7830941910752205,0.12398883290208361
AMZN,2021-10-28,0.8031192311149693,0.8031192311149693,0.8076923035506243,0.7882931473243886,0.7880768883803224,0.3287076126923601
AMZN,2021-10-29,0.7767441764523748,0.7767441764523748,0.770931543169721,0.7482004758446215,0.7520037473490024,0.3816423804984339
AMZN,2021-11-01,0.7574199993659791,0.7574199993659791,0.7712985294382104,0.7548541024123279,0.7738356033420082,0.18572790412637885
AMZN,2021-11-02,0.7555131596260667,0.7555131596260667,0.755511658867311,0.7518404469557034,0.757300916557264,0.11890916519133869
AMZN,2021-11-03,0.7808601015388905,0.7808601015388905,0.7780240266168419,0.7568111216634175,0.7551770449314674,0.17131281492577966
AMZN,2021-11-04,0.8139445961221368,0.8139445961221368,0.814618954000834,0.7808211190424581,0.7767333605566498,0.3044872667846929
AMZN,2021-11-05,0.8288823035631543,0.8288823035631543,0.8384791994272085,0.8206646975764338,0.8145452637603432,0.280246493258886
AMZN,2021-11-08,0.8182064328808478,0.8182064328808478,0.8429781194128951,0.8245359537679584,0.8308856163991705,0.14930546098324937
AMZN,2021-11-09,0.849245232792085,0.849245232792085,0.848189905917772,0.8293642741374281,0.828062055573203,0.23243905760588313
AMZN,2021-11-10,0.8157410250208119,0.8157410250208119,0.8523112866260747,0.8157224720194594,0.8452434803563174,0.2142244314312951
AMZN,2021-11-11,0.8123436932068129,0.8123436932068129,0.8303599512881723,0.8172809859911008,0.8272669247974846,0.09417812883017841
AMZN,2021-11-12,0.8310738013421268,0.8310738013421268,0.8294742523273959,0.8100152683443069,0.8173722755811328,0.12311725452812201
AMZN,2021-11-15,0.8383772016486282,0.8383772016486282,0.848228672072894,0.8380388762531166,0.8357481759470298,0.13947977665804168
AMZN,2021-11-16,0.8366056341881469,0.8366056341881469,0.8420959740163383,0.8378041164672398,0.8364548749804332,0.09095737437014843
AMZN,2021-11-17,0.8395582828106931,0.8395582828106931,0.8458892422950381,0.8449914360726816,0.845543824749424,0.11432656952199373
AMZN,2021-11-18,0.8918743483371931,0.8918743483371931,0.8871560297900671,0.8505598686995683,0.8461199251975304,0.32835353397793815
AMZN,2021-11-19,0.8849409383423306,0.8849409383423306,0.9076040997793451,0.8913783192768379,0.897833837511095,0.2761405420128013
AMZN,2021-11-22,0.8479432099612509,0.8479432099612509,0.8904234782480411,0.8528726109194518,0.8850024995447652,0.26970584229878797
AMZN,2021-11-23,0.850600669717205,0.850600669717205,0.8578158652858878,0.8387149236290965,0.8527245900689968,0.1912637886422443
AMZN,2021-11-24,0.8507322507787385,0.8507322507787385,0.855201195806665,0.8419670307461211,0.8448194393675579,0.09850878387580007
AMZN,2021-11-26,0.8237489051196323,0.8237489051196323,0.8622089321313384,0.8303320881853093,0.8587532623359451,0.14367424758273184
AMZN,2021-11-29,0.8440300847286499,0.8440300847286499,0.8489767511829869,0.8400634350910774,0.8395081426492434,0.16235189976848702
AMZN,2021-11-30,0.8246418541552041,0.8246418541552041,0.8453669760385316,0.826012486408269,0.8451127739274322,0.2124336102410459
AMZN,2021-12-01,0.8021053404106284,0.8021053404106284,0.8362315162164748,0.8080761655431108,0.8385751877678194,0.19504970720414
AMZN,2021-12-02,0.7998427324045072,0.7998427324045072,0.8125264430943531,0.801724946932697,0.80853772883668,0.16035680239684053
AMZN,2021-12-03,0.7829199096910973,0.7829199096910973,0.8044707283762116,0.7714276872401351,0.8067708194877894,0.21478278632711423
AMZN,2021-12-06,0.7962888495255482,0.7962888495255482,0.8058962460470636,0.7714597196808537,0.7848611004241111,0.17443143129511102
AMZN,2021-12-07,0.8304120962513295,0.8304120962513295,0.8327417007853699,0.8170034438945692,0.8198459918070149,0.16609015388805665
AMZN,2021-12-08,0.8303658474623745,0.8303658474623745,0.8304869104461972,0.8270799810682847,0.830804302333676,0.09406237232738664
AMZN,2021-12-09,0.8162284829137867,0.8162284829137867,0.8290014129186702,0.8227319301405043,0.8279737316744762,0.09681329157020292
AMZN,2021-12-10,0.8022903355664477,0.8022903355664477,0.8216443504628408,0.79683256168179,0.825620261049425,0.14661582459485223
AMZN,2021-12-13,0.7834748951585553,0.7834748951585553,0.7946366162918428,0.7870834069106734,0.8014700914411177,0.1516546370693177
AMZN,2021-12-14,0.7800882027373204,0.7800882027373204,0.7762808418415172,0.7679408203372338,0.7700191265995833,0.13056652594307505
AMZN,2021-12-15,0.8101380819476429,0.8101380819476429,0.805222361050524,0.759081190157191,0.7774260399235886,0.1980389486585864
AMZN,2021-12-16,0.7785193265655215,0.7785193265655215,0.8092166749170375,0.7801842706871542,0.8111421514914472,0.14724908075718374
AMZN,2021-12-17,0.7866765924239707,0.7866765924239707,0.7861573813289919,0.7620592298831184,0.7711534254601564,0.2312270189295928
AMZN,2021-12-20,0.7657693171203463,0.7657693171203463,0.7648165052504987,0.7619632411455073,0.7650718019914073,0.1353193517635844
AMZN,2021-12-21,0.7895190473357441,0.7895190473357441,0.7848730370730432,0.7623012648334972,0.7721428903817917,0.1304984338826093
AMZN,2021-12-22,0.793930269854084,0.793930269854084,0.7942837365964672,0.7826037515145847,0.7821754715474374,0.1273661991011848
AMZN,2021-12-23,0.7941543484935272,0.7941543484935272,0.793754470895286,0.7943418493929648,0.7903597214551099,0.06523900313223478
AMZN,2021-12-27,0.7842005451711704,0.7842005451711704,0.8005857135303895,0.7876918061152374,0.794663974746914,0.13979980934223069
AMZN,2021-12-28,0.7912550054000347,0.7912550054000347,0.7951728814376988,0.7871224973468045,0.7886246259647351,0.12601116709791638
AMZN,2021-12-29,0.7808672668442216,0.7808672668442216,0.7883698519488229,0.7833153060367171,0.7932716061798042,0.06171864360615552
AMZN,2021-12-30,0.7769077842574335,0.7769077842574335,0.7860832948992031,0.7827709717135904,0.7852145038626068,0.06794906713877162
AMZN,2021-12-31,0.7631937155495376,0.7631937155495376,0.7752294175675938,0.7687840879122192,0.7799561583460934,0.1028326297153752
AMZN,2022-01-03,0.7894300238452676,0.7894300238452676,0.7847812905059208,0.7659518772299703,0.7700191265995833,0.15625085115075582
AMZN,2022-01-04,0.7689212915093737,0.7689212915093737,0.7896965159241134,0.7672968054019726,0.7904304668489619,0.18078442053656546
AMZN,2022-01-05,0.7464024738976611,0.7464024738976611,0.7595377394442719,0.7531177269562896,0.7653049598290722,0.15891325071496665
AMZN,2022-01-06,0.7385547275164661,0.7385547275164661,0.7431193035961745,0.7358965439032426,0.7410453289787531,0.11688683099550594
AMZN,2022-01-07,0.7335742974852384,0.7335742974852384,0.746249132203465,0.7365655332838097,0.7437911345776362,0.0986653956148713
AMZN,2022-01-10,0.7259754911816805,0.7259754911816805,0.7209703685509135,0.6958146222934114,0.7207965090167754,0.23890780335012934
AMZN,2022-01-11,0.7535530143571005,0.7535530143571005,0.7540579280502313,0.7271045618946157,0.7272598987877141,0.15381996459212854
AMZN,2022-01-12,0.7524502087275156,0.7524502087275156,0.7577841093438171,0.7535447899710228,0.7631281370014749,0.11032275636660767
AMZN,2022-01-13,0.7240403159161408,0.7240403159161408,0.7531510153879022,0.7298762909854062,0.7537670978594828,0.11766988969086205
AMZN,2022-01-14,0.7306144835573614,0.7306144835573614,0.7251235159696636,0.7206928616927435,0.7177185451662698,0.09651368650415361
AMZN,2022-01-18,0.7077008141958161,0.7077008141958161,0.7073712013340725,0.7054926541876783,0.7103328770291377,0.16909301375459623
AMZN,2022-01-19,0.6890703689437427,0.6890703689437427,0.7039520264523011,0.6954267582993543,0.7079086610102345,0.12125834127740705
AMZN,2022-01-20,0.6561175639872623,0.6561175639872623,0.6951305724867336,0.6605644957584842,0.6938017490828039,0.1850333651096282
AMZN,2022-01-21,0.5919089372202002,0.5919089372202002,0.6450246708888034,0.5945226155139354,0.6456286653002525,0.4982500340460302
AMZN,2022-01-24,0.6054344281196111,0.6054344281196111,0.6029993589585514,0.5467125146809698,0.5682380573875634,0.46982840800762626
AMZN,2022-01-25,0.5730044733218312,0.5730044733218312,0.5935074658768995,0.566588046931869,0.5911548198777519,0.24921013209859733
AMZN,2022-01-26,0.5650820340608217,0.5650820340608217,0.6046930092023313,0.5607064564777535,0.6088769724120464,0.2654773253438649
AMZN,2022-01-27,0.5705249519815978,0.5705249519815978,0.5980487055819279,0.5751630770199677,0.5809598262682931,0.20390167506468743
AMZN,2022-01-28,0.6014073093931074,0.6014073093931074,0.5963161814992615,0.5650545074055339,0.581387426095463,0.19326569521993736
AMZN,2022-01-31,0.6412189400298685,0.6412189400298685,0.6412174037207539,0.6103918123995677,0.6088769724120464,0.20659812065913113
AMZN,2022-02-01,0.6527450936114572,0.6527450936114572,0.650726849255975,0.6340673693805972,0.6459820687387483,0.14161105815061964
AMZN,2022-02-02,0.6486113638268463,0.6486113638268463,0.6744883486705524,0.6428629346792025,0.6816772179934654,0.2373144491352308
AMZN,2022-02-03,0.5648899821649036,0.5648899821649036,0.5980769187281556,0.5679258085239139,0.5875857363266328,0.7078373961596078
AMZN,2022-02-04,0.698607933165506,0.698607933165506,0.717713473101834,0.6552771885181075,0.6856068226599006,0.8029075309818875
AMZN,2022-02-07,0.7007139901066675,0.7007139901066675,0.7282356844396205,0.7025429550279463,0.7061983695451433,0.2893844477733896
AMZN,2022-02-08,0.7254596977630785,0.7254596977630785,0.7218948336668118,0.6904490255962277,0.6936921799972036,0.19887648100231514
AMZN,2022-02-09,0.7238659601530857,0.7238659601530857,0.7363056134146402,0.7238915452137222,0.7369673315349696,0.17417949067138772
AMZN,2022-02-10,0.7083126878449932,0.7083126878449932,0.7143014053485017,0.7061010533922423,0.7049968841291283,0.17241590630532483
AMZN,2022-02-11,0.6676864922703727,0.6676864922703727,0.7021877356591877,0.6704061645617778,0.7034738091331334,0.20248536020699986
AMZN,2022-02-14,0.6810163486211998,0.6810163486211998,0.6982957213686907,0.6626922099140133,0.6583575518578026,0.22335557673975215
AMZN,2022-02-15,0.6905751916284915,0.6905751916284915,0.6951799993345142,0.6839518693575908,0.6997349797742047,0.13214626174588046
AMZN,2022-02-16,0.7018879059634013,0.7018879059634013,0.70101624398815,0.6846421413089405,0.6869072006462851,0.1194266648508784
AMZN,2022-02-17,0.6773556375536691,0.6773556375536691,0.7117078418870675,0.6829734140243184,0.7035550153550396,0.157994007898679
AMZN,2022-02-18,0.6627629504208641,0.6627629504208641,0.6774841109913787,0.6573053306460468,0.6848505155759304,0.156536837804712
AMZN,2022-02-22,0.6456586066390679,0.6456586066390679,0.6597212433468931,0.640173078335198,0.6493639358207708,0.16513005583548956
AMZN,2022-02-23,0.6074478789176307,0.6074478789176307,0.6511150492260174,0.6128859993938267,0.6576471861424009,0.15871578373961598
AMZN,2022-02-24,0.6539155353807578,0.6539155353807578,0.6510161955304561,0.5762304630954387,0.5741571605689115,0.2831267874165872
AMZN,2022-02-25,0.6712083484058065,0.6712083484058065,0.6668313869313476,0.6453536469680277,0.6498692908750252,0.15242407735258068
AMZN,2022-02-28,0.6696039714030493,0.6696039714030493,0.6700776216877684,0.6569993393987756,0.6631211109917043,0.13638158790685007
AMZN,2022-03-01,0.652378685952484,0.652378685952484,0.6676005720592291,0.6507868918366275,0.6652943749808915,0.09276862317853739
AMZN,2022-03-02,0.6588568819283618,0.6588568819283618,0.6598412030602432,0.6420552828349144,0.6519824859855909,0.10114394661582458
AMZN,2022-03-03,0.6293014087858804,0.6293014087858804,0.6664008672419635,0.6285772262105176,0.6709413887892384,0.16196377502383225
AMZN,2022-03-04,0.6132395083645168,0.6132395083645168,0.6235004093598295,0.6068799710513604,0.6259028867409921,0.1474465477325344
AMZN,2022-03-07,0.5549824276315019,0.5549824276315019,0.6111114999691485,0.5614038950090607,0.6137783556516538,0.23596622633800896
AMZN,2022-03-08,0.5447475489227507,0.5447475489227507,0.5730380745023045,0.5340491678962735,0.5518658908902203,0.2520631894321122
AMZN,2022-03-09,0.5679743204142155,0.5679743204142155,0.5698659261756724,0.5572160062848734,0.5717718760853445,0.2214013346043851
AMZN,2022-03-10,0.6216102134696448,0.6216102134696448,0.6293189938761319,0.6080967694604882,0.615485196121923,0.39982296064278905
AMZN,2022-03-11,0.6124106128159954,0.6124106128159954,0.6363797106128055,0.6179954451498066,0.6429747424385064,0.1745676154160425
AMZN,2022-03-14,0.5862880808837037,0.5862880808837037,0.6206774794805894,0.5860792984786898,0.6175772538892037,0.19222388669481139
AMZN,2022-03-15,0.6255162819621471,0.6255162819621471,0.6244530876219558,0.5940209549169186,0.5954485044979134,0.19732398202369605
AMZN,2022-03-16,0.6663382206505837,0.6663382206505837,0.6609032880268253,0.6321175167094648,0.6353806126454049,0.22923873076399293
AMZN,2022-03-17,0.6957584215136339,0.6957584215136339,0.6915914378916121,0.6661791854014594,0.6646441859876993,0.18830178401198422
AMZN,2022-03-18,0.7243000039517744,0.7243000039517744,0.7204939755779682,0.6937259985740134,0.6941339073344264,0.2905352035952608
AMZN,2022-03-21,0.7260146832305365,0.7260146832305365,0.73100918747108,0.7189315117913992,0.7245812797442728,0.16652594307503743
AMZN,2022-03-22,0.7501877092866265,0.7501877092866265,0.7527664766658435,0.7342029507578591,0.7294190352668484,0.15817785646193655
AMZN,2022-03-23,0.7396504764059524,0.7396504764059524,0.7541989937813702,0.7412336914496864,0.7428440521861595,0.13000817104725587
AMZN,2022-03-24,0.7413687383373799,0.7413687383373799,0.7383098236344541,0.7224683275849129,0.7431585240893188,0.13336510962821735
AMZN,2022-03-25,0.7493658704782038,0.7493658704782038,0.7471312776000216,0.7381239386709062,0.7449289922766198,0.10692496254936674
AMZN,2022-03-28,0.7793695008995716,0.7793695008995716,0.7730240540762019,0.756981816567857,0.7518199818747282,0.14376957646738392
AMZN,2022-03-29,0.7816783576946478,0.7816783576946478,0.7856845419202663,0.7781062882531475,0.7900488083903605,0.16521857551409508
AMZN,2022-03-30,0.7602339016216606,0.7602339016216606,0.7724100412525732,0.76125157803883,0.7768005471120916,0.13122020972354626
AMZN,2022-03-31,0.736729745961699,0.736729745961699,0.7550811391779269,0.7431302291093176,0.7622094174736918,0.14415089200599213
AMZN,2022-04-01,0.7407318946847765,0.7407318946847765,0.7503669593475484,0.7386185412725104,0.7459856437536967,0.1343592537110173
AMZN,2022-04-04,0.774787505270842,0.774787505270842,0.7684862602516289,0.7449235028668355,0.745812446951065,0.10981887511916112
AMZN,2022-04-05,0.7442537508202103,0.7442537508202103,0.766482050031815,0.7453540405870027,0.7713725636313569,0.12291297834672478
AMZN,2022-04-06,0.7065517597772764,0.7065517597772764,0.7247706362742881,0.7025749874686649,0.7283235600980233,0.2091447637205502
AMZN,2022-04-07,0.699639628567942,0.699639628567942,0.7098023776790507,0.6830552867711042,0.7053501797240358,0.17196649870625086
AMZN,2022-04-08,0.6759895612357849,0.6759895612357849,0.6906739722203885,0.6810591770838834,0.6936886211587934,0.09660901538880566
AMZN,2022-04-11,0.6522363569329541,0.6522363569329541,0.6678652587517018,0.6547541367657632,0.6651565508751858,0.11741113986109221
AMZN,2022-04-12,0.6498564984759612,0.6498564984759612,0.6746577352316832,0.6536760008203562,0.67207935433181,0.12784965273049165
AMZN,2022-04-13,0.6836772824645871,0.6836772824645871,0.6811926321476309,0.6481040934880355,0.6461127751676334,0.1217622225248536
AMZN,2022-04-14,0.6563950567209913,0.6563950567209913,0.6802893807332855,0.6614255711988182,0.6840766299870853,0.11566117390712242
AMZN,2022-04-18,0.6640685559043635,0.6640685559043635,0.6671807130625036,0.6527331612177811,0.6567496039579028,0.09835217213672885
AMZN,2022-04-19,0.7019946255867409,0.7019946255867409,0.6997106860306481,0.6619842386818597,0.6603258051858423,0.1269916927686232
AMZN,2022-04-20,0.6726989490451254,0.6726989490451254,0.6923253027448268,0.6765937462631648,0.6997137345873314,0.1430069453901675
AMZN,2022-04-21,0.632129641652224,0.632129641652224,0.6862244790824825,0.6337968852794784,0.6792989433431307,0.1577829225112352
AMZN,2022-04-22,0.6040541297562971,0.6040541297562971,0.6359562980518607,0.6061006597732674,0.6336137032965143,0.18879204684733758
AMZN,2022-04-25,0.6163202639611631,0.6163202639611631,0.6120077519388192,0.5962020926684937,0.6037387646527759,0.1506468745744246
AMZN,2022-04-26,0.5687711892192119,0.5687711892192119,0.6023712395618088,0.5721707041341259,0.6092303758505422,0.2039493395070135
AMZN,2022-04-27,0.5600625205459702,0.5600625205459702,0.5818525290231973,0.5497830684390741,0.5766591318148993,0.1828612283807708
AMZN,2022-04-28,0.6058078925186829,0.6058078925186829,0.6100035417190053,0.5819234421952212,0.5906989650304764,0.33940487539152936
AMZN,2022-04-29,0.4612681048809626,0.4612681048809626,0.5029005160313664,0.44902844657185703,0.5035621006787836,0.868296336647147
AMZN,2022-05-02,0.46282270472471554,0.46282270472471554,0.4599012044536713,0.4259008072039331,0.45092235116061535,0.4465545417404331
AMZN,2022-05-03,0.46106888767971344,0.46106888767971344,0.4708574352031793,0.4575678609292584,0.4626015960743208,0.20941032275636662
AMZN,2022-05-04,0.47298636464108557,0.47298636464108557,0.46930135096820086,0.4316506846051954,0.45939643071154607,0.31703663352853056
AMZN,2022-05-05,0.4052415511279276,0.4052415511279276,0.4516513897505085,0.4023995827095943,0.45515585905856754,0.43158790685006126
AMZN,2022-05-06,0.3936122062930488,0.3936122062930488,0.42025758817873476,0.38823119984157517,0.39755460350037636,0.3630464387852376
AMZN,2022-05-09,0.35104003321227584,0.35104003321227584,0.3846153928987511,0.35176427489751994,0.37255284699793373,0.3762018248672205
AMZN,2022-05-10,0.3515380762153987,0.3515380762153987,0.3750353068141962,0.3461709221175995,0.37211111966071114,0.29895138226882745
AMZN,2022-05-11,0.32672831507193745,0.32672831507193745,0.3574876451725207,0.32665475041774517,0.34987280118382064,0.313489037178265
AMZN,2022-05-12,0.3378168964847881,0.3378168964847881,0.3618948724329671,0.3122587200515342,0.312036201798432,0.38948658586408824
AMZN,2022-05-13,0.3813923208771376,0.3813923208771376,0.3788567343972417,0.35064704851598183,0.35669660422648725,0.2589472967451995
AMZN,2022-05-16,0.3654228637510677,0.3654228637510677,0.38456246632863295,0.3688217667492678,0.3851862380581425,0.19385809614598937
AMZN,2022-05-17,0.3978527099836153,0.3978527099836153,0.39731830814592134,0.3753864625747757,0.38642309617108345,0.20026555903581644
AMZN,2022-05-18,0.3391118625755234,0.3391118625755234,0.37652080434172325,0.3396098095820703,0.3734504291824318,0.3089813427754324
AMZN,2022-05-19,0.3405810758640815,0.3405810758640815,0.3566266596356347,0.3392113043026219,0.33698851201568997,0.24007898679014028
AMZN,2022-05-20,0.3425163596948535,0.3425163596948535,0.3556669280869516,0.3307892698381588,0.3602268640858582,0.2787484679286395
AMZN,2022-05-23,0.34227442207469894,0.34227442207469894,0.34805223222520637,0.32324964767708475,0.35239946861150356,0.30699986381587907
AMZN,2022-05-24,0.31767810017791676,0.31767810017791676,0.32392380038402185,0.3041071153959176,0.3210474502621327,0.2904398747106087
AMZN,2022-05-25,0.33671056248515374,0.33671056248515374,0.34350743895595853,0.3211148212338706,0.318435963852339,0.25702710064006534
AMZN,2022-05-26,0.3673225381856492,0.3673225381856492,0.3751975862468881,0.3481812563801904,0.34892927763075404,0.25662535748331744
AMZN,2022-05-27,0.3962731944190523,0.3962731944190523,0.3929922206018209,0.3850040128775841,0.3883667072392219,0.2588655862726406
AMZN,2022-05-31,0.43229611557941483,0.43229611557941483,0.44103387828138,0.40668709775364364,0.4076613271329022,0.4324118207816969
AMZN,2022-06-01,0.4427870453885181,0.4427870453885181,0.46350742603390677,0.4418944419779164,0.44989751354205415,0.37417268146534116
AMZN,2022-06-02,0.4700159113204442,0.4700159113204442,0.4665490616382943,0.4377848427105363,0.44585483487340266,0.2823573471333243
AMZN,2022-06-03,0.4475255920822073,0.4475255920822073,0.45800990066065067,0.44491173501679193,0.4636370023645246,0.27229334059648647
AMZN,2022-06-06,0.4648860412469715,0.4648860412469715,0.49040230761999387,0.4645773190503033,0.4710580431985825,0.40052771346860955
AMZN,2022-06-07,0.45215030812984225,0.45215030812984225,0.45589273017216153,0.4419478112816899,0.44815891313506323,0.22991522538472015
AMZN,2022-06-08,0.43920113576603415,0.43920113576603415,0.453422733830179,0.442801774434339,0.45239948478804176,0.16103976576331203
AMZN,2022-06-09,0.40341304120311117,0.40341304120311117,0.43613270559441925,0.40971144878793186,0.4338822553998228,0.16820032684189024
AMZN,2022-06-10,0.35716598929199406,0.35716598929199406,0.3881439744849781,0.3595422944267218,0.3874478798678506,0.23709655454174045
AMZN,2022-06-13,0.3146186776494151,0.3146186776494151,0.3319689620932689,0.3083768225746183,0.3222136169030158,0.2779916246765627
AMZN,2022-06-14,0.30494236706078737,0.30494236706078737,0.32025404538289165,0.30531685580963286,0.3222136169030158,0.17738935040174314
AMZN,2022-06-15,0.34307840190241023,0.34307840190241023,0.34975298959742535,0.3202608580812215,0.3198812836212496,0.22941951518452947
AMZN,2022-06-16,0.3145475674222662,0.3145475674222662,0.3181369287362847,0.3094442629423616,0.3241925467462861,0.21980219256434697
AMZN,2022-06-17,0.3327617735737459,0.3327617735737459,0.33507413111855106,0.3130023613066576,0.31238960523692777,0.27967486041127604
AMZN,2022-06-21,0.3502644974754241,0.3502644974754241,0.3678898967969572,0.32047433529631575,0.3505548040355286,0.18138090698624543
AMZN,2022-06-22,0.35218550497815015,0.35218550497815015,0.37141847838318426,0.34509636946217126,0.3451127469665351,0.1444031730900177
AMZN,2022-06-23,0.3770166534723721,0.3770166534723721,0.3775582297262969,0.35157213454548075,0.3660329471867841,0.15906067002587498
AMZN,2022-06-24,0.4056186524622811,0.4056186524622811,0.40374029863507593,0.3764788230955527,0.38009753050585054,0.17786190930137546
AMZN,2022-06-27,0.38256629101648754,0.38256629101648754,0.41270292601554676,0.3855163690522646,0.4133860961683335,0.15152934767806076
AMZN,2022-06-28,0.3411573943996842,0.3411573943996842,0.39061397082696064,0.34523872380041565,0.38801330380072613,0.1951412910254664
AMZN,2022-06-29,0.35197206573147133,0.35197206573147133,0.3633733166739371,0.3443136377709167,0.34475934352803933,0.1659720141631486
AMZN,2022-06-30,0.33269060906398096,0.33269060906398096,0.34354270538874315,0.31307348418350733,0.34991874255238914,0.2725500476644423
AMZN,2022-07-01,0.3565256172693412,0.3565256172693412,0.35462244941582094,0.33677043231986403,0.3370556446493376,0.18859866539561487
AMZN,2022-07-05,0.38455846302897867,0.38455846302897867,0.38517997887459915,0.3401150534690659,0.34631423238255005,0.20072756366607653
AMZN,2022-07-06,0.39046386883930306,0.39046386883930306,0.3950600180844113,0.38060623022828133,0.38596368248539786,0.16795894048753918
AMZN,2022-07-07,0.40469373096580064,0.40469373096580064,0.405716295708662,0.3911381709829249,0.3904869661048141,0.1370226746561351
AMZN,2022-07-08,0.39907292891192014,0.39907292891192014,0.40282288680573447,0.39256144290400685,0.3957876941514858,0.09564789595533162
AMZN,2022-07-11,0.3721073336682933,0.3721073336682933,0.3867325633872401,0.37249377030106834,0.3921125464313829,0.12209451177992646
AMZN,2022-07-12,0.3541065667634924,0.3541065667634924,0.37918140094638947,0.3544897469722218,0.37854269557313397,0.12479334059648646
AMZN,2022-07-13,0.36250218758943065,0.36250218758943065,0.36894848204120173,0.33790904985672954,0.34228568122395137,0.14887580008171047
AMZN,2022-07-14,0.3641385913357128,0.3641385913357128,0.3647141949061056,0.34908147654892796,0.3649727907930909,0.1141805120522947
AMZN,2022-07-15,0.38491423129518754,0.38491423129518754,0.39583625649884974,0.37761738634014574,0.380945666405164,0.22705910390848427
AMZN,2022-07-18,0.38640836030455583,0.38640836030455583,0.4074805865017755,0.38871869015549443,0.3986147598940695,0.14125493667438377
AMZN,2022-07-19,0.4180697818229666,0.4180697818229666,0.41954832906564626,0.39498092373143734,0.40356208450224546,0.1476372055018385
AMZN,2022-07-20,0.4505138501009439,0.4505138501009439,0.45151732346404455,0.4255094142121696,0.42419962667785077,0.18263073675609426
AMZN,2022-07-21,0.46374762622119603,0.46374762622119603,0.46118560255150215,0.4464310499677572,0.45656936496896233,0.14508341277407055
AMZN,2022-07-22,0.44802363508533005,0.44802363508533005,0.4657727693819738,0.44707148161303967,0.46936182532175,0.11520427618139724
AMZN,2022-07-25,0.43891653200959024,0.43891653200959024,0.4526464415738585,0.43767810410298924,0.4530355462711812,0.11097405692496255
AMZN,2022-07-26,0.3938790053513974,0.3938790053513974,0.41390263083281215,0.39853902209573333,0.40419819990717903,0.16835455535884514
AMZN,2022-07-27,0.43770700675666585,0.43770700675666585,0.44036699272951524,0.41725465423898456,0.4149409850228442,0.1496527304916247
AMZN,2022-07-28,0.4470275490790846,0.4470275490790846,0.44700068949914235,0.4238015421991438,0.4450491354260417,0.2200037450633256
AMZN,2022-07-29,0.537173712622619,0.537173712622619,0.551517258853786,0.5257766543500123,0.539260700928323,0.4469116845975759
AMZN,2022-08-01,0.5403042996608857,0.5403042996608857,0.5598447673928393,0.5336044056007365,0.5396848497606708,0.2016236551818058
AMZN,2022-08-02,0.5315529648513546,0.5315529648513546,0.5500353148904786,0.5377318127334653,0.5379885779620441,0.15081165736075175
AMZN,2022-08-03,0.5696889996929775,0.5696889996929775,0.5715596841032167,0.5516796060987053,0.5485193965051236,0.1845356121476236
AMZN,2022-08-04,0.5913895611489328,0.5913895611489328,0.5932251190470934,0.5765862946487772,0.5794049374137824,0.1803043715102819
AMZN,2022-08-05,0.5787961027687174,0.5787961027687174,0.5882851263631284,0.5769421262021157,0.5760125016601172,0.11255924009260519
AMZN,2022-08-08,0.5689063529334109,0.5689063529334109,0.597953405450586,0.5676198172766427,0.589794373012746,0.11780947841481683
AMZN,2022-08-09,0.5576647488256499,0.5576647488256499,0.5606915925147291,0.5528182236355708,0.5615238234304969,0.07765456897725724
AMZN,2022-08-10,0.5922433181356483,0.5922433181356483,0.6005646290493536,0.5869758810651764,0.5958018000928209,0.12647351218847885
AMZN,2022-08-11,0.5776576877429418,0.5776576877429418,0.599788336793033,0.5780806351544364,0.6025867794437396,0.09274581233828137
AMZN,2022-08-12,0.5983621631926517,0.5983621631926517,0.593295759596427,0.5806424703201113,0.589794373012746,0.10219767125153208
AMZN,2022-08-15,0.5957295648748917,0.5957295648748917,0.5946365301448313,0.5903917336757729,0.5950951010594177,0.07281969222388669
AMZN,2022-08-16,0.6071134980021826,0.6071134980021826,0.6144672491137895,0.5940209549169186,0.6029401828822354,0.14121237913659268
AMZN,2022-08-17,0.5880455348639873,0.5880455348639873,0.5919548813642583,0.5853391862212729,0.5943176566321624,0.10392142176222254
AMZN,2022-08-18,0.5894684993635906,0.5894684993635906,0.5876500075217108,0.5824927509636539,0.5846350279101902,0.0675224703799537
AMZN,2022-08-19,0.5605106778248565,0.5605106778248565,0.5759350908113336,0.5649157363572681,0.5786274929865269,0.1027059784829089
AMZN,2022-08-22,0.5248649122814636,0.5248649122814636,0.5421313265961345,0.5289077982841199,0.5450562153576064,0.1117918425711562
AMZN,2022-08-23,0.5277108412806703,0.5277108412806703,0.5327452866547187,0.5296193528062522,0.5287299902288316,0.06341447637205502
AMZN,2022-08-24,0.5289915853259758,0.5289915853259758,0.5361326948260428,0.523570650737676,0.5240653236652995,0.07150006809206046
AMZN,2022-08-25,0.5537515150278166,0.5537515150278166,0.5498941414755756,0.5390839074854249,0.5418050547044688,0.0676504834536293
AMZN,2022-08-26,0.5072910238700205,0.5072910238700205,0.5527876042203852,0.5121846925381108,0.5509223673371535,0.12153309274138636
AMZN,2022-08-29,0.5004606422805994,0.5004606422805994,0.5112914503075501,0.49987370260131925,0.5039225139505117,0.10375731989650007
AMZN,2022-08-30,0.49291883272399284,0.49291883272399284,0.5121383831132043,0.4862105636202956,0.5134638675719561,0.1075071496663489
AMZN,2022-08-31,0.47897357435393917,0.47897357435393917,0.5016937040856619,0.4854277776367687,0.5007420986912263,0.12264299332697808
AMZN,2022-09-01,0.4864442736833968,0.4864442736833968,0.4835568507280122,0.46350993297483245,0.4763587712452542,0.13281390439874713
AMZN,2022-09-02,0.48423866242422686,0.48423866242422686,0.5072689232948087,0.482937119640216,0.5010955021297221,0.13551613781833038
AMZN,2022-09-06,0.47427774807915535,0.47427774807915535,0.4877910840212261,0.47119538417958473,0.48992862210350324,0.08941372735938989
AMZN,2022-09-07,0.49825503102142943,0.49825503102142943,0.49625976597518257,0.4758921000807462,0.47720690714456765,0.1030719733079123
AMZN,2022-09-08,0.5006741900925106,0.5006741900925106,0.4995060007316035,0.4879896128024436,0.48851511619310833,0.08975384720141631
AMZN,2022-09-09,0.5252206805476726,0.5252206805476726,0.5235709529937755,0.5140348645971086,0.5110608967399262,0.10813563938444777
AMZN,2022-09-12,0.5478461092174922,0.5478461092174922,0.5433310314133999,0.5370913810881828,0.5336066772867438,0.12324969358572792
AMZN,2022-09-13,0.47932934262014804,0.47932934262014804,0.5074099890259476,0.48208315648756683,0.5117675957733294,0.18748467928639523
AMZN,2022-09-14,0.49163819724391955,0.49163819724391955,0.4893436685338672,0.48251016521002765,0.4859707624169624,0.0942761813972491
AMZN,2022-09-15,0.47548727333207974,0.47548727333207974,0.500141119573021,0.4766037088951509,0.4861120914392843,0.12005038812474465
AMZN,2022-09-16,0.4559212129081456,0.4559212129081456,0.4542696127939511,0.4424459428810005,0.4536009702040568,0.3337934086885469
AMZN,2022-09-19,0.46396111975049104,0.46396111975049104,0.46019760401470916,0.4502738027162696,0.4492190695287564,0.10095907667166008
AMZN,2022-09-20,0.4463872313390479,0.4463872313390479,0.45800990066065067,0.4455770868151081,0.4576295213626555,0.10238458395751056
AMZN,2022-09-21,0.4204177221016666,0.4204177221016666,0.45349332053763053,0.4264345002416685,0.45155134888872844,0.13915599891052705
AMZN,2022-09-22,0.4116663330095194,0.4116663330095194,0.4184192109558323,0.41085006632479726,0.41331545861806956,0.12802396840528396
AMZN,2022-09-23,0.3865506350414697,0.3865506350414697,0.3990825989390349,0.3809620074893475,0.4056823972896318,0.16172102682827183
AMZN,2022-09-26,0.3962981101398624,0.3962981101398624,0.40818629205064455,0.38857633581725004,0.38659979789033133,0.15353840392210266
AMZN,2022-09-27,0.39103307635219087,0.39103307635219087,0.41510233565007765,0.38800708134108974,0.41416354059558885,0.14458906441508923
AMZN,2022-09-28,0.4166468173233633,0.4166468173233633,0.4177840382725327,0.39334422888753373,0.3942328052969751,0.12984406918153346
AMZN,2022-09-29,0.3938078951242485,0.3938078951242485,0.3992237185120559,0.3880782042179395,0.40285533154704806,0.1407588860138908
AMZN,2022-09-30,0.3810009974973543,0.3810009974973543,0.4052222964402655,0.3865126322508857,0.3921125464313829,0.1424948930954651
AMZN,2022-10-03,0.40149197941776904,0.40149197941776904,0.405151763574696,0.3837373198701166,0.38857872773360175,0.1134274138635435
AMZN,2022-10-04,0.4385607637433814,0.4385607637433814,0.4481298614508384,0.43597023208996344,0.4331755024446254,0.15384243497208228
AMZN,2022-10-05,0.4375646777371358,0.4375646777371358,0.4393084074852707,0.4210262298183747,0.42391691471141296,0.1041519133868991
AMZN,2022-10-06,0.43294001597211695,0.43294001597211695,0.43775582297262966,0.433906528523599,0.43939500394087433,0.08384788233691952
AMZN,2022-10-07,0.3921002725855852,0.3921002725855852,0.41404375040583313,0.39391348336369403,0.4198176720807563,0.1261473512188479
AMZN,2022-10-10,0.38576798828190306,0.38576798828190306,0.40049401003677293,0.3835950198241447,0.3993215128492669,0.0841403377366199
AMZN,2022-10-11,0.3753801954434738,0.3753801954434738,0.3950600180844113,0.3690779719827443,0.38242986378761673,0.13211970584229882
AMZN,2022-10-12,0.3802895152475526,0.3802895152475526,0.3834156880814856,0.37626534588045846,0.3808749749331059,0.09567853738254119
AMZN,2022-10-13,0.3776569712124087,0.3776569712124087,0.380663398751579,0.33321233395556804,0.34829316222582046,0.2357418629987743
AMZN,2022-10-14,0.3375999288680598,0.3375999288680598,0.39139026308328123,0.342107579866308,0.39225387545370466,0.17060908348086612
AMZN,2022-10-17,0.38662179955123477,0.38662179955123477,0.3859562711309196,0.36694309124725777,0.36405401734351367,0.15373825411956965
AMZN,2022-10-18,0.4049071702124796,0.4049071702124796,0.42357090992026986,0.4003892484470035,0.4273093504650782,0.16335761950156613
AMZN,2022-10-19,0.3957289026269747,0.3957289026269747,0.40289341967130393,0.389216821754805,0.39656513857874115,0.10068126106495982
AMZN,2022-10-20,0.39700959238966405,0.39700959238966405,0.4145377496742297,0.3912805253211693,0.3903456370824923,0.10611841209314994
AMZN,2022-10-21,0.42596735964578203,0.42596735964578203,0.4240649091886663,0.3983255448806391,0.39713056251161677,0.12949237368922784
AMZN,2022-10-24,0.4295248251774064,0.4295248251774064,0.4297106612633825,0.4130560699371336,0.43381161784955896,0.10862556175949885
AMZN,2022-10-25,0.43507446272152195,0.43507446272152195,0.4362738251674401,0.4299925986059645,0.4314792845677928,0.11340256026147351
AMZN,2022-10-26,0.39992674018125185,0.39992674018125185,0.42237120510300435,0.4001757712319093,0.4056823972896318,0.1742349857006673
AMZN,2022-10-27,0.3664865316144128,0.3664865316144128,0.3854622718625231,0.3646659104657992,0.39098169856563175,0.38124540378591854
AMZN,2022-10-28,0.312768834656454,0.312768834656454,0.31376146818628553,0.278488818031441,0.2778288626863719,0.6996711153479505
AMZN,2022-10-31,0.30586734283988404,0.30586734283988404,0.3201835125173223,0.30040666269337724,0.3177609708338633,0.27790208361705027
AMZN,2022-11-01,0.26566797147600507,0.26566797147600507,0.3181369287362847,0.26710285983187587,0.32080005707082687,0.4621544327931363
AMZN,2022-11-02,0.23244125643846114,0.23244125643846114,0.26986590463891963,0.23828229565644177,0.2736589285836572,0.40220550183848564
AMZN,2022-11-03,0.21237715301140414,0.21237715301140414,0.23994354786344102,0.21700482834751567,0.23938089799953916,0.40534284352444505
AMZN,2022-11-04,0.2243302393689668,0.2243302393689668,0.2324629721300419,0.21003098595716807,0.23245458962629878,0.3795291434018793
AMZN,2022-11-07,0.22112848782093508,0.22112848782093508,0.23006350865362885,0.21714718268576005,0.2357056963576421,0.2038325616233147
AMZN,2022-11-08,0.217215308305718,0.217215308305718,0.2273818060311738,0.2113830807091277,0.22750726501812285,0.24199033092741384
AMZN,2022-11-09,0.18989394479588217,0.18989394479588217,0.21157377560060348,0.19458885208626886,0.21817798581285247,0.24911548413454992
AMZN,2022-11-10,0.2645295564502296,0.2645295564502296,0.2765702419578803,0.2357204604907669,0.24270269620294044,0.5303993599346316
AMZN,2022-11-11,0.2941276957290003,0.2941276957290003,0.29421314988901576,0.271372621302849,0.27761678827019803,0.31991182078169683
AMZN,2022-11-14,0.2777633325704816,0.2777633325704816,0.286661987448165,0.2758558056966438,0.28390698123850483,0.27886116028871033
AMZN,2022-11-15,0.2809650841185133,0.2809650841185133,0.31256176336902003,0.27621158295771,0.3152873085297753,0.31904637069317715
AMZN,2022-11-16,0.26801591175470507,0.26801591175470507,0.27515877701826025,0.26340246142160784,0.2703371303802559,0.239455263516274
AMZN,2022-11-17,0.25186498784286526,0.25186498784286526,0.264431912686558,0.25265698915959767,0.25987705723102855,0.22127161922919786
AMZN,2022-11-18,0.24681339330187257,0.24681339330187257,0.2575158690871248,0.24162691680564363,0.26397624593989105,0.1865797358028054
AMZN,2022-11-21,0.23486030694430993,0.23486030694430993,0.25067041219514324,0.2281772550397141,0.24998235409288255,0.22710166144627536
AMZN,2022-11-22,0.24012534073198155,0.24012534073198155,0.2388849626191965,0.23016983572922867,0.24044105439323232,0.15172953833583003
AMZN,2022-11-23,0.2467422287921076,0.2467422287921076,0.24756529701174318,0.2441175748021963,0.24482295506853274,0.14227393435925373
AMZN,2022-11-25,0.24161952402396603,0.24161952402396603,0.24650671176749867,0.24582544681522212,0.24871017720480953,0.05945322075446004
AMZN,2022-11-28,0.24546153902941814,0.24546153902941814,0.26040933183193443,0.248387281980897,0.24969964212644474,0.19514197194607108
AMZN,2022-11-29,0.23457570318786602,0.23457570318786602,0.24636559219447768,0.23422606569283522,0.2504770865537001,0.16322109492033232
AMZN,2022-11-30,0.2638892387101929,0.2638892387101929,0.26139733036872753,0.23486649733811782,0.23938089799953916,0.29000340460302326
AMZN,2022-12-01,0.2564897038905002,0.2564897038905002,0.2662667901871231,0.25899039990466277,0.2713265953018911,0.17316491897044806
AMZN,2022-12-02,0.2467422287921076,0.2467422287921076,0.2530698756715563,0.2508779399774498,0.25358686426272165,0.18681192972899363
AMZN,2022-12-05,0.22454367861564561,0.22454367861564561,0.2438955420106131,0.22981400417589015,0.2434801406301959,0.18354044668391667
AMZN,2022-12-06,0.20490645368194638,0.20490645368194638,0.22258293292022963,0.20903472275854695,0.22545764370279447,0.1970502519406237
AMZN,2022-12-07,0.20640058269131478,0.20640058269131478,0.21446718450353103,0.20604593316268371,0.21019152104591893,0.17179933269780745
AMZN,2022-12-08,0.21984779805824572,0.21984779805824572,0.2213126413955126,0.20889236842030257,0.21655240548628368,0.18956795587634484
AMZN,2022-12-09,0.21088296971941967,0.21088296971941967,0.21736064724834064,0.21422951596674655,0.21414943465425368,0.16945560397657633
AMZN,2022-12-12,0.22127081684046512,0.22127081684046512,0.21933664432192662,0.20882124554345283,0.21634038499190394,0.1510751736347542
AMZN,2022-12-13,0.23507374619098886,0.23507374619098886,0.2593507465876899,0.22767912344040364,0.25888759230939334,0.2811725452812202
AMZN,2022-12-14,0.22859918715039285,0.22859918715039285,0.23966125487551698,0.22305363900063668,0.239592918493919,0.1793272504425984
AMZN,2022-12-15,0.2063294181815497,0.2063294181815497,0.215031770479379,0.20597475599356152,0.22114638057775798,0.228710676835081
AMZN,2022-12-16,0.20213163490988872,0.20213163490988872,0.21065630992937984,0.20070878561623973,0.20969678858510127,0.4375531118071633
AMZN,2022-12-19,0.18121372021350002,0.18121372021350002,0.19851798065805765,0.1849108201920019,0.20432542298816575,0.2243820645512733
AMZN,2022-12-20,0.18313478199884226,0.18313478199884226,0.19131969791258246,0.18362990260916445,0.1889179713089683,0.19311691406781967
AMZN,2022-12-21,0.19437633182398706,0.19437633182398706,0.19569515846258162,0.18989213618510736,0.1949254523108373,0.14177175541331882
AMZN,2022-12-22,0.17317386765377074,0.17317386765377074,0.18475653400852482,0.16882820038354773,0.19026078574730515,0.21723171728176494
AMZN,2022-12-23,0.18356166049220002,0.18356166049220002,0.18546223955739388,0.17366721633068127,0.17421727258496816,0.13552941577012123
AMZN,2022-12-27,0.16783766935633415,0.16783766935633415,0.18242765723956328,0.17416534792999172,0.18637361753282228,0.13501974669753508
AMZN,2022-12-28,0.159157444773952,0.159157444773952,0.16923079656587864,0.1648431475890635,0.1710368573256828,0.13823573471333245
AMZN,2022-12-29,0.1759486864258284,0.1759486864258284,0.17678195900672927,0.17096308111903435,0.17153158978650046,0.12722967451995099
AMZN,2022-12-30,0.17466799666313904,0.17466799666313904,0.17325337742050212,0.1703937723506016,0.17329849913539103,0.15244178128830177
AMZN,2023-01-03,0.18761716902694714,0.18761716902694714,0.193789694254565,0.18277593945651538,0.18983674475854545,0.20114394661582458
AMZN,2023-01-04,0.1827790137326334,0.1827790137326334,0.19393086766946815,0.1767271830956667,0.1975404975590413,0.17451688683099553
AMZN,2023-01-05,0.16840687686922184,0.16840687686922184,0.18292165650795983,0.17466347952930228,0.1889179713089683,0.17126787416587225
AMZN,2023-01-06,0.1894670663025244,0.1894670663025244,0.18983770010739304,0.1629929212377933,0.17266238373045745,0.2236054746016614
AMZN,2023-01-09,0.19857416937826433,0.19857416937826433,0.21157377560060348,0.2031994436127924,0.20397201954966998,0.16219562848971808
AMZN,2023-01-10,0.21643266154615126,0.21643266154615126,0.21658435499202006,0.20469383841072408,0.20474946397692534,0.17067479231921556
AMZN,2023-01-11,0.2535725560989125,0.2535725560989125,0.25236417012268736,0.23059679015941703,0.22849672993975806,0.2910942394116846
AMZN,2023-01-12,0.25485324586160185,0.25485324586160185,0.2659844971991991,0.24888541358020755,0.27090255431313154,0.23024921694130462
AMZN,2023-01-13,0.27513084281795386,0.27513084281795386,0.2743119518963703,0.2532974750971526,0.2514665514753353,0.23125221299196513
AMZN,2023-01-17,0.26040293768833356,0.26040293768833356,0.27798165305561834,0.2647545561735676,0.2832709197553654,0.18769236007081574
AMZN,2023-01-18,0.2562051001340564,0.2562051001340564,0.28101623537344883,0.26226384388474244,0.27316419612283965,0.21089609151572924
AMZN,2023-01-19,0.24354053152669208,0.24354053152669208,0.2536344616474044,0.24433105201729044,0.25542441116187603,0.17491726814653413
AMZN,2023-01-20,0.2689408332511857,0.2689408332511857,0.26711361530901306,0.24675053284472104,0.2492049096656272,0.16973818602750917
AMZN,2023-01-23,0.27086184075391173,0.27086184075391173,0.27014819762684367,0.2656796422030664,0.2753551464604898,0.20044634345635298
AMZN,2023-01-24,0.2623239451910596,0.2623239451910596,0.27233590098090216,0.2666759054016875,0.27090255431313154,0.1678588451586545
AMZN,2023-01-25,0.26844279024806283,0.26844279024806283,0.2663373230526926,0.23479532016899562,0.2400169594826786,0.2609137954514504
AMZN,2023-01-26,0.2829572561310043,0.2829572561310043,0.28221594019071433,0.27322279336184674,0.28016114204634396,0.1732861228380771
AMZN,2023-01-27,0.30444432405766464,0.30444432405766464,0.310444592880531,0.2917960711668536,0.2892784007572345,0.2388315402424077
AMZN,2023-01-30,0.2924201274729531,0.2924201274729531,0.2980945573287362,0.28809567275658565,0.3003038978393375,0.18066832357347135
AMZN,2023-01-31,0.3107766083613468,0.3107766083613468,0.309456594343738,0.30325315224326854,0.30079868422194916,0.16648951382268828
AMZN,2023-02-01,0.3251487995073744,0.3251487995073744,0.3298517916047799,0.3039647610576732,0.3104813129439213,0.21389112079531525
AMZN,2023-02-02,0.3803606797573176,0.3803606797573176,0.3846153928987511,0.3583324997207341,0.3650434822651489,0.47844273457714825
AMZN,2023-02-03,0.31262650563692396,0.31262650563692396,0.34777699252383926,0.31307348418350733,0.3297759867593956,0.4315293476780607
AMZN,2023-02-06,0.3040174455643069,0.3040174455643069,0.313690881478834,0.29976623104809474,0.313308378686505,0.21898134277543235
AMZN,2023-02-07,0.30351940256118415,0.30351940256118415,0.3028228975741109,0.2814776076273042,0.3008693217722131,0.34684495437831947
AMZN,2023-02-08,0.2888626619413287,0.2888626619413287,0.30465772123279383,0.2864589236204096,0.3070181857181981,0.19832595669344955
AMZN,2023-02-09,0.2759845998046694,0.2759845998046694,0.2983768503166602,0.27784833209388604,0.30192947816590626,0.16000442598393028
AMZN,2023-02-10,0.2715022127765645,0.2715022127765645,0.2774876537872218,0.26831265453786357,0.2753551464604898,0.11954957102001908
AMZN,2023-02-13,0.28523403189993934,0.28523403189993934,0.283556818422883,0.273151670484997,0.2774047677758182,0.11989479776658042
AMZN,2023-02-14,0.28637239264309877,0.28637239264309877,0.29230768568099913,0.2774925005405474,0.28136268138415305,0.13133903036905897
AMZN,2023-02-15,0.29676023976414423,0.29676023976414423,0.2940719764741126,0.28411056566982895,0.28616862304821306,0.10326705706114668
AMZN,2023-02-16,0.2753442820646328,0.2753442820646328,0.2902611018999615,0.28161990767327616,0.2870167589475264,0.13180307776113304
AMZN,2023-02-17,0.2685850649849767,0.2685850649849767,0.2712773695785397,0.2641852474051348,0.27705141825911656,0.1443667438376685
AMZN,2023-02-21,0.2499439803401392,0.2499439803401392,0.2548341664646699,0.25436486117262347,0.25966498281485456,0.13262426801035
AMZN,2023-02-22,0.2585530404127563,0.2585530404127563,0.26471420567448206,0.25813649104428604,0.25796876493802195,0.14268044396023422
AMZN,2023-02-23,0.2587664796594352,0.2587664796594352,0.26062103811240694,0.2500951539939228,0.26517778527770014,0.10500136184120933
AMZN,2023-02-24,0.24225984176400261,0.24225984176400261,0.24446012798646116,0.24048829926877813,0.246872576383861,0.1342360070815743
AMZN,2023-02-27,0.2441097390395799,0.2441097390395799,0.2489767081094812,0.24632357841453267,0.2521733044305327,0.10160799400789867
AMZN,2023-02-28,0.24745376532452534,0.24745376532452534,0.24834158926806377,0.2447580064474788,0.24411620211333535,0.08965443279313633
AMZN,2023-03-01,0.23279697042205383,0.23279697042205383,0.24827100256061224,0.23529345176830607,0.24927560113768515,0.11804950292795861
AMZN,2023-03-02,0.23251236666560993,0.23251236666560993,0.23098097432485237,0.22675403741090472,0.2318892196152173,0.1289779381724091
AMZN,2023-03-03,0.25222075610907413,0.25222075610907413,0.25010588006117723,0.24290783438848107,0.2412891363707516,0.12982976984883565
AMZN,2023-03-06,0.2440385745298148,0.2440385745298148,0.26146791707617906,0.25059328559323335,0.25860488034295553,0.11741250170230151
AMZN,2023-03-07,0.24261561003021148,0.24261561003021148,0.2511644114635397,0.2437617432488578,0.250618415576022,0.10715885877706659
AMZN,2023-03-08,0.2452480997827392,0.2452480997827392,0.24467183426693356,0.239492036070157,0.24736730884467867,0.0928540787144219
AMZN,2023-03-09,0.23336617793494163,0.23336617793494163,0.2590684535997659,0.239492036070157,0.24793273277755418,0.13139282309682693
AMZN,2023-03-10,0.2225515066031546,0.2225515066031546,0.24043754713183757,0.2257577742122836,0.24079440390993395,0.17772538472014165
AMZN,2023-03-13,0.2346468676976311,0.2346468676976311,0.24361324902268905,0.21060029472560082,0.2217118045106336,0.18647385264878114
AMZN,2023-03-14,0.2520784270895442,0.2520784270895442,0.2510232918905188,0.24326361164954724,0.24899288917124734,0.14737402968813834
AMZN,2023-03-15,0.2614701339217279,0.2614701339217279,0.262314742198069,0.24582544681522212,0.24468162604621085,0.18080416723410053
AMZN,2023-03-16,0.28879149743156374,0.28879149743156374,0.29280168494939557,0.2639005930209184,0.26256274002949626,0.22749863815879068
AMZN,2023-03-17,0.2810361943456622,0.2810361943456622,0.2904728620223161,0.27706554611035916,0.291116001578183,0.23721299196513684
AMZN,2023-03-20,0.27221369502636616,0.27221369502636616,0.2750882441526908,0.264541024666201,0.28136268138415305,0.15239990467111536
AMZN,2023-03-21,0.29284700596631086,0.29284700596631086,0.2918136864126026,0.2809082988588715,0.27945438909114656,0.13949101184801854
AMZN,2023-03-22,0.27925746157985,0.27925746157985,0.30063514037817024,0.28524918320669435,0.29578061421992125,0.1356713877161923
AMZN,2023-03-23,0.27932862608961495,0.27932862608961495,0.2932956842177921,0.27820416364722456,0.29563928519759936,0.1359570339098461
AMZN,2023-03-24,0.27520195304510275,0.27520195304510275,0.27381795262797376,0.2695223949515788,0.2789596566303289,0.1309730355440556
AMZN,2023-03-27,0.27456163530506617,0.27456163530506617,0.2811573549464698,0.27436141089871224,0.28602729402589117,0.09905794634345637
AMZN,2023-03-28,0.2688696687414206,0.2688696687414206,0.27480595116476675,0.2687396089680518,0.2792423685967667,0.07181703663352852
AMZN,2023-03-29,0.29028562644093203,0.29028562644093203,0.288779104094772,0.28489335165335583,0.28334161122742335,0.10948284080076263
AMZN,2023-03-30,0.3027367558016174,0.3027367558016174,0.3072688909896794,0.3023280662137696,0.30355505849247494,0.12259090290072179
AMZN,2023-03-31,0.3119150233871223,0.3119150233871223,0.310444592880531,0.3090172542199008,0.30786632161751143,0.13320271006400652
AMZN,2023-04-03,0.3056539035932052,0.3056539035932052,0.309033181782793,0.30531685580963286,0.30885578653914664,0.08004119569658179
AMZN,2023-04-04,0.3166108496619061,0.3166108496619061,0.3154551722719476,0.3101558717567663,0.312036201798432,0.10566696173226202
AMZN,2023-04-05,0.2963333069881703,0.2963333069881703,0.31340864233279214,0.30047783986249943,0.3202346870597454,0.09379477052975622
AMZN,2023-04-06,0.30316363429497517,0.30316363429497517,0.30261113745175633,0.29371747468724596,0.29790092700730747,0.08913931635571291
AMZN,2023-04-10,0.3039462810545419,0.3039462810545419,0.3013408459270393,0.29208072555107,0.29938512438976034,0.06685006128285441
AMZN,2023-04-11,0.28793768616223203,0.28793768616223203,0.2928722716568471,0.28809567275658565,0.29825433044580324,0.1456890916519134
AMZN,2023-04-12,0.27306750629569787,0.27306750629569787,0.2894142767780716,0.27884459529250716,0.2954272647032195,0.13315061963775027
AMZN,2023-04-13,0.30558273908344025,0.30558273908344025,0.3039520156839249,0.28596079202109903,0.28517915812657785,0.17124846792863951
AMZN,2023-04-14,0.3063653858430069,0.3063653858430069,0.3083980090994934,0.3030396750281743,0.30723020621257796,0.11515899496118752
AMZN,2023-04-17,0.30800178958928903,0.30800178958928903,0.3121383508080751,0.3064554190542259,0.3149339590130737,0.07590051749965955
AMZN,2023-04-18,0.3048712568336386,0.3048712568336386,0.3154551722719476,0.30595728745491535,0.32051734510438906,0.07546132370965546
AMZN,2023-04-19,0.31910111896013615,0.31910111896013615,0.32194780331043577,0.30503220142541654,0.3037670789868548,0.13881553860819829
AMZN,2023-04-20,0.31561476365566066,0.31561476365566066,0.32286521513977723,0.31798367729976296,0.31754895033948355,0.13642550728585046
AMZN,2023-04-21,0.33802680736141755,0.33802680736141755,0.34333099910827075,0.3312909847274481,0.33571277628920676,0.23542217077488764
AMZN,2023-04-24,0.33269060906398096,0.33269060906398096,0.3509527482565729,0.3312198075583259,0.3467383272931038,0.1768677652185755
AMZN,2023-04-25,0.30679226433636464,0.30679226433636464,0.32427662623751524,0.3125753525841968,0.32730232445530766,0.1613809069862454
AMZN,2023-04-26,0.32393927425445,0.32393927425445,0.332533548069117,0.32431708804482806,0.3282210979048849,0.19126310772163962
AMZN,2023-04-27,0.35837551454491845,0.35837551454491845,0.3624559048445956,0.34353085178738985,0.3502721459908849,0.4505488220073539
AMZN,2023-04-28,0.3272832462567794,0.3272832462567794,0.3527170390496865,0.3259538371810041,0.34723305975392144,0.3850262154432793
AMZN,2023-05-01,0.3030925240678264,0.3030925240678264,0.32272409556675635,0.30809216819040197,0.3275849824999513,0.19440998229606427
AMZN,2023-05-02,0.3143340738929712,0.3143340738929712,0.3133380556253406,0.30332432941239074,0.30298963455959943,0.19012460847065232
AMZN,2023-05-03,0.31447640291250123,0.31447640291250123,0.3278757945311938,0.3184818088990735,0.3190331477219363,0.16146636252212992
AMZN,2023-05-04,0.3169666179281151,0.3169666179281151,0.32385321367657033,0.31869528611416775,0.32115346050932264,0.09437389350401744
AMZN,2023-05-05,0.32877742954876377,0.32877742954876377,0.3264643834334559,0.3204032124194659,0.3227789869140972,0.13388839711289663
AMZN,2023-05-08,0.32998695480168827,0.32998695480168827,0.3288637930679869,0.32858679522352874,0.3282210979048849,0.10828305869535614
AMZN,2023-05-09,0.33560775685556876,0.33560775685556876,0.3337332528863825,0.33186029349588075,0.33133087561390634,0.09009737164646602
AMZN,2023-05-10,0.36100805858006235,0.36100805858006235,0.36111502661242706,0.3524260976981298,0.3498480510803312,0.20768623178537382
AMZN,2023-05-11,0.37516675619679485,0.37516675619679485,0.37953422679988297,0.3697895807971491,0.3705562308062003,0.19507966771074492
AMZN,2023-05-12,0.3615061015831851,0.3615061015831851,0.3750176466768628,0.36146364365484174,0.37854269557313397,0.1097191202505788
AMZN,2023-05-15,0.3681940998704599,0.3681940998704599,0.3725476503348803,0.3609655120555313,0.37140436670551374,0.12047221843932997
AMZN,2023-05-16,0.383846980779177,0.383846980779177,0.39019055826601573,0.3737746878839058,0.37069761375031635,0.1833273185346589
AMZN,2023-05-17,0.39878832515547624,0.39878832515547624,0.39753001442639385,0.39633301848339697,0.39783731546681417,0.16352035952607924
AMZN,2023-05-18,0.41764290332960885,0.41764290332960885,0.41707833272366374,0.41141932080095767,0.4105590843475439,0.18911922919787555
AMZN,2023-05-19,0.40412452345291283,0.40412452345291283,0.4150317489426261,0.40686495923804056,0.42094851994650745,0.12743531254255752
AMZN,2023-05-22,0.3953020241336169,0.3953020241336169,0.40416371119602096,0.3965464956984911,0.41112445435862527,0.1808358300422171
AMZN,2023-05-23,0.3951596951140869,0.3951596951140869,0.40677488095290654,0.39320187454928934,0.3934553608697197,0.17006094239411684
AMZN,2023-05-24,0.4076819889845372,0.4076819889845372,0.40818629205064455,0.40202594329090713,0.4010884221981575,0.15614156339370827
AMZN,2023-05-25,0.39523085962385185,0.39523085962385185,0.4048694705867721,0.39697345012867946,0.41013498943699017,0.16638533297017566
AMZN,2023-05-26,0.4315881616996625,0.4315881616996625,0.43754411669215715,0.4091421400194991,0.4059651092560696,0.2694876072449952
AMZN,2023-05-30,0.4426163265607447,0.4426163265607447,0.4475652754749903,0.436468363689274,0.45070326691120915,0.1589568296336647
AMZN,2023-05-31,0.4349321879846081,0.4349321879846081,0.4413549912663082,0.43155817057301826,0.44420099952672837,0.18784829088928234
AMZN,2023-06-01,0.4505138501009439,0.4505138501009439,0.4515878563296139,0.43696649528858444,0.43882963392979285,0.12511609696309411
AMZN,2023-06-02,0.46104397195890323,0.46104397195890323,0.4720536402981074,0.466071713848235,0.46872570991681645,0.14857142857142858
AMZN,2023-06-05,0.468514671288361,0.468514671288361,0.46788993987046285,0.4590266942887652,0.45770021283471346,0.103241522538472
AMZN,2023-06-06,0.47783521361077974,0.47783521361077974,0.47918139017801303,0.4730456105308549,0.4697858663105096,0.09556448318126108
AMZN,2023-06-07,0.439556904032243,0.439556904032243,0.47896968389754063,0.4419478112816899,0.48349710011287444,0.2656860275091924
AMZN,2023-06-08,0.46104397195890323,0.46104397195890323,0.4666901812113153,0.45354724669634916,0.4552265505306255,0.15161820781696855
AMZN,2023-06-09,0.4552097306583439,0.4552097306583439,0.46788993987046285,0.4601653118256306,0.4627889203870053,0.11497344409641837
AMZN,2023-06-12,0.47755060985433584,0.47755060985433584,0.474805929628014,0.4625847926530612,0.4623648254764516,0.1147759771210677
AMZN,2023-06-13,0.4781909818769886,0.4781909818769886,0.48630914005791875,0.47432652811369236,0.49134212801389804,0.11214353806346179
AMZN,2023-06-14,0.4764833593383253,0.4764833593383253,0.4760056344452795,0.466783376954912,0.48130609585343015,0.11846826909982296
AMZN,2023-06-15,0.48139267914240413,0.48139267914240413,0.48122797395905065,0.4682065945837215,0.4707753312321448,0.1458276589949612
AMZN,2023-06-16,0.46986647127819925,0.46986647127819925,0.4827099717642402,0.47518049126634154,0.4884444247210504,0.22681839847473784
AMZN,2023-06-20,0.47192980780045535,0.47192980780045535,0.4781228049337685,0.46948751216655893,0.4690791133553122,0.13381485768759366
AMZN,2023-06-21,0.46517064500341543,0.46517064500341543,0.4744531037745205,0.4648619734345196,0.4738144174691083,0.11749863815879068
AMZN,2023-06-22,0.5030220218059783,0.5030220218059783,0.49985888042697896,0.47404187372947604,0.4714820841873422,0.24761201143946615
AMZN,2023-06-23,0.4971878347880351,0.4971878347880351,0.5034579948787754,0.496386727113873,0.4983391278591964,0.18487607244995236
AMZN,2023-06-26,0.4829579726615375,0.4829579726615375,0.5080452155511292,0.4879896128024436,0.4998940167137071,0.1442302192564347
AMZN,2023-06-27,0.49612052998940837,0.49612052998940837,0.49816512249943484,0.4911919339056734,0.49494669210553116,0.09932929320441237
AMZN,2023-06-28,0.4951244439831628,0.4951244439831628,0.5079745750017957,0.4975253446507385,0.4971376424431814,0.11753881247446547
AMZN,2023-06-29,0.4870134811962846,0.4870134811962846,0.49230766414424626,0.4891282303393091,0.49593615702716637,0.07876549094375597
AMZN,2023-06-30,0.5045162050979628,0.5045162050979628,0.506351457623585,0.5011545658918843,0.5008834816353422,0.12503302464932592
AMZN,2023-07-03,0.5035201190917172,0.5035201190917172,0.5105857986005633,0.5091247800653977,0.5104248352567866,0.03622089064415089
AMZN,2023-07-05,0.5046585341174927,0.5046585341174927,0.5074099890259476,0.50606475900814,0.5063255926261299,0.062200054473648375
AMZN,2023-07-06,0.4902863429714651,0.4902863429714651,0.4885673762775467,0.48991101632283596,0.4922609553852693,0.07835319351763585
AMZN,2023-07-07,0.5003895320534506,0.5003895320534506,0.504375460549999,0.49531934103840214,0.4946639262172993,0.08295757864632984
AMZN,2023-07-10,0.481534953879318,0.481534953879318,0.4924488375591493,0.47959249849101415,0.4980564698145527,0.15069896500068092
AMZN,2023-07-11,0.4932746009902018,0.4932746009902018,0.495906886279807,0.48976866198459157,0.4887271366874882,0.1100554950292796
AMZN,2023-07-12,0.5076467921362294,0.5076467921362294,0.5064219904891545,0.5003006570315076,0.5068202711651535,0.12391665531798991
AMZN,2023-07-13,0.5325490508576002,0.5325490508576002,0.5304869427513266,0.5279115350854988,0.5331825284543958,0.1482530981887512
AMZN,2023-07-14,0.5352526508372768,0.5352526508372768,0.5444600956813319,0.5375183355183711,0.5333239113985118,0.12549741250170232
AMZN,2023-07-17,0.5272839627873125,0.5272839627873125,0.5371912262284051,0.5314696334497948,0.5368577300962929,0.10494416451041809
AMZN,2023-07-18,0.5220900935094058,0.5220900935094058,0.5247706578110409,0.518233503191232,0.5237826656206557,0.1268449543783195
AMZN,2023-07-19,0.5400908604142067,0.5400908604142067,0.539802449827173,0.5266305632103889,0.5285886072847157,0.12564687457442464
AMZN,2023-07-20,0.5016702760987561,0.5016702760987561,0.5313337678732166,0.5038587553958036,0.533394656792364,0.14365586272640612
AMZN,2023-07-21,0.5019548255725839,0.5019548255725839,0.5071982827454751,0.4973829903124941,0.5140999290550954,0.3938489037178265
AMZN,2023-07-24,0.49341693000973175,0.49341693000973175,0.5092449203683946,0.496884913005456,0.5068202711651535,0.09521006400653685
AMZN,2023-07-25,0.49576487028843175,0.49576487028843175,0.49456600804763845,0.498165776296021,0.49975263376959117,0.07357585455535885
AMZN,2023-07-26,0.48879215967948064,0.48879215967948064,0.4910374264614113,0.4809445932429738,0.4799632814150933,0.12353295655726541
AMZN,2023-07-27,0.4895036962118985,0.4895036962118985,0.5160903772603764,0.4928998059186992,0.5116969582230655,0.11910901538880568
AMZN,2023-07-28,0.5176788709910659,0.5176788709910659,0.5187720260409494,0.5038587553958036,0.502438370489853,0.09768282718235054
AMZN,2023-07-31,0.528137719774028,0.528137719774028,0.5248411906766104,0.5255631771349181,0.5272457389245848,0.08264844069181533
AMZN,2023-08-01,0.5139790764399116,0.5139790764399116,0.5235709529937755,0.5201547981270795,0.5297194551504669,0.08331914748740298
AMZN,2023-08-02,0.48921914673807076,0.48921914673807076,0.49915312103622794,0.48599708640520145,0.5056894232994023,0.11371918834263926
AMZN,2023-08-03,0.4941995767692985,0.4941995767692985,0.4964008317063214,0.4830794739784604,0.48681889831627584,0.24158790685006126
AMZN,2023-08-04,0.5700447679591865,0.5700447679591865,0.593719172157372,0.5749495998048736,0.5827973731674476,0.4613322211630124
AMZN,2023-08-07,0.5888992918507028,0.5888992918507028,0.586026782459736,0.5723165331778041,0.582302694628424,0.18244280266920876
AMZN,2023-08-08,0.5726772577117142,0.5726772577117142,0.5740296266033169,0.568544957598414,0.5796875954584262,0.11604419174724227
AMZN,2023-08-09,0.5578070778451799,0.5578070778451799,0.5703599792859511,0.5591516343806359,0.5750936742887458,0.1102795179082119
AMZN,2023-08-10,0.5628586181035564,0.5628586181035564,0.5709950981273686,0.5619269467614049,0.5687328437701751,0.14061827590902903
AMZN,2023-08-11,0.5617914218701621,0.5617914218701621,0.5633733489790664,0.5584399712739587,0.5569297944172287,0.08606768350810297
AMZN,2023-08-14,0.5771596990224352,0.5771596990224352,0.5722653358102034,0.5637771188204027,0.5632907327793875,0.10051307367560942
AMZN,2023-08-15,0.5565263337998744,0.5565263337998744,0.577134795628599,0.5600766661178623,0.5756590982216214,0.08564449135230832
AMZN,2023-08-16,0.5380275781745668,0.5380275781745668,0.548835610073213,0.5442787006936245,0.55544565095657,0.08188036224976168
AMZN,2023-08-17,0.5302722208060491,0.5302722208060491,0.5405081015341597,0.5337467599389809,0.5432186684584519,0.10461698215988015
AMZN,2023-08-18,0.5248649122814636,0.5248649122814636,0.5262527094581126,0.5168101769778777,0.5160788588983658,0.10510588315402423
AMZN,2023-08-21,0.5352526508372768,0.5352526508372768,0.5341566977524568,0.5279115350854988,0.5310623235105978,0.08108572790412637
AMZN,2023-08-22,0.5321932825913913,0.5321932825913913,0.5374029325088776,0.5351699775677904,0.54053293173819,0.05202029143401879
AMZN,2023-08-23,0.5412292754399823,0.5412292754399823,0.5395201029973669,0.5315407563266445,0.5364336891075334,0.08571088111126242
AMZN,2023-08-24,0.5150462726733059,0.5150462726733059,0.5453775613525553,0.5216492472172836,0.5498621570216664,0.08858879204684734
AMZN,2023-08-25,0.5251494617552913,0.5251494617552913,0.5248411906766104,0.5127540013065436,0.522086393822029,0.09029517908211902
AMZN,2023-08-28,0.5242957047685758,0.5242957047685758,0.5254057766524585,0.521791601555528,0.5313449815552416,0.05611602887103363
AMZN,2023-08-29,0.5368891631487912,0.5368891631487912,0.5338038180570812,0.5317542335417388,0.5285179697344518,0.07156509600980525
AMZN,2023-08-30,0.5380275781745668,0.5380275781745668,0.5376146387893501,0.53652207231975,0.5394727214227029,0.06302260656407463
AMZN,2023-08-31,0.5589453843057232,0.5589453843057232,0.5595624205630332,0.5442075778167748,0.540391548794074,0.14011745880430343
AMZN,2023-09-01,0.5597280310652898,0.5597280310652898,0.567819396236517,0.557586062413582,0.571489218040701,0.07955025194062372
AMZN,2023-09-05,0.5536804048006677,0.5536804048006677,0.5525758979399127,0.5500429112548016,0.5592621276989946,0.07834229878796133
AMZN,2023-09-06,0.5400908604142067,0.5400908604142067,0.5501058477560481,0.5414322654360056,0.5492968409323791,0.082253506741114
AMZN,2023-09-07,0.5578070778451799,0.5578070778451799,0.5541990153181231,0.5311138018964563,0.5321930635327607,0.1051099686776522
AMZN,2023-09-08,0.5605106778248565,0.5605106778248565,0.5599859408077423,0.5566609220918107,0.5531133176748038,0.07055086476916793
AMZN,2023-09-11,0.595160465927236,0.595160465927236,0.5936485316080384,0.5701105295654677,0.5664711480386728,0.13325105542693721
AMZN,2023-09-12,0.5818554710146029,0.5818554710146029,0.5892731248999212,0.5841294458075574,0.5917026653057524,0.08525977121067684
AMZN,2023-09-13,0.6076115952879215,0.6076115952879215,0.6032462778299266,0.5859796178665553,0.5820199287401921,0.1458504698352172
AMZN,2023-09-14,0.6066866195088247,0.6066866195088247,0.6094566158804908,0.6007813200921721,0.6112093056938126,0.15799945526351628
AMZN,2023-09-15,0.5758789549771296,0.5758789549771296,0.593295759596427,0.5804289931050172,0.5943176566321624,0.2903557810159335
AMZN,2023-09-18,0.5729618071855419,0.5729618071855419,0.5804516709343537,0.5742379366981964,0.5786981305367909,0.08578748467928639
AMZN,2023-09-19,0.5562417843260465,0.5562417843260465,0.5599153002584087,0.5481926306112591,0.566117744600177,0.14931397249080758
AMZN,2023-09-20,0.5395927631284678,0.5395927631284678,0.5636555881251082,0.5456307954455841,0.565057642128278,0.09749999999999999
AMZN,2023-09-21,0.4971878347880351,0.4971878347880351,0.5133380879304699,0.5037164010575592,0.5183405546298681,0.1794814789595533
AMZN,2023-09-22,0.4956936514960506,0.4956936514960506,0.5118560362833982,0.49809465341917125,0.512474402650321,0.1439408279994553
AMZN,2023-09-25,0.5109908184211749,0.5109908184211749,0.5100917454902847,0.49987370260131925,0.500106037208087,0.09666280811657361
AMZN,2023-09-26,0.47335282658267486,0.47335282658267486,0.500282292987924,0.47503813692809715,0.5054774028050224,0.18869058967724361
AMZN,2023-09-27,0.47335282658267486,0.47335282658267486,0.4797459761538611,0.46685449983176186,0.4746625533684216,0.16657837396159608
AMZN,2023-09-28,0.47335282658267486,0.47335282658267486,0.473394518530276,0.4590978714578874,0.4625062084205675,0.12572858504698353
AMZN,2023-09-29,0.4814638436521692,0.4814638436521692,0.49153137188792567,0.48243898804090546,0.49190755194677355,0.1524775296200463
AMZN,2023-10-02,0.49811281056713175,0.49811281056713175,0.5008468789637721,0.4840045600079592,0.4854053384840869,0.1035125289391257
AMZN,2023-10-03,0.4643879982438488,0.4643879982438488,0.48708543231423923,0.46770846298441093,0.49091808702513834,0.11554882200735393
AMZN,2023-10-04,0.4806100323828375,0.4806100323828375,0.4788990971900891,0.47788462647798835,0.4767828122340139,0.09048719869263243
AMZN,2023-10-05,0.4732104975631448,0.4732104975631448,0.4744531037745205,0.4682777717528437,0.4813767873254881,0.07501906577693042
AMZN,2023-10-06,0.4874403596896424,0.4874403596896424,0.4865913792039606,0.46685449983176186,0.46335434431988093,0.09945083753234372
AMZN,2023-10-09,0.4895748064390474,0.4895748064390474,0.4889907888384916,0.4713377385178291,0.47791366009976505,0.07199952335557673
AMZN,2023-10-10,0.49825503102142943,0.49825503102142943,0.5027523431717886,0.4947500322699694,0.49628956046566214,0.08359185618956831
AMZN,2023-10-11,0.514975162446157,0.514975162446157,0.5119972096983012,0.5058512817930457,0.5027917739283487,0.07870012256570884
AMZN,2023-10-12,0.5185326279777814,0.5185326279777814,0.5291460645191581,0.5173794857463104,0.5199660810346427,0.1290433065504562
AMZN,2023-10-13,0.5004606422805994,0.5004606422805994,0.5208891965294384,0.5011545658918843,0.5256908500700741,0.09587566389758954
AMZN,2023-10-16,0.5200979214969148,0.5200979214969148,0.5191955462856586,0.5116865066465279,0.5095060078854152,0.08581948794770529
AMZN,2023-10-17,0.5124137829207782,0.5124137829207782,0.5157374975650009,0.4994467481711309,0.5073856950980289,0.10798924145444642
AMZN,2023-10-18,0.48864993922518296,0.48864993922518296,0.50225829006151,0.4909072795214571,0.5039225139505117,0.08536531390439876
AMZN,2023-10-19,0.49057089244529295,0.49057089244529295,0.5133380879304699,0.49062262513724075,0.508657925907896,0.14753983385537245
AMZN,2023-10-20,0.4675896955092643,0.4675896955092643,0.48461538213037464,0.4728321333157608,0.4908474494748745,0.13203186708429798
AMZN,2023-10-23,0.4774794453445709,0.4774794453445709,0.482568798349337,0.465787113756291,0.46667608860148807,0.1042966090153888
AMZN,2023-10-24,0.49170930747106845,0.49170930747106845,0.4890614293878253,0.4825812880868774,0.4886564452154302,0.09822756366607653
AMZN,2023-10-25,0.44069526477540244,0.44069526477540244,0.47170076060273186,0.4430864288185554,0.47664148321169203,0.19389724908075717
AMZN,2023-10-26,0.4277460924115942,0.4277460924115942,0.43853211522895014,0.4257228914272638,0.4384055390192391,0.28187900040855235
AMZN,2023-10-27,0.48587506617050913,0.48587506617050913,0.49767117707292047,0.47674600894112296,0.477772277155649,0.3666188887375732
AMZN,2023-10-30,0.5212363365226903,0.5212363365226903,0.51870149317538,0.49837925351111523,0.5026503909842328,0.18677481955603975
AMZN,2023-10-31,0.5239399365023669,0.5239399365023669,0.5227241278718855,0.5207953383569068,0.5240653236652995,0.11563189432112216
AMZN,2023-11-01,0.5517593430153255,0.5517593430153255,0.5494001960490611,0.5350277318140908,0.5326172123651085,0.14947364837259974
AMZN,2023-11-02,0.5593723713643132,0.5593723713643132,0.5597035939779362,0.5546683956945685,0.5663297650945569,0.11783569385809615
AMZN,2023-11-03,0.5631432761426165,0.5631432761426165,0.5645025209307624,0.5616422380849161,0.5681674198372997,0.08999659539697673
AMZN,2023-11-06,0.5712542932121109,0.5712542932121109,0.5732533343469965,0.5681180031682256,0.5665417855889368,0.09309682690998229
AMZN,2023-11-07,0.5923856471551783,0.5923856471551783,0.5918842408149247,0.5833466598240307,0.5791929169194026,0.1223188751191611
AMZN,2023-11-08,0.5879032058444573,0.5879032058444573,0.5901199500218113,0.5884703301553804,0.5962965864754326,0.0915691815334332
AMZN,2023-11-09,0.5773731382691141,0.5773731382691141,0.5868030747160566,0.5786499439228692,0.5895823525183661,0.06335761950156611
AMZN,2023-11-10,0.5984332734198006,0.5984332734198006,0.5938602378885107,0.5791481298144521,0.5785568554362632,0.10779586000272369
AMZN,2023-11-13,0.5915317816032306,0.5915317816032306,0.5908962422781319,0.5845564002377459,0.5900063935071258,0.061468745744246225
AMZN,2023-11-14,0.6143707580849613,0.6143707580849613,0.6193366012484209,0.6130923100289636,0.610643881760937,0.13294498161514368
AMZN,2023-11-15,0.5958718938944216,0.5958718938944216,0.6195483075288934,0.598219484926497,0.6252031975408212,0.15746186844613919
AMZN,2023-11-16,0.5932394041418938,0.5932394041418938,0.5915314688033135,0.5763728174336831,0.5817372706955486,0.10904092332833991
AMZN,2023-11-17,0.6099594270013893,0.6099594270013893,0.60501056862304,0.5978636533731585,0.5941056361377826,0.1089837259975487
AMZN,2023-11-20,0.6167186983636614,0.6167186983636614,0.6148906616747345,0.6134481415823021,0.6115627091323084,0.08281764946207272
AMZN,2023-11-21,0.6008523239256494,0.6008523239256494,0.5966831677677511,0.5904628565526227,0.6029401828822354,0.1824867220482092
AMZN,2023-11-22,0.6208453714081736,0.6208453714081736,0.6227241171035092,0.6123096326299815,0.6076048494457675,0.09547562304235326
AMZN,2023-11-24,0.6210588106548525,0.6210588106548525,0.6189131886874759,0.6176467801764254,0.6226588437646752,0.01618003540787144
AMZN,2023-11-27,0.62810252292572,0.62810252292572,0.6334509275933291,0.6287480296995018,0.6285249957442225,0.12303009669072586
AMZN,2023-11-28,0.6231220928944925,0.6231220928944925,0.6217361185667161,0.6191411206820847,0.6246377736079456,0.08540685006128286
AMZN,2023-11-29,0.6180705526361159,0.6180705526361159,0.628369761494461,0.6222722646161924,0.6307866914757247,0.07825446002996052
AMZN,2023-11-30,0.6164340403246014,0.6164340403246014,0.6170077244794592,0.6106017063246834,0.6089476099623103,0.16406101048617733
AMZN,2023-12-01,0.6231220928944925,0.6231220928944925,0.6192660683828515,0.6192834750203291,0.6177115191564992,0.07601048617731172
AMZN,2023-12-04,0.6075403764955403,0.6075403764955403,0.6058575014286942,0.599785056893551,0.6124107911098275,0.10441304643878525
AMZN,2023-12-05,0.6220548966610979,0.6220548966610979,0.6285815754586976,0.6020622919672818,0.6003958291060894,0.09940215170911072
AMZN,2023-12-06,0.6052636550092216,0.6052636550092216,0.6235004093598295,0.6102458747713446,0.6288783991827183,0.07508171047255889
AMZN,2023-12-07,0.6220548966610979,0.6220548966610979,0.623994354786344,0.6177890259301251,0.6187716216283983,0.11823096826909983
AMZN,2023-12-08,0.62589691166655,0.62589691166655,0.6234297688104959,0.6182159803603133,0.6140363175146022,0.08266376140542013
AMZN,2023-12-11,0.615011075824998,0.615011075824998,0.6117854926494524,0.6056915132084277,0.6153085483244694,0.11330961459893778
AMZN,2023-12-12,0.6263237901599079,0.6263237901599079,0.6210303591759649,0.617504425838181,0.614319083402834,0.0930079667710745
AMZN,2023-12-13,0.6360001007485356,0.6360001007485356,0.6348624463748314,0.6283210752693134,0.632694875925143,0.11963843115892688
AMZN,2023-12-14,0.62589691166655,0.62589691166655,0.6424840878393694,0.619069997805235,0.6454872823561366,0.1388220073539425
AMZN,2023-12-15,0.644040007590881,0.644040007590881,0.642695901803606,0.6358642264280938,0.6345325306678855,0.3148008307231377
AMZN,2023-12-18,0.6732112683762941,0.6732112683762941,0.6729005515670086,0.651306360298993,0.6499399284252889,0.15282173498570067
AMZN,2023-12-19,0.6712189877985706,0.6712189877985706,0.674805908091261,0.6700931153190941,0.677079630141787,0.08697160561078578
AMZN,2023-12-20,0.6593370659507731,0.6593370659507731,0.6784051302268217,0.6620517782687307,0.6664781740484436,0.11131724090970994
AMZN,2023-12-21,0.6715747560647796,0.6715747560647796,0.6666902135164445,0.6658945853095155,0.6693052937128212,0.06359696309410323
AMZN,2023-12-22,0.668586498046043,0.668586498046043,0.6693719699807816,0.6702354696573385,0.6726270919162225,0.040474261201143946
AMZN,2023-12-26,0.6685153878188941,0.6685153878188941,0.6667607463820138,0.6725125961465246,0.6711428406119757,0.025334332016886826
AMZN,2023-12-27,0.6680172905331552,0.6680172905331552,0.67240649845673,0.673153027791807,0.6711428406119757,0.047013141767669894
AMZN,2023-12-28,0.6683019485722153,0.6683019485722153,0.6674665057727649,0.6719432873780917,0.672273688477727,0.03210881111262427
AMZN,2023-12-29,0.6580564304706997,0.6580564304706997,0.6661256275405965,0.6582802026893406,0.6678917878024264,0.07557265422851696
AMZN,2024-01-02,0.6437553495518211,0.6437553495518211,0.6554693499163458,0.6394934476692395,0.6568661828767353,0.10116233147215035
AMZN,2024-01-03,0.6333676109960078,0.6333676109960078,0.6460833099749301,0.6390664932390513,0.6403279372535808,0.10826467383903036
AMZN,2024-01-04,0.6056194232754304,0.6056194232754304,0.6201835340540751,0.6086091799274411,0.6148137619418577,0.1307837396159608
AMZN,2024-01-05,0.6103864140599793,0.6103864140599793,0.6146083148449282,0.6120249239534927,0.6084529314232867,0.09371884788233693
AMZN,2024-01-08,0.637850052306729,0.637850052306729,0.6344389261301222,0.6235531279067574,0.622941609652907,0.09917983113169006
AMZN,2024-01-09,0.6540008676533364,0.6540008676533364,0.6507410635128532,0.6382125843786746,0.63417912722939,0.08915497752962005
AMZN,2024-01-10,0.6707921093052129,0.6707921093052129,0.6698659154072959,0.6643290133424617,0.6605413845186323,0.09122906169140678
AMZN,2024-01-11,0.6811087376338771,0.6811087376338771,0.6892731141315449,0.673153027791807,0.6816029137612032,0.10706352989241454
AMZN,2024-01-12,0.6771243936088951,0.6771243936088951,0.6824276572395631,0.6794864385368722,0.6840766299870853,0.07782309682690998
AMZN,2024-01-16,0.666736655053082,0.666736655053082,0.6738885501038017,0.6662503082783093,0.6709308201175959,0.08088860138907804
AMZN,2024-01-17,0.6564200267244176,0.6564200267244176,0.653846124854371,0.6503100971003719,0.6565128872818278,0.05899291842571157
AMZN,2024-01-18,0.6691557055589308,0.6691557055589308,0.6653493352842759,0.6639020589122733,0.6655594545206605,0.06885537246357075
AMZN,2024-01-19,0.6822471526596527,0.6822471526596527,0.6793224882142812,0.6704489468724326,0.6730511329049822,0.11584366062917063
AMZN,2024-01-22,0.6782628086346707,0.6782628086346707,0.6884262890096549,0.6787036525533452,0.6946780860804287,0.08872906169140678
AMZN,2024-01-23,0.6870853622365827,0.6870853622365827,0.6824982977888969,0.6789171297684393,0.6802601532446604,0.0693177175541332
AMZN,2024-01-24,0.693132988501205,0.693132988501205,0.69872968693853,0.697063453143258,0.7011096619928514,0.10527475146397931
AMZN,2024-01-25,0.6993941625777382,0.6993941625777382,0.69872968693853,0.683329245577657,0.6951021270691882,0.08856257660356802
AMZN,2024-01-26,0.7091415833935146,0.7091415833935146,0.7143260649305099,0.7072396709291078,0.7054915626681517,0.11378659948250035
AMZN,2024-01-29,0.7243675315262579,0.7243675315262579,0.7183485919432515,0.7142846361963051,0.7119937761308384,0.09411820781696854
AMZN,2024-01-30,0.7082878264067991,0.7082878264067991,0.7214537609685334,0.7113670780618364,0.7216057673025467,0.09390371782650143
AMZN,2024-01-31,0.6812510666534073,0.6812510666534073,0.7022582685247571,0.6851794176366548,0.6954555305076839,0.111188887375732
AMZN,2024-02-01,0.7102799984192902,0.7102799984192902,0.7075511409040978,0.6909435196132869,0.6874690657407505,0.20058695356121475
AMZN,2024-02-02,0.7994300759565791,0.7994300759565791,0.7974594384873186,0.7742742310822988,0.7816100476145618,0.3390722456761542
AMZN,2024-02-05,0.7887576793617059,0.7887576793617059,0.783697991837786,0.7769071891248236,0.788748322560388,0.12752042761813975
AMZN,2024-02-06,0.7805043332726815,0.7805043332726815,0.7848271637894819,0.7765513575714849,0.7830235535249568,0.08470482091788097
AMZN,2024-02-07,0.7903229728808392,0.7903229728808392,0.7860268686067475,0.7857313121587137,0.7836596150080961,0.10059955059240093
AMZN,2024-02-08,0.7854136530767604,0.7854136530767604,0.7899082222045859,0.7853043577285252,0.7848611004241111,0.08406135094647964
AMZN,2024-02-09,0.8182134896209468,0.8182134896209468,0.8151023464184541,0.7974018704502228,0.7936956471685639,0.13400517499659542
AMZN,2024-02-12,0.8032009807348823,0.8032009807348823,0.8178546357483607,0.804233358502326,0.8212594977174097,0.1137968132915702
AMZN,2024-02-13,0.7768757575139082,0.7768757575139082,0.7865208140332618,0.7630306272209781,0.7712912495658621,0.13182316491897045
AMZN,2024-02-14,0.7935246701462548,0.7935246701462548,0.7883557453757091,0.7810345962575522,0.7817514305586779,0.0857602478551001
AMZN,2024-02-15,0.7851291036029326,0.7851291036029326,0.788073398545903,0.7761244031412966,0.7914340592806499,0.109727631758137
AMZN,2024-02-16,0.7830657127980605,0.7830657127980605,0.7827805261665624,0.7731356135454333,0.7784296323552764,0.10377808797494213
AMZN,2024-02-20,0.7657764824256774,0.7657764824256774,0.7707128374445738,0.7629595043441284,0.7719980564428537,0.0829167234100504
AMZN,2024-02-21,0.7765199892476995,0.7765199892476995,0.7814396479343937,0.7729221363303391,0.7798431382656712,0.0912232738662672
AMZN,2024-02-22,0.8191384654000433,0.8191384654000433,0.813690935320716,0.8058701619307744,0.8092445357136715,0.12857959961868448
AMZN,2024-02-23,0.822055613191631,0.822055613191631,0.8203952187977948,0.8196043694963755,0.8175842960755126,0.1432970175677516
AMZN,2024-02-26,0.8202056616334377,0.8202056616334377,0.8247706255059117,0.8235894222908597,0.8276203282359804,0.0910479368105679
AMZN,2024-02-27,0.8117388762977344,0.8117388762977344,0.8124205899541168,0.8136267903046488,0.8161707901651176,0.04601559308184666
AMZN,2024-02-28,0.8090352763180579,0.8090352763180579,0.8083980629413754,0.8094282602950704,0.8045798691501391,0.03593388260928776
AMZN,2024-02-29,0.8346489630066143,0.8346489630066143,0.8307692572760035,0.8135556674277991,0.8086083663869439,0.12317649462072723
AMZN,2024-03-01,0.8450368101276597,0.8450368101276597,0.841425534900254,0.8364698295806288,0.8350413690700385,0.0488737573198965
AMZN,2024-03-04,0.8404832585897897,0.8404832585897897,0.8513761608175179,0.8465748159050841,0.8405541176110898,0.0672596350265559
AMZN,2024-03-05,0.8158655493422466,0.8158655493422466,0.8287226196530837,0.8167579342387565,0.8363134920363171,0.06673804984338826
AMZN,2024-03-06,0.8115254370510556,0.8115254370510556,0.8254058520310934,0.8164732255622678,0.8264894803702292,0.04924724227155114
AMZN,2024-03-07,0.8350759500652043,0.8350759500652043,0.8362033030702472,0.8197467238346199,0.8214715182117893,0.05596248127468337
AMZN,2024-03-08,0.82461699271701,0.82461699271701,0.841848947461199,0.8240876081824426,0.8328504187323882,0.06900177039357212
AMZN,2024-03-11,0.8004973807552058,0.8004973807552058,0.8113620585517545,0.8037352811952878,0.8177963165698923,0.03696990330927413
AMZN,2024-03-12,0.8249015421908377,0.8249015421908377,0.8275229148358183,0.8073645024364335,0.8120715475344611,0.06463502655590359
AMZN,2024-03-13,0.833225998507011,0.833225998507011,0.8335920794714793,0.8327693768780884,0.8290338341463752,0.04475895410595125
AMZN,2024-03-14,0.848807714905963,0.848807714905963,0.8470712869749701,0.8393162648382477,0.841684965476841,0.08879136592673294
AMZN,2024-03-15,0.8180000503742677,0.8180000503742677,0.8357797828255378,0.8210275871251849,0.834263924642783,0.18562372327386628
AMZN,2024-03-18,0.8184269288676256,0.8184269288676256,0.8270289694093038,0.8237317766291041,0.8283271351129717,0.04638669481138499
AMZN,2024-03-19,0.828530117949611,0.828530117949611,0.8227946284323258,0.8183235062058103,0.8171602550867529,0.03150926052022335
AMZN,2024-03-20,0.8445387128419208,0.8445387128419208,0.840014123802516,0.826293611794779,0.8307301059450019,0.04194879477052976
AMZN,2024-03-21,0.8445387128419208,0.8445387128419208,0.8604093210635579,0.8512714232217007,0.8579405530553517,0.051744178128830184
AMZN,2024-03-22,0.8496614718926785,0.8496614718926785,0.8451658227669536,0.84130879123549,0.8421090064656005,0.03530369058967725
AMZN,2024-03-25,0.855638096495384,0.855638096495384,0.8573747925876096,0.8447957667229362,0.843946553364755,0.0415004085523628
AMZN,2024-03-26,0.8456060176405475,0.8456060176405475,0.8535638641715764,0.8498482055928913,0.8590712930775146,0.040967588179218306
AMZN,2024-03-27,0.8564918534820996,0.8564918534820996,0.8503881622807248,0.8452938440299742,0.8571631086280964,0.05327046166416996
AMZN,2024-03-28,0.8604050872799329,0.8604050872799329,0.8623853181371439,0.8591704059338197,0.8592126760216305,0.06954105951246085
AMZN,2024-04-01,0.8646028705515938,0.8646028705515938,0.8715596517980873,0.8640805990500753,0.8635945766969311,0.03931805801443551
AMZN,2024-04-02,0.8626106985391029,0.8626106985391029,0.8559632738061074,0.8529082266501491,0.851438339592665,0.0510196786054746
AMZN,2024-04-03,0.8748483886531093,0.8748483886531093,0.8706421861268636,0.8630132129746044,0.857304383728624,0.04569181533433202
AMZN,2024-04-04,0.8577013787350241,0.8577013787350241,0.8863797375337465,0.8644364306034138,0.8862817401878647,0.08170468473376004
AMZN,2024-04-05,0.8937741313370069,0.8937741313370069,0.8946366055234662,0.8784553468455036,0.8748322021170021,0.08425711562031866
AMZN,2024-04-08,0.8946278883237224,0.8946278883237224,0.9018348344270593,0.8986653194944141,0.9067778454975599,0.07352342366880023
AMZN,2024-04-09,0.8980430248358169,0.8980430248358169,0.9021877141224348,0.8943244351465911,0.9091809241731781,0.06432690998229607
AMZN,2024-04-10,0.9000351968483078,0.9000351968483078,0.8946366055234662,0.883436662838609,0.8775885763875277,0.06214489990467112
AMZN,2024-04-11,0.9220915265704721,0.9220915265704721,0.9193366766270559,0.9036466354875194,0.905647105475397,0.07624506332561624
AMZN,2024-04-12,0.9013159408936136,0.9013159408936136,0.909527224124695,0.9005867230148066,0.9125733599268433,0.07143810431703664
AMZN,2024-04-15,0.8834573944431103,0.8834573944431103,0.9117149274787537,0.8857850207891897,0.9105236846897209,0.10358981342775432
AMZN,2024-04-16,0.8813230019763214,0.8813230019763214,0.88447427332573,0.8805189961195956,0.8811223950853089,0.05197228653139044
AMZN,2024-04-17,0.8668084818107638,0.8668084818107638,0.8826394496670471,0.8631555673128488,0.8884726905255149,0.046757796540923324
AMZN,2024-04-18,0.8521517411909085,0.8521517411909085,0.8672547779555397,0.8548295215859967,0.8684006262045791,0.04459280947841482
AMZN,2024-04-19,0.8194942336662523,0.8194942336662523,0.8433309991082707,0.8177541974373777,0.849106006310899,0.13065061963775026
AMZN,2024-04-22,0.8379929892915599,0.8379929892915599,0.8424135334370471,0.8257243030263464,0.8363842374301693,0.06910969630941032
AMZN,2024-04-23,0.8544284626772274,0.8544284626772274,0.8498941091704462,0.8358292893508015,0.8444413397473667,0.06611909301375458
AMZN,2024-04-24,0.8334394377536898,0.8334394377536898,0.8526465061841169,0.8372525069796111,0.8575871496168561,0.05637716192291979
AMZN,2024-04-25,0.8126638520768312,0.8126638520768312,0.8074805972701518,0.767086911476857,0.7850731209184909,0.10766512324662945
AMZN,2024-04-26,0.8549976701901152,0.8549976701901152,0.856175087770344,0.8368967840108172,0.8424624099040963,0.08951995097371647
AMZN,2024-04-29,0.8645317603244451,0.8645317603244451,0.8752999396647867,0.860095546255591,0.8774471934434118,0.12405658450224703
AMZN,2024-04-30,0.8221267234187799,0.8221267234187799,0.8714891189325178,0.8274322293316445,0.8657148894843174,0.26220141631485766
AMZN,2024-05-01,0.8505864476717753,0.8505864476717753,0.886732509545358,0.8399566964835303,0.8696021116205943,0.2622194607108811
AMZN,2024-05-02,0.8912838620387769,0.8912838620387769,0.8863797375337465,0.8637959989581314,0.8640187255292788,0.12487232738662672
AMZN,2024-05-03,0.9018851484065011,0.9018851484065011,0.9059280019891345,0.9030062038422371,0.9074140148242875,0.07335557673975214
AMZN,2024-05-06,0.9196012572722421,0.9196012572722421,0.9121383400396985,0.8985941966175643,0.9023959448222596,0.058216328476099685
AMZN,2024-05-07,0.9200281357655999,0.9200281357655999,0.9205363814443213,0.916455811315894,0.9210545032328004,0.05591345499114804
AMZN,2024-05-08,0.9146208272410143,0.9146208272410143,0.9098799961363064,0.9099089233557347,0.9105944300835729,0.028974533569385813
AMZN,2024-05-09,0.9252932238358875,0.9252932238358875,0.9329569498616854,0.9173809516376654,0.9207718451881566,0.08764265286667576
AMZN,2024-05-10,0.91092103268986,0.91092103268986,0.9201835017489457,0.9137516218119748,0.922750775031427,0.05622974261201144
AMZN,2024-05-13,0.9044465279318801,0.9044465279318801,0.9090331710144164,0.9025792494120486,0.9145522897701137,0.024760315947160563
AMZN,2024-05-14,0.9080039934635045,0.9080039934635045,0.9048694705867719,0.8889872876001472,0.8850096172215858,0.07174247582731853
AMZN,2024-05-15,0.9003198548873679,0.9003198548873679,0.8978123074143178,0.8838636172687975,0.9002049944846093,0.19690147078850606
AMZN,2024-05-16,0.8835286132354914,0.8835286132354914,0.9019760078419623,0.8890585190615419,0.8975900031581996,0.07220652321939262
AMZN,2024-05-17,0.8911415330192469,0.8911415330192469,0.8877911486314847,0.8882757330780149,0.884585468389238,0.0529405556312134
AMZN,2024-05-20,0.8828881869302225,0.8828881869302225,0.8974594277189423,0.887777547186432,0.8886847110198945,0.043871033637477866
AMZN,2024-05-21,0.8801133681581648,0.8801133681581648,0.8733944754567702,0.8697735781498579,0.8742667781841265,0.11307742067274955
AMZN,2024-05-22,0.879971147703867,0.879971147703867,0.8872265626556366,0.8784553468455036,0.8854336582103455,0.03582595669344954
AMZN,2024-05-23,0.8651720780644816,0.8651720780644816,0.8839802202154514,0.8650057393718467,0.8838787693558345,0.054624131826229064
AMZN,2024-05-24,0.8630375770324605,0.8630375770324605,0.8676076576509151,0.8665713113389004,0.869672749170858,0.03352035952607926
AMZN,2024-05-28,0.872998437094916,0.872998437094916,0.8661962465531772,0.8608072093622681,0.8575164042230039,0.04188002178945935
AMZN,2024-05-29,0.8720735698810516,0.8720735698810516,0.8791814009463894,0.8754665572496403,0.8700261526093538,0.04896942666485088
AMZN,2024-05-30,0.8528632777233263,0.8528632777233263,0.8598447350877099,0.8527658723119047,0.8672697783388281,0.039352784965273044
AMZN,2024-05-31,0.8323722415202954,0.8323722415202954,0.8448130507553422,0.8208141099100907,0.8459962286018774,0.14053486313495844
AMZN,2024-06-03,0.8458905671143753,0.8458905671143753,0.8412138286197814,0.8354023349206132,0.841755603027105,0.04480661854827728
AMZN,2024-06-04,0.853005498177624,0.853005498177624,0.8491179245978899,0.8391027876231536,0.8413315620383452,0.032590221980117115
AMZN,2024-06-05,0.8668084818107638,0.8668084818107638,0.860973907039406,0.8555411846926739,0.8587179974826071,0.04933405964864497
AMZN,2024-06-06,0.893276034051268,0.893276034051268,0.8856739781429954,0.875039602819452,0.8703795560478496,0.04679694947569113
AMZN,2024-06-07,0.8882956040200403,0.8882956040200403,0.8947776712546052,0.8883468559548646,0.8926425707064354,0.03539255072858505
AMZN,2024-06-10,0.9079327746711234,0.9079327746711234,0.9014114218661142,0.8914067684275777,0.8867765265704763,0.05726406101048617
AMZN,2024-06-11,0.9091422999240477,0.9091422999240477,0.9052223502821475,0.8967439159740218,0.9079086933633109,0.03281730900177039
AMZN,2024-06-12,0.9067232494181989,0.9067232494181989,0.9093155178442227,0.9030773267190868,0.9146936727142296,0.05569317717554133
AMZN,2024-06-13,0.8849515777350947,0.8849515777350947,0.9045165908913964,0.883436662838609,0.9010530764621285,0.07522640610104862
AMZN,2024-06-14,0.8837420524821704,0.8837420524821704,0.8766408178969554,0.8803055189045015,0.879779526725178,0.026659403513550325
AMZN,2024-06-17,0.8865879814813769,0.8865879814813769,0.8856739781429954,0.8731181992990595,0.8758216670386372,0.0612008034863135
AMZN,2024-06-18,0.877694317652316,0.877694317652316,0.8806633449096968,0.8746125398047189,0.8844441932887102,0.06480049026283535
AMZN,2024-06-20,0.9011025016469345,0.9011025016469345,0.8963302557672461,0.8837924943919475,0.8785780413091628,0.09226746561350947
AMZN,2024-06-21,0.9223049658171509,0.9223049658171509,0.9158786279063982,0.9061373477763446,0.9131387838597189,0.1810108266376141
AMZN,2024-06-24,0.8973315968686313,0.8973315968686313,0.9280169571777204,0.9023657721969545,0.9239522604474419,0.11229878796132371
AMZN,2024-06-25,0.9028100156203656,0.9028100156203656,0.912773458881116,0.9030062038422371,0.9061417840144204,0.09444504970720415
AMZN,2024-06-26,0.9545355948484495,0.9545355948484495,0.954834198769799,0.9089837830339635,0.9069192284416758,0.1616434018793409
AMZN,2024-06-27,0.9847029416401081,0.9847029416401081,0.9904022537781116,0.9654864024325109,0.9640963890893133,0.19328442053656542
AMZN,2024-06-28,0.9519742153230706,0.9519742153230706,0.9834157311549911,0.9533888897108136,0.9833203714327297,0.20190725861364567
AMZN,2024-07-01,0.980078171309857,0.980078171309857,0.9795342698733887,0.9556661247845446,0.953353657895442,0.08023287484679285
AMZN,2024-07-02,1.0,1.0,0.9945659542057561,0.9777973923693026,0.9801399561734443,0.09524036497344411
AMZN,2024-07-03,0.9828529900819147,0.9828529900819147,0.9917431320102803,0.9837038486841794,0.998939897528101,0.047568772981070415
AMZN,2024-07-05,1.0,1.0,0.9954128870114103,0.9937377121317847,0.9898225848954163,0.07569419855644831
AMZN,2024-07-08,0.9949483511763912,0.9949483511763912,0.9999999999999998,0.9922433716261254,0.9996465965615042,0.05835932180307776
AMZN,2024-07-09,0.9953041194426,0.9953041194426,0.9955540604263133,1.0,0.995123312942088,0.05132132643333788
AMZN,2024-07-10,0.9985058167080156,0.9985058167080156,0.9923077179861284,0.9903219681057331,0.9993639385168607,0.05194675200871579
AMZN,2024-07-11,0.9647811129499648,0.9647811129499648,0.9934368899378243,0.9559507248764885,1.0,0.09171660084434156
AMZN,2024-07-12,0.9607967689249828,0.9607967689249828,0.9666196483457457,0.9628534443899863,0.9626122456286546,0.04416621271959689
AMZN,2024-07-15,0.9482033105447674,0.9482033105447674,0.9646436512721597,0.9415048542042104,0.9609159738300279,0.07850061282854419
AMZN,2024-07-16,0.9503378115767884,0.9503378115767884,0.9676781797481082,0.9515387176518157,0.9681956317199698,0.05572892550728585
AMZN,2024-07-17,0.9141227299552754,0.9141227299552754,0.9321101247397956,0.907062488098116,0.9382289181826824,0.10367050251940625
AMZN,2024-07-18,0.8843823702222069,0.8843823702222069,0.9187014501018742,0.8747548941429633,0.9257898073465964,0.11377366199101184
AMZN,2024-07-19,0.879971147703867,0.879971147703867,0.8851799250327168,0.8652192165869408,0.8660682929228132,0.08666689364020157
AMZN,2024-07-22,0.8758444746593548,0.8758444746593548,0.8860973907039404,0.8820845680866494,0.8933493775834269,0.0759427345771483
AMZN,2024-07-23,0.9033081129061045,0.9033081129061045,0.9166549201627188,0.8897700735836742,0.8869885470648562,0.10183746425166827
AMZN,2024-07-24,0.8636067845453483,0.8636067845453483,0.888849680033847,0.8673540973224274,0.8806276087026972,0.08139180171591993
AMZN,2024-07-25,0.8566341825016295,0.8566341825016295,0.8779110555797902,0.8416646227888285,0.8785780413091628,0.09137341685959417
AMZN,2024-07-26,0.875488706393146,0.875488706393146,0.8729005300302557,0.8661443569087119,0.8607675648761415,0.04044668391665532
AMZN,2024-07-29,0.8804691364243737,0.8804691364243737,0.883909687349882,0.881373013564517,0.8851508923221134,0.05326195015661174
AMZN,2024-07-30,0.8698679586218816,0.8698679586218816,0.8917431427786566,0.8600244233787411,0.8913704477401565,0.07450156611739071
AMZN,2024-07-31,0.9073635671582356,0.9073635671582356,0.9064220550994131,0.8961747157901339,0.8937027810219227,0.08185108266376141
AMZN,2024-08-01,0.8866592002737581,0.8866592002737581,0.9251941349822443,0.8777436837388266,0.9236694945592101,0.17979572381860276
AMZN,2024-08-02,0.7716106694436207,0.7716106694436207,0.7711362500055188,0.7260264259492089,0.7643649951144158,0.42156611739071226
AMZN,2024-08-05,0.7226600175528268,0.7226600175528268,0.7301341492029623,0.6624076098220693,0.6757368696252442,0.22308116573607517
AMZN,2024-08-06,0.7291345223108066,0.7291345223108066,0.7450953006697607,0.7117228010306302,0.7287441500919609,0.14409914204003815
AMZN,2024-08-07,0.7351111469135121,0.7351111469135121,0.762738208600896,0.7322886052328792,0.762951489204021,0.10480117118344003
AMZN,2024-08-08,0.7566693793499375,0.7566693793499375,0.7564573376847623,0.7402588194063928,0.753198115088197,0.09189091651913388
AMZN,2024-08-09,0.7647803964194317,0.7647803964194317,0.7695836654928776,0.7637422903276552,0.7618912788885339,0.06392142176222253
AMZN,2024-08-12,0.7637843104131863,0.7637843104131863,0.7695836654928776,0.765592462386653,0.774189006780504,0.042376412910254666
AMZN,2024-08-13,0.7881884718488181,0.7881884718488181,0.7871559328746793,0.7726375362383953,0.7718566734987378,0.07357994007898679
AMZN,2024-08-14,0.7872636046349537,0.7872636046349537,0.7959068539746776,0.7851620033902811,0.8022475358683729,0.03819215579463435
AMZN,2024-08-15,0.8405543688169386,0.8405543688169386,0.8356387170943991,0.8216681273550122,0.8216835387061692,0.11600333651096283
AMZN,2024-08-16,0.8367834640386353,0.8367834640386353,0.8386732455703474,0.8378218157480437,0.8370909364635726,0.04719869263243906
AMZN,2024-08-19,0.8450368101276597,0.8450368101276597,0.8383910064243056,0.8371102612259114,0.8413315620383452,0.04597507830586954
AMZN,2024-08-20,0.8497326906850597,0.8497326906850597,0.8434015319738402,0.8461477528903509,0.8433104918816157,0.02937900040855236
AMZN,2024-08-21,0.8584840254945907,0.8584840254945907,0.8672547779555397,0.856537447891295,0.85744576667274,0.06119127059784829
AMZN,2024-08-22,0.8301666302611255,0.8301666302611255,0.8607622007589335,0.8336944086153151,0.8677645647214398,0.04909948250034046
AMZN,2024-08-23,0.8366411350191054,0.8366411350191054,0.8431192928277982,0.8305633732657522,0.8392112492509589,0.0392349857006673
AMZN,2024-08-26,0.8256841889504043,0.8256841889504043,0.832533548069117,0.8238741309673485,0.8346879656315427,0.01613849925098733
AMZN,2024-08-27,0.8087506182789979,0.8087506182789979,0.8143260541621336,0.809285905956826,0.8166654687041413,0.04159063053247991
AMZN,2024-08-28,0.7922440346661814,0.7922440346661814,0.8058574798919413,0.7855889578204693,0.813414415894592,0.03887716192291979
AMZN,2024-08-29,0.8016356872157491,0.8016356872157491,0.8100917131851553,0.7990385652941263,0.8100926176911907,0.029898542829906033
AMZN,2024-08-30,0.8470289821401509,0.8470289821401509,0.8426252397175196,0.8117766182456512,0.8069828399821692,0.08785033365109628
AMZN,2024-09-03,0.831020387247841,0.831020387247841,0.8381086595944995,0.8307056190194517,0.8406955005552057,0.06874404194470925
AMZN,2024-09-04,0.8102448015709824,0.8102448015709824,0.8220183361760052,0.811349555230918,0.8189978019859074,0.04318126106495983
AMZN,2024-09-05,0.8426888698489596,0.8426888698489596,0.849541337158835,0.8288554469604539,0.8226730036278045,0.0767550728585047
AMZN,2024-09-06,0.7964418179378425,0.7964418179378425,0.8389555924001537,0.8015292775829514,0.8385045502175557,0.08116743837668529
AMZN,2024-09-09,0.8249726524179866,0.8249726524179866,0.8211009781885457,0.8182522747444159,0.8193512054244032,0.0388512869399428
AMZN,2024-09-10,0.8544996814696084,0.8544996814696084,0.8539167438669519,0.8415933913274338,0.8402714595664462,0.06335217213672886
AMZN,2024-09-11,0.8898608975391735,0.8898608975391735,0.8856034452774262,0.8340502401686536,0.8587179974826071,0.0849063734168596
AMZN,2024-09-12,0.9075058961777656,0.9075058961777656,0.9026817672327134,0.8896277192454298,0.8919358716730321,0.054195151845294845
AMZN,2024-09-13,0.9038773204189923,0.9038773204189923,0.910374049246585,0.9064931793296831,0.9074846523745514,0.030196786054746017
AMZN,2024-09-16,0.8924933872917014,0.8924933872917014,0.8913902630832811,0.8883468559548646,0.895398944976961,0.028733147215034727
AMZN,2024-09-17,0.90665213919105,0.90665213919105,0.9170783327236636,0.9081298741735868,0.9064245499026524,0.028822347814244864
AMZN,2024-09-18,0.9034503333604023,0.9034503333604023,0.9124912197350741,0.9004443686765622,0.9035974302382745,0.05727257251804439
AMZN,2024-09-19,0.9279257135884154,0.9279257135884154,0.9279464243121509,0.9247106255813515,0.9289702226058818,0.07461936538199647
AMZN,2024-09-20,0.940234622494803,0.940234622494803,0.9339449483984785,0.9171674744225711,0.9303130909660127,0.2817397521448999
AMZN,2024-09-23,0.9564566566337918,0.9564566566337918,0.9523641485859344,0.9396546821452125,0.9402784855762167,0.06593728721231105
AMZN,2024-09-24,0.9570258641466796,0.9570258641466796,0.9588567257825404,0.936523538211105,0.9588664064364936,0.08801886150074902
AMZN,2024-09-25,0.9468514562723129,0.9468514562723129,0.9488355669997073,0.9509694088833831,0.9551912047945965,0.029841685959417136
AMZN,2024-09-26,0.9371040354565363,0.9371040354565363,0.9529287345617825,0.9323248996169815,0.9591490644811373,0.06369637750238322
AMZN,2024-09-27,0.9144073879943355,0.9144073879943355,0.9273111977869692,0.9166692885309882,0.933493506225298,0.0625640065368378
AMZN,2024-09-30,0.9027389053932167,0.9027389053932167,0.9103035163810156,0.8975267019575486,0.9084741172961865,0.08156713877161924
AMZN,2024-10-01,0.8942010098303648,0.8942010098303648,0.8940720195476182,0.8889872876001472,0.8926425707064354,0.06270904262562985
AMZN,2024-10-02,0.8915684115126046,0.8915684115126046,0.8969654822924278,0.8931858176097258,0.8893915178968861,0.020693517635843664
AMZN,2024-10-03,0.8716466913876939,0.8716466913876939,0.8746648208233694,0.870698718471629,0.8795675062307982,0.042824118207816966
AMZN,2024-10-04,0.9040195408732901,0.9040195408732901,0.9040226454648821,0.890054782260163,0.8986501056300986,0.07920570611466703
AMZN,2024-10-07,0.8633933452986695,0.8633933452986695,0.8757939927750653,0.8662154797855619,0.8788606993538066,0.08422375051069046
AMZN,2024-10-08,0.8770539999122793,0.8770539999122793,0.8721947706395048,0.8709833185635731,0.8715810414638645,0.02977699850197467
AMZN,2024-10-09,0.8944855593041925,0.8944855593041925,0.8916726099130872,0.8790246556139363,0.8779419798260235,0.029678265014299335
AMZN,2024-10-10,0.9050156268795355,0.9050156268795355,0.9077629333315815,0.9059238705612505,0.9084034797459226,0.03458736211357756
AMZN,2024-10-11,0.92045512282419,0.92045512282419,0.9204657408949877,0.9092684917104523,0.9048696610481415,0.027664442326024788
