Symbol,Date,Adj Close,Close,High,Low,Open,Volume
GOOG,2018-01-02,0.03081172851477043,0.03085874137772332,0.022147247640196932,0.02642939790675275,0.02601796591611799,0.1520084638749531
GOOG,2018-01-03,0.03687831220371873,0.036934560688753726,0.02890668664599033,0.0327552710330376,0.031599735580455035,0.18487423637418518
GOOG,2018-01-04,0.0382388005990722,0.038297094607242954,0.0314497915152922,0.04007050215890917,0.039879779237945834,0.11224872871233063
GOOG,2018-01-05,0.04373268203410596,0.0437993926832565,0.03518059013539909,0.042884420126641454,0.04197686942298351,0.15909013344254463
GOOG,2018-01-08,0.04536731423691859,0.045436528367529205,0.037632840323871264,0.046269034834001854,0.04485337861566929,0.11958636224019659
GOOG,2018-01-09,0.045131341675767433,0.045200166654499,0.037388313572151555,0.04613216532290815,0.04735941778634761,0.09482611514965361
GOOG,2018-01-10,0.04386458519314651,0.04393148262969471,0.03530284018555041,0.04433044825610416,0.04306036024096416,0.11876727756731853
GOOG,2018-01-11,0.04487456057656586,0.04494296119565455,0.03597528208992529,0.045554811662560035,0.046275900302418516,0.10776082727551961
GOOG,2018-01-12,0.05068425631887724,0.050761548529079936,0.04218106455727455,0.046103658670470116,0.04491628358809535,0.23441179481928945
GOOG,2018-01-16,0.0505107627955948,0.05058777109101337,0.047637515781969786,0.05197288850930121,0.05543672023766827,0.20963448346472816
GOOG,2018-01-17,0.05405769697404861,0.05414009166421746,0.045083963557172146,0.051683661409470893,0.05323827278251969,0.14603597146855057
GOOG,2018-01-18,0.053297637742104276,0.05337887064183067,0.045052514885016326,0.051856070287634226,0.055052250592717344,0.14528514385174568
GOOG,2018-01-19,0.05597691732113397,0.05606225098718076,0.046921418856415986,0.055655829897637454,0.055199046639010485,0.24425787515784445
GOOG,2018-01-22,0.06232806244249606,0.06242309393690176,0.0546135508543818,0.05805178450838988,0.05717731335769355,0.21692092420053924
GOOG,2018-01-23,0.06724237667588867,0.067344922862627,0.05871706954236883,0.0663690164147317,0.06499248953561515,0.1683048360124228
GOOG,2018-01-24,0.06525375891949037,0.06535325786818919,0.06159307726243152,0.06717823491854474,0.0711020316519475,0.18255349646769736
GOOG,2018-01-25,0.06738125163009123,0.0674839607243366,0.060223727452801246,0.06777985412861415,0.06942434350434828,0.1934575611753865
GOOG,2018-01-26,0.0692796100154085,0.06938524978272514,0.06018878744500783,0.06614383533440904,0.07031562616580189,0.2853144943858572
GOOG,2018-01-29,0.0691893773561863,0.06929487384667588,0.06404884543795836,0.07102370717365342,0.07080494632011242,0.17612026893280094
GOOG,2018-01-30,0.06506292939980912,0.06516208412318358,0.06042633152545224,0.06804723149672648,0.06778161441518504,0.2063922733012525
GOOG,2018-01-31,0.06723201247465183,0.06733450098971994,0.059196715095578556,0.066502718519999,0.06873929528831357,0.203388962834033
GOOG,2018-02-01,0.0664545905344498,0.06655588366039406,0.059546035219261384,0.06593626288308763,0.06595715688724113,0.35242824476980306
GOOG,2018-02-02,0.0470887332691608,0.04716056603021551,0.041754881746729644,0.0482596688686579,0.05176329917514222,0.7697860141292107
GOOG,2018-02-05,0.027618860025478864,0.027660950114684335,0.03718920083513816,0.02882183616018935,0.04078850142969481,0.5889730725913791
GOOG,2018-02-06,0.03622582162739546,0.036281085390594714,0.0273067754271909,0.01865642295411485,0.018622218441583294,0.5291969557352991
GOOG,2018-02-07,0.025113073969731614,0.025151373726161386,0.027331241428071418,0.027495417864308425,0.0376218933836715,0.34510767550595545
GOOG,2018-02-08,0.008780481837057874,0.008793939232737469,0.01924085730466174,0.010748376932674497,0.028489046028360276,0.42870550493157233
GOOG,2018-02-09,0.021364812511065423,0.021397431016284052,0.014123252196736436,0.007898543803960989,0.015151511919278937,0.5390771646018907
GOOG,2018-02-12,0.026279126744458037,0.026319259942009288,0.020246921648058636,0.024915807400466505,0.025899142449763324,0.2919524930889731
GOOG,2018-02-13,0.026334714122741465,0.026374869782941013,0.019153520610886765,0.026027244736482824,0.02485058402427026,0.15670113647998363
GOOG,2018-02-14,0.03244291488779044,0.03249240310436036,0.023817012223166067,0.026964179485399586,0.026231160174085943,0.20630695198116109
GOOG,2018-02-15,0.039321619221597215,0.03938157932107361,0.030719356127348718,0.03315283414910136,0.03675858330215637,0.25538377529777145
GOOG,2018-02-16,0.041154052739253044,0.04121683666562331,0.035327306186430874,0.04158723322859953,0.04002308204499022,0.2274154465717894
GOOG,2018-02-20,0.04381252378023237,0.04387934674639865,0.03856902465168133,0.04166005672018558,0.04077802171194855,0.18366267362888639
GOOG,2018-02-21,0.04689443120782799,0.046965918327574185,0.04556254305369861,0.0479261517721018,0.04633533870154427,0.19898638271731342
GOOG,2018-02-22,0.04525979900501531,0.04532878264330148,0.04166754505295467,0.046610309390590576,0.049732633867727805,0.16559161803351422
GOOG,2018-02-23,0.052256462907538825,0.05233612645714952,0.04322553359268538,0.04735757558383208,0.04849184061975931,0.1560015016552336
GOOG,2018-02-26,0.05814260798990167,0.05823119389608139,0.049052306257723444,0.05509114586059516,0.053790497909256274,0.20687007269376476
GOOG,2018-02-27,0.049306485350842644,0.049381644822412196,0.049080236942824484,0.05203199552311344,0.058487998056585666,0.24355824033309445
GOOG,2018-02-28,0.04460033663353008,0.04466835942987102,0.04331287028646036,0.04683897998580677,0.05212331614535182,0.26207296679294223
GOOG,2018-03-01,0.032380462561780565,0.03242984534815724,0.03723112351420682,0.03408907099503944,0.046824658855854795,0.3701409508207911
GOOG,2018-03-02,0.0356427818841028,0.035697142282670735,0.02740773099509436,0.027444417262018128,0.02767466796227619,0.32845295382410156
GOOG,2018-03-05,0.039810980475875,0.0398716725353126,0.032682899280803535,0.034792369300622294,0.03538499363083819,0.14596771441247738
GOOG,2018-03-06,0.041244285398475244,0.041307186082912006,0.03434218985685977,0.042101614566330325,0.04380132695092742,0.2023821712569537
GOOG,2018-03-07,0.04630436624565576,0.04637500078561829,0.03796470376936589,0.04059121830829282,0.040295688036135535,0.16137674482099587
GOOG,2018-03-08,0.05198226567636194,0.052061524691366046,0.04333733628734088,0.050202469706850106,0.04942853539144676,0.17205897409644724
GOOG,2018-03-09,0.06379614620532936,0.06389337357961872,0.054934940292963585,0.057119788765168544,0.05665652738419574,0.303948670693833
GOOG,2018-03-12,0.0653440182905714,0.06544360728547788,0.060611478919915085,0.06590107246750737,0.0663905585476231,0.31150813965393676
GOOG,2018-03-13,0.056205971510840946,0.05629166478493963,0.06051017688358962,0.057425523954687585,0.06854007398734058,0.2662707757414423
GOOG,2018-03-14,0.060134671576092646,0.06022633284815493,0.0541629286943735,0.06027884659829469,0.05987558735084736,0.16118903791679465
GOOG,2018-03-15,0.060165897739097585,0.06025762498563675,0.05503275099365146,0.05785124477170006,0.06153578263625431,0.17893587249581927
GOOG,2018-03-16,0.05535909873760825,0.05544354178413924,0.05321624370823341,0.056943514578200016,0.06299675662068832,0.4684481758301764
GOOG,2018-03-19,0.042896280309545565,0.0429617180741238,0.041377604286528646,0.04183246559834897,0.05106777124136119,0.41962731647384055
GOOG,2018-03-20,0.04216402812267239,0.04222831523158316,0.03551242692947665,0.039879813591188085,0.04372444902150635,0.2534213849356678
GOOG,2018-03-21,0.03979353763204074,0.03985427622837351,0.03589668706095289,0.04047440008662584,0.04153648128410409,0.2614415890242654
GOOG,2018-03-22,0.025286567493014056,0.025325151164227955,0.027722484230822964,0.026668644416338594,0.03774074351597462,0.3959250537524317
GOOG,2018-03-23,0.01573900120513222,0.0157630429938323,0.020896656545080328,0.017981980252459395,0.02556011158099475,0.3088461144670831
GOOG,2018-03-26,0.026719925839332026,0.02676069123058794,0.01819638826925085,0.013471513828330117,0.02520009461078515,0.39560083273608415
GOOG,2018-03-27,0.010022983951835762,0.010038305554091853,0.021413320916615797,0.009432534551163274,0.031141881245331793,0.46901129654278007
GOOG,2018-03-28,0.009835546838229459,0.00985060576672192,0.007227544495407023,0.003704764277632,0.008423346464535186,0.5157673799529027
GOOG,2018-03-29,0.01928596209544492,0.019315390085796913,0.013784406079966505,0.011536470450170477,0.01318724482353939,0.4061294836353708
GOOG,2018-04-02,0.010498481751366251,0.01051450293778805,0.01091993842349992,0.007128058915466251,0.01709831281877472,0.3982116651308829
GOOG,2018-04-03,0.012907063352729342,0.012926755474990392,0.006095738766221159,0.008429809025292057,0.013984130027431263,0.32905020306474186
GOOG,2018-04-04,0.01697800406639971,0.017003935357551014,0.008795340756623637,0.008053370895545309,0.006819069673056788,0.3648169004470837
GOOG,2018-04-05,0.01790466516204109,0.017931985902732928,0.013711034728742022,0.017598831517148195,0.023567871905316673,0.17340705095389236
GOOG,2018-04-06,0.010696256354350564,0.010712624598065101,0.009739200692553074,0.011582209937698207,0.01611268603165622,0.23883143920002733
GOOG,2018-04-09,0.013615034459900643,0.013635814095320553,0.012596685677744357,0.015469905323018729,0.014994236155239538,0.23971878092897855
GOOG,2018-04-10,0.019233927394389616,0.019263254202500912,0.011436922612040379,0.01450591341246582,0.018363558741484542,0.27775502542575337
GOOG,2018-04-11,0.015183768506910778,0.015206918065754471,0.009719638552415533,0.016099682234036794,0.018905330816423316,0.1940377461520085
GOOG,2018-04-12,0.0195358515350611,0.019565647629369964,0.01297745447358295,0.018057622198382528,0.01787423858717402,0.1723831951127948
GOOG,2018-04-13,0.01841136241271768,0.018439475423911,0.01497908250204677,0.018601181249107812,0.02341056947532877,0.14951708132828231
GOOG,2018-04-16,0.021434209920378366,0.021466936687758564,0.013868224786686756,0.019924083187672914,0.022054446000254357,0.14750349817412375
GOOG,2018-04-17,0.03399078697303248,0.03404263681021952,0.025968874289716448,0.027495417864308425,0.027077004059357312,0.3367632504010102
GOOG,2018-04-18,0.03326887227553732,0.03331965584058599,0.02581165758035464,0.03381602987583071,0.036185372073978816,0.170181905054435
GOOG,2018-04-19,0.03868996389518309,0.038748947768728725,0.031657619265691106,0.034503866946192896,0.0333787809981651,0.23905327463226514
GOOG,2018-04-20,0.033574268957860365,0.033625523225090714,0.031023608704747296,0.03499290903731206,0.03778266238695971,0.263284529538241
GOOG,2018-04-23,0.0316620471177958,0.03171033833615938,0.02765961353792845,0.031872182183170394,0.03633568802546916,0.3403467458448517
GOOG,2018-04-24,0.015187241048562283,0.015210392023390196,0.018674941114360244,0.014242025559247085,0.027297184795822826,0.7531312924473568
GOOG,2018-04-25,0.015603678928157838,0.015627479089758367,0.01011298681711642,0.0159026588546628,0.018042020734908182,0.34884474932596155
GOOG,2018-04-26,0.022149206246429298,0.022182969742120695,0.015524024027105343,0.016915933452481435,0.01943656984171893,0.2956725026449609
GOOG,2018-04-27,0.018682113814101953,0.018710576713298233,0.016055000209613424,0.019519460514555276,0.02520009461078515,0.21722808095286852
GOOG,2018-04-30,0.014267525036223971,0.01428928939347962,0.011688432035035334,0.016444473147941285,0.0196113384679506,0.22601617692228934
GOOG,2018-05-01,0.021201736612737554,0.021234075451124546,0.012201951539355216,0.013404676196907606,0.013896745714315428,0.18448175830176444
GOOG,2018-05-02,0.016714251172036232,0.016739781983435176,0.012872314633197768,0.01856250131863396,0.018943756448159654,0.2143783488618136
GOOG,2018-05-03,0.016485196982329253,0.016510368185676305,0.009129629481072654,0.012729159798361867,0.01576317544514133,0.25055458858059454
GOOG,2018-05-04,0.024984670064201464,0.025022757737358903,0.015709171421568247,0.016462081776942583,0.015029195213675572,0.2716460189072045
GOOG,2018-05-07,0.027268266877968184,0.027309868243394375,0.020309792340953092,0.027087305676297246,0.026329024204948037,0.19100030715675234
GOOG,2018-05-08,0.02696287019564514,0.0270040008588896,0.01991505820256395,0.02710314270542946,0.029583016564087183,0.1486126753353128
GOOG,2018-05-09,0.03697551665810289,0.03703188454007439,0.028609763208289063,0.03034699575046873,0.029429234039296537,0.2877034913484181
GOOG,2018-05-10,0.042115439251409814,0.042179653305922826,0.03384964501778276,0.04064680896478923,0.03919121111671392,0.18705846216852667
GOOG,2018-05-11,0.0423548309304948,0.04241946245782818,0.03416056044945165,0.04250094928226311,0.041837059855187875,0.15475581038189823
GOOG,2018-05-14,0.04302821018044506,0.04309378150180143,0.03745118426504601,0.0453859459841347,0.044073959608021185,0.19987372444626464
GOOG,2018-05-15,0.0357503772515827,0.03580488800689846,0.030220148434001393,0.03636503997829843,0.04057880041097556,0.19591481519402068
GOOG,2018-05-16,0.03663186859389522,0.0366877771028164,0.029947690997180643,0.03734664051785258,0.036143453202993725,0.12806730145728815
GOOG,2018-05-17,0.035528241433319896,0.035582448643171616,0.02910929071864138,0.03637558905024585,0.0370451889162452,0.11893792020750146
GOOG,2018-05-18,0.031283753772649414,0.03133146480378385,0.02319523466266249,0.0318651494685388,0.030743411977437407,0.20791099279888062
GOOG,2018-05-21,0.03587186278566867,0.035926556080429606,0.029504051508447593,0.03642836125240512,0.03500751046438483,0.11542268181973311
GOOG,2018-05-22,0.03245333251274507,0.032502824977267475,0.029011480017953506,0.03397963443949342,0.038327927701147235,0.12682161018395277
GOOG,2018-05-23,0.035910060743835515,0.03596479613318282,0.02698192130438859,0.032227522169022305,0.03188634119454381,0.12182178082659295
GOOG,2018-05-24,0.03575387650509304,0.03580838848329476,0.026873609945370747,0.03378964377475102,0.036734130627415096,0.07166990887683014
GOOG,2018-05-25,0.03451137439031521,0.03456402216194038,0.027603698864892168,0.03647235598248605,0.0367411171059126,0.09429712296508652
GOOG,2018-05-29,0.029187540648771215,0.029232027566357677,0.02439340242038046,0.029944171519642404,0.03180245012067673,0.259086720589741
GOOG,2018-05-30,0.03178347922816405,0.03183197989092995,0.022940207252612865,0.030510600314131497,0.031152360963078052,0.13509777823282482
GOOG,2018-05-31,0.0377494660566533,0.03780700139300397,0.0327143479529593,0.034285718580501834,0.03273565165311548,0.46781679806149956
GOOG,2018-06-01,0.04972639577208976,0.04980220584641609,0.04068245537480064,0.045171313975759464,0.043846765727109716,0.3540493498515409
GOOG,2018-06-04,0.05659470919280074,0.05668096019022223,0.04832920000947727,0.05344106163712681,0.05187865606819653,0.26326746527422273
GOOG,2018-06-05,0.056723113098330946,0.05680957617902477,0.049673390881382895,0.057376268109844086,0.05840061374346983,0.227159482611515
GOOG,2018-06-06,0.055758254044522726,0.05584328558108953,0.048716951476591164,0.054756206115659345,0.05881305596835923,0.23060646394321013
GOOG,2018-06-07,0.051239622576392974,0.051317699975918285,0.04620878661508271,0.051511279373729735,0.05502081143947857,0.2001979454626122
GOOG,2018-06-08,0.05020189357162025,0.050278403230112345,0.043012455513121495,0.049973772269211625,0.050428161801508775,0.1610866523326849
GOOG,2018-06-11,0.05336700843955838,0.053448402832065756,0.04671180546107262,0.05224308433175062,0.05057495784780197,0.12499573393399543
GOOG,2018-06-12,0.05660510010589653,0.05669138206312935,0.047595593102901124,0.05651253264642497,0.05493342712636273,0.09644722023139143
GOOG,2018-06-13,0.055032866805376,0.055116804135059705,0.0499395852351896,0.0574431057412666,0.058446052519652125,0.1978772055561244
GOOG,2018-06-14,0.061047389081410164,0.06114048756279411,0.05307301899283923,0.05999740380091917,0.05940024015353185,0.17006245520630697
GOOG,2018-06-15,0.061096004664531633,0.06118914948845444,0.05235692206728543,0.06099835772692136,0.06115131299130344,0.3030101361728269
GOOG,2018-06-18,0.0684535992039439,0.06855799704649956,0.059654319926862154,0.06103529289994847,0.05933032203665978,0.18205863281116685
GOOG,2018-06-19,0.0665795218983285,0.06668102569156087,0.05859236756184605,0.06470135040468439,0.06452063557754845,0.217432852121088
GOOG,2018-06-20,0.06719728705813643,0.06729973489460239,0.06383784616892679,0.07003155756215185,0.07039599733447177,0.2221255247261186
GOOG,2018-06-21,0.06297010868200592,0.06306612084339314,0.060697056620162726,0.06407578775396083,0.07023522833118362,0.15209378519504455
GOOG,2018-06-22,0.062213548703571986,0.06230837377864201,0.05552774776309993,0.0623264939378268,0.06474433621921116,0.16453363366438006
GOOG,2018-06-25,0.05156930033841789,0.05164791158263354,0.04903482292811817,0.05019543699221851,0.05931285584041601,0.3089485000511928
GOOG,2018-06-26,0.04936543842334218,0.049440728620979646,0.045297041636736035,0.05156018626708392,0.053860416026128344,0.20756970751851475
GOOG,2018-06-27,0.04434005628081816,0.044407680013390904,0.044817076266521316,0.04697268209107408,0.051532638720930446,0.16161564451725197
GOOG,2018-06-28,0.0478939088307162,0.04796694850186639,0.04148940698118414,0.044295257840523905,0.04480444660023819,0.12381829971673322
GOOG,2018-06-29,0.048390188456438166,0.048464016150137346,0.04355635763291388,0.0509764977950829,0.05106427800211244,0.1652332684891301
GOOG,2018-07-02,0.052488962927038474,0.05256901421254412,0.04347706966709741,0.043517713394975344,0.04372444902150635,0.14854441827923962
GOOG,2018-07-03,0.043961789647530614,0.04402880648101537,0.04620878661508271,0.0457060955544063,0.056593622411769684,0.056687485068768986
GOOG,2018-07-05,0.05138188993667048,0.05146021179526361,0.04330239627954746,0.048682571231333294,0.047754367149044796,0.12284563666769052
GOOG,2018-07-06,0.056900105875123785,0.056986827574727006,0.04799384522834499,0.052994940579198235,0.05231555096782725,0.11079826627077574
GOOG,2018-07-09,0.06171726907785002,0.061811332649131634,0.05279357888474323,0.06097548798315755,0.06101848990200531,0.09593529231084263
GOOG,2018-07-10,0.061297278521026344,0.06139074510636716,0.05451224881805633,0.06314626151358727,0.06398936988630438,0.0770622163066107
GOOG,2018-07-11,0.06166518095307699,0.06175919676583558,0.056154082715924425,0.0601240463491326,0.05965887318768215,0.13194088938944065
GOOG,2018-07-12,0.0719311626849436,0.07204081194822914,0.063182514474318,0.06537861156067692,0.06500646249261016,0.15444865362956897
GOOG,2018-07-13,0.07378440474064979,0.0738969395573536,0.06702754106803477,0.07384538260141832,0.07378281278290905,0.1493293744240811
GOOG,2018-07-16,0.0720630391321253,0.0721729018946673,0.06548455727612074,0.07359207066256918,0.07531719812346388,0.12096856762567831
GOOG,2018-07-17,0.07724805134318447,0.07736583210977982,0.06969044405711644,0.07053818143985008,0.06931599975573988,0.215624040135149
GOOG,2018-07-18,0.07623463012997245,0.0763508795861843,0.07020044557438165,0.07748328240520558,0.07782321062819375,0.17862871574348999
GOOG,2018-07-19,0.07313891267134726,0.07325041217446598,0.06862849169210034,0.07501345744839905,0.07587990296794672,0.1586805911061056
GOOG,2018-07-20,0.07242741559880672,0.07253785307773952,0.06753159931929087,0.07533009066135488,0.07446786099894376,0.1536807617487458
GOOG,2018-07-23,0.07957342550420504,0.0796946831449648,0.07089562113752673,0.0741972062299544,0.07238823701014985,0.38776833555168766
GOOG,2018-07-24,0.09435109362089827,0.09449490949849759,0.09168396632358922,0.09339300081692226,0.1009017623791999,0.507047541039555
GOOG,2018-07-25,0.09977213181682631,0.09992422794540096,0.09163506097324525,0.09464903828164256,0.09270211655632737,0.3039145421657964
GOOG,2018-07-26,0.10137901039828556,0.10153354544982751,0.09300126591565994,0.09812862147895196,0.09685085815022049,0.3513190676086141
GOOG,2018-07-27,0.09102626854884838,0.09116502828902046,0.09444014927245498,0.09178865608098163,0.10384117654431174,0.30439234155830863
GOOG,2018-07-30,0.08451543993523336,0.08464430373177567,0.08082553937071263,0.08491745230410253,0.08881550123583337,0.2564929524589604
GOOG,2018-07-31,0.08365473041911231,0.08378228490043255,0.07826567076006674,0.08285219633556912,0.08601936321181747,0.22147708269342345
GOOG,2018-08-01,0.08460914513610707,0.08473815362546067,0.08032041506277332,0.08447414970051104,0.08881200799658462,0.20825227807924643
GOOG,2018-08-02,0.08674011038835944,0.08687233043924375,0.07906633263201907,0.08256721033845554,0.0810876827050791,0.20212620729667932
GOOG,2018-08-03,0.08589329103884452,0.08602423395720399,0.07910825531108778,0.0861804956410322,0.08937820608031621,0.1267533531278796
GOOG,2018-08-06,0.08626114004717744,0.08639265909791183,0.07774170390025104,0.08643979344004482,0.08776344957109156,0.12540527627043446
GOOG,2018-08-07,0.09231735953488884,0.09245805653603517,0.08650346387135233,0.09360760598287526,0.09195762994116691,0.19576123681785604
GOOG,2018-08-08,0.09349385664642873,0.09363636462479019,0.08836538517147668,0.09425426677749366,0.09317045060919693,0.17465274222722774
GOOG,2018-08-09,0.09470510588634279,0.09484946532742328,0.08803072332718853,0.0970696073936056,0.09646638850526956,0.08562847684379374
GOOG,2018-08-10,0.09071739932487383,0.09085568694687995,0.08459093153019087,0.09214047970951772,0.09405474679215303,0.13001262755537354
GOOG,2018-08-13,0.08981499259707548,0.08995195410514789,0.08584080303704628,0.09271783336986583,0.0919506434626694,0.11100303743899526
GOOG,2018-08-14,0.0922756623232116,0.09241634252564623,0.084652043229558,0.08971639424023892,0.091325006979812,0.17086447561516674
GOOG,2018-08-15,0.0826552527962241,0.08278125472614034,0.08093872793905632,0.08422784363387126,0.0892523961354641,0.25289239275110065
GOOG,2018-08-16,0.07991699343283609,0.08003879058222285,0.07771094816493934,0.08177911682095956,0.08766907877947822,0.17002832667827036
GOOG,2018-08-17,0.07799771966203306,0.0781166312592595,0.07177940877935524,0.0767444447325531,0.07973507913520195,0.17794614518275828
GOOG,2018-08-20,0.08036121164564392,0.08048369582843717,0.07247106635544565,0.0789912360028176,0.08078011765549781,0.08941674345585476
GOOG,2018-08-21,0.07822677385174004,0.07834604505701837,0.07465784177837231,0.08100651138110648,0.08182168960249336,0.14654789938909935
GOOG,2018-08-22,0.08020844652483528,0.08033076213618479,0.07276449845750926,0.08053013891329308,0.07902555157847746,0.09224941128289138
GOOG,2018-08-23,0.07953170158066891,0.07965296913457587,0.076062131595796,0.0823737301588196,0.08152108436546107,0.11020101703013549
GOOG,2018-08-24,0.0848313076662287,0.08496061950794809,0.07619139096863964,0.08311925159461431,0.08210829521658214,0.10235145558172076
GOOG,2018-08-27,0.09217851129254517,0.09231901867432557,0.08368091889395451,0.0899296036002345,0.08867219842878898,0.13813521722808095
GOOG,2018-08-28,0.08847539287534889,0.08861026393247284,0.0834905478217437,0.09097594806227505,0.0934570562232857,0.16333913518309956
GOOG,2018-08-29,0.09477453000751462,0.09491897099889779,0.08632532579958185,0.09367412150523069,0.09211493237115481,0.16246885771816663
GOOG,2018-08-30,0.09124143257194922,0.09138054625623654,0.08736457115724477,0.09234807900326136,0.0944846285473378,0.1680147435241118
GOOG,2018-08-31,0.08397754323341072,0.08410554859187636,0.08213340436113664,0.08485235943012676,0.09125162228963962,0.2507764240128323
GOOG,2018-09-04,0.07662334110007346,0.0767401749914669,0.07316624191859078,0.07824324506417513,0.08051799138209875,0.2532678065595031
GOOG,2018-09-05,0.07297233751950905,0.07308358265167081,0.06828266290405516,0.06751244991807959,0.07685854327656771,0.29256680659363166
GOOG,2018-09-06,0.06775254646821682,0.06785585982268016,0.06384272337825264,0.06399415994787416,0.07423717387878354,0.2630797583700215
GOOG,2018-09-07,0.06545855874135431,0.06555832744373757,0.05998618337235678,0.06582894687890001,0.06458004731072575,0.17994266407289855
GOOG,2018-09-10,0.06539252702625747,0.06549226921113821,0.05973467394936183,0.0668475094339035,0.06930552003799362,0.13115593324459918
GOOG,2018-09-11,0.06980716922785313,0.0699135830497174,0.061180859794437104,0.06548592756486454,0.0656146327792238,0.1471792771577762
GOOG,2018-09-12,0.06476089841170218,0.0648596641775539,0.06115642044497366,0.06623179795214862,0.06949076838197155,0.16188867274154467
GOOG,2018-09-13,0.06910261723861566,0.06920797186826233,0.06115642044497366,0.06781152818687863,0.06879870702149088,0.1850448790143681
GOOG,2018-09-14,0.06813083981336321,0.06823473335505575,0.061790457657334596,0.06973953885040668,0.07172068165630735,0.10190778471724515
GOOG,2018-09-17,0.062411376730274026,0.06250652195767958,0.06067784094844719,0.06470838311931598,0.06858900600277162,0.16376574178355688
GOOG,2018-09-18,0.06420563900162185,0.06430353924947613,0.060272632803145154,0.06578497899124136,0.06402782218398917,0.1462066141087335
GOOG,2018-09-19,0.06763108764598968,0.06773421826790965,0.05927005979538591,0.06490189014137421,0.06678550791032029,0.14412477389850176
GOOG,2018-09-20,0.07310765979648343,0.07321912003698411,0.06509680580900684,0.07150923290745681,0.07203173994513745,0.14992662366472134
GOOG,2018-09-21,0.06589580515900023,0.06599628477468056,0.06590724875102799,0.06893383670390946,0.07622941355446161,0.6926043479744719
GOOG,2018-09-24,0.06842239975279779,0.06852670490901769,0.06094334236540977,0.062203367746929195,0.0640557947639277,0.1577079280570629
GOOG,2018-09-25,0.07233720965144336,0.07244747714169025,0.0640453541023207,0.06962344537414067,0.07068958942705811,0.10765844169140987
GOOG,2018-09-26,0.07089346039202965,0.07100154172118373,0.06661287166966895,0.07200356295576082,0.07383523803758885,0.19035186512405722
GOOG,2018-09-27,0.0758043287956296,0.07591987017051272,0.06936207194725941,0.07512251821003346,0.07438746316432543,0.15596737312719702
GOOG,2018-09-28,0.07539828182912983,0.0755132049770516,0.06702508913766331,0.07542860235104187,0.07618397477827926,0.1764103614211119
GOOG,2018-10-01,0.0760368288151293,0.07615275792590726,0.0720868062239694,0.07746921697594233,0.07898709928079267,0.17248558069690456
GOOG,2018-10-02,0.07770274060466459,0.07782118574766184,0.07210778088921227,0.076178015938064,0.07586593001095171,0.22884884474932596
GOOG,2018-10-03,0.0786883814846644,0.0788083200914112,0.07086766380100862,0.07871118901139945,0.0807731311770003,0.15518241698235555
GOOG,2018-10-04,0.06662463822793957,0.06672621365958553,0.06775866939282238,0.06525231796395287,0.07739330220706053,0.3178560458687417
GOOG,2018-10-05,0.06286254002638492,0.06295837511916536,0.05937136183171143,0.06157359083591113,0.06766628418807918,0.14291321115320296
GOOG,2018-10-08,0.0599542062576483,0.060045607494816966,0.05745008782574729,0.055326500218953634,0.06158820789093411,0.2705709702740521
GOOG,2018-10-09,0.056431553158896364,0.05651760462506278,0.05268177619008774,0.05891798947465671,0.060204111835921226,0.16414115559195933
GOOG,2018-10-10,0.03644106578607287,0.03649660335781074,0.04493375617050266,0.03906004601542762,0.054936920365611486,0.3974096447220231
GOOG,2018-10-11,0.03578163012644647,0.035836180144380336,0.03593162706874631,0.03453554100445738,0.0346160543409364,0.44404627828401766
GOOG,2018-10-12,0.0464571313664644,0.04652796099663126,0.03893582810496943,0.040914884235880244,0.04687009763203709,0.29939251220094876
GOOG,2018-10-15,0.04026908885528896,0.040330473612069706,0.03839296539044312,0.0418289492410332,0.047188142399364696,0.1750110917716119
GOOG,2018-10-16,0.05034413422003886,0.050420915049457615,0.04215659855639403,0.04657863533232609,0.04567823639949964,0.2699054639773387
GOOG,2018-10-17,0.04840413204676203,0.04847791198068013,0.043822898455142645,0.046469574570691674,0.05332216385638677,0.19118801406095356
GOOG,2018-10-18,0.03878364238419796,0.038842797662413664,0.04132520760054709,0.03763865922959775,0.05170738068121361,0.2982321422477049
GOOG,2018-10-19,0.04173020082296036,0.0417938318582759,0.0373149688723442,0.04138916299475748,0.041756662020569546,0.15712774308044095
GOOG,2018-10-22,0.04336130706040375,0.04342746706615236,0.037968195105003544,0.04253259649810537,0.04514347746900682,0.19920821814955122
GOOG,2018-10-23,0.044239432708500226,0.04430688220443457,0.03645212924434149,0.03514419292915838,0.03739469950276003,0.25628818129074094
GOOG,2018-10-24,0.025852271239907854,0.025891724483973422,0.035833816368058435,0.027664310385155988,0.04555941293314497,0.27910310228319857
GOOG,2018-10-25,0.04142125146340919,0.041484463997374876,0.03753153828754574,0.034985876322680465,0.03421411849974171,0.3752431657622607
GOOG,2018-10-26,0.03305720750594687,0.033107638349766155,0.03597704108345262,0.022510001620745457,0.02206495238394912,0.6554042524145933
GOOG,2018-10-29,0.015221913041359891,0.01524515811850774,0.03266195126697774,0.009049036864362703,0.03794695129544512,0.6030340261424525
GOOG,2018-10-30,0.020819970725939663,0.020851727961113287,0.011859614086947634,0.010780024148516754,0.012079274664869022,0.489044742500256
GOOG,2018-10-31,0.03489666624248239,0.034949843609587306,0.03088038398935311,0.03057040523092236,0.030026924608163863,0.37251288351933387
GOOG,2018-11-01,0.032547037713618776,0.03259667487095241,0.02809800269749657,0.032491410022241096,0.03561568075099841,0.1937135251356609
GOOG,2018-11-02,0.02830946842439247,0.02835263894683604,0.027748682573813743,0.02972953951126711,0.034892180237278914,0.25463294768096656
GOOG,2018-11-05,0.022166515530969266,0.022200366049059783,0.01918846061868018,0.01798901296709099,0.02834574322131589,0.35742807412716293
GOOG,2018-11-06,0.027622279143412698,0.02766442407232006,0.021240752991015244,0.023910290262680434,0.022921249321018244,0.1512747005221665
GOOG,2018-11-07,0.04066469148497531,0.04072671693262375,0.03211000041922679,0.03370168115701144,0.03323897143036947,0.29207194293710115
GOOG,2018-11-08,0.036850531870506464,0.036906742508907575,0.03134499814332903,0.035919965774837914,0.041061134086788575,0.19477150950479508
GOOG,2018-11-09,0.031210857109826018,0.031258458655913035,0.025158431347695298,0.02920179064725187,0.0349830577896435,0.17002832667827036
GOOG,2018-11-12,0.021659844992151567,0.02169287652788171,0.020463491063260175,0.02142285667687266,0.030579149734900446,0.19197297020579504
GOOG,2018-11-13,0.020764410059515126,0.02079611812018156,0.0185369667281311,0.021475628879031983,0.024252920121351385,0.19912289682945974
GOOG,2018-11-14,0.023405518392236757,0.023441231894017867,0.017823988018375758,0.02142285667687266,0.026598163622793103,0.20803044264700862
GOOG,2018-11-15,0.03071110494245255,0.030757943568766988,0.02386242623787238,0.02169729360203887,0.024749226754159415,0.25413808402443605
GOOG,2018-11-16,0.029593587615271033,0.029638719278579417,0.022168195654022727,0.027748756645579797,0.02988711504036823,0.2237636940718747
GOOG,2018-11-19,0.015194132708147623,0.01521733993866159,0.01999890356070133,0.01623690069661987,0.029114682511217682,0.25797754342855195
GOOG,2018-11-20,0.01719314137764172,0.017219426806006466,0.009851003387208568,0.009115874495785214,0.009122367637564965,0.3587420224565715
GOOG,2018-11-21,0.02130585943856589,0.021338347217716602,0.015726654751173463,0.022291880097476624,0.02197058159233578,0.2026381352172281
GOOG,2018-11-23,0.016540730936894954,0.01656597802660803,0.01189455409474105,0.018396776203612852,0.019607845228701848,0.058820518071055594
GOOG,2018-11-26,0.025126937424478912,0.025165269556704173,0.015988638181081316,0.022446680346638714,0.022526299958321117,0.2723456537319545
GOOG,2018-11-27,0.02366582545680751,0.023701937829258612,0.018877571838428364,0.02405805779721093,0.02345251501226231,0.2485239411624177
GOOG,2018-11-28,0.038179767390996155,0.03823801080867556,0.02909881671172848,0.023097555401551617,0.02616476196241113,0.3632299238933825
GOOG,2018-11-29,0.03889815612312203,0.038957517820673415,0.031685576602209276,0.03725516154279718,0.03571354478186051,0.19147810654926453
GOOG,2018-11-30,0.04102564883372284,0.04108822067682083,0.03214843176265786,0.03791661251207973,0.040253742499201994,0.3811132725845534
GOOG,2018-12-03,0.04519034817198464,0.04525925045306639,0.042306805943063464,0.046988519120206296,0.052161768443036605,0.28060475751680836
GOOG,2018-12-04,0.02589046919807475,0.02592996453672669,0.0352399694926559,0.028100580274115883,0.04516443690449934,0.34101225214156516
GOOG,2018-12-06,0.03210629204246246,0.03215524358237376,0.023635382815757944,0.02134195361618696,0.021096791793074332,0.413364731579127
GOOG,2018-12-07,0.020948347919610977,0.02098031743115525,0.025053637975732124,0.02054328418432133,0.030096816059087483,0.2993754479369305
GOOG,2018-12-10,0.021979078417362963,0.02201266626168985,0.015688223407742452,0.018710268853164458,0.0213728910234684,0.24929183304324085
GOOG,2018-12-11,0.026213228588655435,0.0262532282281705,0.019932514880752095,0.024533034459066905,0.028866529194813695,0.1788164226476912
GOOG,2018-12-12,0.030353593423497638,0.030399913782205634,0.027285827413365105,0.03260750349850711,0.03288946084385458,0.20084638749530734
GOOG,2018-12-13,0.02973590839926621,0.029781231097924687,0.026625591858013442,0.02949029300168121,0.032913913518595905,0.16774171529981913
GOOG,2018-12-14,0.022864122436903667,0.02289900279648288,0.02063118177953488,0.024867276301023977,0.02659117714429554,0.22862700931708815
GOOG,2018-12-17,0.013989855263395523,0.014011213670060418,0.01733005730561049,0.01329561543527319,0.02223270786573478,0.3478720862769189
GOOG,2018-12-18,0.018217033639526037,0.018244827721269674,0.016048017538338177,0.018059366955829326,0.018241242035881178,0.31495512098563194
GOOG,2018-12-19,0.016238780084364635,0.01626358459973898,0.020421568384191513,0.013348387637432513,0.02100242100146099,0.36389543019009596
GOOG,2018-12-20,0.011518794624163609,0.011536403376655013,0.010717307699431855,0.009235511171789279,0.015459103634808735,0.39703423091362067
GOOG,2018-12-21,0.001152216031838016,0.0011539903853051148,0.0071541997955996695,0.0012595538220361302,0.014469956942492979,0.7250947066653015
GOOG,2018-12-24,0.0,0.0,0.0,0.0,0.0,0.21219412306747212
GOOG,2018-12-26,0.021947932389934588,0.021981374124207975,0.012736419057500892,0.004535080925339885,0.005281191093253201,0.34580731033070544
GOOG,2018-12-27,0.02348188759671166,0.02351771199952435,0.014095294860218266,0.009460665409689706,0.015116552860842958,0.30084297464250365
GOOG,2018-12-28,0.02112186815475231,0.021154121387982394,0.018171922268370333,0.02216169434952514,0.026465340533494974,0.18224633971536808
GOOG,2018-12-31,0.020611698362424158,0.020643157909168652,0.01717284059624874,0.01881581325748305,0.026933701252312925,0.19564178696972803
GOOG,2019-01-02,0.024165577624181034,0.02420245291640466,0.017040116539184524,0.0160433936745617,0.014913838320621209,0.20234804272891713
GOOG,2019-01-03,0.013826725941349982,0.013847858104900967,0.018667958443084998,0.01546638896570296,0.02345251501226231,0.25499129722535063
GOOG,2019-01-04,0.032793481323442286,0.03284345845688974,0.023509614778551957,0.020162604951857843,0.020513100847150523,0.2981297566635951
GOOG,2019-01-07,0.03198822562631032,0.03203704946647834,0.024613489822636725,0.029782311713426435,0.03411276122963086,0.27901778096310703
GOOG,2019-01-08,0.03472653841341605,0.034779513610395885,0.028302365763674953,0.03181237726637953,0.03572402449960682,0.2419883280434115
GOOG,2019-01-09,0.0341643339200326,0.03421644076704666,0.027628164865772686,0.0338776063924906,0.03766034568135629,0.1454728507559469
GOOG,2019-01-10,0.03266155145254285,0.03271136851045153,0.023617899486152727,0.030820227654877963,0.03277061071155146,0.18934507354697794
GOOG,2019-01-11,0.028101222772735857,0.02814409541365198,0.021041640254001903,0.027572831410100584,0.03120478621775785,0.20033445957475857
GOOG,2019-01-14,0.023763003199332777,0.02379926168057922,0.01676414111530905,0.025030880864686744,0.02552165928330996,0.1360875055458858
GOOG,2019-01-15,0.03502848926594637,0.03508190703726494,0.02672689389433891,0.027171751936721,0.02665757535597041,0.19057370055629502
GOOG,2019-01-16,0.03635427895664334,0.0364097013793972,0.031032350369549933,0.03843026910440955,0.03708364121392993,0.168083000580185
GOOG,2019-01-17,0.039453495668778926,0.03951364274875119,0.030831478639009147,0.03637558905024585,0.036898392869952,0.15287874133988602
GOOG,2019-01-18,0.0423548309304948,0.04241946245782818,0.03661350357476795,0.04249740608252506,0.044073959608021185,0.27452987952629604
GOOG,2019-01-22,0.03272750303206312,0.03277742674305095,0.03073017660268368,0.03284675000809295,0.039879779237945834,0.21615303231971608
GOOG,2019-01-23,0.03448012151545138,0.0345327300244585,0.028431598485101517,0.03153794034121332,0.03615742615998874,0.1058325654414525
GOOG,2019-01-24,0.03390052760195145,0.03395226087417025,0.026526048815215253,0.031872182183170394,0.03585335434965614,0.1731169584655814
GOOG,2019-01-25,0.03983173559020764,0.03989251628112678,0.031599998901961635,0.03930280888232929,0.03883122081245277,0.131787311013276
GOOG,2019-01-28,0.03257479133497215,0.032624493050798564,0.027757424238616324,0.03296284348435896,0.03712209351161472,0.15997747517149585
GOOG,2019-01-29,0.029291583339022986,0.029336299332949733,0.025015206632301112,0.030171097357411802,0.03452517678857181,0.11518378212347702
GOOG,2019-01-30,0.03916190901748551,0.039221671194789254,0.030552011879496077,0.034035922998968515,0.03303975012939647,0.15920958329067267
GOOG,2019-01-31,0.048640077896054346,0.0487142736937104,0.03974976238262817,0.044084169031886666,0.0451225180335143,0.20332070577795983
GOOG,2019-02-01,0.04668963138596405,0.04676082223326522,0.042429082644631855,0.04741950105198134,0.048407949545892226,0.19033480086003893
GOOG,2019-02-04,0.05434228511832129,0.054425115302908,0.04515381692134185,0.048872561896075695,0.048498827098256814,0.3804818948158766
GOOG,2019-02-05,0.05891992308266819,0.059009784706646695,0.05006183528534086,0.05176740976691596,0.05275593910670673,0.5469779188423604
GOOG,2019-02-06,0.048244421842650265,0.04831803037315635,0.050114231971322476,0.05019192063490274,0.0579043071106618,0.3001262755537354
GOOG,2019-02-07,0.04251112201667273,0.04257589662647687,0.035386685543687735,0.040773451513002656,0.04552794711395769,0.2897512030306133
GOOG,2019-02-08,0.041244285398475244,0.041307186082912006,0.03331517749963708,0.04096695853506083,0.039530241985482495,0.12439848469335518
GOOG,2019-02-11,0.041226976113935276,0.04128981629473355,0.03577267801727424,0.043187014752756325,0.04300793498628436,0.12258967270741614
GOOG,2019-02-12,0.050375413806761526,0.05045220718693949,0.04253214367448471,0.047757259251254236,0.046450668928650185,0.2154022047029112
GOOG,2019-02-13,0.049955476673655574,0.05003161964417496,0.045828017819244116,0.05220789391617037,0.05280836436138653,0.11996177604859903
GOOG,2019-02-14,0.05047953663258986,0.05055647895353149,0.04355739703818007,0.0493739246590113,0.05038272302532648,0.1025220982219037
GOOG,2019-02-15,0.047696107515873,0.04776882684158934,0.04475908278295271,0.04944605024761861,0.054587409779096596,0.1882188321217706
GOOG,2019-02-19,0.049400163839857514,0.04947549471609719,0.04134269093015236,0.049217352809980186,0.04756911880506681,0.11938159107197707
GOOG,2019-02-20,0.0477481422169283,0.047820962724885396,0.041873667112660384,0.047556719514564416,0.05106078476286369,0.12644619637555032
GOOG,2019-02-21,0.041907193599753145,0.041971083253978136,0.03786689306867802,0.04306737807675226,0.04786271089765315,0.18229753250742298
GOOG,2019-02-22,0.04655778165064117,0.04662875880558759,0.03762236631695837,0.04415100666330918,0.04438851113610004,0.11991058325654416
GOOG,2019-02-25,0.046221078669736626,0.04629159928360099,0.040172427206118355,0.04825685041432082,0.04966620899010454,0.1819562472270571
GOOG,2019-02-26,0.04820977656171149,0.04828326427803881,0.040511273322888286,0.045670905138826046,0.04608366547994308,0.19188764888570356
GOOG,2019-02-27,0.048529036698781836,0.04860305401184695,0.03997680580474261,0.04605088646831079,0.046503094183329985,0.10607146513770863
GOOG,2019-02-28,0.049872162385877605,0.04994819162339709,0.043354792965529076,0.04957269279583204,0.0480234799009413,0.20403740486672808
GOOG,2019-03-01,0.05718464059567874,0.0572718512134176,0.04870645081826114,0.05440682514754874,0.052776898542199246,0.18830415344186205
GOOG,2019-03-04,0.059548159291148484,0.05963891578259528,0.05405464398677273,0.05649669561729276,0.06049770392850751,0.18757039008907547
GOOG,2019-03-05,0.06448675460424297,0.064585088930531,0.05801248602899406,0.06195180056552685,0.061570715028741896,0.18709259069656325
GOOG,2019-03-06,0.06303950609131886,0.06313565303362823,0.05729846791397253,0.06522206655406804,0.06591521135030759,0.128408586737654
GOOG,2019-03-07,0.05798634361558258,0.05807478624619333,0.05352190881073732,0.057981403677229315,0.0635489817474249,0.13989283642196512
GOOG,2019-03-08,0.05764630165232082,0.05773415276657101,0.05014218930784059,0.05389668491253474,0.053416507982051664,0.14770826934234327
GOOG,2019-03-11,0.06925185639405507,0.069357431602879,0.06031106414657622,0.061337860683641054,0.0596099411722511,0.23418995938705164
GOOG,2019-03-12,0.0753045232045384,0.07541935508336661,0.06862849169210034,0.07323318747697927,0.07142706289777262,0.28434183133681445
GOOG,2019-03-13,0.0753461937043568,0.07546106909375555,0.06895337246631977,0.07804622168480113,0.07925098550679033,0.18584689942322788
GOOG,2019-03-14,0.0726495781289283,0.072760318960227,0.06788792876566602,0.07542156963641022,0.07710669659297176,0.14095082079109927
GOOG,2019-03-15,0.07227123136006425,0.07238144542785141,0.06743029728296535,0.07476366186686573,0.07671174723027457,0.36090918398689464
GOOG,2019-03-18,0.07220186066261014,0.0723119397563769,0.06513523715243791,0.07293802820182987,0.07318864211923892,0.16139380908501416
GOOG,2019-03-19,0.07726546747515989,0.07738322841671885,0.06862849169210034,0.07591061172752944,0.07511445691729368,0.20031739531074025
GOOG,2019-03-20,0.08598355040992556,0.08611460989325326,0.07810917363896613,0.07953444610205346,0.07809933652453627,0.3209105491280161
GOOG,2019-03-21,0.08861076857604105,0.08874582783654672,0.07973355085864603,0.08550852244222445,0.08461780096056076,0.14627487116480667
GOOG,2019-03-22,0.07957342550420504,0.0796946831449648,0.07910825531108778,0.08187588375319982,0.088224823811412,0.233336746186137
GOOG,2019-03-25,0.07523517921894313,0.0753498494118921,0.07086347952852684,0.07632226711527867,0.07795254047824313,0.19623903621036828
GOOG,2019-03-26,0.07232676531462995,0.07243705526878313,0.06961707270589201,0.07269137318370078,0.07851175208347722,0.26524691990034466
GOOG,2019-03-27,0.06830094093057065,0.06840506335424718,0.06428252506292603,0.06658713793800053,0.07395758140914072,0.17975495716869733
GOOG,2019-03-28,0.0667287610537679,0.06683048542617759,0.058695428591698906,0.06660861187580697,0.06907832615708215,0.104928159448483
GOOG,2019-03-29,0.06840161792660632,0.06850586116320351,0.06128917115345495,0.06782207725882605,0.07025269452742738,0.15752022115286168
GOOG,2019-04-01,0.07573140542094742,0.07584689054140248,0.06746174595512111,0.07454902985849049,0.07346826125483019,0.15455103921367871
GOOG,2019-04-02,0.07783459033998746,0.07795327569410004,0.06910008851735155,0.0758543231680543,0.07738980896781178,0.0820961741920071
GOOG,2019-04-03,0.07971908527055749,0.0798406689219458,0.07432248699724003,0.08105788777730838,0.08163993449776419,0.11390396232210506
GOOG,2019-04-04,0.08287039010746611,0.08299674617459585,0.07410242624640084,0.08233502338592352,0.08110168232802262,0.10293164055834272
GOOG,2019-04-05,0.08014599419882534,0.08026817786122115,0.07429455631213899,0.08265165659887935,0.08426479713479718,0.09562813555851338
GOOG,2019-04-08,0.07899722399678005,0.07911768795231228,0.07166414140047922,0.08083270669698572,0.08178323730480858,0.08760793146991572
GOOG,2019-04-09,0.07671012792950294,0.0768270769698805,0.06942843397579151,0.07844730115818072,0.07762748256646951,0.09037234224087914
GOOG,2019-04-10,0.07841421096534629,0.0785337448443883,0.06995069514491403,0.07962769667697789,0.07926322517713519,0.06446878946111055
GOOG,2019-04-11,0.07926797539816433,0.07938878924169951,0.07140911399042954,0.0809277020293569,0.0804096476334904,0.06201153544247637
GOOG,2019-04-12,0.08386652874799705,0.0839943289100129,0.0750386105742109,0.08373528518543627,0.08252071077552309,0.10009897273130611
GOOG,2019-04-15,0.08498746519311234,0.0851170271578362,0.07708216128174344,0.08408713565639464,0.08531684879953899,0.14344220333777005
GOOG,2019-04-16,0.08708020577533898,0.08721296391886607,0.0793947047418761,0.08796076561245197,0.08776344957109156,0.08694242517320228
GOOG,2019-04-17,0.09027665365371751,0.0904142556583013,0.08279713125212596,0.0906698370788444,0.0905595875951074,0.1493293744240811
GOOG,2019-04-18,0.09028704456681325,0.09042467753120842,0.08330015009811587,0.09305875897496518,0.0927195827525712,0.168083000580185
GOOG,2019-04-22,0.09461489993897942,0.09475908939137401,0.08577686628746856,0.09084224595700774,0.09160462611540326,0.07858093580423878
GOOG,2019-04-23,0.10006716429791246,0.10021967345699861,0.09273195334605477,0.09719979314155708,0.09674251440161208,0.16605235316200814
GOOG,2019-04-24,0.09709971718552318,0.09724779551532226,0.0923861245580096,0.10023255737795916,0.10143652130969272,0.11467185420292822
GOOG,2019-04-25,0.09968534498739684,0.09983732596698736,0.0921758182258221,0.09918763556429827,0.10166368852465574,0.12977372785911745
GOOG,2019-04-26,0.10271521771393716,0.10287176166486689,0.0941536998416666,0.10210427948201212,0.10314215537128196,0.15265690590764822
GOOG,2019-04-29,0.10805985999353146,0.10822457348750314,0.09981278179042996,0.10420647062357252,0.1048897349698048,0.36732534725777277
GOOG,2019-04-30,0.07366639174821532,0.07377874544145818,0.06611683549495428,0.07208623761631555,0.07378281278290905,1.0000000000000002
GOOG,2019-05-01,0.06658644026977267,0.06668797360683226,0.0644540535832604,0.06933494301971127,0.07484883740464587,0.3911811883553462
GOOG,2019-05-02,0.0646881085963143,0.06478668454844372,0.05961239724779349,0.06505035557888339,0.06775716174044377,0.27268693901232044
GOOG,2019-05-03,0.07259749000415533,0.07270818307693094,0.06401739676580259,0.06997526900267675,0.06981579962779666,0.27881300979488755
GOOG,2019-05-06,0.0739822861910695,0.07409506121763065,0.06543216059013918,0.06901125024970162,0.06723288252769721,0.2076891573666428
GOOG,2019-05-07,0.06867573502220664,0.06878046292898704,0.06528893587474499,0.06717469171880669,0.07219949542692317,0.2055561243643562
GOOG,2019-05-08,0.06595825748501011,0.06605884253088368,0.06179008453749546,0.06882829229959081,0.06924258839961911,0.1642435411760691
GOOG,2019-05-09,0.064608240138329,0.06470673048530151,0.058029969358599276,0.06358956411717875,0.06470588392152637,0.14315211084945906
GOOG,2019-05-10,0.06526422996816267,0.0653636797410963,0.059056981715821966,0.06065179521314784,0.06629968099525851,0.16513088290502032
GOOG,2019-05-13,0.05407503297044741,0.05415748797115649,0.05044260408117951,0.05347799681015386,0.058739644612238406,0.25831882870891776
GOOG,2019-05-14,0.050052600992463114,0.050128943495495626,0.04781568050515739,0.052577326173707695,0.057079449326831455,0.2542234053445275
GOOG,2019-05-15,0.06524334129453574,0.06534280947652155,0.058613342227088916,0.05156265576993163,0.05031981805290042,0.3314733285553394
GOOG,2019-05-16,0.07036940043309542,0.0704766824118272,0.06449248492669146,0.06780798498714058,0.06662121900183487,0.20214327156069758
GOOG,2019-05-17,0.06458045980511673,0.06467893882421599,0.061694379298756985,0.06681231901832319,0.06800531505684776,0.14705982730964814
GOOG,2019-05-20,0.05644197078385099,0.05652802649796984,0.05004333920188658,0.05676163032497955,0.05962740736849487,0.17175181734411796
GOOG,2019-05-21,0.06018320702363755,0.06027499477381526,0.05210818439166692,0.05904745047720722,0.061021983141254066,0.1387324664687212
GOOG,2019-05-22,0.06080444472509705,0.06089717793449245,0.054138462693492984,0.06184448456133923,0.060413839520588875,0.09687382683184875
GOOG,2019-05-23,0.05710832481492156,0.057195397626671696,0.049755477245992885,0.055980918473604535,0.058229365022435364,0.14540459369987374
GOOG,2019-05-24,0.054574785137820936,0.054658003058302596,0.05108013262917804,0.056837970173881425,0.06062703377855688,0.13057574826797722
GOOG,2019-05-28,0.05481078441083098,0.05489436477133286,0.05171659512049337,0.05735162676621125,0.05595750621116602,0.17374833623425823
GOOG,2019-05-29,0.04867135748277701,0.04874556583119222,0.043861329798573656,0.04859109225627789,0.05369263387839418,0.2033036415139415
GOOG,2019-05-30,0.049188472358408175,0.049263450706516776,0.04177585641197251,0.04996322319726426,0.049505439986816335,0.1032558615746903
GOOG,2019-05-31,0.044218597458591025,0.044286011939859815,0.037049467455381624,0.04576238411388145,0.04452482746464692,0.19811610525238046
GOOG,2019-06-03,0.020826862385525002,0.02085867587638468,0.02164422879420702,0.019311888063233862,0.032015671044593186,0.8163202621070953
GOOG,2019-06-04,0.026664445308484053,0.02670508138965627,0.018343104320282688,0.022369293643268784,0.024116603792804503,0.4243370533428893
GOOG,2019-06-05,0.022905739513004342,0.02294071680687182,0.01746979068536708,0.021243441926499962,0.02713641579253462,0.3108426333572233
GOOG,2019-06-06,0.023641517665246803,0.02367759360704813,0.015352868626610117,0.02237281000058461,0.02484709078502151,0.23145967714412477
GOOG,2019-06-07,0.031172712575376904,0.03122021860315982,0.02353757211507007,0.027544673709151923,0.026818371025207066,0.2483874270502713
GOOG,2019-06-10,0.03614953255849712,0.03620463180384881,0.031131893412348066,0.03596114205058171,0.03463002729793141,0.19067608614040477
GOOG,2019-06-11,0.03557338447478986,0.03562763661119622,0.03439109520720374,0.03781914767686079,0.041969882944486,0.18598341353537423
GOOG,2019-06-12,0.0349868721898457,0.035040219545636575,0.02703431799037015,0.03427868586587024,0.036384620040900206,0.12187297361864782
GOOG,2019-06-13,0.03906128544516757,0.039120873385832866,0.031659378259218496,0.03871525510152313,0.03835587361513726,0.12130985290604418
GOOG,2019-06-14,0.03787439742053195,0.03793214342417078,0.031142367419260963,0.03872298571913341,0.0393275274452608,0.13049042694788573
GOOG,2019-06-17,0.0403558489728596,0.040417375590483307,0.03340949686468736,0.040871963202689654,0.039278595429829755,0.10149824238080613
GOOG,2019-06-18,0.04420817983363645,0.0442755900669527,0.03942139027277114,0.0453437228539228,0.04746077505645846,0.17745128152622777
GOOG,2019-06-19,0.0437674074506213,0.043834158778374044,0.0361412138126726,0.0434051362760251,0.046031240225263226,0.1692774990614655
GOOG,2019-06-20,0.046922184829181424,0.04699370998865976,0.0407243780538693,0.04736672884982207,0.05106078476286369,0.15617214429541654
GOOG,2019-06-21,0.050552406583554366,0.050629485101402305,0.042118193864380093,0.04854183641143439,0.04730349929241906,0.2731647384048326
GOOG,2019-06-24,0.04834509883868593,0.04841882818211268,0.0413810956221663,0.04957269279583204,0.05092796167356556,0.17897000102385585
GOOG,2019-06-25,0.03822143789081456,0.0382797248190645,0.03870875803143786,0.039999423424769864,0.048498827098256814,0.20478823248353298
GOOG,2019-06-26,0.035948205278284684,0.03600303618593609,0.031240178119948836,0.03593228644665436,0.03935550002519933,0.24983788949182625
GOOG,2019-06-27,0.03463283321254235,0.03468566371671089,0.029189644741141052,0.037005365961263914,0.03848171022593788,0.11219753592027576
GOOG,2019-06-28,0.036333443706734136,0.036388857633583016,0.027058757339833595,0.03632984956271812,0.035821888530468915,0.2297532507422955
GOOG,2019-07-01,0.042247315698591525,0.04231171673360046,0.03634384453674072,0.043483596676285374,0.04337493843499146,0.18591515647930107
GOOG,2019-07-02,0.04686317833296422,0.046934626190092366,0.037807513711421215,0.045055220499493454,0.044856871854918046,0.11003037438995256
GOOG,2019-07-03,0.05044825704586714,0.05052518681604967,0.04304390418527726,0.050575418321703314,0.050159022383663765,0.07170403740486672
GOOG,2019-07-05,0.05392229456149761,0.05400452776014353,0.04518177425786002,0.05137757726846248,0.05029533871221065,0.15656462236783728
GOOG,2019-07-08,0.048633159524610114,0.048707325778439,0.042771420097039436,0.049643073626992607,0.05287126933381259,0.15180369270673358
GOOG,2019-07-09,0.05157619199800323,0.05165485949790494,0.043485784680482975,0.04822168684116279,0.04819824852717297,0.1678441008839289
GOOG,2019-07-10,0.05700762110702706,0.05709457329895479,0.04838508803109648,0.056595207306979756,0.05498585238104253,0.1472134056858128
GOOG,2019-07-11,0.058302211346577926,0.05839107550360517,0.052234645365717036,0.05962445518606602,0.05919051246886414,0.14482440872325178
GOOG,2019-07-12,0.05854168316123953,0.05863091117427116,0.050233017337253216,0.05934298554626821,0.059449172168962894,0.08825637350261084
GOOG,2019-07-15,0.06042962392160223,0.06052177835975259,0.051448668424576405,0.059561133911959274,0.06045226515232521,0.09504795058189142
GOOG,2019-07-16,0.06155413975580448,0.06164797708397218,0.05415943735873585,0.061531367705699225,0.06015168658124137,0.1522132350431726
GOOG,2019-07-17,0.05904490787026456,0.05913492673781351,0.05408257467187377,0.06180228827354961,0.06188878646201795,0.14047302139858708
GOOG,2019-07-18,0.05903793607510266,0.059127978822542115,0.050325577708776104,0.0572144351460504,0.058662766682817336,0.1610695880686666
GOOG,2019-07-19,0.05340520639772528,0.05348664288481897,0.051560444467814825,0.05612023064512378,0.06091713263189441,0.22190368929388074
GOOG,2019-07-22,0.056171246094325555,0.05625689868982209,0.0474069810242177,0.054227410397176046,0.055765271388690585,0.16291252858264224
GOOG,2019-07-23,0.05899629228714309,0.05908626481215318,0.05007931861494613,0.05688722601872492,0.05945266540821165,0.1274529879526296
GOOG,2019-07-24,0.05608101343510341,0.05616652275377282,0.04906627160027399,0.05519491866504472,0.05522352597970026,0.21210880174738064
GOOG,2019-07-25,0.05410625913345235,0.05418875358987779,0.04826281132952809,0.053059335550195263,0.05729264358479941,0.3179072386607966
GOOG,2019-07-26,0.09515976843596408,0.09530479244654472,0.09152677626564448,0.0893258638388067,0.08742791194157168,0.76089553257568
GOOG,2019-07-29,0.09134210956798483,0.09148134406519287,0.08517603674079077,0.09081408825605908,0.09337319181536707,0.32027917135933925
GOOG,2019-07-30,0.08638959737642538,0.08652127508671437,0.08080946856621268,0.08907958461458926,0.08790675237813594,0.18881608136241085
GOOG,2019-07-31,0.08345342985075871,0.08358068928251983,0.08050556245723617,0.08361355480049609,0.08706442839806178,0.23526500802020409
GOOG,2019-08-01,0.0807915396918456,0.08091470524410876,0.08054399380066718,0.08289441946578102,0.0839292595052773,0.23065765673526503
GOOG,2019-08-02,0.07557874714757418,0.07569395684915015,0.07103884585292092,0.07699072395677059,0.07928418461262776,0.2215453397494966
GOOG,2019-08-05,0.061116813202582,0.0612100197530292,0.059979200701081536,0.05982147856544001,0.06855404694433559,0.3840653902597181
GOOG,2019-08-06,0.0672354583044445,0.0673379749473556,0.06162801727022488,0.06680880266100742,0.06620181696439642,0.23251766151325895
GOOG,2019-08-07,0.06863759048775747,0.06874222287623377,0.06109877342982711,0.06315823323391434,0.063646845778287,0.18728029760076448
GOOG,2019-08-08,0.0793304544360331,0.0794513735166632,0.0703786102975692,0.07138962307387497,0.07302435321075351,0.1913245281730999
GOOG,2019-08-09,0.07350331584988751,0.07361538987629873,0.06998387615918011,0.0751130159925541,0.07832303716619898,0.12267499402750759
GOOG,2019-08-12,0.06888747992737371,0.06899248041980682,0.06337464454005615,0.06950802295843111,0.07175910728804369,0.11197570048803795
GOOG,2019-08-13,0.076717073012806,0.0768340248851519,0.07029825627506953,0.0708407760659649,0.06905038024309212,0.16170096583734345
GOOG,2019-08-14,0.06527109491588917,0.0653706276563677,0.06244544288352133,0.06699879332574976,0.07074550792098666,0.21021466844135014
GOOG,2019-08-15,0.06630185212550005,0.06640294996814167,0.06018878744500783,0.06755115669097567,0.06626821517607123,0.14878331797549574
GOOG,2019-08-16,0.06989040338005453,0.06999701107049527,0.06259215893455311,0.0709639022568625,0.0718779574203468,0.1649261117368008
GOOG,2019-08-19,0.07712659252095733,0.0772441905550093,0.07107026787365961,0.07739534662988823,0.07556185820061911,0.1509846080338555
GOOG,2019-08-20,0.07165696545376665,0.07176621018244561,0.06725215921119482,0.07458773663138657,0.07736535629307051,0.09704446947203169
GOOG,2019-08-21,0.07462777826037204,0.0747415620817577,0.06827917156841751,0.07645945873543952,0.07663137606160475,0.0672161359680557
GOOG,2019-08-22,0.07403087506233214,0.07414372314329098,0.06793403571721646,0.07334579143835174,0.07695291406818106,0.1025050339578854
GOOG,2019-08-23,0.06075932839548598,0.060851989966467845,0.06656047498368733,0.06249890281599019,0.07273076111816718,0.22869526637316132
GOOG,2019-08-26,0.06686758258425268,0.06696952328788713,0.057963580678650095,0.064331918147147,0.06408723391716648,0.1500460735128494
GOOG,2019-08-27,0.06650317940571243,0.06660454558605439,0.062480356239897616,0.06731894289602142,0.07222048152836413,0.12463738438961128
GOOG,2019-08-28,0.06760680656628781,0.06770987404569917,0.06039139151765882,0.06585887617971775,0.06564257869321383,0.07767652981126924
GOOG,2019-08-29,0.0751830910941701,0.0752977135285961,0.06725215921119482,0.07423942936016631,0.07242668930783464,0.1265485819596601
GOOG,2019-08-30,0.07353456872475128,0.07364665549501997,0.06810449818086756,0.07518339682371467,0.07850127236573096,0.13361318726323335
GOOG,2019-09-03,0.06669400892539368,0.06679571933106004,0.06404884543795836,0.06793465437777624,0.07099718114258785,0.19335517559127677
GOOG,2019-09-04,0.0712127205291,0.07132130493623129,0.06285763370009861,0.07067891625974893,0.0708853174887823,0.12322105047609297
GOOG,2019-09-05,0.08161405124979981,0.08173848402269868,0.07318369859677892,0.0779019705075864,0.07606515131192465,0.18110303402614247
GOOG,2019-09-06,0.07937551734192644,0.07949653496592723,0.07282563680829346,0.08176926565199089,0.08186712837867566,0.12376710692467835
GOOG,2019-09-09,0.07919507873534093,0.07931580961258927,0.0756150007714253,0.07828546819438698,0.08042362059048541,0.1919900344698133
GOOG,2019-09-10,0.07974689231562865,0.07986846058303138,0.07212174623176282,0.07897505002219596,0.07733039723463447,0.155847923279069
GOOG,2019-09-11,0.0846647325143905,0.08479376346639234,0.07652325441413432,0.08165599063006196,0.08021741281101497,0.16385106310364836
GOOG,2019-09-12,0.08955129312642973,0.08968780073103205,0.08325124474777196,0.08898107292490226,0.08751878949393627,0.23533326507627725
GOOG,2019-09-13,0.09139417098089903,0.09153347994848887,0.08290890729536438,0.09038485108173078,0.0899828831276811,0.16289546431862395
GOOG,2019-09-16,0.08852740086454536,0.08866239981576884,0.08244781112844313,0.08989229263329584,0.08934327368782868,0.12055902528923929
GOOG,2019-09-17,0.08778125851106605,0.08791510114268541,0.080854882580919,0.08921680307717234,0.08965083873740998,0.10380191802327565
GOOG,2019-09-18,0.08891271942857137,0.08904822126341583,0.08106796066048289,0.08669769543310002,0.0886407326096017,0.13451759325620286
GOOG,2019-09-19,0.09109916521167172,0.09123803443689121,0.08415251571920568,0.0921475392665716,0.09023103644408509,0.11078120200675745
GOOG,2019-09-20,0.0880519564887326,0.08818620243207265,0.08376127291645419,0.08900217106879704,0.0906015064660925,0.3281799255998089
GOOG,2019-09-23,0.08947495063381367,0.08961132062552557,0.08228361174780607,0.08938566875559761,0.08811296015760639,0.12211187331490395
GOOG,2019-09-24,0.0841753979719716,0.08430367025215335,0.08495597598995158,0.08463949902162055,0.09300618836665997,0.2109825603221733
GOOG,2019-09-25,0.09380964424184746,0.09395268040096261,0.08550091751501016,0.08443192657029913,0.0845548959881347,0.18876488857035598
GOOG,2019-09-26,0.09202927213710577,0.0921695589397089,0.08434813712058148,0.0922347771389102,0.09369123658269468,0.20326951298590493
GOOG,2019-09-27,0.08637223466816768,0.08650390529853585,0.0840057996681739,0.08596589047507919,0.09405824003140179,0.1718542029282277
GOOG,2019-09-30,0.08425865883603184,0.08438709827293123,0.07771094816493934,0.0852094710158477,0.08635490084133735,0.18042046346541074
GOOG,2019-10-01,0.07943457726186137,0.07955564528325526,0.07953792945727028,0.08214151636386535,0.08566635938605383,0.15813453465752023
GOOG,2019-10-02,0.06955380724658544,0.06965985154850868,0.06757352199835953,0.07078094430675175,0.07797000667448689,0.21642606054400873
GOOG,2019-10-03,0.07344083681201874,0.07355280560133504,0.06480686504258087,0.06766373380992591,0.0720352331843862,0.2174669806491246
GOOG,2019-10-04,0.08078806715019404,0.0809112312864731,0.07262476507775273,0.07707165385987857,0.07619098792272527,0.13917613733319684
GOOG,2019-10-07,0.08032990534706241,0.08045240369095535,0.0749875997619176,0.08220132128065621,0.08056343015828105,0.08465581379475104
GOOG,2019-10-08,0.07389205353184736,0.07400468528158138,0.07075239642213255,0.07701536530040348,0.07818322759840335,0.11817002832667828
GOOG,2019-10-09,0.07846624566640159,0.07858588072768435,0.07154535603454848,0.08004812953680551,0.07879835769756599,0.08888775127128767
GOOG,2019-10-10,0.0806734999875523,0.08079651112821334,0.07386837350159403,0.07994610148980275,0.07852924494566943,0.08528719156342787
GOOG,2019-10-11,0.08302660105806742,0.08315315382448396,0.07854583045642394,0.08571609489354587,0.08678830250171926,0.15799802054537387
GOOG,2019-10-14,0.08361308663115274,0.08374057089004361,0.07782624219523249,0.08501948035110529,0.08333858208085593,0.08885362274325109
GOOG,2019-10-15,0.09259150334234806,0.09273265830181865,0.08516207139824022,0.08805927730213897,0.08615567954036435,0.17659806832531313
GOOG,2019-10-16,0.0928101666189593,0.09295162370790983,0.08775056363083134,0.09440979177205672,0.09341511068635217,0.12760656632879425
GOOG,2019-10-17,0.09608287685437733,0.09622936903409102,0.09074951433788941,0.09845231424896161,0.09682640547547916,0.10334118289478175
GOOG,2019-10-18,0.09345221285846916,0.09359467713316183,0.08920026746296128,0.09533510375213577,0.09771067499248687,0.1716664960240265
GOOG,2019-10-21,0.09368126704817614,0.09382406441216007,0.0877117858189782,0.09516621123128821,0.09729124628909991,0.11610525238046485
GOOG,2019-10-22,0.09251860667952472,0.09265965215394789,0.08630435113433899,0.09544064815645437,0.09574990113599607,0.11552506740384288
GOOG,2019-10-23,0.09818608848527627,0.09833575418678853,0.08954958758664411,0.09578543907035886,0.09383104615049032,0.09636189891129995
GOOG,2019-10-24,0.0988316072664377,0.09898225505091562,0.09098532607622356,0.09978045045986705,0.10031105828883008,0.11625883075662946
GOOG,2019-10-25,0.10026843815440717,0.10042126907491133,0.09294154008998107,0.09847692875017222,0.09686133786796675,0.14782771919047133
GOOG,2019-10-28,0.10889973425974336,0.10906574857303214,0.10332000167264294,0.10640363025508193,0.1053965213203591,0.3867444797105901
GOOG,2019-10-29,0.09939733772519033,0.09954882837066109,0.09712994354137156,0.10101079972648641,0.10566915397745286,0.2627214088256373
GOOG,2019-10-30,0.09893567666854824,0.09908652681750768,0.09285769473184374,0.09917705964992862,0.09753939960550395,0.1812395481382888
GOOG,2019-10-31,0.09852621058411465,0.09867638766641085,0.09226733919207886,0.0987699943163855,0.10044388137812821,0.18922562369884988
GOOG,2019-11-01,0.10325661366927025,0.10341399076240188,0.09469515003108758,0.10216762759854103,0.10174408635927407,0.22581140575406985
GOOG,2019-11-04,0.10937523205927385,0.10954191943796776,0.10151047705850019,0.10774585873767278,0.10574603190687398,0.19695573529913654
GOOG,2019-11-05,0.1096043663845574,0.10977135975448721,0.10318727761557878,0.11297895001141067,0.11149209047969638,0.15970444694720318
GOOG,2019-11-06,0.10952444450285437,0.10969137917258442,0.10137077033016073,0.10990785479602416,0.11029324276866143,0.1375720965154773
GOOG,2019-11-07,0.11544528828987372,0.11562123922539441,0.11185399863336865,0.11404008464811544,0.1119778907288097,0.28722569195590597
GOOG,2019-11-08,0.11631630858351394,0.11649365341088408,0.1098489059206843,0.11760057090611048,0.11582258717831867,0.1543633323094775
GOOG,2019-11-11,0.11208921034295999,0.11226009239719598,0.10580545952679826,0.11515361569306781,0.1150885802809044,0.11349441998566603
GOOG,2019-11-12,0.11195394148970328,0.1121245284931221,0.10705429162838748,0.11457661098420907,0.11397714354893373,0.12612197535920278
GOOG,2019-11-13,0.11167619158129827,0.1118464527697029,0.10506311095541948,0.1137814847520815,0.11190450603863733,0.08189140302378758
GOOG,2019-11-14,0.11634756145837777,0.11652494554836595,0.1094995591455844,0.11453441469641945,0.11310335374967234,0.1444831234428859
GOOG,2019-11-15,0.12447224044861394,0.12466196204406926,0.11574553194989207,0.1210889584179205,0.12059696525506913,0.24500870277464934
GOOG,2019-11-18,0.11955448038542865,0.11973668567946888,0.11597222890358444,0.1222218696917432,0.12523854690846992,0.19463499539264875
GOOG,2019-11-19,0.1177358301869435,0.11791532416546191,0.11323736708838361,0.12056826911095908,0.12365874945768124,0.15740077130473362
GOOG,2019-11-20,0.11342886348840425,0.11360172953234987,0.10880091889821869,0.1129511949467959,0.1180804463666445,0.16412409132794104
GOOG,2019-11-21,0.11283885194994969,0.1130108385091545,0.10795905393545885,0.11360207000170874,0.11449440961723428,0.110695880686666
GOOG,2019-11-22,0.11075302973916729,0.11092184966339602,0.10661065213965443,0.11304267392185124,0.11594141064467328,0.17728063888604487
GOOG,2019-11-25,0.11469217414123245,0.11486699263703959,0.10751189645967107,0.11540695447433919,0.11369053793484496,0.11764103614211119
GOOG,2019-11-26,0.11707294869752444,0.1172514004756352,0.10873103888263191,0.11785568128725088,0.11742334406459987,0.12335756458823932
GOOG,2019-11-27,0.11687864663619169,0.11705675277299388,0.10997464730647322,0.11945296646613762,0.11921988234450215,0.11071294495068429
GOOG,2019-11-29,0.11409174497782332,0.11426565322217658,0.1071258773346675,0.11746163452850289,0.11646571652336829,0.04098836217193952
GOOG,2019-12-02,0.10887203406210766,0.10903795691194657,0.10559757847356516,0.10938013277443115,0.11432668080139707,0.19864509743694755
GOOG,2019-12-03,0.11073230133669348,0.11090100591758184,0.10302342470336373,0.1086764586749367,0.10683653586930059,0.13600218422579435
GOOG,2019-12-04,0.11949886629528639,0.11968104931977658,0.1125736401973943,0.11777826774145872,0.1164272642256835,0.20318419166581345
GOOG,2019-12-05,0.12213308296842262,0.12231924169710201,0.11381655568439147,0.12184892107689005,0.1237635999670409,0.14775946213439814
GOOG,2019-12-06,0.1264678300001742,0.12666057495377847,0.11893133574210618,0.1278300032892704,0.12566493542440588,0.1651820756970752
GOOG,2019-12-09,0.12748811616111272,0.12768250191140595,0.12432846091237876,0.12937805946573594,0.12727273212108153,0.1719224599843009
GOOG,2019-12-10,0.12786993547162834,0.1280648494014172,0.12101856812223472,0.12874479303982428,0.1284820328839143,0.1275212450087028
GOOG,2019-12-11,0.12799484012364815,0.12818996491382345,0.12144648327488988,0.13107739953404773,0.13174653162674815,0.085935633596123
GOOG,2019-12-12,0.12981680259263167,0.1300147738667055,0.12304466215157905,0.13031394736018465,0.1300338844207129,0.15941435445889218
GOOG,2019-12-13,0.12897014351426989,0.12916670390342633,0.12210775823550779,0.13149957715132216,0.13073642549893988,0.2052489676120269
GOOG,2019-12-16,0.13359989631524866,0.13380350919046102,0.12615541555329263,0.13459568950425316,0.13372477167948277,0.17926009351216682
GOOG,2019-12-17,0.13150007709042466,0.13170057147663855,0.12626719159653105,0.1341217596968653,0.13595820485901577,0.2571925872837104
GOOG,2019-12-18,0.13063258276215367,0.13083160473002403,0.12468473705591981,0.13400816256586928,0.13375975740386725,0.2006416163270878
GOOG,2019-12-19,0.1318194440749304,0.13202038772920727,0.12385683743571047,0.13329920050918997,0.132089082400714,0.1916487491894475
GOOG,2019-12-20,0.1295808834551982,0.12977843867243583,0.12579210343564218,0.13330446162395254,0.13611900052825243,0.5065014845909696
GOOG,2019-12-23,0.12932060310248628,0.1295177592559557,0.124450684311113,0.13242843233113927,0.1335046176089657,0.09151564793010478
GOOG,2019-12-24,0.12748811616111272,0.12768250191140595,0.12111813781644998,0.1311161063069438,0.13092868698736376,0.0001194498481280476
GOOG,2019-12-26,0.13333256403179822,0.1335358288211883,0.12498413907540962,0.13171071964480385,0.13011430892127973,0.0547250947066653
GOOG,2019-12-27,0.13037908722159164,0.1305778732288153,0.12610301886731107,0.13341354922800924,0.13599313725150336,0.11801644995051364
GOOG,2019-12-30,0.12491303954348792,0.12510339333264792,0.12207529680950291,0.128034059383276,0.13145293953416187,0.12014948295280026
GOOG,2019-12-31,0.12521840951395208,0.1254092607171527,0.11683541500000921,0.1262977841419371,0.1245010734377554,0.10494522371250128
GOOG,2020-01-02,0.13575164339369256,0.1359585297500583,0.1273640573179235,0.13068335277529974,0.12849952574610657,0.18084707006586806
GOOG,2020-01-03,0.13342285011473815,0.13362620475723758,0.12888713250127787,0.13208855358050797,0.1307049596797526,0.14327156069758712
GOOG,2020-01-06,0.14506665623835696,0.14528777668381998,0.13727092207533415,0.1336563120949109,0.13145293953416187,0.236425377973448
GOOG,2020-01-07,0.14476470538582664,0.14498535673819035,0.13953805152076054,0.14786314723857774,0.1482087549108677,0.19724582778744756
GOOG,2020-01-08,0.14857541917050276,0.14880188372303138,0.14253878787276308,0.1480250070447937,0.14616054340936413,0.20156308658407565
GOOG,2020-01-09,0.15395823269640513,0.1541929355984209,0.14804065311216463,0.15486102040609256,0.15611830188040265,0.19693867103511828
GOOG,2020-01-10,0.1573941791013041,0.15763406300852212,0.15069518755628286,0.15770384766259676,0.15856138274675802,0.2515101873656189
GOOG,2020-01-13,0.16069111699270627,0.1609361260381531,0.15264825670282478,0.16040237005704178,0.16155676873769537,0.2227739667588137
GOOG,2020-01-14,0.1577932008489243,0.15803375376795126,0.15309536087577835,0.16122917034743384,0.16256335496030644,0.20683594416572812
GOOG,2020-01-15,0.16068075279146943,0.16092567764648547,0.15295389515391156,0.16187650220260857,0.1594875978006992,0.15970444694720318
GOOG,2020-01-16,0.1650189723648725,0.16527051137955817,0.1566550307468071,0.16564458775434737,0.16550978226986418,0.14110439916726392
GOOG,2020-01-17,0.1749760848727645,0.17524278521981118,0.1668919999561851,0.17173126805589084,0.1709167833079695,0.3497150267908945
GOOG,2020-01-21,0.17636782614298174,0.17663661127578234,0.17057911690369598,0.17629796935465075,0.17658244404617368,0.2883689976451316
GOOG,2020-01-22,0.17690574955666327,0.17717536641568166,0.17454884547793548,0.18112858534905157,0.180734705545264,0.21569229719122215
GOOG,2020-01-23,0.17714850692996442,0.17741864952522268,0.17186115667096835,0.18013294622265646,0.17956033717491876,0.1713934677997338
GOOG,2020-01-24,0.170228372503069,0.1704878123356417,0.17185241500616566,0.1742045825275909,0.18163990783181566,0.2453499880550152
GOOG,2020-01-27,0.15884137419051048,0.15908347238666432,0.15179242639751434,0.1587065195036234,0.15976375036299023,0.24033309443363707
GOOG,2020-01-28,0.16531739725203354,0.1655694308487915,0.15805582922859318,0.1626716284347362,0.16395793073306558,0.20999283300911234
GOOG,2020-01-29,0.16742405471272515,0.16767931647788537,0.1613499443798252,0.16769223509387948,0.16948028866422532,0.12472270570970276
GOOG,2020-01-30,0.16645580325284193,0.16670952540355388,0.15850293340154675,0.16405433529009222,0.16289539935057745,0.16937988464557524
GOOG,2020-01-31,0.1589558612175757,0.159198192544924,0.1629917782776933,0.1612854320644866,0.17301038025375853,0.353298522234736
GOOG,2020-02-03,0.1769022770150117,0.17717186593928536,0.16993287334231189,0.17200216178131894,0.1705987118746935,0.4590287020920788
GOOG,2020-02-04,0.16341209378341326,0.16366119387513156,0.16277169087543697,0.16050088174672877,0.16887561161686043,0.6119586362240197
GOOG,2020-02-05,0.16381474834383802,0.164064385110957,0.1607945288478536,0.16199965523592846,0.17074553458693514,0.27975154431589366
GOOG,2020-02-06,0.17353230890149196,0.17379682328054413,0.167138259050015,0.16868792790511905,0.16651988839767246,0.22739838230777107
GOOG,2020-02-07,0.1745734837360574,0.17483959398398574,0.16847967817454423,0.17459159657170725,0.17245114198257588,0.14086549947100782
GOOG,2020-02-10,0.18479429571459516,0.18507599467959412,0.1767447090340868,0.17739571705531537,0.17490478256452296,0.18311661718030103
GOOG,2020-02-11,0.18483254709647967,0.18511423473234734,0.18377663212811812,0.18841426296801705,0.18800810964824682,0.1702672263745265
GOOG,2020-02-12,0.18812253990457883,0.18840934984670699,0.18065543137090867,0.189284011134022,0.18894131118068552,0.14006347906214806
GOOG,2020-02-13,0.1868698071478584,0.18715458817120612,0.18292080182280768,0.18804909865561875,0.18831567469782812,0.0994334664345927
GOOG,2020-02-14,0.18897988372648378,0.18926792123917502,0.18067115570698655,0.18901306372374932,0.1893327673041339,0.14521688679567252
GOOG,2020-02-18,0.18860848204092284,0.1888959691033103,0.18447527237548378,0.19086019816901395,0.1891230662854147,0.13206033923756869
GOOG,2020-02-19,0.1910448706873571,0.19133606633911926,0.18464157721807017,0.1939598000368385,0.1926427048231501,0.10281219071021466
GOOG,2020-02-20,0.18808102967591356,0.18836766235507862,0.1837801501151728,0.18883015945848308,0.19156966705696726,0.1279478516091601
GOOG,2020-02-21,0.17661410948165213,0.17688339486171967,0.17769312636233714,0.17954890879916613,0.18668691856565994,0.23632299238933827
GOOG,2020-02-24,0.15456902606105116,0.1548046703674304,0.15140816626603815,0.155255120849685,0.15805456973025522,0.4300706460530358
GOOG,2020-02-25,0.14306764756886292,0.14328566329771447,0.15181683909556076,0.1450555909249206,0.1604627715360199,0.363724787549913
GOOG,2020-02-26,0.14470919814311983,0.14492972037849805,0.14397801769798013,0.14385933153456892,0.1475795985228131,0.31664448312344295
GOOG,2020-02-27,0.11864862782783758,0.11882947888010109,0.128609051615453,0.12210574937305496,0.13566807933972974,0.4490461076413774
GOOG,2020-02-28,0.1260201392457148,0.12621219574992842,0.11793228072140166,0.10586181596180344,0.10611303535558109,0.5874031603016961
GOOG,2020-03-02,0.14329662162299334,0.14351505057671277,0.13530426070608081,0.12549916839491598,0.13201564437864471,0.3557387119893519
GOOG,2020-03-03,0.1267351088599069,0.12692825532305113,0.1420392337109937,0.12732337941157218,0.14872602097916826,0.3507559468960104
GOOG,2020-03-04,0.14239776757242306,0.14261479169261637,0.13433313637047734,0.1312322266256321,0.13467898597931094,0.2673116958465581
GOOG,2020-03-05,0.11897825216614477,0.1191596904868163,0.12413982218227826,0.11785917080214442,0.13152285765103394,0.3778881266850961
GOOG,2020-03-06,0.11181851236529344,0.11198896458904817,0.1057338205176841,0.10236113462059926,0.10595925283079038,0.3948329408552609
GOOG,2020-03-09,0.08306477230437548,0.08319139387723717,0.08775754630210658,0.08088196254182917,0.0808779816863599,0.5151018736561892
GOOG,2020-03-10,0.10556454498645657,0.10572544549064783,0.09697627147048155,0.087485788950596,0.09999650676075122,0.38643732295826083
GOOG,2020-03-11,0.08301271089146128,0.08313925799394117,0.08992337371120745,0.07949928252889543,0.096396497054346,0.3859424593017303
GOOG,2020-03-12,0.048133407357236646,0.048206784172532324,0.06648713028387998,0.05037839494232932,0.05316136818715017,0.6620763796457458
GOOG,2020-03-13,0.08451196739358185,0.08464082977414,0.07553115541328792,0.05173047459388891,0.07168572259787137,0.5722159653254155
GOOG,2020-03-16,0.037520358443228596,0.0375775875952451,0.05195413920093778,0.0367063145348871,0.04267589059601329,0.6664618954984471
GOOG,2020-03-17,0.0498304918860592,0.049906504131768725,0.04447612468780199,0.0302220979597021,0.04166578446820496,0.5997576874509403
GOOG,2020-03-18,0.04184818710353594,0.04191199945541074,0.035966567076539724,0.02363233698019851,0.0288735156733112,0.6632196853349716
GOOG,2020-03-19,0.04826525709255952,0.04833887411897053,0.053946332627754834,0.031663911828870295,0.04164482503271244,0.563854475956452
GOOG,2020-03-20,0.03335226669889185,0.03340308386136387,0.04906278026463634,0.033557456822219,0.05655866335333365,0.5554417937954336
GOOG,2020-03-23,0.02790347488161038,0.02794597375337493,0.023677305494826606,0.015278518852318956,0.030554697060159175,0.630917033548343
GOOG,2020-03-24,0.054918353066451986,0.055002110495560586,0.04592233718429434,0.04239889439283806,0.04539163078541081,0.511535442476366
GOOG,2020-03-25,0.043822968117045835,0.04388976861930577,0.05077795886231179,0.040776967870318426,0.053325657095635526,0.6372990682911847
GOOG,2020-03-26,0.06438957686171776,0.06448776507921034,0.058138254066200046,0.043422718062604115,0.04819824852717297,0.5503054503259275
GOOG,2020-03-27,0.046675741219357914,0.04674692640272243,0.051396271738594845,0.0477783842375713,0.05304603796004426,0.4883280434114876
GOOG,2020-03-30,0.05920798376859243,0.05929828230297296,0.051731626519727125,0.044460634004055644,0.05282583055763029,0.3800723524794376
GOOG,2020-03-31,0.06475750600562724,0.06485619021991823,0.06000364005054498,0.05911783130836784,0.060606074343064364,0.3651069929353947
GOOG,2020-04-01,0.04490920585750463,0.04497770077201152,0.044067425206862354,0.04480190856064431,0.05176329917514222,0.3408416095013822
GOOG,2020-04-02,0.05019142252294789,0.05026798135720523,0.0430788175416536,0.04443247630310698,0.0434657893214076,0.27611685607999725
GOOG,2020-04-03,0.04222300790703076,0.04228739903015061,0.041919054475949624,0.03859564526794129,0.05071999394149651,0.33558581618374805
GOOG,2020-04-06,0.07312502250474112,0.0732365163439232,0.06676310570775545,0.05658465823503234,0.05735557522317397,0.395532575680011
GOOG,2020-04-07,0.07298272843260478,0.07309400452457787,0.07736162804125651,0.07462995976159847,0.0863653805590836,0.34819630729326645
GOOG,2020-04-08,0.08123228536300187,0.08135613653268742,0.07529011999720586,0.07671631387402666,0.0812974103897468,0.27785741100986316
GOOG,2020-04-09,0.08163835904136058,0.08176280172614858,0.07756074077826991,0.07973324108129648,0.08744188489856669,0.3120371318385038
GOOG,2020-04-13,0.08375885324494059,0.0838865566670246,0.0757931654946129,0.07651859259167398,0.08223410516143431,0.23770519777482
GOOG,2020-04-14,0.10169132545205284,0.10184636074960368,0.09729763425764626,0.09387501019340982,0.09478523378437004,0.3623767106924679
GOOG,2020-04-15,0.09934522288855846,0.09949669248736509,0.09673523605439949,0.09509585724254987,0.09496696222315076,0.2260844339783625
GOOG,2020-04-16,0.09969231678255874,0.09984427388225875,0.09622520788571726,0.09587691804541426,0.10492469402824084,0.3705163646291936
GOOG,2020-04-17,0.10655710423790055,0.10671952774966864,0.10161527043046331,0.10594274586491143,0.10868197949868547,0.2734036381010887
GOOG,2020-04-20,0.10078208048838683,0.1009357065113608,0.09713346152842628,0.10247371173954944,0.10384117654431174,0.23014572881471626
GOOG,2020-04-21,0.0833355237057597,0.08346252168538498,0.08758639090161136,0.08429822446503182,0.09545278913821253,0.30821473669840627
GOOG,2020-04-22,0.09960203069961887,0.09975389794620948,0.09853527276406138,0.0956587696797232,0.09494250954840949,0.2978737927033207
GOOG,2020-04-23,0.10414854934839629,0.1043072752124663,0.10122402762771182,0.10398657750043466,0.10403341136678718,0.20808163543906352
GOOG,2020-04-24,0.10518969747110285,0.10535004591590802,0.09671423473773955,0.09827990537079823,0.10040542908044342,0.2206068052284905
GOOG,2020-04-27,0.10399928348109799,0.10415781547784964,0.10221615327997524,0.10515816870473121,0.11257910120287423,0.2139517422613563
GOOG,2020-04-28,0.0893499658462173,0.08948617859435876,0.09938657232846798,0.09221086054067829,0.10975848383816861,0.44443875635643837
GOOG,2020-04-29,0.12676625488733528,0.12695949442301185,0.12451704633964511,0.12498019700297913,0.1284680599269193,0.5881710521825194
GOOG,2020-04-30,0.12925815077647634,0.12945517498099202,0.12201239946519138,0.12397747147710786,0.12267312267056274,0.39624927476877925
GOOG,2020-05-01,0.1195231740868471,0.119705393541987,0.12175041603528353,0.11993500268504748,0.12393836859327256,0.2944780041636804
GOOG,2020-05-04,0.1216713951999217,0.12185691362518802,0.11322340174583306,0.11571301177292531,0.11685365274161946,0.19746766321968537
GOOG,2020-05-05,0.13010849609136055,0.1303067454206675,0.12939015134726778,0.12924438420289092,0.12723081325009644,0.22263745264666737
GOOG,2020-05-06,0.12878609880673852,0.1289824515549315,0.12840506166911375,0.13270286925630542,0.13553880282157732,0.14822019726289207
GOOG,2020-05-07,0.13755277061276683,0.13776249495712617,0.13066867312748542,0.13551042556996257,0.13702420281480415,0.17931128630422172
GOOG,2020-05-08,0.14303986723565065,0.1432578716366289,0.13806044365494657,0.1426209295412721,0.1430324143269741,0.17748541005426438
GOOG,2020-05-11,0.14820743660287555,0.1484334320635629,0.14426793181298908,0.1432091543826347,0.14133725998313112,0.18178560458687418
GOOG,2020-05-12,0.13865655804449534,0.13886784993553158,0.14373346429484335,0.14237113395973883,0.15141730849382457,0.1781167878229412
GOOG,2020-05-13,0.12949070421969372,0.12968806273638656,0.1334220843289748,0.12605679287490446,0.1409073515619979,0.2501279819801372
GOOG,2020-05-14,0.13185075037351196,0.13205167986668914,0.12361932000668313,0.12447711632501895,0.1262171872170909,0.2143783488618136
GOOG,2020-05-15,0.13777154073681352,0.13798148688197798,0.12957879007736828,0.12978617165374712,0.13145293953416187,0.23222756902494798
GOOG,2020-05-18,0.14150238606350435,0.14171803328491628,0.13581250322981864,0.13515159606921712,0.13555976225706984,0.25180027985392994
GOOG,2020-05-19,0.1378737937325218,0.13808400841037188,0.13569896819305288,0.14191900019922443,0.1443840045908097,0.15934609740281902
GOOG,2020-05-20,0.1494083483534116,0.14963605785576778,0.14213357972746105,0.14676196370786404,0.14528675361010274,0.22330295894338079
GOOG,2020-05-21,0.1480478065343404,0.14827352393727855,0.14390461969533863,0.14894328631024117,0.15172487354340586,0.1771611890379168
GOOG,2020-05-22,0.1506923874087136,0.15092216470627173,0.14295097868934037,0.14837331431601397,0.14777884648973455,0.1642606054400874
GOOG,2020-05-26,0.1529829293057834,0.15321619660881802,0.15281594741909943,0.15551543866074347,0.16195521133964125,0.2924473567455036
GOOG,2020-05-27,0.15326751745005607,0.15350122024750862,0.14608790378262765,0.14818332365127163,0.1549579064670525,0.22849049520494183
GOOG,2020-05-28,0.15288238586904201,0.15311542531862227,0.1527600327460632,0.1498404674317938,0.14783127174441435,0.2295826081021126
GOOG,2020-05-29,0.15711301007496525,0.15735248680870662,0.14987112574013317,0.155944702677494,0.15484953605249563,0.25154431589365556
GOOG,2020-06-01,0.15811945949301537,0.15836051793579137,0.15175399505408338,0.15758069462927687,0.15535634906899837,0.14851028975120303
GOOG,2020-06-02,0.1606876978747725,0.1609326255617568,0.15233035859988064,0.1578726864985998,0.15960642126705388,0.1589194908023617
GOOG,2020-06-03,0.15970208370663158,0.15994549121800744,0.15475537104009585,0.16172419829871648,0.1623152016439024,0.15518241698235555
GOOG,2020-06-04,0.1513031273496419,0.15153389947528123,0.15210328852634913,0.15291193844109197,0.15955399601237402,0.19410600320808166
GOOG,2020-06-05,0.16039979746000144,0.16064415448419117,0.15423071124343601,0.15335875740199922,0.153531864875106,0.23686904883792362
GOOG,2020-06-08,0.16325246371487812,0.16350128574884726,0.15525769694924163,0.15910759897700305,0.1567368985528656,0.18043752772942903
GOOG,2020-06-09,0.16656681773825566,0.16682074508541733,0.16224772401562126,0.1664502899008446,0.16478276185094748,0.1812907409303437
GOOG,2020-06-10,0.16992989419219018,0.17018889286640837,0.16443415297012587,0.17104517574297545,0.16973889503242706,0.20108528719156346
GOOG,2020-06-11,0.14840879059494683,0.14863502768147563,0.15752306740114064,0.15195140920301037,0.1637761756283364,0.2806218217808266
GOOG,2020-06-12,0.15165032809107765,0.15188145435141437,0.15141861362153397,0.14632921017621991,0.15888644065853158,0.2729599672366131
GOOG,2020-06-15,0.1539651777797082,0.1541998835136923,0.147156838818919,0.14699769386013412,0.14571319545793565,0.19745059895566705
GOOG,2020-06-16,0.16190244636819695,0.16214920022202572,0.15771346512476847,0.16036012008440753,0.16473385650146483,0.23248353298522237
GOOG,2020-06-17,0.1648177786439543,0.1650689157616455,0.1594531097233245,0.16228815759035792,0.1654119182390021,0.2052489676120269
GOOG,2020-06-18,0.15955629038098484,0.15979947892226593,0.15645242667415604,0.16075067732826204,0.16611093941203187,0.2107607248899355
GOOG,2020-06-19,0.15808484092393543,0.15832572532191325,0.15519133492070958,0.1587592917057828,0.16430741465363202,0.47969352581823144
GOOG,2020-06-22,0.16507453303129704,0.16532614773925047,0.15692047886093552,0.15941370996043375,0.15906467585806355,0.20402034060270982
GOOG,2020-06-23,0.1694301153129577,0.16968832474174111,0.16502171011109723,0.16716451307228647,0.16837578507885514,0.18480597931811202
GOOG,2020-06-24,0.15817149419407067,0.15841265381908737,0.1648397342352671,0.16171469608123717,0.17042746315365903,0.24046960854578345
GOOG,2020-06-25,0.1614199767735045,0.16166602840429745,0.15347962100725465,0.15828434188634904,0.1593792807180393,0.1507969011296543
GOOG,2020-06-26,0.13315909722037467,0.13336207790188231,0.15017852318474734,0.13435646983708954,0.15990006669153706,0.669072727893246
GOOG,2020-06-29,0.1453303557090027,0.14555190353917524,0.13695654195944473,0.13260435756661842,0.13431195586465539,0.2497184396436982
GOOG,2020-06-30,0.1517995939583759,0.15203091408603103,0.14500852139084047,0.14560441109040845,0.14558738551308348,0.28934166069417433
GOOG,2020-07-01,0.16027825850219773,0.16052248641066003,0.15351458766646509,0.15470270379961465,0.1528083643613865,0.24374594723729567
GOOG,2020-07-02,0.1695306053259814,0.16978914906945797,0.16747012249550974,0.1675796579749293,0.1653350136436325,0.2580628647486434
GOOG,2020-07-06,0.1802895544130716,0.18056435794248682,0.175728170683777,0.1768820067781411,0.1769109685312475,0.20770622163066108
GOOG,2020-07-07,0.17663847069693062,0.1769077390839301,0.1792947699232469,0.18064305961524824,0.18038516829280066,0.1896522302993072
GOOG,2020-07-08,0.18039373066261755,0.18066862970907882,0.1754801525964197,0.18137489141569135,0.1818951009586141,0.15407323982116652
GOOG,2020-07-09,0.18559607887007556,0.18587892971236986,0.1813628132830769,0.18223862687911047,0.1861347201048718,0.183696802156923
GOOG,2020-07-10,0.19626805414472426,0.19656721008822442,0.1887370471780987,0.18521335779859066,0.1860298695955122,0.25758506535613124
GOOG,2020-07-13,0.18571756440416154,0.18600059778590095,0.2003702841283589,0.18827532659040952,0.20135612347507442,0.2558957032183202
GOOG,2020-07-14,0.18892432306005924,0.18921228487948272,0.18144314065415956,0.18062550467109145,0.18049353870735746,0.2112897170745026
GOOG,2020-07-15,0.18651576817055504,0.18680003234228038,0.18576781280108612,0.1857270143909205,0.19196464308561284,0.21567523292720384
GOOG,2020-07-16,0.18802894155114058,0.18831552647178262,0.17995503213001562,0.1816141110828549,0.18388032748984623,0.20007849561448418
GOOG,2020-07-17,0.1871786496599741,0.18746390299458593,0.18161429605465484,0.1858747550830287,0.19143687063361753,0.1893962663390328
GOOG,2020-07-20,0.20459045431422695,0.20490237476296536,0.19798023834735423,0.18769724818466033,0.18921394383777929,0.20656291594143547
GOOG,2020-07-21,0.20205694134898522,0.20236495367583562,0.2038139670322504,0.20552791770285123,0.2142847352644635,0.1483567113750384
GOOG,2020-07-22,0.2055519209619603,0.20586516488450435,0.19787890965961163,0.20264998055803357,0.20502605129835166,0.09986007303505001
GOOG,2020-07-23,0.1872237392777263,0.1875090909626106,0.19853213589227092,0.1890313702557293,0.20728743039187475,0.21855909354629535
GOOG,2020-07-24,0.18590139541682205,0.18618479709687463,0.1795868161516223,0.18234943239819162,0.18350636422859007,0.20429336882700252
GOOG,2020-07-27,0.19226309172243305,0.19255608843826322,0.18773799215739417,0.19178196694935495,0.1893327673041339,0.1534418620524897
GOOG,2020-07-28,0.18189995895990008,0.18217712288578847,0.1826762484196709,0.18560740455733865,0.19268115712083483,0.23128903450394186
GOOG,2020-07-29,0.1894241019392916,0.18971279996662882,0.1843432412552637,0.18689857875279475,0.18608928132868957,0.1296372137469711
GOOG,2020-07-30,0.19269694573400398,0.19299057181157053,0.18665509177855222,0.18369343248065156,0.18283176906435322,0.22603324118630766
GOOG,2020-07-31,0.17586804726374938,0.17613609618863624,0.17655260561976582,0.17025708222547947,0.18563142699356633,0.5278147503498174
GOOG,2020-08-03,0.17291457045354286,0.17317814059626324,0.17009704607153187,0.174341800990174,0.17921079992245542,0.3384526125388212
GOOG,2020-08-04,0.1696243639505728,0.16988297244438244,0.16838186747385642,0.1718825519477371,0.17569116138472002,0.2656393979727655
GOOG,2020-08-05,0.1726229303785316,0.1728861160047801,0.1672814837654092,0.17357480561657285,0.17315016315560566,0.27860823862666806
GOOG,2020-08-06,0.1818165645365455,0.1820936948650106,0.17426101017345885,0.17446849722323193,0.1740065134245718,0.2813214566055766
GOOG,2020-08-07,0.1798695905681068,0.1801437703997223,0.17931049425932477,0.1799710864164405,0.18388032748984623,0.2100610900651855
GOOG,2020-08-10,0.1804282958079798,0.18070336928543584,0.17484963337111348,0.17695942032393325,0.1793995415056821,0.16083068837241052
GOOG,2020-08-11,0.1749517770812038,0.17521844099760076,0.17691938242163674,0.17869043445050953,0.18123799865656948,0.18900378826661207
GOOG,2020-08-12,0.18407943294783846,0.18435998814399257,0.17775287883943314,0.18124116246800176,0.17884030323449956,0.1860346063274291
GOOG,2020-08-13,0.18818509907802417,0.18847193412167063,0.18643852236335068,0.18924707596099494,0.18749431015324652,0.18914030237875842
GOOG,2020-08-14,0.18446467137628797,0.18474578307287892,0.18107636385228865,0.187443909403389,0.18935372673962642,0.17200778130439234
GOOG,2020-08-17,0.18802199646783746,0.18830857855651117,0.1823723689621115,0.1892347284467562,0.1890077093923604,0.17601788334869117
GOOG,2020-08-18,0.2021193936749951,0.20242753795079937,0.19524846809653473,0.19477253489796736,0.19303064104140127,0.28673082829937546
GOOG,2020-08-19,0.19827758728660827,0.19857977186599762,0.19916441411110453,0.20189356109880202,0.20251299898322733,0.224190300672332
GOOG,2020-08-20,0.21015384000600912,0.21047417851045347,0.20342272422949892,0.1998705551029028,0.1990667984675612,0.2320910549128016
GOOG,2020-08-21,0.20969236593237905,0.21001190347606058,0.20756222233054544,0.2103568157822276,0.21080354902441295,0.18765571140916693
GOOG,2020-08-24,0.21239240062574138,0.2127161275672249,0.21330864097308377,0.21477754798874832,0.21672781613081887,0.18141019077847173
GOOG,2020-08-25,0.21934052908072,0.21967480945541262,0.2124178440085629,0.21530527001034133,0.21256510157993075,0.32427220913961985
GOOG,2020-08-26,0.23466656494790816,0.23502423934051242,0.22904571642833593,0.2228801478867149,0.2216280574843184,0.6222654516910686
GOOG,2020-08-27,0.22840215323225777,0.2287502718504444,0.2275715732467426,0.2306731472863573,0.23759392080373304,0.2584894713491007
GOOG,2020-08-28,0.23190049853944905,0.23225393049798815,0.22483633831170258,0.23243229227145995,0.23053720419796692,0.19661445001877068
GOOG,2020-08-31,0.2283500651074848,0.22869813596714839,0.22511404607768837,0.2322775188647201,0.23557024197481607,0.2519709224941128
GOOG,2020-09-01,0.23755753600838714,0.23791961065792167,0.23131982854503763,0.23294949206352783,0.23163466797294258,0.25229514351046045
GOOG,2020-09-02,0.2610082508658115,0.26140605703872477,0.25488181335815396,0.24495036326118463,0.24461746496961018,0.36933893041193133
GOOG,2020-09-03,0.23100858957218184,0.23136067256668424,0.24668458370366586,0.22691209444925015,0.2571787266529621,0.4711443295450667
GOOG,2020-09-04,0.2133780147938822,0.21370326191097422,0.22411675005051113,0.20318231947625492,0.2273111577528178,0.3859595235657486
GOOG,2020-09-08,0.1930230975306596,0.19331728294188943,0.1957358159092809,0.19628537381643035,0.19559259870600815,0.3863520016381694
GOOG,2020-09-09,0.2015503242338852,0.20185749067341818,0.19752956288451162,0.19911445775273845,0.20398799925655337,0.2436606259172042
GOOG,2020-09-10,0.19289461348955284,0.193188666953087,0.2027977484989456,0.1955096278131731,0.20507495664783432,0.21702330978464898
GOOG,2020-09-11,0.18897299206689844,0.18926097332390357,0.19969541694502968,0.18550180646817555,0.1964629219319693,0.21335449302071605
GOOG,2020-09-14,0.18847310634023062,0.18876040519923643,0.1957829356146804,0.19196846809920382,0.19751318697816406,0.23033343571891743
GOOG,2020-09-15,0.1961638778951782,0.19646293832163242,0.19423544773327972,0.19763114549875932,0.1964629219319693,0.16796355073205693
GOOG,2020-09-16,0.18903539096919064,0.18932350456134617,0.19508429536731475,0.19340389347187453,0.2032924446568239,0.16465308351250812
GOOG,2020-09-17,0.1802305212049955,0.18050522110639822,0.1763248426093902,0.17587579173737627,0.18248228514378678,0.26159516740043
GOOG,2020-09-18,0.16789610668246302,0.16815198686642474,0.174475127658289,0.16431116358625714,0.18318477289011675,0.47047882324835333
GOOG,2020-09-21,0.1578903785914495,0.15813107761927192,0.15538695632208532,0.15355223758163516,0.16293033174306498,0.43377359134500526
GOOG,2020-09-22,0.16979451849149796,0.17005332896233438,0.16277867354671227,0.16339642752054767,0.16643599732380537,0.2109825603221733
GOOG,2020-09-23,0.1523548266565974,0.15258706553286944,0.15978843785303964,0.1539568602547528,0.16947330218572781,0.22364424422374665
GOOG,2020-09-24,0.156894346798354,0.15713349488385486,0.15376223263398325,0.1547132797139843,0.15278388502069679,0.18828708917784376
GOOG,2020-09-25,0.1626798148846812,0.16292779103259092,0.15595985518366196,0.15594115947775594,0.16033344168597058,0.1665813453465752
GOOG,2020-09-28,0.16946825984740688,0.16972656479449433,0.16532175176459696,0.1685932815242373,0.17486633026683812,0.28345448960786324
GOOG,2020-09-29,0.1711375907548761,0.17139846657388458,0.16527393912235344,0.17193704206492094,0.17353116622725623,0.10774376301150132
GOOG,2020-09-30,0.1712313493794675,0.1714923429863301,0.16984556329995393,0.17231530547938118,0.17227637335634421,0.23118664891983212
GOOG,2020-10-01,0.17834252702091513,0.17861438043967737,0.17309079975225916,0.17911615526752206,0.17838244889937632,0.24447971059008225
GOOG,2020-10-02,0.16735123818547837,0.16760628381125398,0.16755748584070174,0.1691628777245528,0.1706092182583882,0.15994334664345927
GOOG,2020-10-05,0.1769300573482241,0.17719971063789208,0.16930757779475358,0.1738598184561087,0.17207019224282222,0.13079758370021502
GOOG,2020-10-06,0.16562287406993315,0.16587529823329628,0.1688010409617089,0.16834311014879239,0.17534514403745388,0.15333947646837992
GOOG,2020-10-07,0.1680002295082913,0.1682563116705379,0.16258305214533653,0.16391362731261555,0.17139911698378257,0.23879731067199075
GOOG,2020-10-08,0.17689885789707793,0.1771684185004102,0.16993287334231189,0.17414832081053805,0.17167873611937384,0.14351046039384321
GOOG,2020-10-09,0.18706410920919114,0.18734923587384744,0.17919695922255896,0.1827188914981513,0.18202789738196384,0.18574451383911814
GOOG,2020-10-12,0.20578094843980843,0.2060945521635026,0.20621382053474102,0.19788974539479326,0.19890952270352186,0.36445855090269963
GOOG,2020-10-13,0.20665891381675172,0.20697396730178474,0.2048654187389365,0.20866628002841642,0.21314529928660592,0.21401999931742946
GOOG,2020-10-14,0.20540960017796506,0.20572265306515902,0.20405638832202067,0.20420855896402418,0.21134876100670358,0.27004197808948505
GOOG,2020-10-15,0.20230338495880873,0.20261173726177306,0.19966220927934653,0.20227354242828682,0.20035999030426116,0.2036107982662708
GOOG,2020-10-16,0.2071205481615349,0.20743624233617763,0.20176692498908022,0.2085958991972559,0.20689597426842637,0.18564212825500837
GOOG,2020-10-19,0.19379346754012305,0.1940889258371834,0.2042191751775524,0.19628188430153676,0.2120023967354479,0.21506091942254532
GOOG,2020-10-20,0.20119286613864806,0.2014994874056174,0.20049885056435846,0.19546211672577635,0.19333473951768226,0.323350738882632
GOOG,2020-10-21,0.21416574751160333,0.214492248075686,0.21490154286919083,0.21163215294855148,0.2095103038558161,0.3790826251663766
GOOG,2020-10-22,0.2218081171783003,0.2221461457911823,0.21604035792106902,0.21633612639473893,0.21640275821904525,0.18545442135080714
GOOG,2020-10-23,0.23071705634460604,0.23106870101272226,0.22315607307040342,0.22882955604083072,0.2279437807141727,0.17559127674823385
GOOG,2020-10-26,0.21317324168387708,0.21349816581666525,0.22171689654802051,0.21334555844612652,0.22757333735811386,0.25707313743558247
GOOG,2020-10-27,0.21796604367132488,0.2182983266688594,0.21074978511628695,0.2155550655918746,0.21731852022118864,0.15054093716937988
GOOG,2020-10-28,0.18754999792181737,0.18783585513045065,0.19485722529378324,0.19157442134045582,0.2047604051197554,0.25377973448005187
GOOG,2020-10-29,0.2051180135266717,0.20543068151119703,0.20616142384875946,0.19425533510589948,0.19169547700181938,0.2826354049349852
GOOG,2020-10-30,0.22377934551458212,0.22412041447868103,0.23874997711309565,0.22318271567040743,0.24403550731033646,0.6795501860004778
GOOG,2020-11-02,0.22552159979673347,0.22586529588718152,0.2295871666177569,0.22725336900583876,0.2286742677063897,0.37346848230435825
GOOG,2020-11-03,0.23391345079926695,0.2342699397146364,0.22991204739197635,0.22746096829958246,0.22993951362909953,0.22437800757653323
GOOG,2020-11-04,0.26824438658299654,0.26865321000447817,0.26822084760727716,0.2589179787376878,0.25737653465866656,0.5501689362137812
GOOG,2020-11-05,0.2731864544377426,0.27360288362881025,0.2760020486411282,0.27456732565350156,0.28209432225958714,0.2933346984744548
GOOG,2020-11-06,0.27262422323250035,0.2730397842667004,0.268592848086896,0.27099277396624327,0.2726399102317511,0.2242414934643869
GOOG,2020-11-09,0.2730580772440713,0.2734742676400077,0.28453258091763334,0.2779132335879659,0.2855544957322483,0.3278898331114979
GOOG,2020-11-10,0.2652111481622401,0.2656153268677236,0.265298732935664,0.2628830876688006,0.2646499387616494,0.3906521961707792
GOOG,2020-11-11,0.26948686198591565,0.26989757632583267,0.26572488909479186,0.2734608273231807,0.27125930741598686,0.1565134295757824
GOOG,2020-11-12,0.2684907767691024,0.2688999935904156,0.26713965291912845,0.27283985472666333,0.27043095639290776,0.15369782601276408
GOOG,2020-11-13,0.27792369575876585,0.2783474081213121,0.2716005671101738,0.27247044931154824,0.27392611558995345,0.19676802839493532
GOOG,2020-11-16,0.27943692256306907,0.2798629022508142,0.2778988832976289,0.2806117559824109,0.2788437964737483,0.15357837616463602
GOOG,2020-11-17,0.27553950208454003,0.2759594998063203,0.2729838822623546,0.28036899311550917,0.28067526714613816,0.13656530493839802
GOOG,2020-11-18,0.2674287666846278,0.26783637914115965,0.2689561602045465,0.2730298453914057,0.2765824173802252,0.14107027063922734
GOOG,2020-11-19,0.27337739080485934,0.27379403085505527,0.26760077573746677,0.2698158948047619,0.26719792346926124,0.1541073683492031
GOOG,2020-11-20,0.26583583169349234,0.26624095746727594,0.26914128094759227,0.27152403918757434,0.2765754309017277,0.3356028804477663
GOOG,2020-11-23,0.26329184767957825,0.2636931410259997,0.262119858511891,0.26303088204575326,0.27111952451413973,0.3096822634039794
GOOG,2020-11-24,0.27509880983710144,0.2755180685177415,0.2683029339718871,0.2665385961015891,0.2644437576481273,0.21009521859322208
GOOG,2020-11-25,0.27598377372106564,0.27640443157129513,0.27072725347525817,0.27668889702393235,0.2792597319378865,0.1192792054878673
GOOG,2020-11-27,0.2835357504573872,0.28396790031322106,0.27962104456657966,0.28228296519219626,0.27932965005475846,0.09182280468243406
GOOG,2020-11-30,0.2722737636442839,0.27268872891417106,0.27405457629217334,0.2761470558882316,0.28215858719538484,0.25203917955018607
GOOG,2020-12-01,0.28523980678137173,0.2856745416689682,0.28689752106374766,0.2812028261205329,0.279776998006187,0.23721033411828948
GOOG,2020-12-02,0.2955995204259708,0.2960500067450468,0.29067722503419846,0.28827564333099215,0.2880710146206729,0.14934643868809938
GOOG,2020-12-03,0.29518992078224293,0.2956398675939499,0.29471192976328187,0.2999482853892776,0.29712698404656296,0.15025084468106892
GOOG,2020-12-04,0.2956133571688593,0.29606390257558957,0.2898073760835034,0.2979569534516429,0.29730521924609493,0.17600081908467288
GOOG,2020-12-07,0.29265993378237043,0.29310594698321646,0.289531427311045,0.29401294266442496,0.29537588454284297,0.16622299580219105
GOOG,2020-12-08,0.2923370942562131,0.2927826832917727,0.28587400004216257,0.2906441649861968,0.29226519499074827,0.1278966588171052
GOOG,2020-12-09,0.2803914441274994,0.28081874445708177,0.29019515420203434,0.280654005955045,0.2929328036764876,0.19808197672434388
GOOG,2020-12-10,0.27733731703311604,0.27776001757451296,0.2716948598238069,0.27098219805187357,0.27817970769320616,0.17337292242585578
GOOG,2020-12-11,0.27957240511119663,0.2799984661548882,0.2727917788480335,0.27790620087333423,0.2758239844740182,0.14912460325586158
GOOG,2020-12-14,0.2720377376594151,0.2724523406823802,0.27731201909350167,0.2769263450912269,0.279997205408601,0.21388348520528308
GOOG,2020-12-15,0.27471357140865205,0.275132220551334,0.26824003662757556,0.27437030227412756,0.27629933167133364,0.1937647179277158
GOOG,2020-12-16,0.2730580772440713,0.2734742676400077,0.2687919874753265,0.2765270372177164,0.2792562120326892,0.19908876830142316
GOOG,2020-12-17,0.26781747765472874,0.2682256745464423,0.2683672171898869,0.27039816062838323,0.2777288398365804,0.21806422988976484
GOOG,2020-12-18,0.26195566707578555,0.262354951329721,0.26254254998679827,0.2639104545383047,0.272720281400421,0.6261902324152759
GOOG,2020-12-21,0.26485710918493677,0.26526077103879797,0.2575611869229918,0.25644461058114326,0.25850546425282944,0.2528241356950275
GOOG,2020-12-22,0.25934928415957925,0.25974460365100216,0.2563577155332748,0.26122073645836036,0.265817320653497,0.10066209344390978
GOOG,2020-12-23,0.2624310847397394,0.2628311752321777,0.26005533313911555,0.2656062514068784,0.26360842014655067,0.11723149380567216
GOOG,2020-12-24,0.26467669729021015,0.26508001916669943,0.2593602108788047,0.2670381872646557,0.2660165686204185,0.0
GOOG,2020-12-28,0.27760106992747946,0.2780241444298682,0.2749848173539743,0.2730984546226973,0.27183075869156587,0.17852633015938024
GOOG,2020-12-29,0.271572684196698,0.27198656517159114,0.2755828751532756,0.27653052673260986,0.28446753834096733,0.16255417903825808
GOOG,2020-12-30,0.26490914388599207,0.26531290692209397,0.2660305808487128,0.2658032747862524,0.2754570076912595,0.16369748472748372
GOOG,2020-12-31,0.26919890814742686,0.26960910524826687,0.2638769864400522,0.2692582703247734,0.26616339133266004,0.11349441998566603
GOOG,2021-01-04,0.26099436069920534,0.261392161208182,0.2644778159867299,0.25955833156307556,0.2738946497707661,0.2653663697484727
GOOG,2021-01-05,0.26539492575118284,0.2657995261786973,0.25994355709587724,0.2631346548502029,0.2625214094233728,0.13625814818606874
GOOG,2021-01-06,0.26344116697059416,0.26384265379813754,0.26005885112617033,0.25644461058114326,0.25470274000620247,0.3848503464045596
GOOG,2021-01-07,0.28147423603816546,0.281903255689673,0.27417157601315967,0.26983173183389414,0.2677851076544338,0.3273267123988942
GOOG,2021-01-08,0.28840142239579947,0.28884104079452544,0.28166110393847443,0.2826682076364437,0.2845339365526422,0.2907409303436743
GOOG,2021-01-11,0.274349114806394,0.2747672693682619,0.2762378603794624,0.27808915882344504,0.28386632786690275,0.14724753421384937
GOOG,2021-01-12,0.2673489516503602,0.2677564515967781,0.2705525800877082,0.2657012735816719,0.2726294038480564,0.1723831951127948
GOOG,2021-01-13,0.2700734009827186,0.27048501991015284,0.26600957953205284,0.2701694631907447,0.2672678415861333,0.1275212450087028
GOOG,2021-01-14,0.26513827821127567,0.26554234723861336,0.26949414570974684,0.2685475366682251,0.2725245533386967,0.1420941264803249
GOOG,2021-01-15,0.26375342860064377,0.26415546909791365,0.2628534654184671,0.2643783716431068,0.2671315252575864,0.16985768403808746
GOOG,2021-01-19,0.28272707564232136,0.2831580173651739,0.28146377684640556,0.2713832775252532,0.2720457395680809,0.23681785604586877
GOOG,2021-01-20,0.3160585605150218,0.31654025748072356,0.3144523145782958,0.30096153314467405,0.299730860582155,0.3657724992321082
GOOG,2021-01-21,0.317568207930238,0.3180522511338295,0.3253337683555305,0.32262717953087067,0.32298767419864155,0.29301047745810727
GOOG,2021-01-22,0.3209693220711862,0.3214585859300526,0.3169814274536301,0.320744881512448,0.32217676270585777,0.15789563496126413
GOOG,2021-01-25,0.32039683351214254,0.32088509121379627,0.3234893303850115,0.3157383939674125,0.3309111941251715,0.2697006928091191
GOOG,2021-01-26,0.3265882684293929,0.3270860260372329,0.3218894458176291,0.3216191928902368,0.31978610709418226,0.16489198320876422
GOOG,2021-01-27,0.2965851880178294,0.2970371410887961,0.3096630549288105,0.29514580025340315,0.31758067316053623,0.40979830039930376
GOOG,2021-01-28,0.30780197836574497,0.3082711775573427,0.3127475833361162,0.30698137581479495,0.3040928230999645,0.24338759769291154
GOOG,2021-01-29,0.29830313450842005,0.2987577313126073,0.2982331149880454,0.2955680315555221,0.30487226877356105,0.21599945394355144
GOOG,2021-02-01,0.3210734983207323,0.3215628576966446,0.3209783937761266,0.3098980197325088,0.30745865244696075,0.21422477048564895
GOOG,2021-02-02,0.3301525920279633,0.3306557694361366,0.3326347108535791,0.33226028066114605,0.33157176300051655,0.32881130336848574
GOOG,2021-02-03,0.3796290983604368,0.38020771773897966,0.3887852489310317,0.36881176810444877,0.38415296014694006,0.6435616531858981
GOOG,2021-02-04,0.37695679057656906,0.377531285308901,0.3755283543493527,0.37732956658990263,0.38271646550319577,0.2569024947953995
GOOG,2021-02-05,0.38932229770281224,0.38991581168635636,0.38389823188369265,0.38321916982722765,0.38310440172144694,0.20277464932937442
GOOG,2021-02-08,0.3875558424765355,0.38814658605564545,0.39124698702398475,0.3876768372067753,0.39565553034438267,0.15274222722773967
GOOG,2021-02-09,0.3842935231542133,0.3848792626023714,0.38481344154625985,0.38997782332757885,0.3860892813286895,0.0926760178833487
GOOG,2021-02-10,0.38841323972215824,0.38900510441059233,0.38594527392686273,0.38454207176579275,0.3915662004836669,0.13458585031227605
GOOG,2021-02-11,0.3885901790752333,0.3891824088438157,0.3837305411674179,0.38954855931082827,0.3934186305915494,0.10219787720555612
GOOG,2021-02-12,0.39144289875382765,0.39203954010847175,0.3861024639848074,0.3915927171354669,0.3901820777627056,0.08684003958909253
GOOG,2021-02-16,0.39761718465769125,0.39822313166249057,0.40142388393926176,0.3990620506075218,0.39511378493539234,0.13429575782396505
GOOG,2021-02-17,0.39984169483966425,0.40045113185119807,0.39477968566092736,0.3971480785308347,0.3935898793125839,0.12356233575645884
GOOG,2021-02-18,0.3959859448609536,0.39658946993585353,0.3944565638802353,0.3988333531698834,0.3972213548381764,0.13221391761373333
GOOG,2021-02-19,0.39041224839165223,0.3910072177966978,0.39368628462375543,0.39661681330950366,0.4003250579117736,0.18951571618716087
GOOG,2021-02-22,0.377827864293927,0.37840375253191183,0.38002418189677445,0.3842078299238357,0.3820558432959538,0.17417494283471555
GOOG,2021-02-23,0.37990332230347257,0.38048229298600267,0.37673704941681774,0.3630558401299688,0.36737970523993885,0.22535067062557593
GOOG,2021-02-24,0.38834020950004056,0.3889321247814821,0.38329388434996015,0.3757604122695423,0.37325853357016253,0.15383434012491043
GOOG,2021-02-25,0.36619452921898055,0.3667526289969971,0.38123287696423946,0.3698355917742148,0.3822131190599933,0.2528241356950275
GOOG,2021-02-26,0.36810335865297017,0.36866436644705336,0.3728944481020553,0.3679955437284264,0.37629583843208486,0.29635507320569265
GOOG,2021-03-01,0.38359949563736584,0.38418409981258395,0.3783124679833195,0.378564479068306,0.3783929019511741,0.18048872052148393
GOOG,2021-03-02,0.38163157957158245,0.38221327856396037,0.38454794012929727,0.3874165193957169,0.38526791678410793,0.1344322719361114
GOOG,2021-03-03,0.3645807055542182,0.3651363635772992,0.3790104685966752,0.3658634501284705,0.3821292279861262,0.19408893894406334
GOOG,2021-03-04,0.37234781960178176,0.37291532376768044,0.37926264430509726,0.36947670858862486,0.3668064940117613,0.30224224429200375
GOOG,2021-03-05,0.39298054019712714,0.3935793784601844,0.38934770043711253,0.37867528458738714,0.3841948790179251,0.3154158561141258
GOOG,2021-03-08,0.3636991073644702,0.36425350100014176,0.3930854550770777,0.369948168893165,0.39398485534122946,0.22193781782191738
GOOG,2021-03-09,0.37360071262965533,0.3741701384807026,0.37535021627758225,0.3791731578354292,0.38310440172144694,0.2304528855670455
GOOG,2021-03-10,0.3744093340210034,0.37498002142874964,0.3742882639125661,0.37408571354486336,0.38371953182060964,0.15729838572062388
GOOG,2021-03-11,0.3951427049005256,0.39574484741144944,0.39199909001401523,0.3878105661544649,0.3845234568348959,0.15226442783522748
GOOG,2021-03-12,0.3768005796259677,0.3773748776590129,0.37961897375147247,0.3790746461457422,0.3883471405170154,0.23531620081225899
GOOG,2021-03-15,0.3783866229575178,0.37896335141762527,0.3715145976340951,0.3776532325174901,0.38041311420679064,0.16233234360602028
GOOG,2021-03-16,0.3874205201995611,0.38801102215157157,0.39125151776488853,0.38697318994970314,0.386246557092729,0.195351694481417
GOOG,2021-03-17,0.3869207947440464,0.38751050706442547,0.38643779211452267,0.38134390452343664,0.3852119716242309,0.16248592198218492
GOOG,2021-03-18,0.3678811159872719,0.3684418740458053,0.37446293730011604,0.3741490079765479,0.3799587797768647,0.17313402272959968
GOOG,2021-03-19,0.3703037213145355,0.3708680754510715,0.36663802794225187,0.36856551572265356,0.3733354381655321,0.33584178014402244
GOOG,2021-03-22,0.3687037343926616,0.36926565282439516,0.368346223868652,0.3715173232135253,0.37326205347535973,0.2743933654141497
GOOG,2021-03-23,0.37369105213631293,0.3742605144167518,0.3733457631989078,0.3761438831139206,0.37670825399102587,0.1740896215146241
GOOG,2021-03-24,0.37094924009569685,0.37151454979643805,0.375409595634839,0.37696542228955016,0.3814861519729735,0.1377427391556602
GOOG,2021-03-25,0.3707062690275249,0.3712712666868969,0.3686536213132662,0.3661202784246354,0.37430010551715803,0.1829459745401181
GOOG,2021-03-26,0.3676486159677722,0.36820898629041066,0.36590095635145514,0.3672777773572465,0.3722204815283641,0.1956759154977646
GOOG,2021-03-29,0.374728540734356,0.3752997846437972,0.36849994924237617,0.367840716636842,0.3683827715573527,0.15067745128152624
GOOG,2021-03-30,0.374586380221514,0.3751572728244519,0.37281412073097275,0.3778361904676009,0.37878089150132216,0.11770929319818438
GOOG,2021-03-31,0.3791294263286399,0.37970720265183366,0.3806903607181352,0.3823096948762808,0.37930167747481996,0.1899423227876182
GOOG,2021-04-01,0.4031180111760281,0.40373235113501493,0.39802145742901196,0.39643385535939285,0.3928733652773619,0.2307429780553565
GOOG,2021-04-05,0.43358961759196013,0.4342504590331159,0.43098728815354903,0.4156894817055739,0.41209327428781245,0.3102453841165831
GOOG,2021-04-06,0.43331202795470825,0.4339724363472178,0.4311095648551174,0.43791801368652156,0.43640557947639275,0.17170062455206309
GOOG,2021-04-07,0.4419641593099536,0.4426377595911528,0.43716684562649044,0.44162280480657584,0.43767434530429977,0.16093307395652026
GOOG,2021-04-08,0.44743383980086204,0.44811573996371645,0.4472990214639053,0.4530044750075843,0.4557897507293804,0.1726050305450326
GOOG,2021-04-09,0.454527654734052,0.45522038111012464,0.4490579083855939,0.45160909852892245,0.4483590175304612,0.1190403057916112
GOOG,2021-04-12,0.4437376130432511,0.4444139331371352,0.4442651307490538,0.44624404990736405,0.4516969009634673,0.20803044264700862
GOOG,2021-04-13,0.44806888753335106,0.44875181895493643,0.4449253396529884,0.45244502524288227,0.4500262259603141,0.1397051295177639
GOOG,2021-04-14,0.4437549757515088,0.4444312764065531,0.4451978237412263,0.45001745025870993,0.45481111042075933,0.11334084160950139
GOOG,2021-04-15,0.4582689711094151,0.4589673759047306,0.4551909857871458,0.4559316948396677,0.45544719995541455,0.1752158629398314
GOOG,2021-04-16,0.4586506835724953,0.4593497233947419,0.4551361371707927,0.4624229441294844,0.46454162167898944,0.13361318726323335
GOOG,2021-04-19,0.4602610346956061,0.4609625413755647,0.4593315499448756,0.46361737823512256,0.4606899387509829,0.1514624074263677
GOOG,2021-04-20,0.4572173252261773,0.4579142098471424,0.4562400388662946,0.45794063540630375,0.4662507489798275,0.12659977475171497
GOOG,2021-04-21,0.4570992588100251,0.45779598921248643,0.4512516398283788,0.45331756502080206,0.45833768210509523,0.1449950513634347
GOOG,2021-04-22,0.44829444246954764,0.44897775879505963,0.45420067243124385,0.4525717214759402,0.46112683365061363,0.12081498924951367
GOOG,2021-04-23,0.4647379956639174,0.4654463864515864,0.46190607683491613,0.46022750241299953,0.45771556552743514,0.18543735708678885
GOOG,2021-04-26,0.46870839294084643,0.4694227685251907,0.46729968401813393,0.47276318203172546,0.47045890230689785,0.1185795706631173
GOOG,2021-04-27,0.46189921957564684,0.4626031510174732,0.46596871224910064,0.4693961759533663,0.4760756576956194,0.21361045698099043
GOOG,2021-04-28,0.4871614258533825,0.4879039579594906,0.5061159805174943,0.49422826183881,0.5009419212975863,0.45042831302685915
GOOG,2021-04-29,0.504507465911127,0.5052763449765101,0.5005763768715058,0.5038789179132421,0.5020551713140526,0.2783010818743388
GOOG,2021-04-30,0.49764604415000147,0.4984045385479753,0.49729974504987906,0.5038367216254525,0.5000139996229436,0.2747858434865704
GOOG,2021-05-03,0.49245763953286725,0.49320813437522715,0.49470075215895803,0.49762339877569567,0.4993953496185836,0.22910480870960034
GOOG,2021-05-04,0.4782560126524459,0.47898490321434695,0.48057400862658406,0.4720102520873875,0.4878683000804512,0.24046960854578345
GOOG,2021-05-05,0.47912008786278315,0.47985036948456516,0.4816010476352238,0.4859814107636287,0.48740692584013073,0.12687280297600764
GOOG,2021-05-06,0.4876612047326149,0.4884044730466367,0.4817791857069943,0.4827895783329255,0.4811925332144387,0.11673663014914168
GOOG,2021-05-07,0.4936792796858771,0.4944316569507674,0.493551489751584,0.4995584689962775,0.4984446552239526,0.13938090850141635
GOOG,2021-05-10,0.4738864867804613,0.47460877734379237,0.4801338871249057,0.48011290567019865,0.4896683049336538,0.16270775741442273
GOOG,2021-05-11,0.46246828901675674,0.46317319829485426,0.4605716403816622,0.4619127770520481,0.46064801987999787,0.21478789119825262
GOOG,2021-05-12,0.43828529526060034,0.4389533490715105,0.4477758686183215,0.4432834381019916,0.4501101170341812,0.23888263199208218
GOOG,2021-05-13,0.4462295089323922,0.4469096136951154,0.44471260804184654,0.4477411054815393,0.4498933762050675,0.16837309306849596
GOOG,2021-05-14,0.46503658082223165,0.46574530592081975,0.46027122560832323,0.4620253541709984,0.46063751349630316,0.16798061499607522
GOOG,2021-05-17,0.4668586501386506,0.4675701679112231,0.4610397458712757,0.4661347142793258,0.46675057551783267,0.11011569571004404
GOOG,2021-05-18,0.460618546214561,0.46132054464336547,0.46795989292206863,0.4690056187095119,0.47639228916767845,0.08844408040681206
GOOG,2021-05-19,0.46245092630849916,0.4631558019879153,0.45874116775369356,0.45505915506174804,0.4510503050451174,0.10591788676154398
GOOG,2021-05-20,0.47889453292658657,0.4796244296444421,0.4739647770074601,0.4753139100492177,0.4732934926285985,0.14415890242653834
GOOG,2021-05-21,0.47508045344769434,0.4758044552207259,0.4769899260575089,0.48280085215027396,0.486557615381559,0.1356267704173919
GOOG,2021-05-24,0.49644887205970545,0.4972054132321667,0.49427459599983015,0.4890423058585573,0.48691061920732265,0.12207774478686734
GOOG,2021-05-25,0.4972816409714612,0.49803958736490317,0.4993083557496182,0.5041287134947754,0.5054349736180439,0.101549435172861
GOOG,2021-05-26,0.5057707231402376,0.5065415550436787,0.5028204794925741,0.5074798825440023,0.5029306677340157,0.12729940957646496
GOOG,2021-05-27,0.49500498924099745,0.49575945129289967,0.5017920546102461,0.5037804062235551,0.5113557741511494,0.2732500597249241
GOOG,2021-05-28,0.4981458230292338,0.49890510667264254,0.4976490385221448,0.5057823140755595,0.5061200218340787,0.14651377086106276
GOOG,2021-06-01,0.5044796855779148,0.5052485533154245,0.5010832868243896,0.504793707663796,0.5061339947910737,0.10434797447186103
GOOG,2021-06-02,0.5015192636844051,0.5022836498077801,0.5024906948576118,0.5045544343117878,0.5107860828281692,0.08721545339749498
GOOG,2021-06-03,0.4957337421743603,0.496489353659044,0.4912232219553735,0.49703587183731174,0.4967040621039273,0.09735162622436094
GOOG,2021-06-04,0.5120975871818978,0.5128780537711892,0.5066333378258739,0.5093287349042914,0.5063157498958029,0.16221289375789222
GOOG,2021-06-07,0.51707085448779,0.5178589664954819,0.5115731779818679,0.5175274306739417,0.5163818254495012,0.14431248080270298
GOOG,2021-06-08,0.5228875754489809,0.5236845547816998,0.5208285221973123,0.5270855877612728,0.52637099640783,0.1546363605337702
GOOG,2021-06-09,0.525854889002076,0.5266564062046156,0.5244982091180521,0.5338019912889898,0.5332214785681773,0.11253882120064163
GOOG,2021-06-10,0.5363360881807611,0.5371535393542252,0.530876905979424,0.5361486632124763,0.53130265024862,0.20731374355824037
GOOG,2021-06-11,0.5336741445981302,0.5344875553158142,0.5321798937605222,0.5376580126160457,0.5421061992730329,0.15617214429541654
GOOG,2021-06-14,0.5382240289411238,0.5390443800209461,0.5326130325909253,0.5385903573107564,0.5380762811454944,0.1332207091908126
GOOG,2021-06-15,0.5360098829603878,0.5368267751863851,0.5357604583425425,0.5428228704524038,0.5440355339762848,0.1300808846114467
GOOG,2021-06-16,0.5336741445981302,0.5344875553158142,0.5333955181964283,0.5322782006622455,0.5421166523248306,0.16535271833725812
GOOG,2021-06-17,0.5383559855238821,0.5391764964861449,0.5380974678035557,0.5418834930430616,0.5370522020606912,0.1605747244121361
GOOG,2021-06-18,0.5327786562417761,0.5335907438705929,0.5324558425329805,0.5354661140992989,0.5383279010351987,0.3956349612641207
GOOG,2021-06-21,0.5389391054027513,0.5397604395940688,0.5369813597590307,0.5392042971926423,0.5385690678731052,0.16484079041670935
GOOG,2021-06-22,0.5427184594651282,0.5435456214039069,0.5386109340050415,0.5454826860739526,0.5435321875330825,0.11985939046448926
GOOG,2021-06-23,0.5389841950205035,0.5398056275620935,0.5422858446035291,0.5470694490233143,0.544231262038009,0.10885294017269034
GOOG,2021-06-24,0.544679323600173,0.5455094947372592,0.5404658726338906,0.5520513489095615,0.5477508472438475,0.10236851984573905
GOOG,2021-06-25,0.542687260013982,0.5435143823039462,0.5402527679029095,0.5484204818204057,0.5470763054115075,0.22651104057881985
GOOG,2021-06-28,0.5414690924026238,0.5422943602048023,0.5390790394946551,0.5451118848528802,0.5473768839825914,0.18065936316166684
GOOG,2021-06-29,0.5359092326762109,0.5367260038961893,0.5367246000068707,0.5413346191927291,0.5457865801481079,0.1195692979761783
GOOG,2021-06-30,0.5310331965365618,0.5318424150232173,0.5283408104328146,0.5365532858855939,0.5379647641490188,0.14564349339612984
GOOG,2021-07-01,0.5383385693919067,0.5391591001792059,0.5329693620373004,0.5372023893406379,0.5323459288163173,0.0868912323811474
GOOG,2021-07-02,0.554653745392605,0.5554991118469301,0.5496357191033386,0.5507073488271015,0.5462549408669259,0.12136104569809905
GOOG,2021-07-06,0.5619558594011693,0.5628123495640435,0.5568772289412962,0.5622473356345878,0.5644996228101589,0.12298215077983687
GOOG,2021-07-07,0.5640834055354879,0.5649430789389515,0.5621547425517085,0.5717537405318052,0.57073156162994,0.08313709429712296
GOOG,2021-07-08,0.5578329374101614,0.5586830603169475,0.5579111973183771,0.5596508144447234,0.5561147819752055,0.10958670352547695
GOOG,2021-07-09,0.5605920587353175,0.561446315169158,0.5566326755381594,0.5660083884716949,0.5609695845525227,0.06970751851472645
GOOG,2021-07-12,0.5674602118848753,0.5683250695129641,0.5630637690855129,0.5706279693423031,0.5671839238463177,0.08538957714753764
GOOG,2021-07-13,0.5704484141115972,0.5713178707567365,0.5719506308083933,0.5779248134089281,0.5745098065358774,0.0826081021125559
GOOG,2021-07-14,0.5780004976953542,0.5788813394986623,0.5786157237977193,0.5867979518802338,0.5816399611637126,0.0936486809323914
GOOG,2021-07-15,0.5723361946008068,0.5732086583859362,0.5758141268341472,0.5776504838534509,0.5858236351500932,0.0823350738882632
GOOG,2021-07-16,0.5763553677320103,0.5772337819414824,0.572935667183713,0.5792231276887048,0.5798189968750174,0.06757448551243986
GOOG,2021-07-19,0.5583672814347559,0.5592183149804505,0.5663962622773417,0.5631480599558785,0.5764251682821342,0.16018224633971537
GOOG,2021-07-20,0.5711912174827193,0.5720616689534236,0.571666526702308,0.5677316719806609,0.5683757850788551,0.10364833964711104
GOOG,2021-07-21,0.5815959138976352,0.5824822689600055,0.5759695578985645,0.5776750715122392,0.5738492376605324,0.06660182246339716
GOOG,2021-07-22,0.5866489428140772,0.5875432153037221,0.5821683576946386,0.5903303072797024,0.5868721402436894,0.05692638476502508
GOOG,2021-07-23,0.6177974277334699,0.6187390366471504,0.6192248078212954,0.6065180058163233,0.6051168755188194,0.1658817105218252
GOOG,2021-07-26,0.630489407198675,0.6314503271924459,0.6255440720225763,0.6272794383663358,0.626017965916118,0.13750383945940411
GOOG,2021-07-27,0.61072092208482,0.6116517387701601,0.627626080724957,0.6093291590145631,0.6383279277011473,0.300569946418211
GOOG,2021-07-28,0.6078404220730134,0.6087668158444185,0.6252855532768891,0.6181248839400768,0.6281989205090743,0.4074263677007611
GOOG,2021-07-29,0.6089440492335887,0.6098721177853027,0.6076481784809156,0.616633089480664,0.6129502645395417,0.10535476604894031
GOOG,2021-07-30,0.5997851939158079,0.6006992785014291,0.5980056957809501,0.607318017369302,0.6068714949277365,0.14519982253165423
GOOG,2021-08-02,0.6051195521297419,0.60604174800744,0.5997463531333551,0.6062998306082101,0.6066862199178102,0.11265827104876966
GOOG,2021-08-03,0.6071358700837759,0.6080612046629634,0.6019471205502495,0.6028801060125362,0.6102897495294126,0.1034776970069281
GOOG,2021-08-04,0.6053904103785616,0.6063128758155878,0.603361884374586,0.6115455915052537,0.6120338092227382,0.08184021023173271
GOOG,2021-08-05,0.6117171675727864,0.6126493745430983,0.6062403440250201,0.6128474489847686,0.6104889974963341,0.042063410805091975
GOOG,2021-08-06,0.6123834681801392,0.613316692634279,0.6071489441361513,0.6159891934555382,0.6123518806560142,0.05651684242858605
GOOG,2021-08-09,0.6190884652957928,0.6200320914129257,0.6158223813110456,0.6186790189051716,0.61692359752444,0.046397733865738366
GOOG,2021-08-10,0.6197444017019087,0.6206890141499598,0.6174292485497032,0.6242924136174615,0.6248261046835806,0.07762533701921437
GOOG,2021-08-11,0.6169193555090912,0.6178596745463893,0.6194989976002264,0.6251614638804877,0.6262486797022266,0.07054366745162283
GOOG,2021-08-12,0.6217781357879181,0.6227258671124223,0.6164965555575307,0.6211435827472156,0.6222641470189736,0.0657827377905191
GOOG,2021-08-13,0.621892676238701,0.6228406403082032,0.6182850788550136,0.6297704151518817,0.6267694123438274,0.04815535305962254
GOOG,2021-08-16,0.6254328523168637,0.6263859864473753,0.6204962936274037,0.6168283949450135,0.6242703863175951,0.09474079382956213
GOOG,2021-08-17,0.6142193208157289,0.6151555034927462,0.6185960475895166,0.6212033876640064,0.62560549702528,0.12231664448312346
GOOG,2021-08-18,0.6091488757673115,0.6100772669171328,0.6156302778967245,0.6186244751031433,0.6180874061791934,0.06823999180915327
GOOG,2021-08-19,0.6115330694415373,0.6124651221946035,0.6097475639072332,0.6111305002874554,0.6065673964514555,0.09692501962390362
GOOG,2021-08-20,0.6221079738210962,0.6230560787191375,0.6178694233542157,0.6189480873458861,0.6178602122982821,0.07361523497491554
GOOG,2021-08-23,0.6405887336431267,0.6415651128520442,0.6427588619493108,0.6349982453108569,0.6312502516598886,0.1207637964574588
GOOG,2021-08-24,0.6496053750243479,0.6505953872790513,0.6485611952648854,0.6533323713009196,0.6490405991731956,0.06987816115490939
GOOG,2021-08-25,0.6534335049409994,0.6544292575333103,0.6506955473504134,0.6609740868087155,0.6584040803167701,0.050356643117982325
GOOG,2021-08-26,0.6476931264724245,0.64868020239012,0.6494504997500498,0.6585254136806484,0.6565551701140848,0.06813760622504353
GOOG,2021-08-27,0.6645427533451528,0.6655555747963897,0.6625586261215816,0.6580222793178439,0.6530180920460542,0.15038735879321527
GOOG,2021-08-30,0.6709216520878684,0.6719441563696751,0.6728881823538996,0.6761766684484665,0.6711369640444351,0.08515067745128152
GOOG,2021-08-31,0.670869617386813,0.6718920735239002,0.6702507581195475,0.6789912574767554,0.6793855952146355,0.16910685642128256
GOOG,2021-09-01,0.6735072531778831,0.6745336603025796,0.675200672511198,0.683315249593458,0.6777462793668758,0.07583358929729361
GOOG,2021-09-02,0.6622417938231283,0.6632509884271334,0.6717388666436913,0.6727041179657889,0.6798398763126647,0.12719702399235522
GOOG,2021-09-03,0.6661008026486198,0.6671161508188741,0.665115669682017,0.6684716048241415,0.6672328558617489,0.10381898228729394
GOOG,2021-09-07,0.671265273440217,0.672288263806933,0.6682386827355878,0.6757614698609793,0.671451515572514,0.07025357496331183
GOOG,2021-09-08,0.666854077068414,0.6678704504447501,0.666331294117923,0.6733619720504889,0.6759532609921706,0.07294972867820212
GOOG,2021-09-09,0.6670624295675062,0.6680789939779341,0.6671591937381324,0.6750085936014858,0.6723882370101499,0.06707962185590935
GOOG,2021-09-10,0.6462908607298171,0.6472759809800024,0.6696009965711086,0.6560625677536291,0.6763027982446339,0.2214941469574417
GOOG,2021-09-13,0.6570080858933712,0.6580093962863605,0.6568296375058144,0.6598693600782639,0.6606270604445055,0.11296542780109894
GOOG,2021-09-14,0.6565986465207965,0.6575993101727848,0.6605778928041094,0.6642531571117574,0.6673377063711083,0.10221494146957441
GOOG,2021-09-15,0.6690925308407109,0.6701123464640004,0.666544398848904,0.6596828589284149,0.6645276487219944,0.11699259410941606
GOOG,2021-09-16,0.6633142215325577,0.664325104305578,0.6638790439294507,0.6678477869308648,0.6740484589615052,0.11395515511415993
GOOG,2021-09-17,0.6431153549487832,0.6440955329863813,0.657238363638171,0.6512776375619114,0.6648036946204916,0.4530903382137128
GOOG,2021-09-20,0.6261337714932965,0.6270880971524341,0.6230953398211588,0.623071512883477,0.6312620913410065,0.23874611787993585
GOOG,2021-09-21,0.6305031905178458,0.6314642230229887,0.6332194669306153,0.636106837350114,0.639068921077059,0.09550868571038532
GOOG,2021-09-22,0.6394712163159453,0.6404459150806172,0.6386123278741548,0.6400913265100969,0.6386040802634383,0.129108221562404
GOOG,2021-09-23,0.6456349243237012,0.6466190582429682,0.6432860269791763,0.6515239436285511,0.6495019200816192,0.08818811644653765
GOOG,2021-09-24,0.651232982008281,0.652225548529292,0.6478345710295845,0.6497929295019749,0.6448638583334156,0.06837650592129962
GOOG,2021-09-27,0.6433756353014951,0.6443562654403826,0.6450154907364072,0.6473266477449062,0.6493341379338851,0.10160062796491587
GOOG,2021-09-28,0.6064695694764229,0.6073938865717827,0.6248000710633386,0.6135510425569963,0.6318793547160464,0.30079178185044886
GOOG,2021-09-29,0.5949265204844164,0.5958330859353961,0.6093738044340868,0.6033480231173383,0.6180468739375287,0.16554042524145934
GOOG,2021-09-30,0.5862117231082902,0.5871052314540186,0.5967386874129115,0.5945522981918245,0.5985809448865511,0.24195419951537492
GOOG,2021-10-01,0.6084027601256911,0.6093298621690071,0.6070857269748348,0.59720862429848,0.5931949566158352,0.18303129586020955
GOOG,2021-10-04,0.5896787086931822,0.5905775979640805,0.597507207675864,0.5816507563577216,0.6081891127732293,0.2098392546329477
GOOG,2021-10-05,0.6064209538933015,0.6073451981273618,0.6091188036754543,0.6015888781322356,0.5963091127412301,0.1466673492372274
GOOG,2021-10-06,0.6145908293487253,0.6155274025910897,0.6125422315023641,0.6050121459276474,0.6006815816427344,0.1094501894133306
GOOG,2021-10-07,0.6273035372164042,0.6282594838446782,0.6286282806128771,0.6336968173100983,0.6303030771704548,0.09653254155148289
GOOG,2021-10-08,0.633345759690074,0.6343109589334982,0.6297639507975397,0.6397929461442766,0.63759397413563,0.1022831985256476
GOOG,2021-10-11,0.6249572743817567,0.6259098155824396,0.6328845119207391,0.6354102228076732,0.6368529807597181,0.0823180096242449
GOOG,2021-10-12,0.6101413815950377,0.6110712961386324,0.6254183839396216,0.61742118299816,0.6357170113551609,0.13310125934268455
GOOG,2021-10-13,0.6183806010360569,0.6193229797550743,0.6174188011942073,0.6225332686323586,0.6225228067190725,0.08057745469437905
GOOG,2021-10-14,0.6427578434298283,0.6437375297185806,0.6390874693378779,0.6391572102155172,0.6379154588103093,0.123630592812532
GOOG,2021-10-15,0.6445834387116165,0.6455658391478589,0.6429195166914761,0.6512987893906508,0.6536297022400197,0.12212893757892224
GOOG,2021-10-18,0.6535062680445285,0.6545022371624205,0.648500003611267,0.6523472544040496,0.6467337813034901,0.08214736698406197
GOOG,2021-10-19,0.6594860916159061,0.660491234051319,0.656242773301687,0.6655935603096348,0.6612596834058604,0.07149926623664721
GOOG,2021-10-20,0.64971970178026,0.6507100543997899,0.657226210591982,0.6572623166588742,0.6677676681241385,0.0938875806286475
GOOG,2021-10-21,0.652256900982024,0.6532509759633158,0.6474572935693835,0.6553271927534479,0.6535738104120394,0.06752329272038499
GOOG,2021-10-22,0.623412901550025,0.6243630293154556,0.638437707789439,0.6238983668587135,0.6407046103558278,0.19833794068461827
GOOG,2021-10-25,0.6244401327942667,0.6253918511508333,0.6220004996074646,0.6209289507388402,0.6299360470557993,0.12069553940138564
GOOG,2021-10-26,0.6306802367183563,0.6316414744186909,0.6334143420923127,0.6368104309223415,0.6424871756787349,0.18192211869902053
GOOG,2021-10-27,0.6775711953845328,0.6786039718261505,0.6912521813851739,0.6431222654617854,0.6375694414630433,0.3832121770588035
GOOG,2021-10-28,0.6754992099166387,0.6765288257734137,0.6794205512861614,0.677327134666446,0.6892733289050081,0.21741578785706975
GOOG,2021-10-29,0.6903638251339145,0.6914159275865994,0.6877240667919692,0.6801628755234741,0.6768376105070237,0.18786048257738644
GOOG,2021-11-01,0.6591528344647942,0.6601575219682075,0.6862324402807706,0.6689957836459965,0.6953269258614636,0.21617009658373434
GOOG,2021-11-02,0.6736528862323766,0.6746797256358423,0.675899366061398,0.6764651708028959,0.6718702776271892,0.12127572437800757
GOOG,2021-11-03,0.6800874524889523,0.6811238905312988,0.6758295393486452,0.679367695606502,0.6821152283631828,0.0934268455001536
GOOG,2021-11-04,0.6932271227086167,0.6942835602804445,0.6970649620562442,0.690496027026239,0.6885812942104759,0.15156479301047746
GOOG,2021-11-05,0.6971001285481496,0.6981626185027279,0.701401893855028,0.7046887967406428,0.7036349687648413,0.11494488242722092
GOOG,2021-11-08,0.6978670794396792,0.6989308139591468,0.7046418533267512,0.7079819324729477,0.7081542070466902,0.0977099757687451
GOOG,2021-11-09,0.6971522700966403,0.6982148074235452,0.7000586624341373,0.6966319900150484,0.7063786815341775,0.08480939217091568
GOOG,2021-11-10,0.6789490999118616,0.6799839020515788,0.6883318257070882,0.6812781244834512,0.6942417284227811,0.13456878604825775
GOOG,2021-11-11,0.6797959726850943,0.6808319720148581,0.6869502162456006,0.6909147688134645,0.6879311783869289,0.04716562574656155
GOOG,2021-11-12,0.6999075449141209,0.7009745617993595,0.6964326838374107,0.6892224077749398,0.6929956819829652,0.08627691887648886
GOOG,2021-11-15,0.6981205215565235,0.6991845454603556,0.7007469086288415,0.7046923399403808,0.7081542070466902,0.0794512132691717
GOOG,2021-11-16,0.6959549377351913,0.6970156290702154,0.6962440984101445,0.7025638432250074,0.7023557498851365,0.08803453807037304
GOOG,2021-11-17,0.6958577065689483,0.6969182521813735,0.6948014039007068,0.7040626167142072,0.7027646988707772,0.0712774308044094
GOOG,2021-11-18,0.7072898479229767,0.7083677800983756,0.708662592713284,0.7071270550088737,0.702184447832205,0.16827070748438622
GOOG,2021-11-19,0.7020387238612441,0.7031087916506638,0.7103393932703627,0.7133825204615758,0.7151445254407816,0.10946725367734891
GOOG,2021-11-22,0.682090093971251,0.6831295574313219,0.702615812600241,0.6931030704456287,0.7091451136916047,0.15077983686563598
GOOG,2021-11-23,0.679858478434822,0.6808945562898217,0.6813034206001115,0.6782136861887844,0.6879732039217077,0.09547455718234873
GOOG,2021-11-24,0.6795842010680683,0.6806199280052776,0.6764547815933694,0.6803915729611125,0.6826395875737747,0.08129415378314733
GOOG,2021-11-26,0.6524338403350992,0.6534282273590181,0.6645567361629906,0.6612978064211474,0.6733109854907908,0.08579911948397667
GOOG,2021-11-29,0.6753951405145281,0.6764245540068217,0.6754906399290411,0.6740550433931913,0.6682988538175372,0.16501143305689225
GOOG,2021-11-30,0.6499767767099089,0.6509672863773949,0.6738592533866689,0.6583458915605866,0.6763500503053117,0.2956725026449609
GOOG,2021-12-01,0.6441877826582125,0.6451695427897837,0.6729555571362807,0.6543632276853173,0.6676976966753696,0.18378212347701445
GOOG,2021-12-02,0.6591702505967696,0.6601749182751466,0.6602111693050726,0.6507182414820538,0.6510013996956348,0.12212893757892224
GOOG,2021-12-03,0.6504520341027097,0.6514434572423305,0.6639698719588635,0.6519003817582978,0.6696759900600011,0.1685266714446606
GOOG,2021-12-06,0.6593089385679601,0.6603138765805745,0.6579510225309214,0.648361047329042,0.6632344568852946,0.13021739872359306
GOOG,2021-12-07,0.6887395304204799,0.689789266812755,0.6855372647176255,0.6839344505901064,0.6798433962178618,0.1392614586532883
GOOG,2021-12-08,0.6934874030613286,0.6945442927344456,0.6915211474863571,0.6944717118717214,0.6964908411800108,0.10262448380601344
GOOG,2021-12-09,0.6892219465914545,0.6902724386304833,0.6946546078954238,0.6967868171066327,0.6954038304568331,0.09934814511450121
GOOG,2021-12-10,0.6931714551947566,0.6942279769582733,0.6932223607414819,0.6955799818019113,0.7018629631575257,0.12540527627043446
GOOG,2021-12-13,0.679493808137693,0.6805295520692285,0.6873712020298145,0.6885610104905018,0.6972772733321049,0.14647964233302618
GOOG,2021-12-14,0.6674580856209101,0.6684752903360094,0.66556980982908,0.6595878367536214,0.6715948717114553,0.1522302993071909
GOOG,2021-12-15,0.6841028859599158,0.685145513610449,0.6800685005382386,0.662845862597613,0.6687707344415523,0.1735776935940753
GOOG,2021-12-16,0.666541548319776,0.6675576351449739,0.6872943393429526,0.6726055525912573,0.6947117957623008,0.17460154943517286
GOOG,2021-12-17,0.65241300508519,0.6534073305756828,0.6587097350723882,0.65638972319611,0.6572261920412277,0.31114979010955257
GOOG,2021-12-20,0.649626210274257,0.6506162840623867,0.6457875289864143,0.6455675027598036,0.6430016151564983,0.11371625541790384
GOOG,2021-12-21,0.6622519443294944,0.663261489856322,0.6603302478365912,0.6560168282661014,0.6602704833816475,0.10760724889935497
GOOG,2021-12-22,0.6811910796495276,0.6822292985472254,0.6785716503492921,0.6716943060404414,0.6669113711870693,0.09813658236920242
GOOG,2021-12-23,0.6825341519129057,0.6835744361587757,0.6874417749822456,0.6927185795892046,0.687808835015377,0.05871813248694584
GOOG,2021-12-27,0.6889303599401612,0.689980414039,0.6864210257080369,0.6948235623426797,0.6904232712665606,0.05392307429780553
GOOG,2021-12-28,0.6777135161685278,0.6787464306079747,0.6860577135903864,0.6855739857416274,0.6967914197510947,0.09972355892290366
GOOG,2021-12-29,0.6781057531039981,0.6791392264896536,0.6777385270513349,0.6825412215052253,0.68319530593976,0.08605508344425106
GOOG,2021-12-30,0.6746213513871308,0.6756494636726527,0.6768914384108272,0.6843284973488544,0.6833385554149076,0.05155114159926283
GOOG,2021-12-31,0.6654382417015069,0.6664523332040897,0.6720183867060386,0.676721999099061,0.6770053926547579,0.08840995187877548
GOOG,2022-01-03,0.6681798400472522,0.6691981917493612,0.666324364749482,0.6684539961951403,0.669536153826257,0.15595030886317873
GOOG,2022-01-04,0.6636126464197188,0.6646240237748113,0.6737300473166593,0.670660980153196,0.6770508314309402,0.13644585509026996
GOOG,2022-01-05,0.6166695462050515,0.6176094435215769,0.6575772630577753,0.6263822572447832,0.6674775426048525,0.3643732295826081
GOOG,2022-01-06,0.6159581559799464,0.6168968313873292,0.62535548659531,0.621034495143159,0.6207577342583572,0.1886795672502645
GOOG,2022-01-07,0.6121647514798103,0.6130977537469484,0.6153559815121252,0.6141773299531208,0.6236062975370529,0.10641275041807446
GOOG,2022-01-10,0.6230590228438748,0.624008526524051,0.6180475614259863,0.5955409582884326,0.6039914658298535,0.23173270536841747
GOOG,2022-01-11,0.633078534254059,0.6340433316017466,0.6298512608398976,0.6213863456141173,0.6255321123351079,0.14134329886352
GOOG,2022-01-12,0.6443959214624336,0.6453780863229678,0.6472110344755536,0.6516330312326077,0.6491175037685653,0.14253779734480052
GOOG,2022-01-13,0.6269250836001047,0.6278805837935421,0.6498047503858925,0.6361666422669048,0.6511167032567922,0.16748575133954474
GOOG,2022-01-14,0.6314749679430982,0.6324374615361952,0.6359365255992059,0.6262169079236737,0.6207752271205496,0.14410770963448347
GOOG,2022-01-18,0.607208633187305,0.6081341842920736,0.6093248724323259,0.6129670588183505,0.6144839832313849,0.17444797105900822
GOOG,2022-01-19,0.6027768152604636,0.6036954741465553,0.6163673494875213,0.6121437480428518,0.6168502128342677,0.11825534964676973
GOOG,2022-01-20,0.5878845265574109,0.588780580672284,0.6129614049902167,0.5955690891469592,0.6138828260892173,0.12793078734514182
GOOG,2022-01-21,0.5641839489722292,0.5650438502291473,0.5909433900714464,0.5734496447700681,0.589402632089109,0.2984881062079793
GOOG,2022-01-24,0.5661273969752987,0.5669903272555604,0.5631231484427697,0.5357402289153981,0.5405787737450272,0.41135114842496845
GOOG,2022-01-25,0.5408860259474723,0.5417103640593571,0.5530625583116349,0.5479560542304973,0.5574114937171026,0.2480461417699055
GOOG,2022-01-26,0.5582701571159484,0.559121044166651,0.5772987173712364,0.5534129576210227,0.5724895942802608,0.27894952390703387
GOOG,2022-01-27,0.5574441730163426,0.5582937649116648,0.5759186003891054,0.5660190180709093,0.5778616095939815,0.19890106139722194
GOOG,2022-01-28,0.5863784051075639,0.5872720874955744,0.5812321467154115,0.5642563298860683,0.5683478391648651,0.20120473703969147
GOOG,2022-01-31,0.6030994945154677,0.6040187908755204,0.5985098339864574,0.589443755757364,0.5976931821302947,0.2313914200880516
GOOG,2022-02-01,0.6182312283213232,0.6191735200204577,0.6149734803741763,0.6055874327214819,0.6231170307146394,0.37770041978089486
GOOG,2022-02-02,0.6887395304204799,0.689789266812755,0.7120860205401939,0.6829141164352339,0.7211806295350445,0.7065799802054538
GOOG,2022-02-03,0.6513544675423669,0.6523472166028232,0.6912501558774756,0.6593240294276694,0.6752647462028356,0.42655540766526745
GOOG,2022-02-04,0.653891666744131,0.6548881381663492,0.6592347679888869,0.6425242162938765,0.659340801754406,0.36080679840278496
GOOG,2022-02-07,0.6255855373020959,0.6265389466583882,0.6544228013320484,0.6346538033484419,0.6641781114695311,0.32143954131258323
GOOG,2022-02-08,0.6274943667360855,0.6284506310709232,0.6264110959230608,0.6218049800316536,0.6311995863578075,0.23309784648988088
GOOG,2022-02-09,0.6430424849978187,0.6440225533572711,0.6427484145938149,0.6464611406816181,0.6441910231217773,0.1850790075424047
GOOG,2022-02-10,0.6232567974468591,0.6242065686280464,0.6375469108249181,0.6300870483648375,0.6347558639087321,0.22253506706255763
GOOG,2022-02-11,0.592212595624448,0.5931150190512102,0.6225416299798806,0.5965823369023555,0.6295131251131636,0.27193611139551555
GOOG,2022-02-14,0.6003336418018794,0.6012485350705172,0.6007664627735538,0.5966773590771488,0.5918737122013513,0.16941401317361182
GOOG,2022-02-15,0.6081457920434775,0.6090727362664444,0.6128775063292452,0.612421728167756,0.620575979153628,0.16758813692365448
GOOG,2022-02-16,0.6155171966139193,0.6164554531362717,0.613198922419244,0.607384586576502,0.613299055145448,0.15932903313880073
GOOG,2022-02-17,0.5795690180474935,0.5804524169503357,0.605468305775013,0.5889370781948213,0.6113382546230088,0.20504419644380736
GOOG,2022-02-18,0.5667904921595887,0.5676542509453871,0.5844005737836886,0.5756031586229859,0.5895809739524349,0.21263779393194773
GOOG,2022-02-22,0.5593979317969313,0.5602506372922245,0.5709637821367118,0.5575469053881383,0.5682429886555056,0.27277226033241186
GOOG,2022-02-23,0.5467825085192132,0.5476158798899566,0.5699034821595548,0.5558757498631977,0.5758869427783411,0.1663424456503191
GOOG,2022-02-24,0.582102584436453,0.582989731962423,0.5789021732285077,0.5366025685728597,0.5333962471944089,0.30911914269137575
GOOG,2022-02-25,0.594916049435744,0.5958226905812496,0.5953344775497391,0.5858621176706296,0.5929921887437164,0.16467014777652642
GOOG,2022-02-28,0.5974945985950203,0.5984052996364039,0.5970915521750662,0.5933227005130284,0.5913075407835682,0.19402068188799018
GOOG,2022-03-01,0.5924761882476582,0.5933791459065655,0.6003786313521887,0.597215603328267,0.5996644357045318,0.15105286508992868
GOOG,2022-03-02,0.5965263471351371,0.5974354555245512,0.5969168254846821,0.5975955846577519,0.6005609448918843,0.14530220811576397
GOOG,2022-03-03,0.5934478588254753,0.594352384419772,0.6045901948850227,0.5975850624282266,0.6101394602438708,0.10958670352547695
GOOG,2022-03-04,0.5782746682146723,0.579155861708164,0.5870205146884355,0.5763169523156715,0.5919926423314998,0.14939763148015428
GOOG,2022-03-07,0.539004976846695,0.5398264713079076,0.570986489144065,0.5481812621532423,0.581657454025905,0.2750930002388997
GOOG,2022-03-08,0.54465506923233,0.5454852035525698,0.5663928508959554,0.5443163828268409,0.5421376650922201,0.24157878570697247
GOOG,2022-03-09,0.5903798415644858,0.5912797086691393,0.5870169967013807,0.5740617593672404,0.5781342422510753,0.21605064673560628
GOOG,2022-03-10,0.5821615642208113,0.5830489218360327,0.5824058751236659,0.5833008137387676,0.5785711371507061,0.1478618477185079
GOOG,2022-03-11,0.5668458391311423,0.5677098342675583,0.5870274440568766,0.5755288587981755,0.596305592836033,0.1677758438278557
GOOG,2022-03-14,0.5409241170582038,0.5417486041121103,0.5648522923829957,0.5482023602971371,0.5723532779517138,0.19895225418927684
GOOG,2022-03-15,0.5611889085096397,0.5620442601826671,0.5612978461897149,0.5492930215983256,0.5525602110449825,0.1992764752056244
GOOG,2022-03-16,0.5891616739531276,0.5900597396075165,0.5840302256919288,0.5678203593438016,0.5753381575589565,0.214344220333777
GOOG,2022-03-17,0.5954782806409863,0.5963857369058382,0.5907967006718317,0.5925749779986085,0.5915626805784697,0.14554110781202007
GOOG,2022-03-18,0.6107556475013354,0.6116865313840383,0.6059853432663875,0.5940738588574974,0.5954982545803433,0.33244599160438215
GOOG,2022-03-21,0.6085136677636693,0.6094411348883917,0.610659362188414,0.6058917184201988,0.6162140699677154,0.1680488720521484
GOOG,2022-03-22,0.6348828668961963,0.6358507442476897,0.6380289816570822,0.6191803279832628,0.6137849087264582,0.19487389508890482
GOOG,2022-03-23,0.6225694478947262,0.6235183537535304,0.6277238381228106,0.6309068159405979,0.6322288919685097,0.15670113647998363
GOOG,2022-03-24,0.6420636556418278,0.643042313891272,0.6373058754088361,0.6300124264309601,0.6331656134061456,0.11610525238046485
GOOG,2022-03-25,0.6435179560854903,0.6444987242222068,0.641239304753011,0.6416938191189017,0.6505120262094275,0.10523531620081225
GOOG,2022-03-28,0.6464922681456061,0.6474775235603939,0.6413580634675248,0.6425991603368209,0.643035854234326,0.14366403877000786
GOOG,2022-03-29,0.6555157477626948,0.6565147989401936,0.6566306047230522,0.6612871768219333,0.6603439747356139,0.18550561414286204
GOOG,2022-03-30,0.6513129038899839,0.6523055291111949,0.6518657577716133,0.6590636579317666,0.6583132027644054,0.12038838264905635
GOOG,2022-03-31,0.6305241326151904,0.6314851198063239,0.6460250464154417,0.6411274440092571,0.6553668287867447,0.19265554076652677
GOOG,2022-04-01,0.6378158289988,0.6387878560942485,0.6341863803423199,0.6353433314914063,0.6383208878907527,0.1411555919593188
GOOG,2022-04-04,0.6582400368239002,0.6592433672535684,0.6558008928064815,0.649609971551864,0.6440144945429469,0.10358008259103785
GOOG,2022-04-05,0.6403353983737179,0.6413113813508354,0.6526307600475109,0.6504473477566257,0.6620146497387671,0.10511586635268422
GOOG,2022-04-06,0.6133552456053917,0.6142899311474856,0.6264907303572993,0.6186040748622272,0.6323896343058493,0.14195761236817855
GOOG,2022-04-07,0.6084198557153602,0.6093472584759462,0.611490779795678,0.6076210146317507,0.6146097398443402,0.10675403569844033
GOOG,2022-04-08,0.5913830321357553,0.5922842393198278,0.6013498089906264,0.5998473417761341,0.6120373291279355,0.08103818982287295
GOOG,2022-04-11,0.5621329056016798,0.5629896009597458,0.5782188308945466,0.5707510150059341,0.5886197198422123,0.1471963414217945
GOOG,2022-04-12,0.5522625532113584,0.5531042556166669,0.574615879122178,0.5563858632557892,0.5852888228877036,0.1370942971229651
GOOG,2022-04-13,0.565530654048412,0.5663924883170938,0.5622655058410978,0.5624556328313102,0.5587466044247875,0.1075560561073001
GOOG,2022-04-14,0.5444781298792549,0.5453078991193464,0.5626463012883535,0.5531174225519617,0.5728880902141036,0.1411897204873554
GOOG,2022-04-18,0.5493924174007887,0.5502297280450718,0.548685542781561,0.5493665698353125,0.5502429401234794,0.06810347769700692
GOOG,2022-04-19,0.5672311309833095,0.568095735271487,0.5639981677683785,0.555509833962976,0.5549054278804757,0.1346711716323675
GOOG,2022-04-20,0.5513671717024398,0.5522074972089668,0.5711226245825156,0.5586238770539753,0.5773233840901886,0.13373263711136138
GOOG,2022-04-21,0.5284058180992931,0.5292111705611632,0.5598324446729241,0.5357968664263626,0.5638041748742233,0.19813316951639878
GOOG,2022-04-22,0.49145460923275097,0.49220360372453875,0.5259095082581682,0.4970288391226801,0.5333962471944089,0.3367973789290468
GOOG,2022-04-25,0.5166925611426436,0.5174801194818669,0.510720812360778,0.49441648090368334,0.49445665596739924,0.23536739360431388
GOOG,2022-04-26,0.49070491420204354,0.491452804575059,0.5070319364197398,0.49717904931763607,0.5176680308077035,0.36225726084433985
GOOG,2022-04-27,0.45957037287297475,0.4602708260246524,0.47035276375328394,0.45469501076139546,0.4591101413001943,0.4718439643698167
GOOG,2022-04-28,0.49004903121964527,0.4907958818380248,0.49088261684507617,0.46890640911684617,0.4782775717240682,0.254718269001058
GOOG,2022-04-29,0.45919555206947993,0.45989542644991255,0.48055306061275815,0.4657406675205778,0.48151412455291204,0.2283027883007406
GOOG,2022-05-02,0.4744002092500176,0.47512318826148126,0.4692314320310109,0.45663179889700184,0.45584916246255763,0.19917408962151464
GOOG,2022-05-03,0.48115040283085875,0.4818837750081525,0.48292850141720245,0.47934236709685935,0.47583097095251564,0.12183884509061124
GOOG,2022-05-04,0.512007301098958,0.5127876778351399,0.5097776187102756,0.4730903911590509,0.4844884977764599,0.22436094331251497
GOOG,2022-05-05,0.4715506949944861,0.47226950443570026,0.49643517307976603,0.46917805443009747,0.4999860003770565,0.30847070065868065
GOOG,2022-05-06,0.46400929615427233,0.4647164840854421,0.47034226309495397,0.4618634943647824,0.4671210188738916,0.24209071362752124
GOOG,2022-05-09,0.4461288052244977,0.44680878936739843,0.45681917415946827,0.4506647821138848,0.45163396932509287,0.23535032934029557
GOOG,2022-05-10,0.45654407953552134,0.4572398908031692,0.4647006911272129,0.4565178259720943,0.47076646735647915,0.20666530152554521
GOOG,2022-05-11,0.45221622416335516,0.45290545242424296,0.46456093109603924,0.45839448708184266,0.4544790660304882,0.2522610149824238
GOOG,2022-05-12,0.44666330952024536,0.4473440970684226,0.4518839180472123,0.43350962899423967,0.44208873307678914,0.2945974540118085
GOOG,2022-05-13,0.4699475026495493,0.47066368740766995,0.4744398651683489,0.4608572793240176,0.462413039008816,0.19454967407255727
GOOG,2022-05-16,0.457987855506794,0.45868585274243634,0.4641172916073062,0.4632145271618739,0.4661773642896551,0.1394662298215078
GOOG,2022-05-17,0.4712384867881544,0.47195668913592415,0.46844894642550794,0.4702687157312861,0.47906400387616227,0.12491041261390398
GOOG,2022-05-18,0.44138798451438754,0.4420607643985003,0.4577466434738928,0.44778330176932896,0.46515328520485183,0.1795672502644961
GOOG,2022-05-19,0.42989686337600075,0.4305521526829309,0.443018057640992,0.43600409529467904,0.4414106713392519,0.1898911299955633
GOOG,2022-05-20,0.419953801305868,0.4205938277107417,0.43576956513175913,0.4071892918491213,0.44311979864008993,0.26150984608033856
GOOG,2022-05-23,0.4362898125564756,0.4369546831242802,0.43196539516042787,0.42675977980838914,0.42926843837005985,0.21007815432920382
GOOG,2022-05-24,0.39644410666408525,0.3970482975313713,0.39276755697413357,0.37788192995512854,0.4032190599666516,0.4560424558888775
GOOG,2022-05-25,0.39584373092439384,0.3964469581165082,0.39381346518606675,0.3919779595797142,0.39458249257819983,0.2641889355312106
GOOG,2022-05-26,0.41289449809432255,0.4135238731031694,0.41065481545665994,0.40096190357010114,0.40093320153243867,0.1992423466775878
GOOG,2022-05-27,0.44415068522863055,0.44482757276462825,0.4379912272596451,0.4295445200631269,0.4270630044364138,0.19613665062625849
GOOG,2022-05-31,0.45275767354240604,0.4534477080405386,0.46290166717140013,0.45081257649083745,0.45006467825799895,0.3785365687177912
GOOG,2022-06-01,0.4534379177400827,0.4541289749997832,0.469647140834643,0.4576943293396641,0.46301424948288056,0.18509607180642298
GOOG,2022-06-02,0.4784885126719456,0.4792177909697415,0.4731334127030302,0.4559879565567206,0.45781694946349444,0.1752158629398314
GOOG,2022-06-03,0.4564018121752439,0.45709737898382385,0.462419596339236,0.45852112963005615,0.47043095639290783,0.154568103477697
GOOG,2022-06-06,0.47338328878329516,0.47410476178024996,0.48361664100623813,0.47864784626335494,0.4756736951884762,0.14376642435411763
GOOG,2022-06-07,0.4749034072471837,0.47562720382502355,0.47208995642146845,0.46877697495671794,0.46802280791904,0.16618886727415447
GOOG,2022-06-08,0.4749622801841067,0.475686287623591,0.47835932916997337,0.4798331539454253,0.4766104166261122,0.13316951639875774
GOOG,2022-06-09,0.45885887580043416,0.459558266927926,0.47629128581014324,0.4669579713699798,0.4728705706859629,0.1382717313402273
GOOG,2022-06-10,0.43463084585024325,0.4352932297365576,0.4423857794221584,0.4387694553205465,0.4479832943166064,0.20808163543906352
GOOG,2022-06-13,0.4030416152596943,0.40365592406702955,0.4124939764465969,0.4087025065614959,0.4106881921313586,0.2544281765127471
GOOG,2022-06-14,0.4052453436154757,0.4058630805099229,0.40717723195024114,0.4070414974721685,0.40680157681086454,0.1582198559776117
GOOG,2022-06-15,0.42743285466750736,0.4280843168235574,0.43236713862150933,0.4194734042864449,0.4208486118107219,0.2240196580321491
GOOG,2022-06-16,0.40137228435222516,0.4019840222876393,0.4129969952925868,0.40310457308442676,0.41560587301515345,0.24212484215555782
GOOG,2022-06-17,0.40990650956247154,0.4105311779344394,0.41271054586179856,0.40195088577577626,0.40432004364682445,0.31210538889457695
GOOG,2022-06-21,0.43870878507093447,0.4393773840531502,0.4366288601212901,0.4277396355904965,0.42645838072094594,0.2736596020613631
GOOG,2022-06-22,0.43884058138253956,0.43950944748082776,0.4442895967499343,0.4378075302765075,0.436671225654989,0.14492679430736152
GOOG,2022-06-23,0.44335584715645315,0.44403158564712397,0.44028634069300665,0.4399515955967905,0.44916288921285047,0.15165011433056894
GOOG,2022-06-24,0.48398586664863086,0.4847235630033907,0.47829989650988236,0.4580637347547792,0.4537275662708818,0.27461520084638746
GOOG,2022-06-27,0.4706900923258005,0.4714074856043571,0.48257915464210255,0.4749357003196019,0.4909999490680384,0.22101634756492952
GOOG,2022-06-28,0.4425715335566659,0.4432460469212872,0.47284344528518707,0.4499083626546532,0.47293696889763764,0.18170028326678273
GOOG,2022-06-29,0.4403850610617066,0.4410562337478119,0.4435559898433582,0.44364581080247517,0.44356016011302096,0.09975768745094024
GOOG,2022-06-30,0.42036671322009433,0.42100741430071364,0.42724462965284105,0.41378254234351847,0.4320331105748885,0.2654346268045459
GOOG,2022-07-01,0.41834334333532175,0.4189810097299189,0.41660101312163866,0.412340084256216,0.4169165577140455,0.2055561243643562
GOOG,2022-07-05,0.45170260854123445,0.45239104150655407,0.4462674517143618,0.4063202415860951,0.41116705923387126,0.2513736732534726
GOOG,2022-07-06,0.460910026018419,0.46161251619732746,0.4623322329940439,0.4485468076280366,0.4571458742044548,0.1869902051124535
GOOG,2022-07-07,0.48931669889719553,0.49006247899548416,0.48685489478726796,0.47165136890179754,0.47053932680746463,0.21541926896692945
GOOG,2022-07-08,0.49530346755187626,0.496058370762133,0.4908581508441956,0.4855838208051427,0.48131839649118785,0.1889525954745572
GOOG,2022-07-11,0.4699960113852354,0.47071232281456976,0.47939681553410896,0.47658049658588547,0.4890077360583088,0.168782635404935
GOOG,2022-07-12,0.4583834581364803,0.45908209606299033,0.4727945665862603,0.46518476095561384,0.47634477044751594,0.153868468652947
GOOG,2022-07-13,0.43990264489073194,0.4405730619300836,0.45398335677636403,0.44553863105042285,0.4469889210983918,0.2732159311968875
GOOG,2022-07-14,0.4347177128152494,0.4353801582337318,0.43183965377463884,0.42796478982839686,0.4343154491039041,0.21697211699259414
GOOG,2022-07-15,0.4439284959866501,0.4446050803633802,0.4459034999627014,0.44553514153552937,0.44925376676521506,0.23372922425855772
GOOG,2022-07-18,0.42409766539422056,0.4247440137411731,0.4514892105602403,0.4277853750780242,0.452588183624921,0.22540186341763083
GOOG,2022-07-19,0.4567904162979095,0.4574866743891065,0.45155903727299296,0.4362292495325794,0.44063474557085264,0.20525152725162962
GOOG,2022-07-20,0.4573457024198486,0.45804277279842376,0.4621785609231539,0.45565022519987003,0.4569221468968436,0.16931248080270297
GOOG,2022-07-21,0.4597056951499492,0.4604063899287263,0.45435365156528973,0.44615085301728413,0.464122166309654,0.1734736015835637
GOOG,2022-07-22,0.41333876973084815,0.41396880486814436,0.44017104666271356,0.4158231569684189,0.4411939305101383,0.32011962049076825
GOOG,2022-07-25,0.4122976483200004,0.41292603416470264,0.42200613371703555,0.41167160057230184,0.420712295482175,0.18219429371011228
GOOG,2022-07-26,0.39307061258519616,0.39366975439623375,0.402164420214279,0.3958392957063774,0.4105763551435015,0.25332411863076343
GOOG,2022-07-27,0.449710438107608,0.45039587603572007,0.4486945962679435,0.4215931503721621,0.42574533325902425,0.29468789461110545
GOOG,2022-07-28,0.4565822240699705,0.45727807781840124,0.45079051701004047,0.44573565442979685,0.44811438411925436,0.1396522302993072
GOOG,2022-07-29,0.4708115244361688,0.4715291536778883,0.46616086896625575,0.45543913639123274,0.4523085644893297,0.20818572744957511
GOOG,2022-08-01,0.4627598756680502,0.46346516984881625,0.4676979094921607,0.4657125366620513,0.4671979234692612,0.13583324801201324
GOOG,2022-08-02,0.4656751010963722,0.46638488538843603,0.46741844273264765,0.4626868051402809,0.45950858390214017,0.09364014880038224
GOOG,2022-08-03,0.4856655617573369,0.48640586013692755,0.4837668483929076,0.4759859369328699,0.47286006430226807,0.15670796218559094
GOOG,2022-08-04,0.4862902987123068,0.48703154377400093,0.48432578191193376,0.48696298446076064,0.4865611352867562,0.0752679089450872
GOOG,2022-08-05,0.4817786657511979,0.48251290608410113,0.4798544203653925,0.4799264045203498,0.47698437988736836,0.0740563461997884
GOOG,2022-08-08,0.48122332620554087,0.48195675463726273,0.49382743852404243,0.48780739338015405,0.49229319423663526,0.08638868980580869
GOOG,2022-08-09,0.4767810372300273,0.477507649137598,0.4752432987876777,0.4788709067923192,0.484394100318898,0.07242329613323778
GOOG,2022-08-10,0.49864570875590164,0.49940562175978864,0.5002550140843411,0.4985733520994075,0.49557859908306473,0.11570424217603495
GOOG,2022-08-11,0.4928844416136997,0.493635669833263,0.5041674421118562,0.4999103194672359,0.5129845302833176,0.08306542438824613
GOOG,2022-08-12,0.5125279152280995,0.5133090897056214,0.5063332961723741,0.5058914016796163,0.506553450160409,0.07836848571721103
GOOG,2022-08-15,0.5141243227608865,0.5149079588183803,0.5105950709749891,0.5141241873255342,0.5138932524750666,0.07328248182655883
GOOG,2022-08-16,0.5115561912265647,0.5123358511924148,0.5103714655856781,0.513877934943739,0.5146621917649685,0.07414593358588445
GOOG,2022-08-17,0.49635511343511407,0.4971115368197212,0.5028400416327117,0.5044840534806274,0.5049456534637333,0.09089450871983892
GOOG,2022-08-18,0.5001033214700625,0.5008654795295986,0.4996262538525623,0.4999103194672359,0.5000524519206282,0.07436606259172043
GOOG,2022-08-19,0.4810844779631973,0.4818177432943137,0.4878190364515962,0.48668151482096283,0.4975359330322036,0.11305928125319956
GOOG,2022-08-22,0.45991399422532353,0.4606149334619104,0.463366254673959,0.4655717749997302,0.47118240282061735,0.10562779427323299
GOOG,2022-08-23,0.45783164455619263,0.4585293920550271,0.45938394663085713,0.4629682747800787,0.45873964461223843,0.06360448448858401
GOOG,2022-08-24,0.4573457024198486,0.45804277279842376,0.4578958381067132,0.459309223147552,0.4596483668039874,0.07777208968977167
GOOG,2022-08-25,0.4781691991111575,0.47889797471717277,0.4723089777670414,0.4682457097353869,0.46454162167898944,0.06773403638101089
GOOG,2022-08-26,0.4337458285425615,0.43440691972052514,0.46406489492132463,0.4412955956792504,0.4691552040865033,0.21127862530289068
GOOG,2022-08-29,0.42708234165557324,0.4277332084335068,0.43164749705748373,0.4313739921945457,0.4339939110973277,0.11475802873622062
GOOG,2022-08-30,0.42409766539422056,0.4247440137411731,0.42752548228604237,0.4242670851078187,0.4357414906958506,0.11614108733490325
GOOG,2022-08-31,0.41882234038836264,0.4194606810712508,0.430320043275505,0.42602623009292145,0.43993567106592596,0.1617862871574349
GOOG,2022-09-01,0.42853995436973424,0.4291931192408379,0.4264774952635768,0.41997476704938047,0.42294919523500835,0.13522064093375655
GOOG,2022-09-02,0.4155600210660404,0.4161933576179767,0.4296563696873499,0.41955253574726165,0.4379084723318118,0.11673748336234258
GOOG,2022-09-06,0.4072306758132346,0.4078512980654856,0.4101290363004827,0.4081533106020964,0.41550454241099105,0.11628528036585783
GOOG,2022-09-07,0.4280541190808257,0.4287064999842346,0.424870574722085,0.4159287013727376,0.4128831730132068,0.13695095730521142
GOOG,2022-09-08,0.4206963909821192,0.42133762590742885,0.42200613371703555,0.41905997729882666,0.4228094123331611,0.12563308419507868
GOOG,2022-09-09,0.43707749185047895,0.43774372232651315,0.4319269638169968,0.432710959562374,0.4288910085355034,0.12624910412613904
GOOG,2022-09-12,0.4377023356528843,0.43836940596358664,0.43639832536353806,0.43925498105434996,0.4424521899543506,0.10918484010784615
GOOG,2022-09-13,0.3921682859929744,0.39276599503574106,0.41355246412739255,0.3975280598603195,0.42078221359904705,0.22250947066653018
GOOG,2022-09-14,0.3960553422702665,0.3966590021260886,0.3907065495884129,0.3940097698901141,0.39666563647219094,0.12951605747244122
GOOG,2022-09-15,0.38238132802600755,0.38296407771344,0.3914750698513654,0.38563622258187485,0.39365979742945584,0.16687911675369443
GOOG,2022-09-16,0.38050711716109786,0.38108707983974077,0.37624447792632365,0.3753980395690589,0.37939954150568206,0.49148578546807276
GOOG,2022-09-19,0.3820342341320072,0.3826164697997857,0.3761745979107368,0.37902187394358294,0.37639370246294696,0.10923347326029828
GOOG,2022-09-20,0.36801307257003024,0.36857399051100403,0.3702360758538774,0.3702261490180692,0.37877038511762745,0.1456068052284905
GOOG,2022-09-21,0.3553801263129013,0.3559218368017971,0.37247175662714804,0.36227477932710445,0.37429658561196083,0.16774854100542644
GOOG,2022-09-22,0.35926728943762887,0.35981479085462353,0.35982619225047685,0.358193603762148,0.3547935908926186,0.12232261697552985
GOOG,2022-09-23,0.3495495686088218,0.3500823526850364,0.34885737512805004,0.34834238110860377,0.359057689379566,0.15973004334323063
GOOG,2022-09-26,0.34705083448381313,0.34757972421178485,0.3511629359169075,0.3509458813282554,0.3489217490408925,0.1322642571925873
GOOG,2022-09-27,0.3420530991152071,0.34257446726528173,0.351302642645247,0.34362783174804673,0.3580091842859699,0.1475120303061329
GOOG,2022-09-28,0.36044720566710253,0.3609965729010143,0.3578699782367194,0.3468647057632989,0.3447974334557922,0.1508566260537183
GOOG,2022-09-29,0.3420530991152071,0.34257446726528173,0.3431983198307038,0.33785783834430355,0.3537450857990225,0.12785826422306407
GOOG,2022-09-30,0.3285873305226047,0.32908813942333837,0.34455370429778354,0.33440992920525864,0.34277028805357507,0.16502679089450872
GOOG,2022-10-03,0.35045194862476137,0.3509861120455291,0.3478792681211713,0.341376128314509,0.3392052107396574,0.15275929149175796
GOOG,2022-10-04,0.37203903051338383,0.3726060089443006,0.3670921680893149,0.3696632097384737,0.36590822487181013,0.13348435206989523
GOOG,2022-10-05,0.37072015919413104,0.3712851625174397,0.3672318748176544,0.3605156343420018,0.36346162410025756,0.0984565373195454
GOOG,2022-10-06,0.3708589540127569,0.37142417386038873,0.3741485571842267,0.37290003006888134,0.36912376493326443,0.08720009555987851
GOOG,2022-10-07,0.3523260526422356,0.35286305688170716,0.3580096849650588,0.35678625556315907,0.3631820049646663,0.14772448039316066
GOOG,2022-10-10,0.3463565932720948,0.3468845614219974,0.34801897484951083,0.3473572642117339,0.3575897289166345,0.08185642128255008
GOOG,2022-10-11,0.3417755629016729,0.3422964445793837,0.34892725514363687,0.34299456532213507,0.3464052301524679,0.12526620251868537
GOOG,2022-10-12,0.34351081867680355,0.3440343780726127,0.3456296220053502,0.345949916012745,0.346545013054315,0.08879731067199073
GOOG,2022-10-13,0.3532977766437704,0.3538362953949138,0.35179169614868633,0.32906211341878994,0.330187693611452,0.22077915429507525
GOOG,2022-10-14,0.3357366526985014,0.33624841692943885,0.3571014579737669,0.3414465091456696,0.3630072363384346,0.13385891266509675
GOOG,2022-10-17,0.3607249021517899,0.3612746486244335,0.3604549524822557,0.35889725101922015,0.35528291104692916,0.13971878092897855
GOOG,2022-10-18,0.36495883862821143,0.3655152105909141,0.3775719317083023,0.366918947856501,0.3861801588810541,0.12520477116821951
GOOG,2022-10-19,0.35732378801084164,0.3578683138282104,0.359679449548028,0.3597768235117715,0.3635314888852326,0.12489078871028292
GOOG,2022-10-20,0.3589895929529415,0.35953671513120433,0.36904838210307245,0.3621340713496279,0.36437034629200654,0.15519180232756563
GOOG,2022-10-21,0.3655836824306168,0.36614089422798757,0.35940701876262426,0.34989043728506936,0.3478731906153994,0.18815654755810382
GOOG,2022-10-24,0.3759260333669582,0.37649896299712693,0.3697470223504381,0.36445615561432615,0.3732480271864677,0.15140097607590186
GOOG,2022-10-25,0.38953070362562203,0.3901243552195405,0.3837200405090879,0.3835956079569744,0.3817063593753875,0.19601890720453227
GOOG,2022-10-26,0.31935549840642397,0.31984232051035466,0.33788855800562334,0.32413652893444006,0.335989670678203,0.5509052592061704
GOOG,2022-10-27,0.3039461215395989,0.304409462604477,0.314344003219278,0.30534887337790567,0.31886335861354137,0.40186768369680215
GOOG,2022-10-28,0.33157206020767505,0.33207738715319324,0.32615122062024404,0.30832532221241044,0.30642060040516245,0.24539179550186
GOOG,2022-10-31,0.31824503300998097,0.318730070654199,0.3225880860649948,0.32279956156661177,0.329139135185959,0.1956648237261527
GOOG,2022-11-01,0.2893698341268358,0.2898108318688569,0.3212955989422266,0.2950050922759266,0.3278109576248746,0.30958499709907517
GOOG,2022-11-02,0.26556166117417424,0.26596638222025304,0.2873062471961044,0.270940001764084,0.2950963187391486,0.3124261970581209
GOOG,2022-11-03,0.24071225996322954,0.24107916186820744,0.2541203290693109,0.24588974067052688,0.26318549820391507,0.35471826900105796
GOOG,2022-11-04,0.26299336936869944,0.2633942215567663,0.25537790283570283,0.24891547219229732,0.2573485887446764,0.28358503122760315
GOOG,2022-11-07,0.27652869564176796,0.2769501346264659,0.2708180815046708,0.2705881512931256,0.2701408308736218,0.17033463021739872
GOOG,2022-11-08,0.2783334022499292,0.27875760030993,0.2810532917205214,0.2754434086311594,0.2828632615494889,0.19825261936452684
GOOG,2022-11-09,0.2678522564949618,0.2682604671603205,0.274660629516599,0.27340279400625883,0.278564177338157,0.1690036176239719
GOOG,2022-11-10,0.3148438120215973,0.31532368282045475,0.3100124017039104,0.303589728392803,0.30509242284407806,0.30233780417050615
GOOG,2022-11-11,0.3326131816185228,0.33312015785663496,0.3296444751599066,0.32125155907499076,0.32165949663755716,0.20164072898535887
GOOG,2022-11-14,0.3277544013396959,0.32825391225308087,0.3283869013935147,0.3279573866883381,0.3271818545687169,0.14704361625883075
GOOG,2022-11-15,0.34642609752884324,0.3469540936122325,0.35102317588573384,0.341376128314509,0.3493411510783309,0.2124074263677008
GOOG,2022-11-16,0.3483001481225998,0.3488310384484107,0.347040867842632,0.3475824184496343,0.3447974334557922,0.15122521415651344
GOOG,2022-11-17,0.34489903398165156,0.3454247036521876,0.3444558935970957,0.3419390675941046,0.33892559160406616,0.1269811610525238
GOOG,2022-11-18,0.34004025370282465,0.34055851108615465,0.3422202128238251,0.339405894520769,0.3517178870649084,0.15386761543974609
GOOG,2022-11-21,0.3263661326111301,0.326863586673506,0.33914613177201514,0.3318767561319232,0.3415818933943379,0.10034555134637044
GOOG,2022-11-22,0.3367779343805023,0.3372911876328806,0.33095791029650046,0.3230107040600935,0.33179549030812766,0.10181307805194362
GOOG,2022-11-23,0.3471201250456907,0.34764925640201993,0.3415844166179368,0.34362783174804673,0.34004401481453433,0.09072130644005325
GOOG,2022-11-25,0.33865198497425886,0.33916813246905864,0.3406831722979201,0.344964799115875,0.3479081230078869,0.013922733012525168
GOOG,2022-11-28,0.32928135803945213,0.3297833022131258,0.33292814295564266,0.33342481230838866,0.3390653745059133,0.11124620320125594
GOOG,2022-11-29,0.3236590994107471,0.32415241466707034,0.32286755282450785,0.3228699423977724,0.3306770137657626,0.11334084160950139
GOOG,2022-11-30,0.3653754902026778,0.3659322976572823,0.35821927170898504,0.32484017619151223,0.32452555277844514,0.28115166717859463
GOOG,2022-12-01,0.364195413702051,0.36475051561089156,0.36618388779518873,0.36705965583397765,0.36842474376023465,0.1265784444216921
GOOG,2022-12-02,0.3610719960457901,0.36162225653808766,0.3561233509668881,0.35650478592336127,0.35423440595333294,0.10140865499471008
GOOG,2022-12-05,0.35440845573508417,0.3549485982885906,0.36031524575391627,0.35780658971803164,0.35734509550542765,0.11108409269308214
GOOG,2022-12-06,0.33663903271444096,0.3371521232524104,0.3495560153754157,0.33954665618309016,0.35633146947242217,0.11895157161871608
GOOG,2022-12-07,0.3216462005746469,0.3221364054504221,0.32929512838480657,0.32733818569168976,0.3360595354631782,0.16818453295109384
GOOG,2022-12-08,0.31331669505068793,0.31379429286040983,0.3192345915565059,0.3187183860016553,0.3285100321298013,0.15918569332104707
GOOG,2022-12-09,0.30720854770935657,0.30767678605775106,0.3095931749132237,0.31322980855286536,0.3159973558045503,0.12754940104433296
GOOG,2022-12-12,0.31060960842658714,0.31108312085397405,0.3052964867542324,0.30534887337790567,0.31033516163964653,0.17443858571379817
GOOG,2022-12-13,0.3265049808534738,0.32700259801645504,0.34669157437036624,0.32983614150702273,0.34514697070825556,0.2376412067847514
GOOG,2022-12-14,0.3227566125473722,0.32324865530657765,0.32866636815302774,0.3197035028985253,0.32746147370430817,0.16652076720931028
GOOG,2022-12-15,0.29422856098194505,0.29467702443488986,0.30637938713307433,0.2950050922759266,0.31348083691612566,0.1822702296849937
GOOG,2022-12-16,0.2918685682518446,0.2923134603421085,0.29045015496066695,0.29204974158531666,0.29712346414136576,0.3545058189140302
GOOG,2022-12-19,0.2799991537683114,0.2804260016129241,0.2866075536459045,0.2844150587921522,0.2948865643885325,0.137235077301116
GOOG,2022-12-20,0.2833309239236643,0.2837628042189121,0.27668672354594337,0.27818767051313203,0.2798574225067538,0.12833009112316987
GOOG,2022-12-21,0.28763457835170525,0.2880728983756278,0.28461642627577066,0.28430951438783353,0.286847740900845,0.11433398177536602
GOOG,2022-12-22,0.27382166244138484,0.2742389626200302,0.2724948287589152,0.270447443315649,0.28125546485281333,0.1426581004061295
GOOG,2022-12-23,0.28458029098616877,0.2850141184555378,0.278922404319214,0.2752323198225222,0.2720981648227608,0.09282106412750418
GOOG,2022-12-27,0.2715310671205974,0.2719448776799628,0.2747305095321858,0.2746342169697686,0.2839117666430851,0.07282089348486401
GOOG,2022-12-28,0.26132756442659955,0.26172582025377233,0.26788370718120036,0.2664365948970086,0.27125930741598686,0.09337223985529505
GOOG,2022-12-29,0.27861104531089875,0.27903562299582807,0.27378731588168337,0.27079924010176276,0.2679738492376605,0.09679447800416369
GOOG,2022-12-30,0.2770839283399894,0.2775062860733043,0.2700495612417183,0.27108070974156057,0.27031559949985345,0.10455530527968329
GOOG,2023-01-03,0.283816919483726,0.2842494234755153,0.28905287446593564,0.28508348879122186,0.2875467620738748,0.11776475205624382
GOOG,2023-01-04,0.27694508009764573,0.2773672216928341,0.2868870204054177,0.2764989063591899,0.2957953399121784,0.1715854407699396
GOOG,2023-01-05,0.26347925808132566,0.2638808408133696,0.26571790642351656,0.2677735085799923,0.275243786767343,0.13822139176137335
GOOG,2023-01-06,0.27312752807710194,0.2735437998302428,0.2675344137089346,0.260807309470742,0.2702806671073659,0.16788334869117097
GOOG,2023-01-09,0.27756976362889796,0.2779929053299076,0.28402257940036824,0.28198743012313526,0.2831078949606957,0.1370320125592983
GOOG,2023-01-10,0.280623944146999,0.2810516322124764,0.27455583614463586,0.2687586254768623,0.2658068676016992,0.13582812873280775
GOOG,2023-01-11,0.3015861822332161,0.3020458985116955,0.2953406899950607,0.29014983493789276,0.28915450543865345,0.16264632606395688
GOOG,2023-01-12,0.2991568989412381,0.29961280222867903,0.2965284370486999,0.29599020917279656,0.30551187821341347,0.1349629705470803
GOOG,2023-01-13,0.30533444369188234,0.3057998412215729,0.2990435845814836,0.298523382246132,0.2994163090540762,0.09978072420736495
GOOG,2023-01-17,0.300892101292651,0.3013507357219082,0.2989737045658968,0.2978900621353759,0.30816818000368523,0.1365124057199413
GOOG,2023-01-18,0.29825451892529864,0.29870904286818645,0.3032913407387139,0.30183058340770025,0.3092866565460503,0.10840585645541109
GOOG,2023-01-19,0.3130391588371537,0.3135162701745118,0.30896441468144487,0.3016898217453791,0.29845164170245014,0.18575901846353368
GOOG,2023-01-20,0.35031315380613537,0.3508470476650589,0.344036666806409,0.3335655739707098,0.33032747651329925,0.39903757550936836
GOOG,2023-01-23,0.36370952498942477,0.36426389635428835,0.3578699782367194,0.35354943523275145,0.3525566911397853,0.2120729667929422
GOOG,2023-01-24,0.34982726509350914,0.3503604284084556,0.35570412417620134,0.353197584761793,0.35549266539754526,0.1745281730998942
GOOG,2023-01-25,0.3326131816185228,0.33312015785663496,0.3321596226926903,0.3290058517017371,0.3390653745059133,0.20532490358690833
GOOG,2023-01-26,0.3494801711995088,0.35001287353232247,0.34256950629609084,0.33996883380036463,0.3466149311711871,0.15021756936623323
GOOG,2023-01-27,0.36023901343916365,0.36078802936783017,0.3591275520031112,0.3550974914092169,0.3519975062004997,0.18842701614279378
GOOG,2023-01-30,0.34108132168995464,0.3416012287520751,0.34395980411954685,0.3448944182847144,0.3498654569570259,0.1487073820006143
GOOG,2023-01-31,0.35440845573508417,0.3549485982885906,0.34746009463331873,0.3467943249321383,0.34367901024532405,0.1311456946861882
GOOG,2023-02-01,0.36523664196033423,0.3657932863143333,0.3633893268057261,0.3512273509680532,0.35682078962673275,0.16600627964915873
GOOG,2023-02-02,0.41639300367266696,0.4170275847882343,0.4097098628126301,0.4083643994107336,0.40610255563783476,0.33861131019419133
GOOG,2023-02-03,0.39154365588543993,0.3921403644361887,0.40412063422803657,0.3855658954355588,0.383174319838319,0.25500324221016346
GOOG,2023-02-06,0.37939649149350174,0.3799748299835851,0.38092542621679115,0.3778959953843917,0.37740727516405553,0.1590133442544623
GOOG,2023-02-07,0.41111767866680904,0.411744252118312,0.40866187579016455,0.3873109213065538,0.3840131239131959,0.22868502781475034
GOOG,2023-02-08,0.3553107289035883,0.35585230461156203,0.373100570161761,0.35147365703469285,0.3774422608884401,0.5683253131292447
GOOG,2023-02-09,0.323797894229373,0.32429142601001937,0.3523506296677126,0.3191405636189297,0.36241306567476445,0.7752516978942698
GOOG,2023-02-10,0.3196331948911113,0.32012039623377375,0.3272690343554623,0.32385505929464237,0.32885951605036773,0.3616711033753115
GOOG,2023-02-13,0.32060502574008143,0.3210936347469804,0.3156015769856698,0.32047753098675796,0.3237566134885434,0.30869765537012395
GOOG,2023-02-14,0.3202579318460812,0.3207460268333261,0.31437896987848846,0.31062630833321386,0.32131001271699083,0.30354851370260405
GOOG,2023-02-15,0.3351814734239976,0.33569226548260045,0.3295047151287329,0.3226588535891351,0.3218691976562765,0.2562071260366541
GOOG,2023-02-16,0.3260190387171299,0.3265159787598517,0.3332774364279084,0.3269511716475733,0.32746147370430817,0.24492423466775878
GOOG,2023-02-17,0.31775909087363696,0.31824339836007454,0.3183961912779667,0.3162555400746359,0.3241760155259818,0.20612863042216992
GOOG,2023-02-21,0.30012862294277287,0.30058604074188566,0.302082698974083,0.30605252063497784,0.31138372006513954,0.1828538275144193
GOOG,2023-02-22,0.29839326032020685,0.2988481072486566,0.29471192976328187,0.29810120462885753,0.3022543659490771,0.19585594348315757
GOOG,2023-02-23,0.2933261809660055,0.2937733181119183,0.29310500922179006,0.29204974158531666,0.30362446238114654,0.21746442100952187
GOOG,2023-02-24,0.2813874759205949,0.28181632719249883,0.27913199106314024,0.2839576639168752,0.28614866639591835,0.20783932289000376
GOOG,2023-02-27,0.28659329666970434,0.28703012767218616,0.28136767183641087,0.2892350988721834,0.28936420645737276,0.13470785980000682
GOOG,2023-02-28,0.28798151197455235,0.28842050628928206,0.28835418091573584,0.2886017787614273,0.28551956333976075,0.2014513156547558
GOOG,2023-03-01,0.28943912468871336,0.289880364059092,0.2866075536459045,0.29092386302612555,0.28985357994358013,0.16542012218013039
GOOG,2023-03-02,0.30193327612721643,0.30239345338782864,0.2955503300418212,0.29036092374652994,0.287756463092594,0.13986382717313403
GOOG,2023-03-03,0.31380258376331416,0.31428091211701303,0.30693832065210047,0.3106966891643745,0.30788856086809396,0.19885413467117166
GOOG,2023-03-06,0.32463087683599956,0.325125653180277,0.32223879259272903,0.32223667597186073,0.3192128958660047,0.18217978908569674
GOOG,2023-03-07,0.3148438120215973,0.31532368282045475,0.32077157877957674,0.3190279864999795,0.32662261629753436,0.14645831200300333
GOOG,2023-03-08,0.3181755287532325,0.3186605384639639,0.3218195658020423,0.3229754868020909,0.3195274473940835,0.15749633118323608
GOOG,2023-03-09,0.30436271969034756,0.30482660270836637,0.31958388502877166,0.3085505301351554,0.3201216180577536,0.14933705334288933
GOOG,2023-03-10,0.2929097965101277,0.2933562310455501,0.3004408650762149,0.29760864618042265,0.30621089938644314,0.22110252209822193
GOOG,2023-03-13,0.29742158974238975,0.29787486873545,0.29974222482884927,0.29155718313688167,0.29268465036008356,0.20965666700795196
GOOG,2023-03-14,0.3153991515672542,0.31587983426729316,0.3119686157176679,0.3115410443989232,0.3101953787377993,0.21644227159482612
GOOG,2023-03-15,0.3313637611323007,0.3318688436200091,0.3288759548969541,0.3133705702151865,0.31348083691612566,0.26817600081908466
GOOG,2023-03-16,0.3627378544116078,0.3632906578410817,0.36185228627982124,0.3332841043309121,0.33466149311711874,0.405818060817037
GOOG,2023-03-17,0.3723860175599486,0.37295356382043376,0.37247175662714804,0.36762259511357326,0.36451012919385367,0.5904602232005733
GOOG,2023-03-20,0.3687072603580308,0.36926915330079146,0.36611406108243616,0.36790406475337095,0.36604800777365726,0.1629458038974779
GOOG,2023-03-21,0.39584709661860995,0.39645040555538336,0.38972844258153405,0.3754332031422169,0.3724791412284629,0.22342923449711613
GOOG,2023-03-22,0.38460247251376434,0.38518863046327245,0.40055755297562146,0.39196915526521353,0.3945685196212048,0.21672383195112796
GOOG,2023-03-23,0.3987624823180851,0.3993701741325243,0.39770004133901304,0.4004130834046134,0.3998112584167733,0.20860892119722876
GOOG,2023-03-24,0.39737410674208384,0.3979797955154283,0.3911257763790996,0.39569853404405625,0.39876269999128017,0.15613972219378178
GOOG,2023-03-27,0.37655066347449273,0.37712459359667927,0.38581601455401904,0.38085134607500165,0.39582677906541713,0.1574809733456196
GOOG,2023-03-28,0.3647508066714257,0.36530666705772996,0.36904838210307245,0.364315393952005,0.37960924252440137,0.15338640319443023
GOOG,2023-03-29,0.3684989078589388,0.36906060976760735,0.36779080833668054,0.3695928289073131,0.3776519619071593,0.16392187979932427
GOOG,2023-03-30,0.364473163610456,0.36502859133431076,0.35933713874703743,0.36438577478316553,0.36870436289582603,0.15420804750691103
GOOG,2023-03-31,0.383075355542855,0.3836592405032274,0.37736234496437604,0.37247785245160697,0.37059172539619595,0.18064229889764855
GOOG,2023-04-03,0.3893919622307137,0.38998534387659145,0.38267205348662237,0.379092201089899,0.37730242465469593,0.11760605440087368
GOOG,2023-04-04,0.39084952152115704,0.3914452016464013,0.3907065495884129,0.3947134171471863,0.3924714027702187,0.1146820927613392
GOOG,2023-04-05,0.38966944502053025,0.3902633665624895,0.39378063064022273,0.39120919260624404,0.40141905511344894,0.12736937305893997
GOOG,2023-04-06,0.4170870311895143,0.41772274757802175,0.41536891810997645,0.3962263097504937,0.3989724010099995,0.2367513054161974
GOOG,2023-04-10,0.40355181176388133,0.40416683450832214,0.4037713407557708,0.4017499970875971,0.4102967360079101,0.1092582164431248
GOOG,2023-04-11,0.3977905980453972,0.39839693561931766,0.39853145894627706,0.3994982936540595,0.40701127782958374,0.10055373536739362
GOOG,2023-04-12,0.39154365588543993,0.3921403644361887,0.40109548517798765,0.39731697105168234,0.4102967360079101,0.13502610832394799
GOOG,2023-04-13,0.4121588000776567,0.4127870228217536,0.4058323481414914,0.40766075215366143,0.4038656558850015,0.1255477628749872
GOOG,2023-04-14,0.4209741408905242,0.42161570163084805,0.4150196246377107,0.4157527761372584,0.41239385285889635,0.11793710112282857
GOOG,2023-04-17,0.39987294771452797,0.40048242398867984,0.3949683243910278,0.39977976329385717,0.396595718355319,0.18862325517900413
GOOG,2023-04-18,0.39084952152115704,0.3914452016464013,0.397343765195472,0.39598000368385405,0.4075705161007663,0.09133988601071635
GOOG,2023-04-19,0.3901552803094387,0.3907499858190928,0.38808660868366596,0.3890841854057642,0.38810245377391167,0.0835807651615986
GOOG,2023-04-20,0.3962635879219232,0.39686754565927274,0.3962119328148691,0.3949948867869841,0.3911432785410313,0.13292464421009523
GOOG,2023-04-21,0.3963329853312362,0.3969370778495078,0.3944792708875884,0.4009408054262064,0.40120930076283273,0.13176171461724856
GOOG,2023-04-24,0.4023717352632544,0.4029850524619315,0.3992300991936427,0.400061232933655,0.40092973495913836,0.12350175761919388
GOOG,2023-04-25,0.3873094522904297,0.3878998024697081,0.40006849947218204,0.39443194750738847,0.40484429619362244,0.20879918774103276
GOOG,2023-04-26,0.38619888004655134,0.3867874995760313,0.3971341251487116,0.38535475294207705,0.39750444054706796,0.2570919081260026
GOOG,2023-04-27,0.4134082205638788,0.41403833705837945,0.4120154236014876,0.3934468306105185,0.3951976760092594,0.26704890618067645
GOOG,2023-04-28,0.4123670457293134,0.4129955663549377,0.40600702152904145,0.4048461094405282,0.4131627921487981,0.14523309784648988
GOOG,2023-05-01,0.40882708334602147,0.40945016717824445,0.4087317558057514,0.41511950971134676,0.41260355387761555,0.11936708644756153
GOOG,2023-05-02,0.3968188740438624,0.39742369710611103,0.4020945935015263,0.3940097698901141,0.41218415184017704,0.11439114705982731
GOOG,2023-05-03,0.3977905980453972,0.39839693561931766,0.40488915449098906,0.40189075874991825,0.4021180762864786,0.08685966349271357
GOOG,2023-05-04,0.39147420505240926,0.3920708322459536,0.39210388338597835,0.39541706440425844,0.4016986742490402,0.10959182280468244
GOOG,2023-05-05,0.3984499535694469,0.3990573057952269,0.3930819903928571,0.3956915013294246,0.39582677906541713,0.11752670557318864
GOOG,2023-05-08,0.41250584054793926,0.41313457769788675,0.40691524852033334,0.4030869644554255,0.39914716963623115,0.08813692365448278
GOOG,2023-05-09,0.41042354430252614,0.4110490893285246,0.4221109270889988,0.41670272946097026,0.4200132743091452,0.15226784068803112
GOOG,2023-05-10,0.44054811024817564,0.44121958931297134,0.442476607451571,0.42201538167428104,0.41840553094436655,0.3463832292413228
GOOG,2023-05-11,0.4726162844680477,0.4733366193613524,0.4769200993447563,0.46740130081599346,0.46950474133896664,0.4281347053001604
GOOG,2023-05-12,0.4796962092346315,0.4804273646772178,0.4756625255783644,0.47880057964600314,0.47747370004167883,0.2078239650523873
GOOG,2023-05-15,0.47303272234764326,0.47375370642772063,0.4794002802183295,0.47830802119756816,0.4739086227277612,0.12944865362956895
GOOG,2023-05-16,0.49475854563117394,0.4955126146694411,0.49620282602565247,0.4807708134397431,0.4762853587143386,0.21700709873383164
GOOG,2023-05-17,0.5044068156269503,0.5051755736863143,0.5037482686240036,0.4992769993564798,0.4997029146681649,0.16828435889560084
GOOG,2023-05-18,0.5185667185838355,0.519357064318045,0.5150664325215303,0.5135612480459388,0.5093495348525279,0.1713124125456469
GOOG,2023-05-19,0.5166925611426436,0.5174801194818669,0.5330846027647594,0.5222162649939757,0.5278039711463771,0.1990793829562131
GOOG,2023-05-22,0.5348784754666001,0.5356936815844153,0.5370739467819706,0.5273529382869628,0.5229806877201439,0.1947390874031603
GOOG,2023-05-23,0.5169703644747663,0.5177581952052861,0.5256859028688572,0.5245383492586739,0.5329069270400983,0.14966980649124603
GOOG,2023-05-24,0.505517334447111,0.5062878235424699,0.5070319364197398,0.508354193921791,0.5115864346053614,0.13781014299853248
GOOG,2023-05-25,0.524327878878602,0.5251270162445707,0.5295983841992064,0.5234828515306436,0.5348642076573404,0.2293155523702263
GOOG,2023-05-26,0.5318243483722167,0.5326349016643254,0.5297380909275459,0.5262271134126162,0.5268603165621406,0.15544435343503635
GOOG,2023-05-30,0.5263407777147022,0.5271430254612189,0.532392945188669,0.5234124706994829,0.5424137643226141,0.1731570594860244
GOOG,2023-05-31,0.5175255971729879,0.5183143466521245,0.5220529416008552,0.5248901460447879,0.5243088119493315,0.29532097880618413
GOOG,2023-06-01,0.5244666736972279,0.5252660806250408,0.523031048607734,0.5262974942437768,0.522910769603272,0.1542754513497833
GOOG,2023-06-02,0.530436079643651,0.5312445760847505,0.5349430593806632,0.5336858709703014,0.5298311698804912,0.10606719907170403
GOOG,2023-06-05,0.5401537470487403,0.5409769612168165,0.5436412290706089,0.5338969597789387,0.5306700272872651,0.13426589536193304
GOOG,2023-06-06,0.5490383784234854,0.5498752252536672,0.5498592711898155,0.5450851498003111,0.5445807459585754,0.10677195317565955
GOOG,2023-06-07,0.5145409209116352,0.5153250989222696,0.554540219480283,0.5215829448832197,0.5513962957264351,0.23244343196477937
GOOG,2023-06-08,0.5126667100467255,0.5134481010485703,0.5138787387707252,0.5172202996784654,0.5165146218728509,0.1525459881915293
GOOG,2023-06-09,0.5140550321990089,0.5148384796656663,0.5177562534418639,0.5201052695379147,0.5163398532466192,0.11406180676427427
GOOG,2023-06-12,0.524327878878602,0.5251270162445707,0.5210049545783897,0.5196127110894797,0.5221767627058578,0.1307097027405208
GOOG,2023-06-13,0.5248831650005412,0.525683167691409,0.528759983920667,0.530132417426938,0.5379399648169476,0.10538633493737415
GOOG,2023-06-14,0.5245360711065409,0.5253355597777547,0.5212844213379028,0.5182757974064958,0.5250078864542582,0.15122009487730795
GOOG,2023-06-15,0.5343231359209432,0.5351375301375769,0.5308559579655983,0.5251716156845856,0.5255670713935439,0.1500042660660046
GOOG,2023-06-16,0.5223149800425018,0.5231110070279223,0.5346286259619396,0.5297454033828215,0.5452797671316052,0.4245861915975564
GOOG,2023-06-20,0.5208573139046231,0.5216511492581125,0.5239742422582364,0.5229902930822086,0.5231554563463756,0.13448346472816627
GOOG,2023-06-21,0.5028797520797587,0.5036461837262693,0.5116430579974547,0.509128222010024,0.5210583394953896,0.1337497013753797
GOOG,2023-06-22,0.520996108723249,0.5217902136385827,0.5153109326218329,0.5002621162533496,0.5030582909633634,0.11813504658544077
GOOG,2023-06-23,0.5150961001861389,0.5158811973315869,0.5118526447413809,0.5161648019504348,0.5127049111477264,0.19314272550424902
GOOG,2023-06-26,0.4878174156832161,0.4885608806965248,0.5068223496758135,0.49596979819491144,0.5086924858823803,0.1386386130166206
GOOG,2023-06-27,0.48726207613755923,0.48800478228720756,0.4870854295450201,0.4813337527193387,0.483345541893405,0.17308027029794207
GOOG,2023-06-28,0.5016303315935365,0.5023948694896435,0.4966918795290919,0.48618895637252796,0.4841843993001788,0.10935718917443091
GOOG,2023-06-29,0.4942032595092348,0.49495651626012394,0.49417678529914233,0.497517854371377,0.4990737582801103,0.09881488686392956
GOOG,2023-06-30,0.5008668532436584,0.501630174509621,0.5020016413541724,0.5092689299875006,0.5061339947910737,0.14449848128050238
GOOG,2023-07-03,0.4980208649534963,0.49877993812271515,0.49494525225926067,0.5010009807684244,0.500681554976786,0.059317941367188834
GOOG,2023-07-05,0.5123891738331913,0.5131700253251512,0.5113635912379415,0.5034989365837574,0.4988640572613911,0.09295160574724412
GOOG,2023-07-06,0.5005891567589711,0.5013520987862019,0.4958535325533867,0.4977993240111748,0.5029184547296193,0.0921171632367496
GOOG,2023-07-07,0.4951056395251743,0.49586022258309537,0.5000454273404149,0.5037100253923945,0.5046660343281422,0.11997628067301458
GOOG,2023-07-10,0.4724080922401088,0.4731280758281683,0.48132158087571064,0.4794338460719148,0.4919436569841719,0.22204105661922804
GOOG,2023-07-11,0.4782385965204705,0.47896750690740786,0.47541797217522763,0.47373423349933225,0.4757960385600281,0.09684481758301766
GOOG,2023-07-12,0.4914962797325694,0.49224534425368827,0.4945260787714081,0.49604017902607206,0.49355145368084746,0.12903655165352718
GOOG,2023-07-13,0.5276596490339549,0.5284638718880798,0.5250920559934547,0.5105355165241683,0.5092097519506809,0.20988959421180167
GOOG,2023-07-14,0.5336984523896909,0.5345118465005034,0.5373533602386495,0.5375560114114653,0.5343049693861579,0.11572813214566055
GOOG,2023-07-17,0.5292561099904596,0.5300627410008387,0.5386808140206283,0.534741368698332,0.5408059676259387,0.11722552131326577
GOOG,2023-07-18,0.5224538282848454,0.5232500714083925,0.5226817018326341,0.5262974942437768,0.5327321584138667,0.12038667622265453
GOOG,2023-07-19,0.5134302418203213,0.5142127960285928,0.5260352496439571,0.520457120008873,0.5319282867314774,0.13120541961025223
GOOG,2023-07-20,0.4908715427775995,0.4916196606166148,0.5206556078032898,0.49382363916569244,0.513264149418909,0.17581055254086891
GOOG,2023-07-21,0.49628555575464794,0.4970420046294861,0.49690151957585227,0.49653273747450705,0.5045262514262949,0.423011160028668
GOOG,2023-07-24,0.5071831928129287,0.5079562248454639,0.511223831206768,0.5127872199577059,0.5119080259438347,0.1308837582335074
GOOG,2023-07-25,0.5134996392296343,0.5142823282188279,0.5135992720112121,0.5138427176857365,0.5115864346053614,0.21232039862120747
GOOG,2023-07-26,0.5611853825442704,0.5620407597062708,0.5672556105697069,0.5643654174901251,0.5708643580532897,0.3351498242380806
GOOG,2023-07-27,0.5626429952584313,0.5635005644385596,0.5828356025726826,0.5676725112820042,0.5809304336069883,0.2473942868844067
GOOG,2023-07-28,0.5844382693749928,0.5853290048705151,0.5861192703684188,0.5799161990314072,0.5751284565402373,0.17094126480324903
GOOG,2023-07-31,0.5851324571629933,0.5860242206978237,0.5844424698113402,0.5884305080019676,0.589388659132114,0.0976579297634893
GOOG,2023-08-01,0.5766641568204084,0.5775430967648624,0.5780847209637942,0.5787199933259002,0.5743245315259509,0.12984454455479336
GOOG,2023-08-02,0.5541053509302512,0.5549499613528843,0.5606184482654818,0.5583139007617397,0.5672293626225,0.13455001535783762
GOOG,2023-08-03,0.5550077843699084,0.5558537207133769,0.556077260006188,0.5577861787401466,0.5569535860500823,0.06895754411112248
GOOG,2023-08-04,0.5534113768371215,0.5542547455255757,0.5711680385972219,0.5615859383501498,0.5655517544727462,0.1159166922630627
GOOG,2023-08-07,0.5770110904432555,0.5778907046785167,0.572076318891348,0.5694316562671069,0.5649225447527946,0.09116583051772978
GOOG,2023-08-08,0.5763172231975612,0.5771954888512081,0.5712379719156429,0.5743573481211459,0.5751983213252123,0.08446810689054982
GOOG,2023-08-09,0.5645865501089363,0.5654470414649727,0.5749408131992316,0.5699594856583889,0.5836566535141321,0.09222552131326575
GOOG,2023-08-10,0.565003148259685,0.5658642346063832,0.5761774389517976,0.5736888644372318,0.5821187749343284,0.09316832190027644
GOOG,2023-08-11,0.5647252380801269,0.5655861058454429,0.5607582082966555,0.5646468334450783,0.5627695360738283,0.07055646564963652
GOOG,2023-08-14,0.576247879211966,0.5771260096984941,0.5710283851717166,0.5705575348262981,0.5672993340712691,0.0903569844032627
GOOG,2023-08-15,0.5654195327155629,0.5662813216727515,0.5715873186907428,0.5721689391192926,0.5794624198121596,0.06683389645404594
GOOG,2023-08-16,0.5573678839474443,0.5582172848061583,0.5639579774314202,0.5626062725050223,0.5633148013880158,0.09054639773386575
GOOG,2023-08-17,0.5667383506110979,0.5676021680996123,0.5750875025988463,0.572387114327406,0.5714934611094473,0.1427391556602164
GOOG,2023-08-18,0.550426647152051,0.551265550833242,0.5564964334940405,0.5523328185493592,0.5617769228082123,0.14241152179106517
GOOG,2023-08-21,0.5561183566137868,0.5569659175320114,0.5525140721481046,0.5534586971085504,0.5533186439511895,0.12725760212962015
GOOG,2023-08-22,0.561393628195927,0.5622493032394549,0.5643212895490706,0.565878256408588,0.5622662962944198,0.07356318896965974
GOOG,2023-08-23,0.5858265381035584,0.5867194365251323,0.5861192703684188,0.5770311754871134,0.5742896524653602,0.16689703423091362
GOOG,2023-08-24,0.566460760973846,0.5673240393386719,0.5924070858975439,0.575553553826653,0.6013911091994588,0.10020477116821952
GOOG,2023-08-25,0.5683347581438848,0.5692010372123713,0.5674651973136331,0.5596508144447234,0.5693264794734862,0.11724941128289137
GOOG,2023-08-28,0.5759699690324078,0.5768478809375538,0.5803204550398989,0.5794236942678168,0.5828877142242301,0.08343998498344768
GOOG,2023-08-29,0.6016524596974144,0.6025693814973782,0.6086506981858407,0.5944115365295035,0.589304821390144,0.20363895430190096
GOOG,2023-08-30,0.6116475030448848,0.6125797893153421,0.6083363180699513,0.6087731987647547,0.6072839638185745,0.12659465547250948
GOOG,2023-08-31,0.6145629421680776,0.6154996109300042,0.6163707608689076,0.621432085101645,0.6176296051759673,0.1809827309648135
GOOG,2023-09-01,0.610745176452663,0.6116761360298917,0.6176283879381337,0.6152398603957829,0.6272761720284334,0.08306542438824613
GOOG,2023-09-05,0.610120653192564,0.6110505054303395,0.6091746650456564,0.6125659256601264,0.6133655066890198,0.09209753933312856
GOOG,2023-09-06,0.600819477090788,0.6017351012895994,0.6099431853086089,0.6064441354702692,0.6173849184328635,0.07575082761680488
GOOG,2023-09-07,0.6065805839618367,0.607505053216125,0.6036553697794838,0.6013074621772823,0.6005033464432024,0.08566260537183032
GOOG,2023-09-08,0.6135218207572299,0.6144567871890413,0.6101877387117457,0.6147472482625034,0.6093809740057667,0.09278437595986486
GOOG,2023-09-11,0.6172701356396139,0.6182107829364398,0.6154206911527983,0.6195321784542211,0.6199364230456725,0.08740998600730351
GOOG,2023-09-12,0.6056784710644857,0.6066013999306746,0.6110610523466613,0.6151694258797777,0.6181888434471499,0.07061960342650422
GOOG,2023-09-13,0.6156039567314899,0.6165423285959247,0.6114802258345139,0.6081328459393669,0.6095906750244859,0.08070458346131532
GOOG,2023-09-14,0.6259464679389846,0.6269004504025852,0.6244053102735323,0.6231207955707425,0.626996606224739,0.1034828162861336
GOOG,2023-09-15,0.6211571384931883,0.6221037369892662,0.6230778564915537,0.6239651508052915,0.6298626623656269,0.3585440769939593
GOOG,2023-09-18,0.6257382222873279,0.6266919068694011,0.6270601112318214,0.6271316976742276,0.6216840026441954,0.07932835056824
GOOG,2023-09-19,0.6248358956951061,0.6257881475089085,0.6217853693687855,0.6262169079236737,0.626017965916118,0.07289085696733899
GOOG,2023-09-20,0.5954053038425864,0.5963127572767281,0.6194448419207176,0.6052479297647622,0.6300723633843461,0.12403586908296646
GOOG,2023-09-21,0.5729855064659259,0.5738586862452201,0.579971108264799,0.5811124047369145,0.5850546958601914,0.12902631309511622
GOOG,2023-09-22,0.5722217609974593,0.5730939912651976,0.578713481195573,0.5770311754871134,0.5800915228683174,0.08884253097163919
GOOG,2023-09-25,0.5786077116709133,0.5794895737912755,0.5731941859294004,0.5736536471792291,0.5737304141941777,0.06581686631855568
GOOG,2023-09-26,0.559727662982674,0.5605808488989398,0.5675001639728436,0.5607063658575984,0.5747370004167887,0.11469574417255385
GOOG,2023-09-27,0.5736794805590557,0.5745539020725287,0.5697009313897379,0.5690799131658377,0.5644332779303811,0.10091976383058598
GOOG,2023-09-28,0.5852712519816192,0.5861632850782938,0.586887684025703,0.5782978157086256,0.5731711759229952,0.09611787993583837
GOOG,2023-09-29,0.576386460335721,0.5772650740789643,0.5918481523785177,0.582730895429385,0.5968683510124126,0.13908484352069897
GOOG,2023-10-02,0.5994313152096576,0.6003447757100245,0.5951318201742539,0.5879731131266908,0.5834119667710282,0.10472680113306715
GOOG,2023-10-03,0.5864513819059638,0.5873450671246846,0.5942934731985487,0.593250548081999,0.602810057649114,0.10829579195249309
GOOG,2023-10-04,0.6070665260981806,0.6079917255102495,0.6035855430667312,0.5975779760287505,0.5939324300865496,0.13576328452953826
GOOG,2023-10-05,0.6051229712476757,0.6060452484838362,0.6030964362604576,0.6047905348894851,0.6111985250530585,0.0766774171529982
GOOG,2023-10-06,0.6241416010596701,0.6250929316816,0.6218622320556475,0.6082032804553721,0.6028800290978829,0.11851728609945053
GOOG,2023-10-09,0.6294864303222765,0.6304457965417574,0.6273396312941686,0.6205876224974072,0.6242005215326201,0.08244684481758302
GOOG,2023-10-10,0.6274039738057101,0.628360255134874,0.6327192731348359,0.632760875730805,0.6348257286937071,0.10766612061021807
GOOG,2023-10-11,0.6447569589467578,0.6457395900671649,0.6430592767226497,0.6426824792155097,0.6372025180121814,0.1127120234804273
GOOG,2023-10-12,0.6349698407086378,0.6359376197073426,0.644177143760702,0.6399382173335371,0.6533501364363252,0.09587642059997953
GOOG,2023-10-13,0.6231004796488224,0.6240502140156794,0.6369111146190298,0.6295241090852419,0.6427946873964194,0.10667468687075526
GOOG,2023-10-16,0.6363581094372036,0.6373280513619598,0.6338720002264304,0.6390235349526723,0.6363636072735108,0.08881608136241084
GOOG,2023-10-17,0.6398286209874647,0.640803918348418,0.636282354387251,0.6334575976429346,0.6384607241244968,0.08948500051192793
GOOG,2023-10-18,0.6279592599276493,0.6289164065817124,0.6414524094839921,0.6346959996362314,0.6434937619013461,0.09700095559878502
GOOG,2023-10-19,0.6258771239533893,0.626830865174829,0.6345706937766303,0.6339571888060012,0.6368529807597181,0.12708781270263814
GOOG,2023-10-20,0.6103287919967851,0.6112590489635236,0.6208421224154489,0.6173859657401575,0.6283946485707985,0.15387102829254976
GOOG,2023-10-23,0.6183806010360569,0.6193229797550743,0.6207024689899435,0.6093994861608791,0.6118974928941914,0.11812480802702979
GOOG,2023-10-24,0.6337899244791642,0.634755837660952,0.6325096863909097,0.6350126328491872,0.6323791812540516,0.16722296167366302
GOOG,2023-10-25,0.5404313901097099,0.5412550369402357,0.5583828207950454,0.54592950503486,0.5667400958000863,0.4424772192075356
GOOG,2023-10-26,0.5180114324618963,0.5188009659087278,0.5259653696283703,0.5194016222808424,0.5296913869786439,0.23012354527149245
GOOG,2023-10-27,0.5177337894009267,0.5185228901853086,0.5188391538207059,0.5133501592373015,0.5266156298190368,0.25964728166274187
GOOG,2023-10-30,0.5340455462836913,0.5348594544141577,0.5335806922423082,0.5303786698087332,0.529621468861772,0.1470052216647896
GOOG,2023-10-31,0.5309219149325595,0.5317311953413538,0.5336505189550609,0.5306953567065336,0.5422739280888702,0.12104876966656428
GOOG,2023-11-01,0.5466784391171026,0.5475116081233646,0.5418946018007776,0.5377319366469444,0.5357729298490894,0.16723490665847582
GOOG,2023-11-02,0.553689019898091,0.5545328742865161,0.5583128874766244,0.560143426578003,0.5652720820052579,0.1463746971093137
GOOG,2023-11-03,0.5661135068086925,0.5669764314250176,0.5627842490231656,0.566476305576497,0.5619866238269315,0.10744855124398486
GOOG,2023-11-06,0.5736102434208958,0.5744843168447724,0.5685830643516855,0.5729499462373124,0.5698857177446688,0.07187809289785332
GOOG,2023-11-07,0.5802040123562648,0.5810884429040345,0.5805998684965779,0.5814642552078728,0.5821886397193035,0.10484113170198969
GOOG,2023-11-08,0.586173578573841,0.5870669383637442,0.5824163224791618,0.5886415968106049,0.5848449948414722,0.06960172007781304
GOOG,2023-11-09,0.575276208634149,0.5761527711852875,0.5853507501054663,0.5840677554275244,0.5918353132355636,0.09419900344698134
GOOG,2023-11-10,0.5917266534881039,0.5926283467570858,0.5875165508631501,0.5795643485604489,0.5790430177747212,0.11891147059827309
GOOG,2023-11-13,0.5888112143649111,0.589708631217466,0.5863986838250977,0.5929339148690431,0.5918353132355636,0.08083256544145251
GOOG,2023-11-14,0.6012357546992303,0.6021521883559676,0.6082664913571987,0.6093291590145631,0.6078430954259633,0.13123528207228422
GOOG,2023-11-15,0.6078300578717765,0.6087564204902719,0.6054718237620677,0.6109475423373447,0.6147635490350793,0.07597778232824817
GOOG,2023-11-16,0.6239334622554489,0.6248843881484158,0.6197243619830648,0.6162249772926529,0.6170005021198095,0.0911154909388758
GOOG,2023-11-17,0.6117171675727864,0.6126493745430983,0.613576199879445,0.6120029863805307,0.6230121802052797,0.1589476468379919
GOOG,2023-11-20,0.6185193958546827,0.6194620441355445,0.6165454875592917,0.6120734208965357,0.606794590332367,0.1077898365243507
GOOG,2023-11-21,0.6233780692860743,0.6243282367015774,0.6203181555556332,0.6276594196958205,0.6238509842801567,0.09139705129517764
GOOG,2023-11-22,0.6330955229962927,0.6340607279086857,0.6352344206676196,0.6367717778342901,0.6319597792166132,0.08848162178765231
GOOG,2023-11-24,0.6206017455238136,0.6215475855424278,0.6252925892509985,0.6260058191150364,0.6350354297124263,0.016147913040510567
GOOG,2023-11-27,0.6194217224469045,0.6203658034960372,0.6249642437925585,0.6264983238786268,0.621264600606757,0.09343025835295724
GOOG,2023-11-28,0.6233780692860743,0.6243282367015774,0.6181873214571598,0.6229800339084215,0.6216840026441954,0.0862675335312788
GOOG,2023-11-29,0.6079686389955316,0.6088953787956998,0.6252436572492375,0.6177378162111158,0.6311558542023268,0.12012132691717006
GOOG,2023-11-30,0.590754769215416,0.5916551082438791,0.6063102773434411,0.5930745691616752,0.6130858342215315,0.19604706324016244
GOOG,2023-12-01,0.5865901767245897,0.5874841315051548,0.5821369090224828,0.588585227723863,0.5915557474318691,0.1478789119825262
GOOG,2023-12-04,0.567918373688007,0.568783950146003,0.567814544088733,0.5692205674584698,0.5773933555389574,0.146591413262346
GOOG,2023-12-05,0.5801348820655404,0.5810189637513206,0.5824163224791618,0.5715426517231681,0.5709342228382648,0.10493754479369305
GOOG,2023-12-06,0.573471234907399,0.5743452524643022,0.5808094552405041,0.5826604609133799,0.5886197198422123,0.0804119313334016
GOOG,2023-12-07,0.6221981530566006,0.6231464546551868,0.6275492180380948,0.6172804213358389,0.6144839832313849,0.26862052489676125
GOOG,2023-12-08,0.60963471105622,0.610563833136215,0.6135063731666923,0.6126363601761313,0.6079130668747321,0.13719753592027575
GOOG,2023-12-11,0.5961687287687468,0.5970774522567505,0.5911494588283179,0.5937782701035919,0.5950509066289147,0.1498831097914747
GOOG,2023-12-12,0.5888112143649111,0.589708631217466,0.5894028315584867,0.5933560924863175,0.5912062101794058,0.16763932971570936
GOOG,2023-12-13,0.5911017028382632,0.5920027161575334,0.5910796321155652,0.5942004477208662,0.6001188234663546,0.1576610013310126
GOOG,2023-12-14,0.5857568735756569,0.586649851297376,0.592861226044607,0.5809013159282772,0.6016916877705427,0.19353520357666973
GOOG,2023-12-15,0.5901993762460415,0.5910989567970407,0.5914289788906651,0.5919487979721731,0.5887595560759564,0.44075287532848706
GOOG,2023-12-18,0.6134521562293284,0.6143873080363275,0.6162311074434024,0.599970494809454,0.5953304724326092,0.1600952185932221
GOOG,2023-12-19,0.6197686560697517,0.6207134114096914,0.6189558417201123,0.6258650574527154,0.6242703863175951,0.11710351182553497
GOOG,2023-12-20,0.6305970025661548,0.6315580994354342,0.6490537134525454,0.6396568013785837,0.6405578409754831,0.22670983925463298
GOOG,2023-12-21,0.6454511467347585,0.6464348058944734,0.641731822940671,0.6471367107650086,0.6436335981350902,0.09526551994812466
GOOG,2023-12-22,0.6518367768659061,0.6528303884205514,0.6502553725459009,0.6582684780147945,0.653140435417606,0.09878075833589298
GOOG,2023-12-26,0.6525310715013422,0.6535256042478599,0.6551110475267524,0.6613998076257281,0.6590821420543074,0.03612590013992696
GOOG,2023-12-27,0.6429524126097497,0.6439321774212219,0.6507444793521745,0.6512037672158573,0.6580336369607112,0.08832804341148767
GOOG,2023-12-28,0.6418418403658712,0.6428198745275451,0.6434086234977496,0.6496346665803414,0.6511831548003639,0.044849151906078286
GOOG,2023-12-29,0.6394124502264578,0.6403867252070075,0.6375748415100192,0.6431046568327843,0.6430043884151386,0.0677877888126685
GOOG,2024-01-02,0.6299028147781542,0.6308628836081256,0.6318459594999203,0.6279057257624603,0.6354549384136587,0.1120772328589468
GOOG,2024-01-03,0.6354557828449818,0.6364242920014671,0.6351644873491986,0.632760875730805,0.6284646200195674,0.10271236476570766
GOOG,2024-01-04,0.6193522716138739,0.620296218268281,0.6319856129254255,0.629805525040195,0.6372025180121814,0.09656069758711308
GOOG,2024-01-05,0.614840638652765,0.6157776336159022,0.6192352551767912,0.6216431739102821,0.6267310133780397,0.0725529845397768
GOOG,2024-01-08,0.6366356990744555,0.6376060740478579,0.6320205795846361,0.6288908426593303,0.6242703863175951,0.09137316132555204
GOOG,2024-01-09,0.6507263114694631,0.6517180855268746,0.6471114647813383,0.6423306287445514,0.638670425143216,0.10787771748404493
GOOG,2024-01-10,0.6593335134781094,0.6603382738403061,0.6591631289797729,0.6611183916707748,0.6558666553247499,0.08281202006757449
GOOG,2024-01-11,0.6584310800384523,0.6594345144798134,0.6740793940917592,0.6593943565739857,0.6724686615107167,0.08988686392955872
GOOG,2024-01-12,0.6623875337250574,0.6633970537603961,0.6606653094521356,0.667451270669269,0.6685889793368232,0.06025988874099861
GOOG,2024-01-16,0.661276961481179,0.6622847508667193,0.668350405475992,0.6653121443546814,0.6622277639988896,0.10462868161496194
GOOG,2024-01-17,0.6530170136376862,0.654012170466942,0.6513732395839532,0.6473969748912225,0.6585928752318937,0.09341404730213987
GOOG,2024-01-18,0.6675934613216022,0.6686108542400833,0.6665689181526188,0.667380943522953,0.6622977354476587,0.10188048189481588
GOOG,2024-01-19,0.6882780563468499,0.6893269917783622,0.6837207041293732,0.6846205429030219,0.682324929381902,0.1727330125251698
GOOG,2024-01-22,0.6864734031624063,0.6875195791324191,0.6975191022033073,0.6971456466073782,0.6991367432503819,0.12707074843861985
GOOG,2024-01-23,0.693206180611272,0.694262663497109,0.6894496927451405,0.6944013847254054,0.6922162896412658,0.06124023070884953
GOOG,2024-01-24,0.7047978451864002,0.7058721525779166,0.7083831792566052,0.7130482786196186,0.7101813524489073,0.1050220129005836
GOOG,2024-01-25,0.7276342407138093,0.7287433106757928,0.7306700536708902,0.7227587932956863,0.7203173994513747,0.12422016313436401
GOOG,2024-01-26,0.7286755758195279,0.7297860283417132,0.7261288654115964,0.733876602485898,0.7282163867053182,0.10715077983686563
GOOG,2024-01-29,0.7359637462377683,0.7370853702282838,0.7337441347227002,0.734720957720447,0.7335989617346306,0.11922204020340604
GOOG,2024-01-30,0.723539205903449,0.7246418130897823,0.7326262676846477,0.7337006235655743,0.7361853454080303,0.16759581584246272
GOOG,2024-01-31,0.6454511467347585,0.6464348058944734,0.6666037782061608,0.6547150781562756,0.6759288349833779,0.3154551039213679
GOOG,2024-02-01,0.6517676465751817,0.6527609092678375,0.6598268558707622,0.6597109897869413,0.6640453150461814,0.15862001296884065
GOOG,2024-02-02,0.6575285397513596,0.6585307551193208,0.6546569073796894,0.6309314035993863,0.644472402209967,0.30033189993515585
GOOG,2024-02-05,0.6671768631708536,0.6681936610986727,0.674149220804512,0.6713214111104329,0.6664918624858371,0.19042353503293405
GOOG,2024-02-06,0.6705087935973598,0.6715305697797032,0.6746383276107856,0.6756137291688711,0.6799133676666309,0.12441298931777073
GOOG,2024-02-07,0.6793239207153564,0.6803591955512764,0.6764547815933694,0.6804689865069047,0.6810317375452022,0.12371676734582437
GOOG,2024-02-08,0.6830722355977404,0.6841131912986749,0.6807165563959844,0.6889831881077761,0.6869735508456973,0.09645831200300331
GOOG,2024-02-09,0.7038956254416139,0.704968393217424,0.7022699838121959,0.696090095194503,0.6938240330060443,0.12748455684106344
GOOG,2024-02-12,0.6935532210815546,0.6946102714107634,0.7015363236027855,0.7040414648854678,0.7049386136533389,0.08788181290740932
GOOG,2024-02-13,0.6771721202131947,0.6782041749916792,0.6837207041293732,0.679765285564988,0.6806823069565326,0.09558120883246307
GOOG,2024-02-14,0.6825168426283658,0.6835570398518365,0.6822535969218894,0.6828965078062326,0.6897696355378162,0.08289648817446504
GOOG,2024-02-15,0.6603050772084911,0.6613115123535127,0.660804962877641,0.6570371624209739,0.669427890075494,0.1688363878365926
GOOG,2024-02-16,0.6451733434026357,0.6461566771335331,0.6588487488638833,0.6545039893476383,0.6676803104769713,0.1273770519777482
GOOG,2024-02-20,0.648227470497019,0.649215457053623,0.6508072700908177,0.6494376432009674,0.6448219394624304,0.09973721033411828
GOOG,2024-02-21,0.6596111031153613,0.6606162965262041,0.6553554943242209,0.6572482512296112,0.6567054593996269,0.08109620832053513
GOOG,2024-02-22,0.6698840566423899,0.6709049391801507,0.6708655530087758,0.6720250046826606,0.6810317375452022,0.13727091225555443
GOOG,2024-02-23,0.6696755972958625,0.6706962895719244,0.6691538923981549,0.6775135284466058,0.6729929140575148,0.06470256987816116
GOOG,2024-02-26,0.6242806095731669,0.6252319960620701,0.6543773873173423,0.6349423057028711,0.6623676002326337,0.2267584724070851
GOOG,2024-02-27,0.6336511296605383,0.6346168793555241,0.6309726458650047,0.6332534878640845,0.6341267608525742,0.13163373263711137
GOOG,2024-02-28,0.6151181214425814,0.6160556563018003,0.6225189229725274,0.6201654448801328,0.6319597792166132,0.202149244053104
GOOG,2024-02-29,0.6314298783253459,0.6323922735681705,0.6271998712629949,0.6267095200569532,0.6267170404210447,0.2435838367291219
GOOG,2024-03-01,0.6196298612511257,0.6205743470292212,0.6275492180380948,0.6295593263432444,0.6355248031986338,0.184426299443705
GOOG,2024-03-04,0.5926982172184856,0.5936015852702924,0.6040047165545837,0.5935671812949546,0.6140644745301527,0.31257892222108463
GOOG,2024-03-05,0.5897829917901636,0.5906818697306725,0.5857699235933189,0.5843492787521667,0.587501349963641,0.18353981092795468
GOOG,2024-03-06,0.5813147982950141,0.5822007457977112,0.5908002186588863,0.5871638677804554,0.5979868275547779,0.13855499812293096
GOOG,2024-03-07,0.5999170436511307,0.600831448004149,0.5983456612572374,0.5921598867808102,0.5955401734513284,0.14650779836865638
GOOG,2024-03-08,0.6072052140693711,0.6081306838156774,0.6204579155868067,0.6072181635585021,0.6035441178784251,0.16688167639329718
GOOG,2024-03-11,0.6255995343161375,0.626552842488931,0.6274094580069213,0.6231912300867477,0.6177694414097112,0.13310467219548822
GOOG,2024-03-12,0.6303195197763384,0.6312799706744938,0.6295054320518524,0.6312129269240285,0.626017965916118,0.10309972355892291
GOOG,2024-03-13,0.6383018779825794,0.639274528388373,0.6428496899787234,0.643878684921017,0.638670425143216,0.10836660864816902
GOOG,2024-03-14,0.6630817215130579,0.6640921635126622,0.6605953761337146,0.6542576832809985,0.6543287767449464,0.2489838230777107
GOOG,2024-03-15,0.6480193316927978,0.6490069135204389,0.6578706418570047,0.6517597274656657,0.6620880344289395,0.29097556397392577
GOOG,2024-03-18,0.6918180187301418,0.6928723379175343,0.7178847292630454,0.7010861141948579,0.7037502723259987,0.34760503054503267
GOOG,2024-03-19,0.6879311227240027,0.6889793838647078,0.6947594012673869,0.6931347445038931,0.7010240524188549,0.09225282413569502
GOOG,2024-03-20,0.7001474174066652,0.7012143974700253,0.6957375082742655,0.6977436957752872,0.6996958748577706,0.09209583290672674
GOOG,2024-03-21,0.6936226719145854,0.6946798566385195,0.7065316520091424,0.700171324444304,0.7103911601314206,0.1101319067608614
GOOG,2024-03-22,0.7146545211049863,0.7157436020904526,0.715299755017509,0.7148074236047215,0.709831921860238,0.10508941674345587
GOOG,2024-03-25,0.7103508132532276,0.7114334548962158,0.7075866217028833,0.7057302827242544,0.7147949881883182,0.06978174806320603
GOOG,2024-03-26,0.7141685789686424,0.7152569297963283,0.7197711165640502,0.721421825927858,0.7168222402543292,0.10559963823760282
GOOG,2024-03-27,0.7158343304870246,0.7169253841368435,0.7162080353116352,0.7150889469293638,0.7231484698678783,0.08264223064059248
GOOG,2024-03-28,0.7180554749747813,0.7191498838491546,0.7160682752804616,0.723532821383919,0.7221348438348727,0.12089689771680148
GOOG,2024-04-01,0.7474861736747366,0.7486252740813351,0.7463198723866188,0.7257844711326122,0.7209465025075326,0.14960069622197195
GOOG,2024-04-02,0.7431131218373827,0.7442456477343842,0.7392635365945411,0.7385207710152946,0.7413582194186237,0.09097044469472032
GOOG,2024-04-03,0.7465835265402084,0.7477215147208425,0.743175964622056,0.7432493321202704,0.742546560745964,0.08813863008088463
GOOG,2024-04-04,0.7158343304870246,0.7169253841368435,0.7405908837708514,0.7274029618250828,0.7436650372883291,0.14716903859936523
GOOG,2024-04-05,0.7297166972303756,0.730828852082676,0.7312289871899164,0.7217806554286033,0.7198978907501425,0.07987184737722261
GOOG,2024-04-08,0.7449871190074214,0.7461226456080836,0.7439095182257981,0.7422501497941374,0.7362203311324149,0.08280860721477082
GOOG,2024-04-09,0.7588694857507726,0.7600261135539161,0.766510879361641,0.7608970436883506,0.7595330899087784,0.12444541141940549
GOOG,2024-04-10,0.7555377690191373,0.7566893109479282,0.7544242485039959,0.7578009313354195,0.7632379501245434,0.08022934370840587
GOOG,2024-04-11,0.777263592302668,0.7784481661521276,0.7751042556796236,0.7699741845688175,0.7664534368541007,0.0930488720521484
GOOG,2024-04-12,0.7661577630164483,0.7673254554404869,0.7791564437383122,0.7746887876142192,0.7738981430100149,0.08578034879355653
GOOG,2024-04-15,0.746306043750392,0.7474434920349444,0.7730782149531134,0.7574490808644612,0.7800146716048448,0.12119808197672435
GOOG,2024-04-16,0.7440155552770399,0.745149407094877,0.7479267396252763,0.7497089073518226,0.7475795985228131,0.07232858946793624
GOOG,2024-04-17,0.7501237026183712,0.7512669669350569,0.7580641924432733,0.7573435364601426,0.7584146133664134,0.0793641855226784
GOOG,2024-04-18,0.754149607138007,0.7552989853683534,0.756694842633643,0.7578713658514247,0.756562183258531,0.060408347837957746
GOOG,2024-04-19,0.7420718935790996,0.7432029300684637,0.7532365547531911,0.7416872105145418,0.7623291746008976,0.124090474727825
GOOG,2024-04-22,0.7575506678552376,0.7587052671270553,0.7615853776680367,0.7540012254102608,0.7501659821962128,0.08794836353708066
GOOG,2024-04-23,0.7712246820994965,0.7724001915397039,0.7706328941330823,0.7702204906354573,0.7682010164526236,0.07831985256475887
GOOG,2024-04-24,0.7794156064997005,0.7806032927867672,0.7769906429806285,0.7762368437906846,0.7716961756496692,0.10707569707518516
GOOG,2024-04-25,0.7575506678552376,0.7587052671270553,0.7552625954797011,0.7336514482479977,0.7316416811173887,0.2496655404252415
GOOG,2024-04-26,0.8668046280752962,0.8681255980477738,0.8819978659144286,0.8647569249557274,0.8898326205080878,0.4228934166069418
GOOG,2024-04-29,0.8266151405594041,0.8278749989425644,0.8467859070611251,0.8342181937830695,0.8533431499578279,0.2472492406402512
GOOG,2024-04-30,0.8039869906836515,0.8052123843778725,0.8362362101237167,0.8162045663147677,0.8296459748684102,0.191843281799256
GOOG,2024-05-01,0.8104422853427008,0.8116775521317066,0.8288305275565392,0.8190191553430566,0.8212575074644657,0.15602880447766287
GOOG,2024-05-02,0.8305024639552848,0.831768059070433,0.8268743135427817,0.824578113623007,0.8246828018765362,0.08621804716562576
GOOG,2024-05-03,0.8341810074623318,0.8354524695900754,0.8360965566982114,0.8195820946226522,0.844744981535164,0.1350730350499983
GOOG,2024-05-06,0.8400116720138465,0.8412919006693149,0.836445796867643,0.8400585680179731,0.8425081351142276,0.07006501484590971
GOOG,2024-05-07,0.8618761832685679,0.8631898202539845,0.8613876854515538,0.8549057559870277,0.8487993790033923,0.12086959489437221
GOOG,2024-05-08,0.8492435041300274,0.8505377195822987,0.8504817123706044,0.8585788730488175,0.8532033137240838,0.06513344254462305
GOOG,2024-05-09,0.8521587295583494,0.8534574351219186,0.8541915896283027,0.8544131438537481,0.8559993984162027,0.04267516467014777
GOOG,2024-05-10,0.8432044870794205,0.8444896388948329,0.8465063869987778,0.8401993296802943,0.845793593292554,0.10071755230196922
GOOG,2024-05-13,0.8474387440981482,0.8487302008613133,0.8437816527220677,0.8250706183865975,0.8189297834911646,0.1084655813794751
GOOG,2024-05-14,0.8545880128503273,0.8558904783674139,0.8565669771299126,0.8578611066776376,0.8590751555758098,0.1006236988498686
GOOG,2024-05-15,0.8681234459708312,0.8694464444746346,0.8654119428251413,0.8691900046764867,0.864038328567684,0.1196392614586533
GOOG,2024-05-16,0.8788822347867683,0.8802215472726211,0.8814389323954025,0.8834039262196296,0.8801160822068526,0.08797737278591175
GOOG,2024-05-17,0.8917926104099961,0.893151776705247,0.8895083418535693,0.8899478940267611,0.8867568633484806,0.081997201460701
GOOG,2024-05-20,0.8999139771297339,0.9012853987995966,0.9066602344359923,0.9057450890043721,0.8990597853231153,0.09009163509777823
GOOG,2024-05-21,0.9074100726573245,0.9087931781443088,0.9057520607475343,0.9063431381722811,0.9066792067733642,0.06629466571106787
GOOG,2024-05-22,0.8967209483692892,0.8980875544990363,0.8989891037546863,0.9026137593934385,0.9066792067733642,0.07895123033343573
GOOG,2024-05-23,0.8763140498287288,0.8776494396466556,0.9063808209793133,0.8868517816738299,0.909335561895533,0.06819221186990204
GOOG,2024-05-24,0.8851291769467254,0.8864781714932712,0.8881739587031495,0.8914959502032265,0.8935374807238525,0.038118152964062665
GOOG,2024-05-28,0.896859743187915,0.8982266188795065,0.8965996443048573,0.8948734785111108,0.8880850409095649,0.0743942186273506
GOOG,2024-05-29,0.8925561421835918,0.8939164716852697,0.8946434302910998,0.8989547077609119,0.8955646261260697,0.06900617726357464
GOOG,2024-05-30,0.865902194635639,0.867221838687281,0.8838842532154335,0.8776338791310421,0.8947258220511929,0.101449609228354
GOOG,2024-05-31,0.868678625245335,0.870002595921473,0.8680248477557787,0.8617312471188014,0.8717276148029081,0.18044776628784
GOOG,2024-06-03,0.8718715471583444,0.8732003341469907,0.8780854378869137,0.8721453553670966,0.8750830444300033,0.11780144022388314
GOOG,2024-06-04,0.8767998851176374,0.87813611194078,0.8734044895964462,0.877563551984726,0.8790674704494625,0.060839220504419644
GOOG,2024-06-05,0.8902656537102397,0.8916224928202445,0.892826976308516,0.8921292166291381,0.8936423312332122,0.07079877819869629
GOOG,2024-06-06,0.8991502316612671,0.9005207038195739,0.8979970314052571,0.9056395446000534,0.8998985893979923,0.062453499880550156
GOOG,2024-06-07,0.8824915411556554,0.8838364786395494,0.9029573931524034,0.8956475065993437,0.9070987154745966,0.0663825466707621
GOOG,2024-06-10,0.8886066335802899,0.8885637129001545,0.8963202308481785,0.8857260104843279,0.893048107237645,0.08671888331456265
GOOG,2024-06-11,0.8994472675317676,0.8994084009258971,0.8957612973291523,0.8931847680420133,0.9019258414640032,0.06370431043309102
GOOG,2024-06-12,0.9089674808761788,0.908932242524779,0.9215415328887683,0.9096503393338493,0.9161161792709049,0.09952220060748782
GOOG,2024-06-13,0.8893711269808046,0.8893284078801771,0.8965996443048573,0.9017694041588897,0.9027646455388803,0.07696750964130916
GOOG,2024-06-14,0.9006979167634971,0.9006596621250018,0.8981366848307623,0.8960838570155703,0.8888679531564616,0.046291935428824954
GOOG,2024-06-17,0.9035471104767222,0.9035098985119077,0.9064506476920658,0.9005731984533825,0.89675296745341,0.071131531347053
GOOG,2024-06-18,0.8873558775011249,0.8873123456260075,0.8993943118999884,0.8944513008938364,0.9094054266805081,0.07426623664721341
GOOG,2024-06-20,0.8961118111398924,0.8960715983199092,0.8982066181491833,0.9003621096447452,0.8948656582849368,0.08376164636019248
GOOG,2024-06-21,0.9138317103742127,0.9137984350908119,0.9245596459647075,0.9116205731275893,0.9073084164933158,0.44339101054571517
GOOG,2024-06-24,0.9175146346261126,0.9174828456104542,0.9215415328887683,0.9268899387139182,0.9268113578807611,0.09609143032661002
GOOG,2024-06-25,0.9508007093387544,0.9507817107427472,0.9471820084172106,0.9330469461617779,0.9258677032965246,0.101199617760486
GOOG,2024-06-26,0.949341280218191,0.9493217999354162,0.9484395288807682,0.9533475480064642,0.9472230747918522,0.05494437049930037
GOOG,2024-06-27,0.9596954377961476,0.9596799217420768,0.9594083993060291,0.9636208945924383,0.9573241360699352,0.05195812429609911
GOOG,2024-06-28,0.9357906747618557,0.9357659399032379,0.9529808237457303,0.9486681622190651,0.9578483886167333,0.13733660967202485
GOOG,2024-07-01,0.9432262946409921,0.9432043461702786,0.9443175141093268,0.9444813885649455,0.9491803554090943,0.041635950991433746
GOOG,2024-07-02,0.9579582053434615,0.9579419882488478,0.9555657979912667,0.9468034728296437,0.9421201722300279,0.04794631582539845
GOOG,2024-07-03,0.9633784688954828,0.9633643322617191,0.9602467462817342,0.9631634997171612,0.9619027860849614,0.004036551653527176
GOOG,2024-07-05,0.995135770501966,0.9951338074339671,0.9926641441455751,0.9767793720923952,0.9690329407127969,0.06285962936418553
GOOG,2024-07-08,0.9848509569096046,0.9848451647800205,0.9886050267184455,0.9908525319732169,0.9973087658172406,0.0440394525784103
GOOG,2024-07-09,0.9845731535774819,0.9845671420941224,0.9968560922354374,0.9972557381180271,1.0,0.02783608067984028
GOOG,2024-07-10,0.9999999999999999,1.0,1.0,1.0,0.9930096816059089,0.04365806627760145
GOOG,2024-07-11,0.9627530908559002,0.9627387016621667,0.9937121844708748,0.9732610821221896,0.997133943859112,0.08119176819903759
GOOG,2024-07-12,0.9591396174370314,0.9591237702952384,0.9677223621673327,0.9684761519304721,0.966236749356884,0.06410276099791816
GOOG,2024-07-15,0.9689377409610008,0.9689257406550607,0.9761759784541416,0.9709389978574914,0.9632309636460459,0.044793693048018834
GOOG,2024-07-16,0.9502447821322025,0.9502255592959088,0.9792500595059516,0.96129881032774,0.9804970586125548,0.04969199003446982
GOOG,2024-07-17,0.9302314026963378,0.9302045315098963,0.9435489938463745,0.9366707805363019,0.9505783977551538,0.08908057745469439
GOOG,2024-07-18,0.9066046566890394,0.9065686784319977,0.9353049643034917,0.9126761245404644,0.9426094390524415,0.09335176273847309
GOOG,2024-07-19,0.9077860687826093,0.9077504604783884,0.9207730126258157,0.9172498585538558,0.9204501425428275,0.06441674345585476
GOOG,2024-07-22,0.93530430523577,0.9352793736841556,0.937051591573323,0.9386410143300417,0.9342910497610597,0.079928159448483
GOOG,2024-07-23,0.9370415376884561,0.9370173071773849,0.9434791671336217,0.9487033794770676,0.9447065559034278,0.14365209378519506
GOOG,2024-07-24,0.8729017701307781,0.8728527262333365,0.8926872162773424,0.8800263979117453,0.8856383868061153,0.2074562301627931
GOOG,2024-07-25,0.8366972645667513,0.836634251636466,0.8734743163091988,0.8482210265175751,0.8776694281034032,0.18797907921231358
GOOG,2024-07-26,0.8333617013274405,0.8332973429554358,0.8360266233797905,0.8258095365865168,0.8393625131696454,0.15540510562779428
GOOG,2024-07-29,0.8503868785365832,0.8503291760491147,0.852235375614545,0.8529355221932877,0.8514557341255609,0.05829920480529675
GOOG,2024-07-30,0.8554598879234511,0.8554039121483317,0.8577546708807177,0.8557501112215766,0.8607528703893574,0.05755264325449644
GOOG,2024-07-31,0.8644237466715688,0.8643716023003751,0.8784347846620136,0.8670086820741096,0.8823529286277889,0.07435070475410396
GOOG,2024-08-01,0.8595596240209703,0.8595054097343422,0.8768278108176876,0.8584943731035493,0.8618013754829537,0.08738438961127606
GOOG,2024-08-02,0.8314159026807916,0.8313508659290225,0.8386117042309952,0.8295036981073569,0.835308115701417,0.10214497798709943
GOOG,2024-08-05,0.7774912841875733,0.777405448486207,0.8087792806126904,0.7606156277333973,0.7596728194787288,0.23865909013344258
GOOG,2024-08-06,0.7767963484675245,0.7767102326588984,0.7836977386032743,0.7713815864526508,0.7846632930686401,0.24922784205317225
GOOG,2024-08-07,0.778255777588088,0.7781701434662296,0.8007447312080659,0.7862287744217054,0.8007060609834242,0.10578307907579945
GOOG,2024-08-08,0.7997282656022099,0.7996509759845309,0.8057051995608807,0.7988242052723777,0.7944426563444558,0.07506228456366676
GOOG,2024-08-09,0.8104993418732215,0.8104261848575596,0.8058449595920542,0.79108392439005,0.7895564946117453,0.056424695402887276
GOOG,2024-08-12,0.800492652155289,0.8004156709645533,0.8140889891349369,0.8095198368453151,0.8199643156277658,0.04691819391829631
GOOG,2024-08-13,0.8142517169581519,0.8141800745299159,0.8129711220968844,0.8181044729621916,0.814302174794759,0.049329374424081085
GOOG,2024-08-14,0.7871505060454814,0.787068354465559,0.8019325315645393,0.7812327554213505,0.8074866783587962,0.13292976348930072
GOOG,2024-08-15,0.7950723886032679,0.794993326951682,0.7918719414334044,0.7950244993472191,0.7935060415706137,0.09774837036278625
GOOG,2024-08-16,0.8059823665403408,0.805907600205181,0.8158356164047681,0.8062126356837469,0.8018944023107644,0.08461400634790622
GOOG,2024-08-19,0.8314159026807916,0.8313508659290225,0.826455140054929,0.8273927026512957,0.8269896197462416,0.052598887409986014
GOOG,2024-08-20,0.8353076068215249,0.8352439260568914,0.8400089847257265,0.8454767646356025,0.8391528121509262,0.04851796867001126
GOOG,2024-08-21,0.8260651968092364,0.8259981071439075,0.8276428338057341,0.8307703383288692,0.8269197549612664,0.07110337531142283
GOOG,2024-08-22,0.81119427759327,0.8111214006848682,0.8330923023591542,0.8199339450936105,0.8412498223381184,0.10398791850107506
GOOG,2024-08-23,0.8246754322165747,0.8246076754892904,0.822822125484093,0.8243670248143697,0.8238439978016592,0.06267362888638613
GOOG,2024-08-26,0.8281498971219469,0.8280835424757484,0.8328128889024752,0.8290111933437663,0.8350634289583134,0.043123954813828885
GOOG,2024-08-27,0.817379034545806,0.8173084396777621,0.8248831328698137,0.8278853147845753,0.8312537182331889,0.05786662571243302
GOOG,2024-08-28,0.8043147986155564,0.8042391458646658,0.818909697456578,0.8076199301978915,0.8254517411664379,0.0705837684720658
GOOG,2024-08-29,0.7966707193898926,0.7965921960644409,0.8205864980136567,0.7984864202306825,0.8204187033895887,0.08700897580287362
GOOG,2024-08-30,0.8085535432265724,0.8084797078311465,0.8041681590349757,0.8085347199484452,0.8075565431437715,0.09865533599535853
GOOG,2024-09-03,0.7633848583721216,0.7632934370071902,0.7908938344265256,0.7694464625472244,0.8012303135302223,0.1672050441964438
GOOG,2024-09-04,0.7578253726117327,0.7577320286138487,0.7700739606140562,0.7665263291146172,0.7646010067462183,0.08937152315620628
GOOG,2024-09-05,0.7633150869967847,0.7632239578544764,0.7743707020758815,0.7670892683942128,0.7625388756196168,0.06146121292788642
GOOG,2024-09-06,0.7183547546414258,0.7182462305637043,0.7618299310711735,0.7277899221843547,0.7689000909575503,0.15411675369441316
GOOG,2024-09-09,0.7017245924010745,0.7002411589568187,0.729831706695185,0.7015082918121325,0.7335290969496555,0.18021313265758848
GOOG,2024-09-10,0.7049950855522072,0.7035084824100928,0.7134833010349252,0.7109584349922968,0.7182901473853638,0.1148919832087642
GOOG,2024-09-11,0.7198854510014222,0.7183851888691322,0.7147408214984828,0.7050265817823378,0.7157736284969392,0.10285911743626497
GOOG,2024-09-12,0.7434739456268359,0.7419515627943167,0.7366086290305839,0.7388021869702479,0.7417776214560621,0.11983208764205999
GOOG,2024-09-13,0.7631656074346155,0.7616249826666752,0.7622141378998156,0.7571676649095078,0.7526266092566574,0.08359697621241596
GOOG,2024-09-16,0.7674797863350463,0.7659351298609121,0.7619696911023471,0.7677225348201242,0.7663835720691257,0.061615644517251975
GOOG,2024-09-17,0.776455718843368,0.7749028200129555,0.7783879234753598,0.7803884001868018,0.7786864940437606,0.0437595986485103
GOOG,2024-09-18,0.7801435580772974,0.7785872305325978,0.7786674435377069,0.7821475451719044,0.7839992042880979,0.08378980239582268
GOOG,2024-09-19,0.7970521647343841,0.7954799992458064,0.8021421183084655,0.8022862335255303,0.8117507768457437,0.09054469130746393
GOOG,2024-09-20,0.806793445422704,0.8052123843778725,0.8004653177513869,0.8069162292559746,0.8096536599947575,0.33639380908501415
GOOG,2024-09-23,0.7958692567767184,0.7942982171994157,0.813460228903158,0.805297845933193,0.8153856656127396,0.0743353469164875
GOOG,2024-09-24,0.799835219885077,0.7982606504049561,0.7990680372566555,0.7988242052723777,0.8077662441624907,0.10100423193747654
GOOG,2024-09-25,0.7953124747906831,0.7937420657525773,0.7967414751511382,0.8040664229696834,0.7988186451511572,0.05692553155182417
GOOG,2024-09-26,0.8011574568985459,0.7995814968318169,0.8057051995608807,0.8091679863743568,0.8132186839767783,0.09640029350534113
GOOG,2024-09-27,0.8113162973645333,0.809730969030251,0.8159753764359418,0.8114900706390551,0.8053895615078102,0.056894815876591245
GOOG,2024-09-30,0.8245369579402549,0.8229393272238175,0.8187001107126518,0.8171896832116377,0.8114711043782554,0.06086908296645166
GOOG,2024-10-01,0.8330955443657798,0.8314899303094927,0.8402185714696527,0.8260557352834674,0.839991616225803,0.09977048564895397
GOOG,2024-10-02,0.82537207749559,0.8237735013565539,0.8293196343628128,0.8285185812104869,0.8323022233267852,0.049563154841131704
GOOG,2024-10-03,0.8246761801486225,0.8230783916042876,0.8225427120274141,0.8223263565046248,0.8187410952398348,0.03471127265281049
GOOG,2024-10-04,0.8340696724346118,0.8324631688226993,0.8340005826532803,0.8335146002108418,0.8433469391891046,0.038275997406231874
GOOG,2024-10-07,0.8050539691738737,0.8034744508846432,0.836445796867643,0.8136010660951163,0.8419488968430451,0.06056704549332788
GOOG,2024-10-08,0.8141692307379985,0.8125812054171568,0.8098971476507429,0.8148675989469394,0.8160147686688972,0.04085099484659227
GOOG,2024-10-09,0.7957994854013816,0.7942286319716596,0.8110149080831269,0.7924208917578786,0.8119953569250535,0.10861745332923792
GOOG,2024-10-10,0.7966343912618458,0.7950628061043958,0.7973982726736865,0.7960799433904051,0.792806967065687,0.05088990136855398
GOOG,2024-10-11,0.8059585395622396,0.804378210245136,0.8040983323222229,0.802131406433946,0.8013351640395818,0.03421384935667725
