Symbol,Date,Adj Close,Close,High,Low,Open,Volume
META,2018-01-02,0.18181123080907688,0.1824546767046505,0.17779859199869186,0.17968187378478734,0.17239342742349953,0.05591558441272193
META,2018-01-03,0.18819853851451493,0.18886455384766876,0.18404261015768947,0.1872740626132618,0.18065889061143595,0.05033786777201231
META,2018-01-04,0.18753036984226581,0.1881939893076826,0.18683292391591744,0.1928376611010148,0.1866021133427149,0.03708809071757392
META,2018-01-05,0.1924829617669239,0.1931641178573305,0.18817926660543283,0.1945047025869147,0.18796001172441054,0.035737413108537786
META,2018-01-08,0.1952933420653775,0.19598444935492243,0.19208178167653472,0.1973166436718285,0.19112843127212945,0.05522261274124517
META,2018-01-09,0.19448755853868635,0.19517581147728902,0.19188667378727592,0.19886320973615484,0.194080373831046,0.030529545852286826
META,2018-01-10,0.19442856777892334,0.19511664578814025,0.190111022284206,0.1959106884531342,0.19061677203892044,0.022316156422926076
META,2018-01-11,0.19429101342782465,0.1949786025449432,0.19110615290875926,0.19942559182363256,0.19348997931352022,0.018166702005870863
META,2018-01-12,0.17778231317562096,0.17841151741093353,0.17760345433560593,0.17938057796451518,0.17314126248094638,0.31776101381931865
META,2018-01-16,0.17585637075020924,0.1764787013450233,0.17813030220687626,0.18066602711411073,0.17991105555398904,0.13540410784085102
META,2018-01-17,0.17430373395324653,0.1749206213733554,0.1733887606869245,0.17616697041428897,0.17550281052233715,0.09929464123948474
META,2018-01-18,0.17862748437883083,0.1792596091128162,0.1766278255678304,0.17873786871348002,0.1732790342141445,0.07863112527226249
META,2018-01-19,0.1815557554417955,0.1821982719887057,0.17934007235129318,0.18494417645226824,0.17863189245661024,0.09415510134269874
META,2018-01-22,0.18957423328386022,0.19024513675189036,0.18523287844532865,0.18542623137618852,0.1785334883655705,0.06873291540499829
META,2018-01-23,0.19739619626673496,0.19809479258272922,0.1933501169389391,0.19575000347849414,0.18886528732177846,0.08909579099057478
META,2018-01-24,0.19189335668601046,0.19257243087139264,0.19551601399435375,0.1976982666556581,0.19642225306571384,0.08316982522743091
META,2018-01-25,0.19372107193349883,0.19440662742390485,0.19153543194848666,0.19785895163029815,0.19260440255158776,0.052502743012866254
META,2018-01-26,0.1986737243615003,0.19937675597355276,0.19422817687517163,0.19828072287214388,0.19221081621614136,0.05418447769905192
META,2018-01-29,0.19077307678060315,0.19144822258866562,0.191964710988214,0.1959106884531342,0.19417877792208574,0.0660602135957339
META,2018-01-30,0.19301354583640265,0.1936966090596694,0.19067687386903187,0.1882983948481265,0.19195497158518057,0.06784730466199777
META,2018-01-31,0.19256152535825957,0.1932429954113788,0.19389646666698723,0.19508718945092568,0.19343094286463888,0.16666409520690184
META,2018-02-01,0.20474650543655062,0.20547106271147747,0.20460888125573973,0.20044992405849732,0.19313576062023222,0.21487323511532555
META,2018-02-02,0.19922397201756673,0.19992898913524138,0.20244298420032508,0.20464771558557215,0.2006533587220092,0.09349827704848729
META,2018-02-05,0.18149682518537583,0.18213910629955693,0.19541844516281082,0.18582792848902613,0.19059707320348498,0.1219343607711029
META,2018-02-06,0.18945637277102093,0.19012680537359283,0.1859743658364627,0.18006349676861688,0.17414494216935408,0.1423457267408158
META,2018-02-07,0.17937424689408735,0.18000905120685068,0.1846279933731202,0.18450230043388927,0.1851261420632566,0.09757323260264202
META,2018-02-08,0.16247260767851865,0.16304754820814937,0.17830590823935732,0.1674901656688752,0.17894674350773979,0.1455187611500332
META,2018-02-09,0.1713754628902819,0.17198192840301574,0.16866669124992328,0.15885353982900274,0.16664698284558746,0.1517312610012559
META,2018-02-12,0.17196509822286707,0.1725736153889536,0.16993502651232767,0.16821323273099303,0.171173300775002,0.11736700740712658
META,2018-02-13,0.1655581269308413,0.1661439962865856,0.1668520360332979,0.17074398277216796,0.1683394311138481,0.07203863713807988
META,2018-02-14,0.17807720647109274,0.17870737595112757,0.1743448578240951,0.17096492078135744,0.16406895781539435,0.10342646278958126
META,2018-02-15,0.17894195050587527,0.1795751795179098,0.17569123028743755,0.17825581378955974,0.17794309384804466,0.06812722642496707
META,2018-02-16,0.17383208014018744,0.17444726576571506,0.17448146014302068,0.17717122852014566,0.1749714824824052,0.06690703203142528
META,2018-02-20,0.1711789177794202,0.1717846893762197,0.1707155176170172,0.17478108932460273,0.1686346433869673,0.06937387011894691
META,2018-02-21,0.17491303287241936,0.17553202022419284,0.1771937069264834,0.17737206175280185,0.170484532195149,0.07817222990966241
META,2018-02-22,0.1770355506603645,0.1776620753168991,0.17512537870261174,0.17940068274104848,0.1744007567716023,0.057292270500522144
META,2018-02-23,0.18548635514231301,0.18614281176902464,0.18133036337422676,0.18361854839713138,0.17676230481299302,0.05968637301183914
META,2018-02-26,0.1887095195007494,0.18937733318510813,0.18575972631659898,0.19107015702749897,0.18597238121174323,0.053481367129073906
META,2018-02-27,0.1818899456587709,0.18253358435314898,0.18388650598198614,0.1875351795279926,0.18571653658078244,0.04576742865631822
META,2018-02-28,0.17571881639911055,0.17634065810182625,0.1803352327496735,0.18086689099429215,0.18148543092448707,0.05869760999713025
META,2018-03-01,0.17104133317664985,0.17164664613302266,0.1749497428963035,0.17337513410590843,0.17501082009585103,0.07817575648305415
META,2018-03-02,0.17237773102449147,0.17298777521299497,0.16907646843287294,0.17052304476297847,0.16375407673555223,0.06417658258287116
META,2018-03-05,0.1798066642889861,0.18044295299024177,0.1769595357760148,0.1763477295179371,0.16948085250674136,0.04726401823943757
META,2018-03-06,0.1785881572056555,0.17922015528856694,0.17935960398189804,0.1828151541714561,0.1804620824293565,0.0424039592839469
META,2018-03-07,0.18631189301060688,0.18697119160600778,0.18216941959690375,0.18072631079618534,0.1744794920559191,0.06008311251840981
META,2018-03-08,0.18361934297332091,0.18426916139226318,0.1833011227665554,0.1875150747514593,0.18396505186364046,0.051833575711783736
META,2018-03-09,0.18929912458166284,0.189969020171046,0.18546701982197006,0.1910500828984909,0.18465385047220598,0.0575660207600559
META,2018-03-12,0.1883753897871173,0.18904205091511506,0.18661828439605377,0.19307867323921235,0.18725154430912203,0.04334908095293302
META,2018-03-13,0.18271533226870643,0.1833619340956819,0.1864036448761901,0.18683218659488282,0.18799937936656894,0.05554353091989343
META,2018-03-14,0.1872552006367251,0.1879178727268383,0.18300844604575367,0.18831849962465974,0.18207582544201287,0.050051774505607466
META,2018-03-15,0.18660663504772027,0.1872670200517516,0.18252063166186588,0.18900138778123626,0.18333531973266878,0.044729293614124976
META,2018-03-16,0.1890239856277938,0.1896929035902017,0.18511580775700792,0.19145178001132857,0.18579527186509923,0.08347355136079446
META,2018-03-19,0.16439858035560204,0.16498036427405954,0.16919353912119361,0.16463807632594524,0.17107489668396228,0.3644387392323796
META,2018-03-20,0.15573150667286081,0.15628264683578824,0.15559327171649728,0.148349008623049,0.15230055522188649,0.548312953412643
META,2018-03-21,0.15816852083952201,0.15872827233358805,0.16183728987549495,0.1510605177678721,0.14704610107046054,0.4458086895650016
META,2018-03-22,0.1493246563875217,0.14985305782787045,0.15572987403542288,0.15190409089908868,0.14966349374281204,0.30097320200961786
META,2018-03-23,0.13851543158191934,0.13900557343199338,0.14856876245281014,0.14246407083354096,0.14830559536111645,0.21222125192473762
META,2018-03-26,0.13983213559150162,0.14032699064706622,0.1378368460072799,0.1223789087164075,0.13921362188884143,0.5318473822466123
META,2018-03-27,0.12442408190978924,0.124864401930884,0.14125154669449408,0.1258536331813645,0.13033809537665628,0.3246629587686264
META,2018-03-28,0.1260159853765839,0.12646193572680114,0.12765127928979775,0.12595406512145524,0.12116738662006452,0.24051979928507541
META,2018-03-29,0.13930149101867953,0.13979446935027706,0.1384612329362661,0.13266250191317175,0.12805525259086983,0.23789735114664332
META,2018-04-02,0.13065408092252592,0.1311164938713555,0.13412943882543682,0.13260224887862238,0.13329003793557284,0.1381028181288795
META,2018-04-03,0.13206913311671828,0.13253653059982634,0.13059766744990192,0.1259741392504633,0.13081041699641946,0.16344080712685216
META,2018-04-04,0.1300841999315435,0.13054454884476735,0.12702686258698442,0.12537157825744427,0.12191522167751137,0.19580461196451737
META,2018-04-05,0.138417113648981,0.13890695391859537,0.13875393943089503,0.13770386657146322,0.14066989433286423,0.15861689554862682
META,2018-04-06,0.13421128423957937,0.1346862975574321,0.1384612329362661,0.1380252365207434,0.13313259739565178,0.15947737945621118
META,2018-04-09,0.1356460000203594,0.13612604615080243,0.13672461492057886,0.13647867045641704,0.13330973677100835,0.12981184408490049
META,2018-04-10,0.14961936817296342,0.15014888627361428,0.1473589625345661,0.138426933633581,0.13352618373109817,0.2310866562838468
META,2018-04-11,0.15213497618263203,0.15267341941991264,0.1525688165816279,0.15096008582778137,0.1481481548211954,0.22339564053813746
META,2018-04-12,0.14731996886074425,0.14784133411346173,0.1502273134937322,0.15065882065503444,0.15133624317563724,0.14456967208598137
META,2018-04-13,0.14859743645216625,0.14912332759873553,0.14681261280651803,0.15200452283917937,0.14661314709285575,0.06402097253196067
META,2018-04-16,0.14920670511966735,0.14973472644957292,0.14696871698222136,0.15124127687152022,0.14885662223648385,0.05577231736868252
META,2018-04-17,0.1567338353104137,0.15728852374021773,0.15325176862860157,0.1558006172534166,0.14907309922528625,0.0761541482862396
META,2018-04-18,0.1522136305289827,0.15275229697396092,0.15153465246969205,0.15602155526260608,0.15113946502227035,0.06833661672010159
META,2018-04-19,0.15563327949493747,0.15618405741684044,0.1519444296526417,0.1548766863111174,0.14980123544729765,0.07391477418248518
META,2018-04-20,0.15205644284296801,0.1525945117714141,0.15213953754190052,0.15610188242616352,0.15293028735285816,0.06018053410835661
META,2018-04-23,0.1511916685565138,0.1517267082046319,0.15217857102928312,0.1546557483019279,0.15190696888644015,0.07767542388310114
META,2018-04-24,0.1391049761594895,0.13959726041793125,0.14759313368503468,0.14079699870011586,0.14828589652568094,0.1305378773819248
META,2018-04-25,0.1391049761594895,0.13959726041793125,0.13775877903251466,0.1367799662766892,0.13787539231386872,0.1570034882219061
META,2018-04-26,0.16754309036768775,0.1681360081360948,0.16743741924872863,0.1661243893557222,0.16361633503106662,0.3177856998330609
META,2018-04-27,0.16642287096562383,0.16701179985336778,0.1690569665760952,0.16973972466631126,0.17068131034851594,0.10728365243679608
META,2018-04-30,0.1632980245401258,0.1638758979506823,0.16636422164941017,0.16795214646378742,0.16473805758852442,0.06737077643243901
META,2018-05-01,0.16695351553844592,0.16754432115015694,0.163047089793739,0.16497952040423353,0.1612154193475175,0.09062588302091566
META,2018-05-02,0.1712968387956029,0.17190305084896745,0.17096919062426352,0.17295333221653753,0.16564333318589233,0.11001586517204609
META,2018-05-03,0.16726792116214698,0.1678598915552505,0.1671447127540997,0.16877561481847075,0.16737514909631143,0.08181033118491543
META,2018-05-04,0.17235812794124714,0.17296806334809545,0.16882279542562662,0.17066362496108534,0.16334082159338295,0.05382564885644245
META,2018-05-07,0.17503092363693037,0.17565035160249037,0.17373997275188663,0.1789186278171282,0.17174402648580492,0.05831938500086621
META,2018-05-08,0.17689796605759414,0.17752400197925178,0.17284238118504924,0.1787981217480294,0.17351518000966984,0.04456574877308307
META,2018-05-09,0.18424827522740975,0.1849003022024503,0.1805888759830927,0.1821523401438877,0.17630968202866534,0.07853370368231569
META,2018-05-10,0.18988872966257633,0.19056070715698392,0.1866768197402141,0.18962402290326336,0.18315818035731227,0.06878537318420042
META,2018-05-11,0.19275810072079294,0.19344023443817482,0.19095007850688306,0.19299831542812967,0.18650373928038774,0.06938665394749197
META,2018-05-14,0.19207017770694115,0.19274992793883894,0.19005248694004567,0.1970555267570977,0.19213211096053714,0.04487211983649042
META,2018-05-15,0.18751067600400648,0.1881742774427831,0.18503774078224272,0.19102997812195766,0.18656277572926902,0.04391421433895924
META,2018-05-16,0.18530947361803898,0.18596531470157834,0.18314504836467926,0.18994539285254353,0.18424056530132418,0.05072975824016934
META,2018-05-17,0.18641008993685856,0.18706978102495558,0.18263770235018661,0.18906164081578564,0.18223323595322136,0.0413190971443131
META,2018-05-18,0.18428754189724175,0.18493972593224933,0.18289137535743294,0.18984496091245284,0.18382731015915485,0.033780164876122495
META,2018-05-21,0.1878448359693102,0.18850955971277616,0.18505727241284758,0.19088939792385085,0.1843783370345223,0.035554031292167346
META,2018-05-22,0.18648871403153758,0.18714868867345408,0.185291413789489,0.1914919282693447,0.18666114979159623,0.03202084557531856
META,2018-05-23,0.19258118894484724,0.1932627072762783,0.1881987982360377,0.18898128300470302,0.1818790172599334,0.04919834374480657
META,2018-05-24,0.19067481935100813,0.1913496030752676,0.18798415871617402,0.19470556646709614,0.1885307374352134,0.03036027032948334
META,2018-05-25,0.18868991641750507,0.1893576213202086,0.1870670652925589,0.19354062338659933,0.18880625087289712,0.024234612348032234
META,2018-05-29,0.1903014834708874,0.1909748970754755,0.18800366057295176,0.1920543410043476,0.18550005959198004,0.048187980468073266
META,2018-05-30,0.19409449856863456,0.19478136351814718,0.19032566180406973,0.19514744248547505,0.1898295693393152,0.036453307507060856
META,2018-05-31,0.202171906667119,0.2028873939704806,0.19953559975377638,0.1996264250562888,0.1924469620116667,0.11159444758652337
META,2018-06-01,0.20651529042761932,0.20724612366929113,0.20310640461669388,0.20884553776017223,0.2026803869055475,0.05219196373271924
META,2018-06-04,0.20511987156834302,0.2058457988057198,0.20199417352999283,0.2076404157741341,0.20025977238656287,0.05938881838191114
META,2018-06-05,0.20445167264442218,0.20517523426573364,0.2039844645529264,0.20995019715859436,0.20510097139581954,0.044420718442347795
META,2018-06-06,0.2013071323806648,0.20201959040369838,0.19916485605820938,0.20290031628858962,0.1986657282093419,0.07534259558446561
META,2018-06-07,0.1950967969545158,0.1957872103281264,0.19612089906656222,0.19820039570858644,0.1981147013339745,0.07068884117239169
META,2018-06-08,0.19690490911875988,0.1976017251101893,0.19321351462001352,0.19751747690448473,0.19177786223853663,0.03178147940635427
META,2018-06-11,0.20170025285405993,0.20241403836284022,0.19930145837713498,0.20227768116656253,0.1942968508198484,0.03289146838140421
META,2018-06-12,0.2033904137504496,0.20411019167215538,0.20062829920987257,0.2078211748777823,0.20090920335297,0.02686896267166147
META,2018-06-13,0.20341007733703728,0.2041299336315051,0.20300883578515094,0.208524167810892,0.2020309559391403,0.045785061523276924
META,2018-06-14,0.21205745718151922,0.21280790911042674,0.20843332935207642,0.2105326840226054,0.20273942335442877,0.06018714643346612
META,2018-06-15,0.21017078142593945,0.21091454686876576,0.2080235819429539,0.2140074084875624,0.2080332151193006,0.0722656603001731
META,2018-06-18,0.21500542208274318,0.21576631394566592,0.21292122763860905,0.2129830762526977,0.20608495224879173,0.05007072983758806
META,2018-06-19,0.21339391553270418,0.21414906828484925,0.2097601999586412,0.21230015744859598,0.20891882190994562,0.06403596046887557
META,2018-06-20,0.2222574435712921,0.22304399465546643,0.2206677224366525,0.22238291741270405,0.21454719359009503,0.10034600093189701
META,2018-06-21,0.22127477852032693,0.22205785971038666,0.22035551408524584,0.2249538157118951,0.2217499106120299,0.05985564853464263
META,2018-06-22,0.22174649283672934,0.222531215318027,0.21811157982889307,0.22338717551856074,0.21860118989974645,0.052690092224302404
META,2018-06-25,0.21115344647690468,0.21190068181384547,0.21374075223068117,0.210934381135443,0.21631834711395995,0.08731619389276836
META,2018-06-26,0.21636151376884413,0.217127184984988,0.21198463235821619,0.2172009419087806,0.21159525103117846,0.05479457489582282
META,2018-06-27,0.2101510875876801,0.21089480490941603,0.21520419538234442,0.21633729464855594,0.21470460410130351,0.058483370663582085
META,2018-06-28,0.2109175136895243,0.2116639889628002,0.2085504000403971,0.21123564630818992,0.20683275727752606,0.05600595285588525
META,2018-06-29,0.20716388626829582,0.20789697634437776,0.20905774605488975,0.21264163217440946,0.21104422415581106,0.04559903477686268
META,2018-07-02,0.21313837966207946,0.21389266356890446,0.20876503956026082,0.20914680293291915,0.2032707513943607,0.037443833808465624
META,2018-07-03,0.20403897933945445,0.20476104434724207,0.20476495565761593,0.20974936392593818,0.2055929618223056,0.035362714685665486
META,2018-07-05,0.21528053078494055,0.21604243052651023,0.21110654264815654,0.21278221237251627,0.20596687935102906,0.06267029492292453
META,2018-07-06,0.22467476389969396,0.2254698781939165,0.22084332846913357,0.22015346319180124,0.21326800046400365,0.06291671423867232
META,2018-07-09,0.2276424226391773,0.22844802498850542,0.22505805189164213,0.2290311011698712,0.22602038391048365,0.05590456387087274
META,2018-07-10,0.2252840628188668,0.2260812770447539,0.22332143387595488,0.22931229221361005,0.22517417479070964,0.03404289459380708
META,2018-07-11,0.22331870246526467,0.22410900715459442,0.22252141114066049,0.22828795997874535,0.22068722450345343,0.032884856056294695
META,2018-07-12,0.2319268156399146,0.23274755890371696,0.22755565915524117,0.23118022822721657,0.22306844135156714,0.04402574222247299
META,2018-07-13,0.23271293558001807,0.2335364849164509,0.2301898389639387,0.23772798004429302,0.2316881232327915,0.026534379021120203
META,2018-07-16,0.2325360843074157,0.23335895775455434,0.23075572032259167,0.23851130014096023,0.23107805990854272,0.024733181661289374
META,2018-07-17,0.2379602695417896,0.23880244191184263,0.2341509191530281,0.2344942677175335,0.22596134746160237,0.04356376110815516
META,2018-07-18,0.23672218962688632,0.23755990225081813,0.23518508326496396,0.24172493833871167,0.2356437454801157,0.04349763785706004
META,2018-07-19,0.23422621495213378,0.2350551110638695,0.23323382572941298,0.2403591313780335,0.2335773796831316,0.02593309825782866
META,2018-07-20,0.23786204236386624,0.23870382239844462,0.23618021388951715,0.24184544440781042,0.23373482022305267,0.047152049534249854
META,2018-07-23,0.2397684119577053,0.24061692659945533,0.23641435526615856,0.2424480054008295,0.2371393855662969,0.049656357464058706
META,2018-07-24,0.24715801804902462,0.24803265055245288,0.2453511183518412,0.25008037313484527,0.24605424969192793,0.1013942748725915
META,2018-07-25,0.2527198483895121,0.25361417795293817,0.2500731580150153,0.2534345915307035,0.24725470753370246,0.23578096628992576
META,2018-07-26,0.17167026543073863,0.17227775684875957,0.1749692745269084,0.17204950605077157,0.16690282747654825,0.724429587774428
META,2018-07-27,0.16897774564512438,0.16957575672946518,0.1745789992007365,0.17054311889198653,0.17670326836411168,0.2407159649299909
META,2018-07-30,0.16145061545437808,0.16202195943882036,0.16554469705733804,0.15760826958494856,0.16770969898287644,0.2636699903151478
META,2018-07-31,0.16443790752877738,0.16501981809830885,0.16347636883346633,0.1645175702568465,0.158598026675166,0.15379827383048908
META,2018-08-01,0.16261013177794567,0.16318559145134637,0.16511541801761065,0.16632522258837845,0.16501357102620814,0.12596303004949105
META,2018-08-02,0.17188641362484466,0.1724947077404551,0.16845205173005956,0.16505987821531615,0.1586176954818889,0.11872429734127224
META,2018-08-03,0.17465749700179464,0.175275615508248,0.17247166726330937,0.1768699326998735,0.17241312625893498,0.08506050938707713
META,2018-08-06,0.19020319578962072,0.19087627756207748,0.18601336955001818,0.18134894591821243,0.17493211484024682,0.1950578600488166
META,2018-08-07,0.18650834736645358,0.1871684005383536,0.19091104501950046,0.19207441513335566,0.18975086408371092,0.12312634257751076
META,2018-08-08,0.18920083690039616,0.189870400657648,0.18808172754771696,0.1921547422969131,0.1863069310983083,0.07378340932364288
META,2018-08-09,0.18509335567560461,0.18574836380988274,0.1875353778196689,0.18958384399772205,0.18847170098633212,0.06288144850475491
META,2018-08-10,0.17953149508344537,0.18016683640939746,0.17881325425384997,0.1834377892934832,0.1809737416625655,0.0706764981655206
META,2018-08-13,0.17911877152680597,0.1797526765853561,0.17980838487840317,0.1823933522820852,0.17715592117715193,0.0527037576961954
META,2018-08-14,0.18120202264491905,0.1818432778538131,0.17859861473398625,0.18183097019460748,0.1783563790189265,0.06010383113708628
META,2018-08-15,0.1780967793026654,0.17872708781602709,0.17641318604796674,0.17411827529703428,0.17566025106225822,0.1214582733632181
META,2018-08-16,0.16860434926166032,0.1692010206352228,0.17569123028743755,0.17257170923270793,0.1777856533081236,0.11410360455474586
META,2018-08-17,0.16683559452226324,0.1674259897718594,0.16733985041718563,0.16861492984383064,0.16613532361237845,0.08563269591988683
META,2018-08-20,0.16428065933941935,0.164862032895762,0.16412028739305745,0.1663453273649117,0.16523004801501048,0.07075408278013887
META,2018-08-21,0.16451650137178472,0.16509869565235707,0.16333976651454074,0.16730940656522703,0.16280946352473843,0.06220434641354097
META,2018-08-22,0.1665210678918755,0.1671104193667658,0.16347636883346633,0.168795719595004,0.16162870451839936,0.05037092939755987
META,2018-08-23,0.1650667490278512,0.16565092881404575,0.16603251144122577,0.1702016748136983,0.16336049040010583,0.05548225670721196
META,2018-08-24,0.16850612208373697,0.16910240112182479,0.16460810177694518,0.17038243391734648,0.16456094824188042,0.040397339024047255
META,2018-08-27,0.1740286555027208,0.1746445047925111,0.17212042542452005,0.17614686563775572,0.16906759736457208,0.05490169456259689
META,2018-08-28,0.17167026543073863,0.17227775684875957,0.17128139897567018,0.17622722344883834,0.17321999776526323,0.046035889055764376
META,2018-08-29,0.17096270908197084,0.17156773848452417,0.16845205173005956,0.1740580222624849,0.1696776606888208,0.0574240761810384
META,2018-08-30,0.1743823580479256,0.17499949892740368,0.17430582433671243,0.17596610653410755,0.16889045798921556,0.08264965565214938
META,2018-08-31,0.1706286096200104,0.17123245621453104,0.17007159905742614,0.17451997240987194,0.171350410121646,0.055533392021392194
META,2018-09-04,0.16164716056523978,0.1622191984656164,0.16279341678649267,0.1621073569322955,0.16416736190643408,0.10730260776877668
META,2018-09-05,0.15382516733069337,0.15436954263477753,0.1574079567069498,0.15782920759413804,0.15627584627593363,0.11355213664061262
META,2018-09-06,0.14468643983489302,0.1451984996833161,0.14931022007011707,0.14443240813971303,0.15133624317563724,0.15890431128005356
META,2018-09-07,0.14568879872411758,0.14620434649329533,0.14472478272586858,0.1447537780889932,0.13820994220043378,0.08302038667995597
META,2018-09-10,0.14792926777991708,0.14845273296429912,0.1454662403431755,0.14877081051241986,0.14450741365371325,0.06493391421874717
META,2018-09-11,0.1513882136673755,0.15192394723142794,0.14971999725306673,0.15190409089908868,0.1453536528021999,0.06607740564101863
META,2018-09-12,0.14364487477917978,0.14415319904908758,0.14445160786184458,0.14804774345030208,0.14399575442050425,0.08203955845537848
META,2018-09-13,0.1423870707743455,0.14289094752316356,0.1421686401181092,0.1461597333076875,0.1415358022880738,0.08810394222414812
META,2018-09-14,0.14427377678159695,0.14478433985927475,0.14123201506388922,0.1451152962962895,0.14098477541270635,0.0718667166852326
META,2018-09-17,0.14085409756397052,0.14135257941639517,0.13971003656806563,0.143970457992326,0.14137836174815274,0.06849399005770795
META,2018-09-18,0.1403037894045607,0.14080034625470655,0.1391246533526349,0.14216277501326885,0.13639942103441047,0.07492954567595815
META,2018-09-19,0.14572806539394959,0.14624380031754458,0.1424027814947506,0.14338797112831503,0.1377573194161061,0.062426961358894514
META,2018-09-20,0.1515454013533902,0.15208173243397471,0.14827605595818122,0.15341047805787367,0.1464557065529347,0.05937206715830037
META,2018-09-21,0.1454725900266682,0.1459873956015998,0.1498370679413874,0.15007633379102348,0.15066714340250717,0.17865312227379346
META,2018-09-24,0.15034655785664727,0.15087864659719946,0.14681261280651803,0.1461999122132288,0.13962687703101076,0.0606363437192389
META,2018-09-25,0.14936392305735371,0.1498925116521197,0.1465979732866543,0.14674218952417328,0.14151613348135086,0.0976653643325012
META,2018-09-26,0.1533731468525503,0.15391592898648693,0.1538371518440323,0.1528882748759373,0.14606212021748835,0.08721524572942982
META,2018-09-27,0.15708762861063344,0.15764351787511033,0.15865676033874931,0.15891382351107736,0.15245799576180755,0.0960964799948512
META,2018-09-28,0.14847945493264017,0.149004996220438,0.15284199144565197,0.14957420473809513,0.1539930034901472,0.1269482664908082
META,2018-10-01,0.14450961881396232,0.1450210026158698,0.1471638546453073,0.14696312753336277,0.14356280044289946,0.09230894017212322
META,2018-10-02,0.13839748031406499,0.13888724205369585,0.14013931560779302,0.14176107790043124,0.14070926197502268,0.1347305323230288
META,2018-10-03,0.14448989472403131,0.14500126065652008,0.142832060534478,0.1434884030684057,0.13759987887618505,0.07776975972133017
META,2018-10-04,0.13745408193293177,0.13794056093286539,0.1385392999110313,0.1391098524376827,0.14047311617949734,0.08936381056834697
META,2018-10-05,0.1344668503618758,0.1349427022733769,0.137446570681108,0.1368000404056972,0.13604520234112252,0.08938320672200153
META,2018-10-08,0.13430960217251772,0.13478491707083012,0.1324513561539099,0.1331646309661001,0.12882275645503963,0.08189805469803495
META,2018-10-09,0.135587039512268,0.13606688046165366,0.13684168560889953,0.1392504326357895,0.13305389214004756,0.05896827450494624
META,2018-10-10,0.12277315743155984,0.12320770244581808,0.13118305066533265,0.12697839735631994,0.13134177506506398,0.11083358937725563
META,2018-10-11,0.12664491763067273,0.12709307653698826,0.12556341943532118,0.12266009976014636,0.11817610644770207,0.13167960551750038
META,2018-10-12,0.1274113739841886,0.12786226059037248,0.12962203868212646,0.12695832322731193,0.1311646356897074,0.08739730508077836
META,2018-10-15,0.12697898684096146,0.12742835880698133,0.1270463942175893,0.1294689684919536,0.12445390909425866,0.0439322880275919
META,2018-10-16,0.13731652758183308,0.13780248759521807,0.1346367848399294,0.13440990121015434,0.1285472430173559,0.060448112864454825
META,2018-10-17,0.13857436183833902,0.13906473912114214,0.13664657771964073,0.14031494377619558,0.13673397092097553,0.05344742386017841
META,2018-10-18,0.1297304671346671,0.13018952461542455,0.13307577285672323,0.13093517674519728,0.13466760512399142,0.07144661362994166
META,2018-10-19,0.12802061240001802,0.12847365944120986,0.13051963024896385,0.13147748470366694,0.12945251861472382,0.0630101684335534
META,2018-10-22,0.12945526767745466,0.12991340803458018,0.13050009861835893,0.13330524181173214,0.12728774872669998,0.04389349572028277
META,2018-10-23,0.12868881132393886,0.12914422398119602,0.1254853822343831,0.12605449706154592,0.12032117750029045,0.06007297361990856
META,2018-10-24,0.11227845925634525,0.11267575836058435,0.12525121108391452,0.11550978695005087,0.12634313551588625,0.09820228513139351
META,2018-10-25,0.12192810723503669,0.12235961074393542,0.12049016770718501,0.11832169738743947,0.11345298033620807,0.07334479175804531
META,2018-10-26,0.11096166449174796,0.11135434114551152,0.11422661791758248,0.11189445163946177,0.10969419629967583,0.11388980604287166
META,2018-10-29,0.10451545678156185,0.10488529831334448,0.11389490770939809,0.10231382072828205,0.11496831925782477,0.11403748130365074
META,2018-10-30,0.11263219205322164,0.11303078258992716,0.10962164894272913,0.10373988072350965,0.09812257185953491,0.1986377728631059
META,2018-10-31,0.12357894095825103,0.12401631022900134,0.12866591177112868,0.1222584026473087,0.12776007034646317,0.24083763171200592
META,2018-11-01,0.12350040761858702,0.12393743267495305,0.12154383367589855,0.1230417227439759,0.12091157201781624,0.08892827875446717
META,2018-11-02,0.12074898782822477,0.12117626686650984,0.12423657860258358,0.1222584026473087,0.1214625988931837,0.08481937993141696
META,2018-11-05,0.11746686296169703,0.11788254966682737,0.11654861914870046,0.11920544942419736,0.1181170699988208,0.04630258616851465
META,2018-11-06,0.11994311354651857,0.12036762898887643,0.11807059764452404,0.1203302135991528,0.1165623634350457,0.04937026419765385
META,2018-11-07,0.12306795997201661,0.12350353089156191,0.12205114991656407,0.12400580194429128,0.12100997610885603,0.07233839587637772
META,2018-11-08,0.1158749292432307,0.11628501587091022,0.11801206230036371,0.11779949420550306,0.11888457386299059,0.08233799472865441
META,2018-11-09,0.11015588096505677,0.11054573336232831,0.11180704785492152,0.11243675959793142,0.11152438627242209,0.05227880560249082
META,2018-11-12,0.10345416763591761,0.10382028581421648,0.10649962497631676,0.10524626788229463,0.10705710479188887,0.05763567058454276
META,2018-11-13,0.10465301113266054,0.10502337165099179,0.10618744639873723,0.10751587036121357,0.10217656816918633,0.042645970382955006
META,2018-11-14,0.10870159235270413,0.10908624280960821,0.10755332071885748,0.10737529016310676,0.10552209706354923,0.07318036527365547
META,2018-11-15,0.10797440266902028,0.1083565125804733,0.10610937942397203,0.1059291560388711,0.10282599913559345,0.10955652898777204
META,2018-11-16,0.09948427101389642,0.09983629220964829,0.10011903427222069,0.09978310133463231,0.10034637819644007,0.14010679345873533
META,2018-11-19,0.0838010178749716,0.08409758691262176,0.09227497064263424,0.08660723988939678,0.09353721748123903,0.17145847173297138
META,2018-11-20,0.08553047569286501,0.08583316395173596,0.08526996323572483,0.07785009265666298,0.07271617902890207,0.16077648092939315
META,2018-11-21,0.09022762250191338,0.09054691787988933,0.09118227118653804,0.09247210354989671,0.08722004719252405,0.08817403287030894
META,2018-11-23,0.08415478092351972,0.08445258104751435,0.08593338365209363,0.08670764118196228,0.08574407591306579,0.028294579965272067
META,2018-11-26,0.09329350841932008,0.09362365409342605,0.09081152749097104,0.08976059440507361,0.084464912815687,0.08285728266058802
META,2018-11-27,0.0905813250471181,0.09090191201478193,0.09005053824305925,0.09162853041868013,0.089876807507034,0.06736989478909107
META,2018-11-28,0.0940403011862482,0.09437309618746048,0.09040175030802139,0.08789268903899228,0.09091982480888752,0.10747232411325414
META,2018-11-29,0.09781368294907936,0.09815985076523265,0.09664579824084618,0.0955451309020161,0.09021135739359906,0.08274751806377013
META,2018-11-30,0.10160678880184157,0.10196634730235454,0.0985580222890145,0.09895960233242379,0.09481638057861788,0.08933295305116926
META,2018-12-03,0.10255009642795973,0.102913028423185,0.10384591353701439,0.1057885451932391,0.1041445298751307,0.08530648788115094
META,2018-12-04,0.09633973075013905,0.09668064834761303,0.10328006195218853,0.09855790521958613,0.09967724839459743,0.10949966299183025
META,2018-12-06,0.09968075562141479,0.10003353123644432,0.0960799168821932,0.09154817260759751,0.08607865582834337,0.10028957575762919
META,2018-12-07,0.09533740211258615,0.0956748015376338,0.09836288462592857,0.09755364711372949,0.09676467347783932,0.06933243288159396
META,2018-12-10,0.1040437727168311,0.10441197280015435,0.10261664153581973,0.10227364182274074,0.09745347208640484,0.0923728593148485
META,2018-12-11,0.10449576294330251,0.10486558644844496,0.10423618886318631,0.10647146399734081,0.10587634578554975,0.06538619725623773
META,2018-12-12,0.10925180975709889,0.10963847597129689,0.11069484654204759,0.10930344856373747,0.10430197041505176,0.08035914623421472
META,2018-12-13,0.11025416864632345,0.11064432278127612,0.10808016859012787,0.11066925552441564,0.10920220587318977,0.05590103729748101
META,2018-12-14,0.10838712622565969,0.10877067240451466,0.10839234716770735,0.10930344856373747,0.10481362964826077,0.07193460322302359
META,2018-12-17,0.10078140219190604,0.10113799755982161,0.10626548359967536,0.10108862461323592,0.10430197041505176,0.08316762111906108
META,2018-12-18,0.10760097603388455,0.10798177648623097,0.10823624299200402,0.10392063982715777,0.10036604700316301,0.08482114321811282
META,2018-12-19,0.08712240941133134,0.08743072784210332,0.10624598174289762,0.08919821231759589,0.1006218916341238,0.2289513160951487
META,2018-12-20,0.0874368150350324,0.08774626815274666,0.0880212435065702,0.08417692178831254,0.07993859488627239,0.15353995232954418
META,2018-12-21,0.07082991785657711,0.07108059359978919,0.08671387475678316,0.07096088143753568,0.08523241667985679,0.22673221978839678
META,2018-12-24,0.06908076620042436,0.06932527460132526,0.07664540850144891,0.07015747188809782,0.06498208892396642,0.07316978555348026
META,2018-12-26,0.08896975799373577,0.08928463625951505,0.08542606741142816,0.07592191893226963,0.07068918087407636,0.1510074318126014
META,2018-12-27,0.08963798716932822,0.08995523089395141,0.08688951056309141,0.08351410776074408,0.08336285906495214,0.11344545779551252
META,2018-12-28,0.087043815568324,0.08735182019360482,0.08870416577971674,0.08859565132457686,0.08906993600070581,0.07564544007448122
META,2018-12-31,0.08289694666701378,0.08319032952159033,0.08620655851611769,0.0840764898482218,0.08731845128356383,0.08445173465532814
META,2019-01-02,0.09191772289495972,0.09224304109475423,0.09180665811552424,0.08128465353984127,0.07657339718518655,0.09997262497404662
META,2019-01-03,0.08417438400676405,0.08447232300686414,0.09114323769915544,0.08642645013822342,0.08779077290332696,0.0760435020460738
META,2019-01-04,0.09637905792331439,0.09672010217186228,0.09276278502652202,0.09170885758223757,0.08645254332835425,0.10374561768153368
META,2019-01-07,0.09657557278250442,0.09691734119865836,0.09446036955482662,0.09604725995494445,0.0934388133901993,0.0644560635241665
META,2019-01-08,0.10538017056467272,0.10575310188012671,0.1027922475683008,0.1033381529631468,0.09802416776849518,0.09167459778328413
META,2019-01-09,0.1087211651842768,0.10910595467450773,0.10583620455994797,0.10681290807562904,0.10404612578409098,0.07378649507536067
META,2019-01-10,0.10866226517952879,0.10904678898535897,0.1055630296959239,0.10594923016787916,0.10430197041505176,0.04698056990307653
META,2019-01-11,0.10787614523942526,0.10825789306707528,0.10712404167913009,0.1094239852803614,0.10443971211953731,0.03279933665154501
META,2019-01-14,0.11100093116157991,0.11139379496976082,0.10948507639763072,0.10681290807562904,0.10217656816918633,0.06635600493896603
META,2019-01-15,0.11799753778619085,0.11841507096361648,0.11750471628587106,0.11629310704671808,0.11006808379968672,0.08199944368304744
META,2019-01-16,0.11522639390589753,0.11563416319582354,0.11549492340615974,0.11832169738743947,0.11595230011079696,0.05535926746017507
META,2019-01-17,0.11672003994309718,0.11713310757279288,0.11422661791758248,0.11731743928158278,0.11191797260786848,0.0454945600401324
META,2019-01-18,0.12013965865738027,0.12056483792122225,0.12091941697308523,0.12143490364510018,0.11742827139025522,0.11268327712122286
META,2019-01-22,0.11528535441398888,0.11569335897942257,0.11916329710062024,0.11705632236685198,0.1163458864462433,0.07454823492797634
META,2019-01-23,0.10885874978704715,0.10924402801215505,0.11383637236523775,0.11040813860968485,0.11453536528021999,0.06449617829649754
META,2019-01-24,0.11186573569970579,0.112261598536543,0.1092314033903844,0.10932355334027072,0.107371985871731,0.06827446086407218
META,2019-01-25,0.1181153982990302,0.11853340234191401,0.11584616524494906,0.11739776644514022,0.11296098990972195,0.07392447225931247
META,2019-01-28,0.11508874879978384,0.11549611995262654,0.11414858071664441,0.116734983065097,0.11408274249589231,0.044262904283067464
META,2019-01-29,0.10864257134126945,0.10902707712045945,0.1124704980451175,0.11115127980081069,0.11416144775149653,0.053624193351439337
META,2019-01-30,0.12088651192765179,0.12131431010970689,0.11803156415714144,0.11571062018270706,0.11048136897056857,0.17256273002625974
META,2019-01-31,0.15286222636965915,0.15340314964904755,0.15848112453244112,0.15447498919827973,0.14862047644095852,0.31636052336112425
META,2019-02-01,0.1509362234409041,0.15147033358313733,0.15344690629168756,0.1558006172534166,0.14909276803200913,0.11169980396660159
META,2019-02-04,0.15789338188565297,0.15845215575274374,0.1538371518440323,0.15170322701890726,0.14881725459432546,0.06422110557194187
META,2019-02-05,0.16164716056523978,0.1622191984656164,0.15906650774787184,0.16188641892310607,0.15560671647409105,0.07533421997266024
META,2019-02-06,0.16033039605231417,0.1608977812505436,0.16002263465886957,0.16305136200360282,0.15964104397701948,0.03444448313879138
META,2019-02-07,0.1522528971988147,0.15279175079821017,0.15372008115571156,0.15497711825120808,0.1537371588591864,0.05311945253474666
META,2019-02-08,0.1541199698711501,0.15466540117497163,0.15007120931802886,0.1528882748759373,0.1463966701040534,0.03127144872957398
META,2019-02-11,0.15109338087524712,0.1516280886912339,0.15188589430848137,0.15463567417291985,0.15314676434166055,0.032372621271144555
META,2019-02-12,0.14961936817296342,0.15014888627361428,0.15196393150941945,0.1534707310924231,0.15110009738011196,0.04771806456362401
META,2019-02-13,0.14771308933413937,0.14823581216705384,0.1478272750616761,0.15192416502809675,0.1481875224633538,0.03851723458457626
META,2019-02-14,0.14747721705010233,0.1479991193160085,0.14519306547915145,0.14895156961606804,0.14387768152274158,0.03212576113372281
META,2019-02-15,0.144627539830145,0.14513933399416734,0.14486135527096705,0.1461597333076875,0.14647537535965763,0.04424483059443479
META,2019-02-19,0.1442148162735056,0.14472514407567577,0.1437881576716486,0.14509522216728143,0.13858385972915724,0.03913570739315253
META,2019-02-20,0.14474540034298436,0.14525766537246487,0.14294913122279873,0.1469430534043547,0.14202779271455987,0.027785871753513675
META,2019-02-21,0.13979280841832628,0.14028753682281692,0.1400612784068549,0.14360890913750446,0.14139803055487563,0.044700640205317096
META,2019-02-22,0.1434286660817304,0.14393624815739203,0.1403929886150393,0.14505504326174012,0.1387413002690783,0.045805780141953384
META,2019-02-25,0.14879389080801295,0.14932053653108135,0.14753459834087435,0.15025709289467165,0.1436415357272163,0.0584952728487792
META,2019-02-26,0.1478309800986504,0.14835414354535137,0.14786630854905874,0.1520647758737288,0.14614082547309262,0.03666137533717348
META,2019-02-27,0.14523674799430283,0.14575073284500473,0.1433588786319212,0.14525590714192155,0.14330695581193867,0.03187140702784362
META,2019-02-28,0.1425639522986196,0.14306844459060986,0.14251985218307134,0.1461597333076875,0.1422639385100852,0.024891877463917644
META,2019-03-01,0.1441950921835746,0.14470543221077625,0.14179789642254215,0.1478268054411126,0.14271659132312545,0.02481958270938699
META,2019-03-04,0.1541985939658291,0.15474427872901986,0.15032488232527513,0.15212502890827817,0.14527491751788305,0.05919000780695184
META,2019-03-05,0.16184370567610148,0.1624164073979622,0.15887139985861304,0.1575881954559405,0.15210374703980703,0.10015644761209103
META,2019-03-06,0.16430029267433535,0.16488174476066153,0.16216902985750647,0.16706839442702953,0.16298657287138243,0.0708144753494724
META,2019-03-07,0.15765750960161587,0.15821549299614868,0.15859822499458898,0.15971721773675263,0.16023143849454533,0.05659709472067555
META,2019-03-08,0.15858124439616142,0.15914246225207968,0.1544615387730185,0.1564232523754437,0.14980123544729765,0.0340195310450868
META,2019-03-11,0.16343560914289615,0.16401397128832956,0.16359343952178707,0.16769102954905662,0.16042824667662478,0.059142839887837334
META,2019-03-12,0.16314080660243943,0.16371811274813552,0.1626178107540116,0.1669679624869388,0.1613925286941615,0.02948127191159233
META,2019-03-13,0.1659904838223967,0.1665778980699767,0.16306659165051673,0.16877561481847075,0.16184518150720176,0.02867897646497165
META,2019-03-14,0.15970146379822533,0.16026664044035643,0.15744696042050527,0.1608219077827,0.15680717431586558,0.055410843596029255
META,2019-03-15,0.15146680751038286,0.15200282478547622,0.15048098650097846,0.14947377279800445,0.15169049189763775,0.1395989668903249
META,2019-03-18,0.14063791911819282,0.14113562852469963,0.14330034328776087,0.14298627401547737,0.1446255165801885,0.14131288155871016
META,2019-03-19,0.1427997640793133,0.14330513744165513,0.14314426888588466,0.14607940614413006,0.14051245379294316,0.08879911800399472
META,2019-03-20,0.15040551836473862,0.15093781228634823,0.14763213739859016,0.14692297927534664,0.14055182143510161,0.06499474760975467
META,2019-03-21,0.1516633223695729,0.15220006381227225,0.1481589852698605,0.15196434393363806,0.14722321041710454,0.04741257514356459
META,2019-03-22,0.1482437036552898,0.14876830336939273,0.1501687781495718,0.15264723209021458,0.14871885050328573,0.048145220765698424
META,2019-03-25,0.15207601567454063,0.1526142236363136,0.1484516619906623,0.1484494405631397,0.14350376399401818,0.03157914225800322
META,2019-03-26,0.1548078323816586,0.1553556775798573,0.1541298285648341,0.15718649834310283,0.1520644094263612,0.04395168418124647
META,2019-03-27,0.1512506895679485,0.15178587389378068,0.1531346979402809,0.15405318730890888,0.1530483902793334,0.022714659216192614
META,2019-03-28,0.150621727062188,0.15115476317804377,0.1488029038294516,0.15112077080242148,0.14659347828613287,0.021933082388248395
META,2019-03-29,0.15286222636965915,0.15340314964904755,0.14971999725306673,0.1540933662144502,0.15017515297602105,0.035212835316516575
META,2019-04-01,0.15681242915342106,0.15736740129426602,0.15305663096551564,0.15905440370918417,0.153009022637175,0.021661977058758445
META,2019-04-02,0.16762171446236676,0.1682148856901431,0.1647641761788214,0.16361374409108054,0.1575550093733125,0.08145943713243738
META,2019-04-03,0.16632461353602881,0.16691318033996977,0.17073504924762206,0.17044268695189585,0.16613532361237845,0.09664398051391872
META,2019-04-04,0.17119858136600788,0.17180443133556944,0.1708130864485602,0.1756246624558193,0.16912663381345341,0.05457460488051308
META,2019-04-05,0.1706089762850944,0.17121274434963157,0.16886182891300922,0.17476101519559467,0.17081908208171406,0.01819094719793907
META,2019-04-08,0.1690563697398034,0.16965463428351346,0.16593494260968278,0.1730135852510869,0.1675325896362325,0.008066595811929606
META,2019-04-09,0.17426443703174285,0.17488116754910615,0.17313508767967817,0.17566484136136062,0.1683394311138481,0.06296476380113476
META,2019-04-10,0.174736181599817,0.17535452315674654,0.1723545668011615,0.1776532527965407,0.17337740827647172,0.027480823155128228
META,2019-04-11,0.17412688268064416,0.1747430942114589,0.17159357755324972,0.17857718373883996,0.1734955112029469,0.011476792281741473
META,2019-04-12,0.17725169885447054,0.17787902620859464,0.1739936457591329,0.1804852680104626,0.17302318958318372,0.030250505732665457
META,2019-04-15,0.17833265158670245,0.17896375057262215,0.17569123028743755,0.17831606682410917,0.1740071704361559,0.0236602217068527
META,2019-04-16,0.17679964812465573,0.17742538246585376,0.1750473117278465,0.18118826094357232,0.1749911512891281,0.025337107354624726
META,2019-04-17,0.17662279685205337,0.17724788539840747,0.17615954281454754,0.18130876701267112,0.17617194032417974,0.01986430627231935
META,2019-04-18,0.17564019230443154,0.17626175045332776,0.1725302026074697,0.17926007189541643,0.17459756495368176,0.02727848600677719
META,2019-04-22,0.18185061848559556,0.18249413052889973,0.17797419803117293,0.18108782900348164,0.17351518000966984,0.034923656298393946
META,2019-04-23,0.18644944736170557,0.18710923484920483,0.18294991070159328,0.18757532778600866,0.1823513388796966,0.06386315837268033
META,2019-04-24,0.18409096653470838,0.18474251699990352,0.18474506406144092,0.18791677186429695,0.18579527186509923,0.14028003637660452
META,2019-04-25,0.20508057464683935,0.20580634498147055,0.21077483243997214,0.20894593905273773,0.21037509435396842,0.21459772156909593
META,2019-04-26,0.2016019954244649,0.20231544894389247,0.19988681181873852,0.2028601373830483,0.20155863431937712,0.07320945950413732
META,2019-04-29,0.20806786672123864,0.20880420364095903,0.2047844872882208,0.20599341776971708,0.19850828766942089,0.06248118242479252
META,2019-04-30,0.2053557136007084,0.20608246156231486,0.2086479688719401,0.2092673090020179,0.20488449440701714,0.07946780480945262
META,2019-05-01,0.20462858442036788,0.20535273133317994,0.20628693415343952,0.21073351725526157,0.20604558460663333,0.046414554873702385
META,2019-05-02,0.20364594962107438,0.20436659638810017,0.20203320701737543,0.20418576543818512,0.2025426151723493,0.03412841399855675
META,2019-05-03,0.20942392815566793,0.21016507468028106,0.20624793043988404,0.2121395031214811,0.2052584119357406,0.040149597243277574
META,2019-05-06,0.20629905147849828,0.20702917277759558,0.20257955674542355,0.20579258453706084,0.19907901338022374,0.03759062742589678
META,2019-05-07,0.19822164338001383,0.19892314232526215,0.19988681181873852,0.20036959689493988,0.2016373395749814,0.04754482164575481
META,2019-05-08,0.19776959265019903,0.19846949858252133,0.19563308468267449,0.20177555211363418,0.19543827221274165,0.031025911057174126
META,2019-05-09,0.19602044099404634,0.1967141795840574,0.1937793959786665,0.1971760328261965,0.19112843127212945,0.03305942143918578
META,2019-05-10,0.19541120257821684,0.19610278073321996,0.19422817687517163,0.1938218144303382,0.19319479706911355,0.031346829235822396
META,2019-05-13,0.18204710309311392,0.18269133946124555,0.18531091564626673,0.18628987863641316,0.1838469789658778,0.05010290981978768
META,2019-05-14,0.1804551693746476,0.1810938056653284,0.1815255010373127,0.18078656383073471,0.1819183849020918,0.05360656048448065
META,2019-05-15,0.1913430787782723,0.19202019770970402,0.18892075399656688,0.18464291127952132,0.1777856533081236,0.04972203989347984
META,2019-05-16,0.19275810072079294,0.19344023443817482,0.19145739474754853,0.19474574537263745,0.18689732561583408,0.03299814722650431
META,2019-05-17,0.18943667893276153,0.19010709350869331,0.1895061372119976,0.1931991793083111,0.18648404044495223,0.022119990778010582
META,2019-05-20,0.18436616599192077,0.18501863358074783,0.18296941255837101,0.18735438977681923,0.18065889061143595,0.021531934664938055
META,2019-05-21,0.18849337130664337,0.1891604123878628,0.1858377635175371,0.1924158592116439,0.1859527124050203,0.008972043530258659
META,2019-05-22,0.1894760363576086,0.19014654733294256,0.1878670880278533,0.19185347712416617,0.18626756345614984,0.016514502371841013
META,2019-05-23,0.18073030832851664,0.1813699222461727,0.18232549399877995,0.18393991834641155,0.18172157672001235,0.032185712881382375
META,2019-05-24,0.18110376521532404,0.1817446583404151,0.18179867590133675,0.1862698045074051,0.1815444673733684,0.014724325553859368
META,2019-05-28,0.18749104266909047,0.18815453548343336,0.183906037612591,0.1875150747514593,0.1799897608095933,0.04133055850783626
META,2019-05-29,0.1833246311878792,0.18397333294651935,0.18361333111796208,0.1873142415188031,0.1838469789658778,0.03231311034515896
META,2019-05-30,0.18493607723457486,0.18559057860733597,0.18150596940670782,0.18639031057650385,0.18302043865282666,0.013727186927345095
META,2019-05-31,0.17404825858596515,0.1746642166574106,0.17576926748837568,0.17889855368812013,0.17751013987043993,0.04301978716247937
META,2019-06-03,0.14787027702015407,0.14839356727515035,0.1650568826734503,0.14646099848043442,0.16711930446535064,0.22302094211526516
META,2019-06-04,0.1544540995847822,0.1550006834449647,0.15184686082109872,0.1461195544021462,0.14490103001787216,0.17887132900240732
META,2019-06-05,0.15577083384603616,0.1563221006600375,0.1527054189005535,0.1537318480071539,0.15232022402860942,0.06299694378333438
META,2019-06-06,0.15608529997308054,0.15663767106513105,0.15461764294872182,0.15895397176909348,0.15393396704126586,0.030764503804511453
META,2019-06-07,0.16595115664922136,0.16653847434017766,0.16275438329911007,0.16218768409585294,0.15761404582219382,0.0504732000259203
META,2019-06-10,0.1688401912940257,0.16943771348626813,0.17053991158453613,0.17214993799086226,0.16662731403886452,0.040998178965664836
META,2019-06-11,0.17528642925588342,0.17590675631843516,0.1746765680322795,0.17815538184946905,0.1739678027939975,0.043196556653740295
META,2019-06-12,0.16927257843725277,0.169871585175209,0.1732911918553815,0.17030210675378898,0.17377102464063063,0.05392262962471528
META,2019-06-13,0.17404825858596515,0.1746642166574106,0.17087162179272053,0.17377683121874604,0.16816232176720416,0.02991459961710229
META,2019-06-14,0.18163437953647452,0.1822771796372042,0.17830590823935732,0.18460273237398,0.1779627626547676,0.049840180102103115
META,2019-06-17,0.19672799734281418,0.1974241979482928,0.19325254810739617,0.1934602962230419,0.1868185903315173,0.10576369930495647
META,2019-06-18,0.19566670819716994,0.1963591854491648,0.20306737112931128,0.19922472794345114,0.2045105768782937,0.1415209493888228
META,2019-06-19,0.19372107193349883,0.19440662742390485,0.19052079946715567,0.19374148726678075,0.1907348449366831,0.07030929371110575
META,2019-06-20,0.19774995931528302,0.1984497867176218,0.19649164276212927,0.19994779500556897,0.19850828766942089,0.04041541271267993
META,2019-06-21,0.20091407241061307,0.20162514244455654,0.19813069194627353,0.2021772492264718,0.19417877792208574,0.07619029566350494
META,2019-06-24,0.20378344346882973,0.2045046697257475,0.20199417352999283,0.20784127965431554,0.20140119377945612,0.0442651083914373
META,2019-06-25,0.19639389788085374,0.19708891567829973,0.20035512434584857,0.2009319789824176,0.20230646937682403,0.04973702783039474
META,2019-06-26,0.1940748349820469,0.19476165165324766,0.19571112188361262,0.19928498097800051,0.19573345445714826,0.03236115990762141
META,2019-06-27,0.1976910290588634,0.19839062102847305,0.2115553533184888,0.20121317002615646,0.1964025842589909,0.02508936557385504
META,2019-06-28,0.20456962391227654,0.20529356564403117,0.20047219503416924,0.20456738842201472,0.19772111499852815,0.04809981613327978
META,2019-07-01,0.20456962391227654,0.20529356564403117,0.20453081428097453,0.20856431606890813,0.2068918237551199,0.038414523134541856
META,2019-07-02,0.20850028411613744,0.20923810542435012,0.2039844645529264,0.21013098690976773,0.2025426151723493,0.0157924364698824
META,2019-07-03,0.21282388328336335,0.2135770931638109,0.20866747072871783,0.21304332928724706,0.2048254579581358,0.021065104512206573
META,2019-07-05,0.21125167365482803,0.21199927123279327,0.2080235819429539,0.21306340341625513,0.20880071898347044,0.025111847479227376
META,2019-07-08,0.2099939301533371,0.2107370197068692,0.20726256292121498,0.21199889227584906,0.20685245611296152,0.018763133730748765
META,2019-07-09,0.2167742373254836,0.21754137490347958,0.21268708626196758,0.21450953754049074,0.20641950213535673,0.040692689545605426
META,2019-07-10,0.22369215935207212,0.22448374324883674,0.21951648763639597,0.22411024258067852,0.21631834711395995,0.06658258727938528
META,2019-07-11,0.22074416419917645,0.22152533841359756,0.22115553682054023,0.2251948584976179,0.22273389146500208,0.03619586764946389
META,2019-07-12,0.22789789800645868,0.22870439961,0.22408242312386667,0.22308591034581382,0.2156885849542757,0.043636055862685805
META,2019-07-15,0.22601122225087897,0.22681103736833902,0.224140958468027,0.22842857082437734,0.22468218436422352,0.0465631117778294
META,2019-07-16,0.2258736376481086,0.22667296403069176,0.22441413333205107,0.23099946912356845,0.22397371694893506,0.029381646213275697
META,2019-07-17,0.22186438360124036,0.22264954669632453,0.22224823627663642,0.22796659002946512,0.2245444126310254,0.029165643593031667
META,2019-07-18,0.21985972632613457,0.2206378229819158,0.2185603607253982,0.22352778636419274,0.21661352935836656,0.028522925592387182
META,2019-07-19,0.2151036795123382,0.21586493345906393,0.21828718586137413,0.22089663503045232,0.22060848921913664,0.029230003557430908
META,2019-07-22,0.2228863153220376,0.22367513546565354,0.21875549838848418,0.22238291741270405,0.21614123776731595,0.03580133225126306
META,2019-07-23,0.2229649394167166,0.22375401301970183,0.22201409489999502,0.22670124565640287,0.22190735115195095,0.040186185442216873
META,2019-07-24,0.2274852349531626,0.22829023978595864,0.22312629621286895,0.21918938399148585,0.2116542874800598,0.11930838605927904
META,2019-07-25,0.21972220222670755,0.22049977973871876,0.23063864963427094,0.22127822736675667,0.22950368453804473,0.15174139989975716
META,2019-07-26,0.2178354659677845,0.21860638740260757,0.2193603834606926,0.2172411208143219,0.2166922646426834,0.08360844279302848
META,2019-07-29,0.21034766295021348,0.21109204393621206,0.21301879647015204,0.21533303654269925,0.21435038540801557,0.04876942425603628
META,2019-07-30,0.2125094776596623,0.21326152275871735,0.2112236431103044,0.2117177012321102,0.20724604244840786,0.028371723758216363
META,2019-07-31,0.2069869442406784,0.20771944918248125,0.2113211821680202,0.21007070322769317,0.2103160579050871,0.04022938596626567
META,2019-08-01,0.20403897933945445,0.20476104434724207,0.2107553305831944,0.2064553985646293,0.20484512676485875,0.05426294395701811
META,2019-08-02,0.19674769118107352,0.19744393990764253,0.19934046209069045,0.2008114729133188,0.19880349994254007,0.043330566442626395
META,2019-08-05,0.18242049947657799,0.18306607555548787,0.18577922817337672,0.18327710431884314,0.18618885820054562,0.0776692523796656
META,2019-08-06,0.18788404213579887,0.1885489834425752,0.18601336955001818,0.19080904011276817,0.18422089649460124,0.055403349627571805
META,2019-08-07,0.18914193689564815,0.18981123496849922,0.18714510249349697,0.1870531246040723,0.18404378714795724,0.045694252258439635
META,2019-08-08,0.19898816023687302,0.1996923263786463,0.19489159729154043,0.19273722916092412,0.1899870098792362,0.04126708018678496
META,2019-08-09,0.194448231365511,0.19513638774748998,0.19614040092333995,0.19890335799417097,0.19663873005451624,0.024647662256539696
META,2019-08-12,0.18957423328386022,0.19024513675189036,0.18952563906877534,0.19356072816313263,0.19043966269227644,0.024083851335535384
META,2019-08-13,0.1956274717790096,0.19631973162491556,0.19692092180185666,0.1953884546236726,0.18782227001992494,0.035748433650386977
META,2019-08-14,0.17845054235121346,0.1790821120453699,0.1864036448761901,0.18321685128429377,0.18837329689529234,0.05922968175760891
META,2019-08-15,0.18411075112798272,0.18476222886480304,0.1809596196786597,0.18466298540852938,0.17882867060997712,0.03287824373118518
META,2019-08-16,0.18629216892067588,0.18695144964665805,0.1846670268605028,0.1893428318595245,0.1843389693923639,0.031682294529711594
META,2019-08-19,0.1911465336674106,0.19182295868290794,0.18935003303629427,0.19434404825979984,0.18878655203746167,0.01861898504336142
META,2019-08-20,0.18650834736645358,0.1871684005383536,0.18642314673296784,0.18940308489407387,0.18768449828672681,0.020347887648661595
META,2019-08-21,0.1859974268835625,0.18665562120091422,0.18622800906988185,0.1909094720528589,0.18679892152479435,0.012919160798962836
META,2019-08-22,0.1830297076407358,0.18367747440632526,0.1827352711817296,0.18442197327033183,0.18370920723267967,0.02360115160254107
META,2019-08-23,0.17459856674537497,0.17521644981909923,0.1808230471335613,0.17789429558226344,0.17861219362117473,0.05226337684390195
META,2019-08-26,0.17972807044597874,0.18036407543619348,0.17569123028743755,0.18106775487447357,0.17577832396002083,0.014574005363036487
META,2019-08-27,0.18157544928005484,0.18221801394805542,0.18259866886280401,0.1866313227147014,0.1807572646737631,0.039374632740442866
META,2019-08-28,0.18247949023634105,0.18312524124463664,0.17852054775922105,0.18243353118762656,0.178002130296926,0.017274038116086857
META,2019-08-29,0.18996735375725535,0.19063961480548242,0.18657925090867117,0.1915722860804273,0.1843783370345223,0.020547579866968837
META,2019-08-30,0.19016386861644538,0.19083682373782823,0.18798415871617402,0.19155221195141925,0.19030189095907832,0.023394406237450354
META,2019-09-03,0.18371763065458765,0.1843677809056612,0.18577922817337672,0.18884070280659615,0.18483095981884998,0.019007789759800674
META,2019-09-04,0.19305290326124971,0.19373606288391865,0.189837847420182,0.1924158592116439,0.18611012291622878,0.02574618986806648
META,2019-09-05,0.20044247910089733,0.2011517868369162,0.196881888314474,0.200550355998588,0.193745823944481,0.037069576207267294
META,2019-09-06,0.19374070526841483,0.19442636938325458,0.1946379540581213,0.19735682257736986,0.19705201522539809,0.043021109627501275
META,2019-09-09,0.19623667994316737,0.19693113047575295,0.19223788585223806,0.19635256447151317,0.19217144857398297,0.04079760510400966
META,2019-09-10,0.1911465336674106,0.19182295868290794,0.19052079946715567,0.19374148726678075,0.19160075289189263,0.04403103208256061
META,2019-09-11,0.19570603537034528,0.19639863927341406,0.19313547741907544,0.19681451461890015,0.18967215882810665,0.02774619780285661
META,2019-09-12,0.19370140834691116,0.19438691555900534,0.19604283209179701,0.19912429600336046,0.1963632166168325,0.02623902849956204
META,2019-09-13,0.19315113043917306,0.19383468239731666,0.19026712645990934,0.19773841491367422,0.19138427590309023,0.026332923516117098
META,2019-09-16,0.1912448213486773,0.191921578196306,0.18991588462112008,0.19619187949687306,0.19059707320348498,0.013124583699031644
META,2019-09-17,0.19490028209532576,0.1955900013957806,0.19095007850688306,0.19572989870196084,0.19006574516355304,0.01853037988689397
META,2019-09-18,0.1950181426081651,0.19570833277407812,0.192433023515324,0.19667390377326815,0.19287991598927143,0.018577988627682455
META,2019-09-19,0.19894883306369768,0.19965287255439707,0.19637457207380854,0.20097212724043373,0.1940016685754418,0.021711349086242792
META,2019-09-20,0.19853610950705822,0.1992386826359055,0.20027708714491044,0.2009118742058843,0.1979375919873305,0.06377234910784305
META,2019-09-23,0.19242400125883255,0.19310495216818174,0.19442331453825756,0.19506711532191762,0.19533986812170193,0.03464902439551226
META,2019-09-24,0.18153618261022283,0.18217856012380618,0.1904036990050078,0.1853860524706472,0.1926634390004691,0.0576555075598713
META,2019-09-25,0.18452338392960713,0.1851764187832946,0.1813888987183871,0.1803245830358225,0.1798126514629493,0.055547057493285174
META,2019-09-26,0.179236662291317,0.17987100796365363,0.1774473501599026,0.17992288592298483,0.17957650566742403,0.04679674726503212
META,2019-09-27,0.1733211294056247,0.1739344864282757,0.17619854652810302,0.1758857793705501,0.17792342504132178,0.040505781155843246
META,2019-09-30,0.1752470718310364,0.17586730249418592,0.17212042542452005,0.17827591856609304,0.17276734495222298,0.023242322759931603
META,2019-10-01,0.17078588806104014,0.17139024141707787,0.17440339316825543,0.1743191391772157,0.17528633353353476,0.05115955937228757
META,2019-10-02,0.1684077738991269,0.16900381170287704,0.1679447354893941,0.1707238779956347,0.16680442338550852,0.047098269290025835
META,2019-10-03,0.1778020675172237,0.17843125937028326,0.17440339316825543,0.17180849391257402,0.16824105705152095,0.046809971915251145
META,2019-10-04,0.17990489146690944,0.18054157250363978,0.1766278255678304,0.18078656383073471,0.17607353623314,0.021876657213980567
META,2019-10-07,0.1783916120947938,0.17902291626177091,0.1770180711201752,0.18076645905420147,0.17695911299507247,0.016358010677582583
META,2019-10-08,0.17459856674537497,0.17521644981909923,0.17543755728019128,0.18002331786307557,0.17353484881639278,0.017630222028652522
META,2019-10-09,0.17872571155675418,0.17935822862621426,0.17612050932716494,0.18046519388145454,0.17530603236897022,0.009210528055875026
META,2019-10-10,0.17907944435363063,0.17971322276110685,0.1778571273428522,0.1829356602405549,0.17758887515475671,0.013830780020727431
META,2019-10-11,0.1872552006367251,0.1879178727268383,0.18737927364396556,0.18890095584114552,0.1811902186513679,0.041714955007535845
META,2019-10-14,0.18546675205906868,0.18612309990412512,0.1837304018062828,0.1897646337488954,0.18522454615429637,0.006782041453988575
META,2019-10-15,0.19649215531044875,0.19718753519169774,0.1949696642663057,0.1919539090642569,0.18443737348340364,0.04219368734546444
META,2019-10-16,0.19778928648845842,0.19848924054187106,0.1936427936597409,0.198461481975792,0.19333256880231167,0.02225884960531031
META,2019-10-17,0.1994400899600011,0.20014594002693692,0.19586722605931595,0.2022174281320131,0.19722912457204203,0.018230180326922165
META,2019-10-18,0.19051766191666517,0.19119184796717104,0.19713556132172033,0.19247611224619326,0.1970913528388439,0.05028320588444035
META,2019-10-21,0.19820197979342616,0.19890340036591242,0.19405257084269056,0.19816021680304508,0.19081355019228732,0.011704256265508656
META,2019-10-22,0.18361934297332091,0.18426916139226318,0.1954964823637489,0.18761550669155003,0.19663873005451624,0.062024050348888304
META,2019-10-23,0.19110720649423527,0.1917835048586587,0.18716463412410184,0.18861976479740666,0.18091470521368416,0.030120904160519036
META,2019-10-24,0.19155922697237834,0.19223714860139957,0.18784755639724843,0.1902265838962824,0.1860510864673475,0.026211256734102097
META,2019-10-25,0.1945267949568467,0.19521526530153827,0.19227691933962066,0.19482607253619488,0.18843233334417367,0.011433591757692669
META,2019-10-28,0.19749454445134504,0.19819338200167697,0.1933110834515565,0.19480599840718682,0.19112843127212945,0.036105058384626604
META,2019-10-29,0.19731760242372762,0.19801588493423067,0.19916485605820938,0.20161486713899407,0.1999645901421562,0.03573917639523366
META,2019-10-30,0.19523435130561448,0.19592528366577366,0.19510623681140415,0.19661365073871878,0.19577282209930666,0.10256641970367084
META,2019-10-31,0.20191640104816597,0.20263098925453582,0.21001384319206035,0.2011729911206151,0.20982406747860102,0.16230613213806006
META,2019-11-01,0.2057880704922638,0.20651636334570594,0.20224784653723915,0.20450713538746534,0.2022474329279427,0.0716083951842877
META,2019-11-04,0.20794997595672762,0.2086858722626615,0.2086089353845575,0.2123403363541373,0.2055929618223056,0.048066313686058265
META,2019-11-05,0.20716388626829582,0.20789697634437776,0.20544790770458965,0.21191856511229162,0.20720667480624946,0.019724565801671683
META,2019-11-06,0.2017199164406476,0.20243378032219,0.20275516277790462,0.20739940363593656,0.20456961332717502,0.024269437260275663
META,2019-11-07,0.19949911097143577,0.20020510571608569,0.20094050756127924,0.2036233833507074,0.200397544119761,0.03528997910946087
META,2019-11-08,0.20032452783304297,0.20103345545861867,0.19879411236264233,0.20408533349809443,0.19663873005451624,0.023334013668116823
META,2019-11-11,0.1979072075046411,0.1986075719201686,0.19438428105087496,0.20175544733710088,0.19650095832131806,0.013946275299306896
META,2019-11-12,0.20745859805373754,0.2081928047901216,0.20410153524124713,0.20416569130917706,0.19663873005451624,0.05355101695356075
META,2019-11-13,0.204942990044069,0.2056683017382735,0.20535033887304666,0.21019123994431715,0.20588814406671227,0.023774394520410264
META,2019-11-14,0.2048644264527333,0.205589394089775,0.20209174236153582,0.2076002368685928,0.2024048434391512,0.015750558410855497
META,2019-11-15,0.20869673847198414,0.20943534445114614,0.20456984776835713,0.21147668909391265,0.20502223611150275,0.026699687148857985
META,2019-11-18,0.2132169735050868,0.21397154112295275,0.21106753893460106,0.21081387506634425,0.20561263062902854,0.047166596649490786
META,2019-11-19,0.2169904157712613,0.21775832579517512,0.21374075223068117,0.21846631692936808,0.21120163466701955,0.059904579740453004
META,2019-11-20,0.21343318220253618,0.2141884920146483,0.21294072949538678,0.21559412280990486,0.21352384509496444,0.030363356081201113
META,2019-11-21,0.21425859906414338,0.21501684175718122,0.21196510072761132,0.21846631692936808,0.21124100230917794,0.029374152244818253
META,2019-11-22,0.2160078112236394,0.21677219085009541,0.21237487791056092,0.21999277821716112,0.2131302587595181,0.01980303205963788
META,2019-11-25,0.21791412031413518,0.21868526495665586,0.21563347442207176,0.22326666944946194,0.21537373390314615,0.04322168348915645
META,2019-11-26,0.2163025532607528,0.21706801929583924,0.21403342895148297,0.2208363513483777,0.21631834711395995,0.027630702524277153
META,2019-11-27,0.2222574435712921,0.22304399465546643,0.2198676997013581,0.22360811352775023,0.2161215389318805,0.03204376830236487
META,2019-11-29,0.2215498872225243,0.22233397629123097,0.22115553682054023,0.22720337470933122,0.21946709785495597,0.01109856728547744
META,2019-12-02,0.21773720853818948,0.21850776788920956,0.2179944793667452,0.220856456124911,0.2205101151568095,0.026607555418998795
META,2019-12-03,0.2160078112236394,0.21677219085009541,0.2116528923762046,0.21489116052432033,0.21159525103117846,0.027012670537374845
META,2019-12-04,0.21579157227451837,0.21655523995839987,0.2137992875748415,0.220856456124911,0.21631834711395995,0.013175278191537899
META,2019-12-05,0.21706897936259698,0.2178372033492234,0.21625786135105796,0.22117782607419118,0.21604283367627622,0.018835869306953388
META,2019-12-06,0.22039043140230005,0.22117034427870497,0.2168042408529332,0.22489356267734573,0.21730232796693214,0.029989539301676752
META,2019-12-09,0.22096031239328248,0.2217422893052931,0.2198676997013581,0.2251948584976179,0.21759751021133875,0.028597424455287675
META,2019-12-10,0.22003663810208032,0.2208153200493621,0.21774083613332607,0.2250743217809939,0.21958517075271863,0.017669014335961655
META,2019-12-11,0.22276842455752657,0.2235567739929058,0.21887256907680486,0.2253354386957247,0.21686937398932735,0.011326031269244616
META,2019-12-12,0.2119395059136648,0.2126895777321292,0.22088236195651617,0.21292282321814832,0.22094306913441422,0.08052621764864837
META,2019-12-13,0.2067511324599847,0.2074827864258862,0.20749673407168356,0.2110548872045418,0.20923367296107517,0.058763733248225355
META,2019-12-16,0.21423899598089904,0.21499712989228176,0.21202363607177166,0.21434885256585068,0.20700989665288258,0.04163119888948204
META,2019-12-17,0.2151626702721012,0.2159240991482127,0.2117894946951302,0.2170001086761244,0.21403550432817345,0.020754766053733515
META,2019-12-18,0.22324010862225732,0.22403012960054614,0.2221311655883157,0.2249538157118951,0.21649545646060395,0.07849667466170242
META,2019-12-19,0.23023665474352487,0.2310514055944018,0.22603368065941765,0.2298144212665384,0.2217892782541883,0.04869801114485356
META,2019-12-20,0.23070827830491233,0.23152476120204218,0.22878496093026296,0.23166225250361167,0.23103869226638432,0.09627280866443816
META,2019-12-23,0.23047246652421857,0.23128806835099686,0.23050204731534535,0.23618141397996673,0.22950368453804473,0.03474291941206732
META,2019-12-24,0.22838918515443377,0.22919746708253985,0.22698977779658824,0.23481563766681374,0.228716511867152,0.002551475848923356
META,2019-12-26,0.23363660987122029,0.23446342407793164,0.22899960045012668,0.23543827278884083,0.22727990822985214,0.017117987243502397
META,2019-12-27,0.23424587853872145,0.23507485302321923,0.2311654677317142,0.23800917108803188,0.23338057150105215,0.02123305756998815
META,2019-12-30,0.2269938267985008,0.22779717231341878,0.2291556748520029,0.23260625757491893,0.23178652732383123,0.0222914704091839
META,2019-12-31,0.22864472102505853,0.2294538717984847,0.22458973936453214,0.23200372722942514,0.22419019393773745,0.015367043554503853
META,2020-01-02,0.23754760648849346,0.23838825199335106,0.23284355040324106,0.23736646183699672,0.22960208862908446,0.029136549362549818
META,2020-01-03,0.23536606768911364,0.23619903121149605,0.23403381869088025,0.2387322381501497,0.23050736422645238,0.02521896714600146
META,2020-01-06,0.24308980349406503,0.2439500675289369,0.2386778211531162,0.23786859088992507,0.22950368453804473,0.05109740351625816
META,2020-01-07,0.24399381419867958,0.2448572948255181,0.24219009067187336,0.2483731220958788,0.24154763059794884,0.041635166284547734
META,2020-01-08,0.24823894052958487,0.2491174050109306,0.24542918532660646,0.25010044726385333,0.2419018492912368,0.035298795542940214
META,2020-01-09,0.2542921185213909,0.2551919998839558,0.24960487526173242,0.2574716980831383,0.2508363822235907,0.03163027757218345
META,2020-01-10,0.2538203739533167,0.25471864427631546,0.25253176156505885,0.2597614053385905,0.25410320586234936,0.02932301693063803
META,2020-01-13,0.26138692207225345,0.2623118953912095,0.2566098826686418,0.2633566665201715,0.25489040856195466,0.039655876968434076
META,2020-01-14,0.25578570405524714,0.25669091416647494,0.2574099054039362,0.26219172343967473,0.2588460007805663,0.03447842640768688
META,2020-01-15,0.2598932155317104,0.2608129510142402,0.25604400130998883,0.2652245718862528,0.2568780390746219,0.020141142283570886
META,2020-01-16,0.26111175286671273,0.26203577881036516,0.25789771978782394,0.26572670093918116,0.2607352572309065,0.02004768808868979
META,2020-01-17,0.2618388820470532,0.26276550903950013,0.257234269597628,0.26600789198292,0.2596725410936175,0.046014729615413946
META,2020-01-21,0.2604631570260362,0.26138492613527853,0.25739037377333135,0.2631758767689981,0.2599283857245782,0.03882889550807121
META,2020-01-22,0.2602273452453425,0.26114826337868347,0.2581318611644654,0.267514279141705,0.26022356796898494,0.02973474437412359
META,2020-01-23,0.25716139882459244,0.2580714970706965,0.25567328738824896,0.2634771725892703,0.25715355251230565,0.02524806137648331
META,2020-01-24,0.25358456217262304,0.2544819815197204,0.2562391389730748,0.25713025400485,0.25725195660334543,0.028381421835043646
META,2020-01-27,0.2475510477674047,0.24842709851159472,0.24507794348781714,0.24987950925466385,0.24209865747331624,0.0367786339024488
META,2020-01-28,0.25328972938049465,0.2541861229795263,0.2503073291654838,0.2519282043719185,0.2480812478467536,0.035029012678472166
META,2020-01-29,0.263981063421586,0.2649152759971059,0.26096117863624885,0.26183017458485325,0.2585114508940013,0.1221684370799796
META,2020-01-30,0.2370562890888467,0.2378951845208112,0.23604361157059156,0.2343135086138854,0.22916913465147967,0.19091105056180518
META,2020-01-31,0.22208056204701807,0.22286649758802013,0.23069718497843134,0.2269020788890591,0.23290824988128897,0.1141393111103372
META,2020-02-03,0.22656150015861706,0.2273632705300277,0.22377021477246,0.22979434713753033,0.2230881401870026,0.04420603828712566
META,2020-02-04,0.23764586391808853,0.23848687150674908,0.23442409401705216,0.23521733477965134,0.22934624399812367,0.062426520537220545
META,2020-02-05,0.23819614182582663,0.2390391046684377,0.2385802523215732,0.24226724629718133,0.24093753724498754,0.031169178101213533
META,2020-02-06,0.2396504909415226,0.2404985952211578,0.2355753288173087,0.24353259067024363,0.2369229085774945,0.02248190537233782
META,2020-02-07,0.2425591891729146,0.24341754623214773,0.23875588812788145,0.24471760787974844,0.2365883586909295,0.02986566841129191
META,2020-02-10,0.24399381419867958,0.2448572948255181,0.24066811217604978,0.2461838467805173,0.23898927437447862,0.028163655928103746
META,2020-02-11,0.23245739970939336,0.2332800802005061,0.23493141025771763,0.23784848611339182,0.2363718817021271,0.08623926654326598
META,2020-02-12,0.23947363966892024,0.2403210680592613,0.2356338641614691,0.23963606431591566,0.2317668585171083,0.036791858552667825
META,2020-02-13,0.24415103213636594,0.24501508002806488,0.24170227628798563,0.2432112207209634,0.23505335096258986,0.043769624829897935
META,2020-02-14,0.2461949863329754,0.24706622747227264,0.2428730129450199,0.25018077442741077,0.24386981099718116,0.023249816728389047
META,2020-02-18,0.25330945347042566,0.2542058649388761,0.24882435438321576,0.25168716158619575,0.2429842342352487,0.04470681170875264
META,2020-02-19,0.25270018480292444,0.25359446608803865,0.2494878045734117,0.25713025400485,0.2517219890142357,0.02939222593345091
META,2020-02-20,0.2469811365247506,0.24785515348500659,0.2503658645096442,0.2507833354204298,0.2488290829042005,0.033686269859567436
META,2020-02-21,0.23833369617692532,0.23917714791163475,0.24152667025550456,0.24250825843537888,0.24284646250205058,0.038019987736341035
META,2020-02-24,0.21974186581329522,0.22051949160361828,0.2208628303259113,0.2210974682631085,0.2198606841904023,0.07764015814918375
META,2020-02-25,0.2119788330868402,0.21272903155637846,0.2205701536051095,0.21663855982130287,0.22074626095233477,0.0703815884656364
META,2020-02-26,0.21282388328336335,0.2135770931638109,0.21610178694918175,0.21571465952652885,0.21078837952485027,0.048741652490576326
META,2020-02-27,0.19818234645851016,0.1988836885010129,0.20570158071183592,0.20368363638525683,0.200220434773117,0.07147967525548922
META,2020-02-28,0.20352799835321997,0.20424826500980264,0.19957463324115904,0.18825824659011037,0.1822726035953798,0.11946884514860318
META,2020-03-02,0.2113303280011787,0.21207817888129177,0.20704795317517843,0.2023781131066532,0.20456961332717502,0.08587867441396065
META,2020-03-03,0.1905962255080008,0.19127072552121932,0.2083552921511383,0.192576544186284,0.20887945426778723,0.09925805304054545
META,2020-03-04,0.20213260974561534,0.20284794014623136,0.19779898173808913,0.1974371497409273,0.19500531823513687,0.07756257353456548
META,2020-03-05,0.18918123381715182,0.18985068879274847,0.19225741748284292,0.1924158592116439,0.19030189095907832,0.061123892490646856
META,2020-03-06,0.18116272572341538,0.18180382402956385,0.18209135262213855,0.177090870709063,0.1736726205495909,0.08416211481553156
META,2020-03-09,0.15838475978864305,0.15894522322528365,0.16495931384190732,0.15485661218210933,0.15649232326473603,0.10791975811233107
META,2020-03-10,0.17546328052848578,0.17608425338588146,0.171378938033386,0.1635133121509898,0.16646987349894346,0.08397785135581318
META,2020-03-11,0.15983910890433903,0.1604047137780037,0.16667643000081683,0.1598176496768433,0.1651710115661292,0.06571064200827774
META,2020-03-12,0.12884602926162522,0.1293020091837428,0.14856876245281014,0.1330641990260094,0.13669460327881708,0.1666253028995927
META,2020-03-13,0.1599176724956747,0.16048359133205198,0.15674450651675387,0.13961198149061105,0.14454678129587165,0.1303117358631795
META,2020-03-16,0.11221946849658224,0.11261659267143559,0.13399286628033835,0.11048849642076747,0.12248594738831428,0.14834927711857793
META,2020-03-17,0.11892121207739301,0.11934204021954742,0.12386583490701658,0.104262083905446,0.11937656428947666,0.12690418432341147
META,2020-03-18,0.11408648066557428,0.11449027314264726,0.1126265724469937,0.09843739915048738,0.09774865433081151,0.14144027902248674
META,2020-03-19,0.12621253048744566,0.12665917475359717,0.1355538484897174,0.11390296785117515,0.1112685416414613,0.15161973311774213
META,2020-03-20,0.11953042024155083,0.11995343907038486,0.1342660411443624,0.1203302135991528,0.12976739969456594,0.11946664104023336
META,2020-03-23,0.11632697997304545,0.11673865961365104,0.12068527559644382,0.10878124538180106,0.11725116204361122,0.10739870689370157
META,2020-03-24,0.14164021750407405,0.14214147533467886,0.13824659341640239,0.12950914739749492,0.12817335551734502,0.1100859558182069
META,2020-03-25,0.13226567822757998,0.13273376962662237,0.14152472155851814,0.1304933007268183,0.1354744766303196,0.13099809520954678
META,2020-03-26,0.14627840380503107,0.14679603347923326,0.1434954809508468,0.1384470384101143,0.13415594589078236,0.09296620528800863
META,2020-03-27,0.13340550071288818,0.13387765967979864,0.13586605684112407,0.13388769802821793,0.13405754179974264,0.08557406663724916
META,2020-03-30,0.15140781675061984,0.15194365909632745,0.14886143917361194,0.14053588178538506,0.13598613586352862,0.07514995651294186
META,2020-03-31,0.15307834431209352,0.1536201005407431,0.15701768138077793,0.152868170099404,0.14838430061672067,0.08026833696937744
META,2020-04-01,0.1389280946352154,0.13941976335048495,0.1437881576716486,0.14049570287984375,0.1407879672306269,0.06189180384669808
META,2020-04-02,0.1361570112582655,0.13663885558269206,0.13832466039116764,0.1362376583182195,0.13582872535232013,0.06796941226568674
META,2020-04-03,0.12827605751562773,0.12873003406270445,0.13161232970506004,0.1260143181560046,0.13199117600275853,0.09043809298780554
META,2020-04-06,0.150621727062188,0.15115476317804377,0.1477882415742935,0.14143970795115102,0.13789506112059166,0.10132771079982242
META,2020-04-07,0.15706796502404577,0.1576238060102108,0.1618177880187172,0.15650357953900118,0.16080213417663566,0.11436853838080027
META,2020-04-08,0.16777887189670979,0.16837267089268987,0.16495931384190732,0.15997833465148342,0.1597394480680592,0.07139856406747921
META,2020-04-09,0.16956735072603782,0.17016744371540304,0.16901793308871255,0.16767095542004856,0.16889045798921556,0.07964237019234371
META,2020-04-13,0.16878123078593435,0.1693785177026691,0.16495931384190732,0.16341288021089911,0.16450191179299908,0.061220873258919686
META,2020-04-14,0.1754239836069821,0.17604479956163221,0.17711563995171814,0.17781393777118082,0.1749517836469697,0.06852264346651583
META,2020-04-15,0.17306568429001498,0.1736780817123309,0.1711838301441272,0.17018160068469024,0.16749322199407404,0.05270243523117349
META,2020-04-16,0.1716505715924793,0.17225804498386005,0.17091065528010313,0.1695589349151379,0.172924785492144,0.07990201415831052
META,2020-04-17,0.17752683780833958,0.17815514278943895,0.17526195124771016,0.17789429558226344,0.1753847376245745,0.0683595394471479
META,2020-04-20,0.17556156820975252,0.17618287289927947,0.17569123028743755,0.17811523359145293,0.17186209938356758,0.0469175324036992
META,2020-04-21,0.1609396344681436,0.161509180101381,0.16570080123304137,0.1611834259899963,0.1676112948918367,0.08544446506510274
META,2020-04-22,0.1835014522088099,0.18415083001396565,0.18404261015768947,0.18086689099429215,0.17390876634511618,0.1224360158360778
META,2020-04-23,0.1891026097224728,0.18977181123870024,0.18847197310006175,0.19092954618186697,0.18498840035877104,0.07035117177013266
META,2020-04-24,0.19881124846092726,0.19951482931120001,0.19502819961046602,0.1862698045074051,0.18331562089723327,0.10281945134452813
META,2020-04-27,0.19376039910667417,0.1944460812481541,0.2015453926334877,0.19948584485818194,0.20187351539921924,0.10460830569748789
META,2020-04-28,0.1847395926270565,0.18539336967499015,0.19266716489196545,0.1897445289723621,0.1940016685754418,0.07169303294568945
META,2020-04-29,0.20690832014599939,0.20764057162843297,0.20771137359154723,0.20468789449111346,0.19846892002726244,0.17847547113918458
META,2020-04-30,0.2275834318794143,0.22838885929935665,0.23264844251398226,0.22792644177144905,0.22993663851564952,0.17969037567263876
META,2020-05-01,0.22278814864745758,0.22357651595225553,0.22794590470758597,0.22286497233662433,0.21946709785495597,0.10997663204306299
META,2020-05-04,0.22866432410830287,0.22947358366338422,0.22527269141150585,0.22228248547261337,0.21671193344940629,0.06075933296627581
META,2020-05-05,0.23222158792869965,0.23304341744391105,0.23399481497732477,0.23782841198438376,0.23013344669772898,0.06878449154085248
META,2020-05-06,0.2349730077190619,0.2358045832523542,0.23637535155260309,0.23814978193366393,0.23229818655704024,0.07224846825488837
META,2020-05-07,0.24045624421654213,0.241307203004341,0.23637535155260309,0.24293002967722455,0.23828080695919016,0.04269137501537365
META,2020-05-08,0.24259848609441828,0.24345700005639703,0.23951687737579325,0.2465654697643469,0.2404062092050556,0.031027233522196027
META,2020-05-11,0.24422962597937328,0.24509395758211316,0.2430096152639455,0.24560135991650633,0.23774944889054564,0.032816528696829744
META,2020-05-12,0.2381765387425823,0.23901939280353818,0.2435559649919936,0.24485821872538044,0.24247254497332713,0.04071913884604346
META,2020-05-13,0.22834991848460182,0.22915804335274087,0.2347753060820143,0.22901102704086312,0.23487621158723335,0.06708027494929449
META,2020-05-14,0.23171060694246517,0.2325306080120214,0.22726295266061225,0.22615893769793322,0.22135632427658355,0.05162638952501905
META,2020-05-15,0.23970942119794228,0.24055776091030656,0.2358680055381105,0.2330481335932979,0.2266895137123263,0.061343421684282626
META,2020-05-18,0.24424931981763262,0.2451136995414629,0.2423071613601941,0.24674622886799502,0.24022906982969908,0.0647320178920701
META,2020-05-19,0.25150140180952496,0.2523913802512634,0.253722029852698,0.25054232328223225,0.2424332073598813,0.1162698022606217
META,2020-05-20,0.2772273023938495,0.2782083858907828,0.2748931562491296,0.2713505524614836,0.2625654472036527,0.197027010466429
META,2020-05-21,0.28001798885404383,0.28100900552347524,0.28632752659841126,0.2874387562841984,0.28464597994664553,0.18653413216098277
META,2020-05-22,0.28693597138397575,0.2879514039632826,0.2839665216537378,0.28249782356599773,0.2783288096579306,0.125449472799319
META,2020-05-26,0.28160992257251016,0.28260653931939234,0.2935471735251844,0.2883827613555057,0.2945841925674072,0.12215521242976057
META,2020-05-27,0.27559607175387957,0.2765713982706164,0.273371177753306,0.2672130139689581,0.2735270083195449,0.1288526161223474
META,2020-05-28,0.26836374410359,0.26931345952016567,0.27545903760778256,0.2729774456893673,0.2641398225741507,0.1053991397805854
META,2020-05-29,0.2676365846715778,0.2685836991965805,0.2673808326015547,0.27072791733945645,0.2659109760980156,0.07835164433096714
META,2020-06-01,0.2810399810781844,0.2820345942928042,0.2770395514477665,0.2719731875835107,0.26471051825624103,0.0562325351963045
META,2020-06-02,0.28263191479665073,0.28363212808872135,0.2781322509038627,0.2781192422877495,0.2772070871004728,0.06811356095307408
META,2020-06-03,0.27760072902898536,0.2785831219850251,0.277449298856889,0.2820760216766268,0.2795095986929822,0.043697770897041244
META,2020-06-04,0.2699949142402166,0.27095041704588185,0.27545903760778256,0.2742026418044135,0.27449129033708164,0.051020700544987835
META,2020-06-05,0.2787995725257283,0.2797862078218004,0.27491268787973444,0.2756085970231078,0.26888261749236764,0.0497374686520687
META,2020-06-08,0.28003774319564656,0.2810287173883747,0.27530293343207923,0.27982649332671594,0.2734482730352281,0.04407775918000115
META,2020-06-09,0.294325577475295,0.2953671279162801,0.2913422727562142,0.285852041961856,0.2783485084933661,0.09696049047582732
META,2020-06-10,0.29051280803594515,0.29154091951425876,0.29415208837122,0.2956335061056919,0.296926071802075,0.06723941157359671
META,2020-06-11,0.26633948374523986,0.2672819938464072,0.277917611383999,0.2720736195236014,0.27523912539452844,0.09363360930239528
META,2020-06-12,0.27449548568673166,0.27546693194723915,0.2755175729519429,0.273981703795224,0.27516039011021165,0.07328175425866798
META,2020-06-15,0.28219958815676704,0.28319822630533026,0.2796347275429085,0.27458426478824305,0.2656944991092133,0.043521442227454285
META,2020-06-16,0.2883903204996717,0.28941086442155245,0.28878613014845483,0.2910540915947875,0.28940844367158547,0.04306475097322404
META,2020-06-17,0.28815444821563463,0.2891742016649574,0.28708851584632306,0.28850326742460447,0.285197006822013,0.06220258312684511
META,2020-06-18,0.28896017123898243,0.28998283954259085,0.2842591983745396,0.28934684055582105,0.2851773380152901,0.045470755669738155
META,2020-06-19,0.294561359004317,0.2956037906728752,0.2934106009800859,0.2961758140641616,0.2906876067689642,0.10850296518698993
META,2020-06-22,0.2954064394525119,0.2964518823747579,0.2931569279728396,0.29890739733799276,0.2922029456905809,0.05929183761363831
META,2020-06-23,0.3013417871831502,0.30240814586948556,0.30191808502604117,0.30483251403304207,0.2975558039330466,0.0817741838076501
META,2020-06-24,0.2851868499794946,0.2861960849648187,0.2980741052990996,0.2904113516962271,0.29739836339312564,0.06774282992526749
META,2020-06-25,0.2884492205044197,0.2894700301107012,0.2865226642614972,0.2905318884128511,0.2844491717645661,0.05835068333971789
META,2020-06-26,0.24992913167764622,0.25081355832024577,0.27830785693634374,0.25570419400962247,0.2805526159948357,0.3124385329278362
META,2020-06-29,0.25889091714582924,0.2598071042042609,0.2542293460933635,0.23905360809942988,0.2355059737469176,0.23384179174614314
META,2020-06-30,0.27152791770226326,0.27248881524710045,0.26740033445833244,0.26187035349039456,0.25683867143246353,0.12545608512442852
META,2020-07-01,0.29212440534099915,0.2931581952695256,0.2898397961171684,0.28012775849946286,0.2724052557333746,0.16721335901266524
META,2020-07-02,0.28400763981766775,0.2850127109929429,0.29179105365271935,0.2902707714981203,0.2930688536457905,0.11093762329231194
META,2020-07-06,0.29748972082229674,0.2985424836432149,0.2925715447574089,0.2895878833415438,0.28275672349630543,0.09142068449907889
META,2020-07-07,0.2986296038109483,0.29968640379084144,0.30671816189015333,0.3027436706577713,0.2938757251521187,0.09883354176851483
META,2020-07-08,0.3039752557056581,0.3050509802996312,0.30543035454479833,0.29826465743943237,0.29131736892864846,0.10722458233248444
META,2020-07-09,0.3057833376182305,0.3068654649872439,0.30453276297796095,0.3035872437889879,0.30487662388145675,0.07364984035643077
META,2020-07-10,0.3069035872719661,0.3079896732699709,0.3025034682414719,0.30374792876362794,0.30229859885126364,0.07721079783873949
META,2020-07-13,0.2949741128126281,0.2960179805913668,0.3115963057290307,0.30194024578457085,0.3088322161000684,0.08467038220561597
META,2020-07-14,0.2964087983417365,0.2974577291847371,0.29243497221231046,0.28910582841762356,0.28866060861413856,0.07895380673760663
META,2020-07-15,0.29748972082229674,0.2985424836432149,0.301196129265512,0.30119710459344495,0.29808716200169116,0.06024313078605997
META,2020-07-16,0.2987671279103753,0.29982444703403843,0.29522525619671125,0.29774245425749596,0.2911008919398461,0.0591282927725964
META,2020-07-17,0.3009290333748391,0.301993955950994,0.29990829214632986,0.3008154816096154,0.29700477705767925,0.05591778852109176
META,2020-07-20,0.30759141953080293,0.30867994967485657,0.3035961676975681,0.2963565731678097,0.29515488824949754,0.06790725640965734
META,2020-07-21,0.3003786949637577,0.3014417227893053,0.30527425036909495,0.30527439005142104,0.3072775395650058,0.06125966556622882
META,2020-07-22,0.2966839372956055,0.2977338457655815,0.2954984310607353,0.30133768479155176,0.2955484745849438,0.04390760201384973
META,2020-07-23,0.2823961030159571,0.2833954653321263,0.29651309331589343,0.28854344633014584,0.29430867912972347,0.07187288818866815
META,2020-07-24,0.2786816817612172,0.2796678764435029,0.2790883778148604,0.278802130444326,0.2757311158210146,0.05668217330375125
META,2020-07-27,0.2841648880070258,0.28517049619548973,0.28193719714342164,0.28669561509307256,0.27823043559560345,0.033923872741835864
META,2020-07-28,0.27752207468263457,0.2785042143365266,0.2819567287740265,0.2846870988813592,0.2844688706000016,0.03836294699868767
META,2020-07-29,0.2837521644503863,0.2847563062769981,0.27949812522398293,0.28565117808167456,0.2776006734359192,0.035798246499545286
META,2020-07-30,0.2861301878572845,0.2871427660856492,0.2818201264551009,0.2830200267479341,0.2757901522698959,0.06677478552923506
META,2020-07-31,0.3238052869908782,0.32495117626867215,0.32271849750073284,0.32319035098220106,0.3261699839535568,0.20955604408393066
META,2020-08-03,0.3204446287846864,0.3215786116093916,0.3218404077906732,0.32586168122148285,0.31993151892044613,0.07783764625912115
META,2020-08-04,0.31625849321354416,0.31737766711312787,0.316767156062537,0.32003696581899904,0.3177864478678578,0.051646667322021556
META,2020-08-05,0.31486307435426786,0.31597734224955654,0.31573299195060117,0.32071988462310075,0.31509034993990204,0.0334257442502527
META,2020-08-06,0.3466225195954825,0.3478492308972016,0.34369451600790557,0.32252753695463265,0.3128271759608384,0.17533285342547095
META,2020-08-07,0.35283306678333326,0.35408161097277363,0.36767548779317005,0.3521732252064126,0.34242530680560823,0.29666813754165217
META,2020-08-10,0.3421417024905702,0.34335245795519403,0.35786060522360064,0.34466139418902086,0.3502184784024941,0.10924134149088535
META,2020-08-11,0.32864001840269697,0.3298029734400226,0.342367675175168,0.335502565167212,0.3347699669993457,0.1003786217357706
META,2020-08-12,0.3360294732356579,0.33721872748747034,0.3384260968428563,0.34148790424928555,0.3323690513157965,0.0703031222076702
META,2020-08-13,0.3388005868642795,0.33999957506636275,0.34088470039289986,0.34442038205082326,0.33744636609186596,0.05248643261092946
META,2020-08-14,0.33868272635144014,0.3398812436880652,0.3359870249234176,0.34263277320077423,0.3389420362067598,0.04110750274080875
META,2020-08-17,0.3385254781620821,0.33972348857996865,0.33881637216902827,0.3440789073250098,0.3393159537354832,0.034752617488894605
META,2020-08-18,0.34084463181590396,0.34205075260502077,0.340865168762295,0.34379774692879617,0.3362656371142395,0.05828940912703642
META,2020-08-19,0.3413357979571924,0.3425438200775606,0.34625065861566506,0.34799553845587106,0.337131545069449,0.07857205516795085
META,2020-08-20,0.35395316517871045,0.3552058192555006,0.3496068239587188,0.3482164458175353,0.3373479920295388,0.06538355232619393
META,2020-08-21,0.35002262598153633,0.35126127947518165,0.3512848768564186,0.35817873036006975,0.35149764149987284,0.044395591606931656
META,2020-08-24,0.35863073915618615,0.3598998312243042,0.3644753968519924,0.36289869442155587,0.3561813999692085,0.0803093333850564
META,2020-08-25,0.37716357876005324,0.37849832184317195,0.37587073371389146,0.36589142525764307,0.358818461448283,0.16160390321142998
META,2020-08-26,0.42254265935699564,0.42403802638428606,0.41797890467776744,0.3934884183921683,0.3816271304132872,0.28013203490778676
META,2020-08-27,0.401533478413292,0.4029544564433693,0.4112665739916599,0.4095966963438912,0.41342939878823926,0.10947277286971824
META,2020-08-28,0.4023981921964028,0.4038222600101515,0.403461543849456,0.40750788361614565,0.40327470917867536,0.05153161286511605
META,2020-08-31,0.40149427224680334,0.40291503271357026,0.4027785918024823,0.40865269127258397,0.4012083734104037,0.052359035147152885
META,2020-09-01,0.4058964350053649,0.40733289800707934,0.4117738604584982,0.41098257743357747,0.4027039834678724,0.05214215088356092
META,2020-09-02,0.41977154572837394,0.4212571186164931,0.415891044823291,0.41166546559015393,0.41091041020692753,0.08320024192293467
META,2020-09-03,0.3974063638535844,0.39881267763625433,0.40418349960998523,0.39274527720104246,0.4052229720491842,0.11825746718854074
META,2020-09-04,0.3809173876913118,0.3822653645560446,0.3874026728947161,0.36765892933115885,0.3880230059576064,0.10961559909208368
META,2020-09-08,0.35817865817469974,0.3594461874815634,0.36847545098081014,0.3642042789952099,0.3565946551113778,0.08550397599108835
META,2020-09-09,0.36320993469738017,0.36449519358525956,0.3668754650578756,0.36808070057300457,0.365430783952692,0.07692911278907431
META,2020-09-10,0.3521451437694815,0.35339130447343775,0.3682023058906133,0.3594038958275908,0.3649191547481956,0.08528665090582241
META,2020-09-11,0.3492364455380894,0.35047232336799755,0.3530410562765379,0.3505865415315954,0.3541937394278286,0.05927464556835359
META,2020-09-14,0.3483324650851466,0.34956509607141634,0.3632851583381804,0.3567325962358342,0.35594525417368317,0.08210876745819136
META,2020-09-15,0.36065493901119294,0.3619312668036125,0.35914844234278276,0.36396320556196193,0.3553942272983158,0.05735530799989949
META,2020-09-16,0.3431636039596958,0.3443780166300728,0.35508985286980466,0.3488792904926289,0.3487425071230358,0.10454482737643658
META,2020-09-17,0.3260653893815937,0.32721930469902577,0.33374309066706487,0.32558049017774404,0.331011152934101,0.1137932660962728
META,2020-09-18,0.32156484818675035,0.3227027897976684,0.32925522215435943,0.3252992991340051,0.3312472987296262,0.09990473843625564
META,2020-09-21,0.3129567350121004,0.31406423804854583,0.31120606017668595,0.31340888683836515,0.3098752334019219,0.08482246568313473
META,2020-09-22,0.32592786528216666,0.3270812313613784,0.32168433338879704,0.3216237107888667,0.3212303808532604,0.1094366254924529
META,2020-09-23,0.3146665594950778,0.3157801333172107,0.32689415766203167,0.32148309994323465,0.32506790017410947,0.06248118242479252
META,2020-09-24,0.3156688881326307,0.31678598012719,0.31567445660644083,0.3164015563794019,0.30782856644037326,0.06409238564314339
META,2020-09-25,0.3260653893815937,0.32721930469902577,0.3225233598376469,0.3183899984621072,0.31353564337612694,0.05679458283061295
META,2020-09-28,0.32999601933378286,0.3311638444793446,0.3300357132590489,0.3348799300451849,0.3332152604355706,0.05888848578195813
META,2020-09-29,0.33976361858032866,0.34096602824099326,0.3373138657561553,0.33905761679572644,0.33008620853001014,0.06494493476059636
META,2020-09-30,0.33997979702610637,0.3411829490382386,0.3426798239789204,0.3454848931912293,0.33829263526906517,0.06469058065471717
META,2020-10-01,0.34927577271126475,0.350511807286697,0.34707015343391,0.3549248826092518,0.3449246566089097,0.06410561029336241
META,2020-10-02,0.3361278516719396,0.33731731690641814,0.340865168762295,0.3436370313066309,0.33677726631873595,0.04805000328412147
META,2020-10-05,0.34538450018392264,0.3466066912361771,0.3403188190342469,0.3469711755734811,0.33872558924666996,0.03242155247695494
META,2020-10-06,0.33361224366227105,0.33479281385457,0.3419188645048358,0.3417490211640163,0.33789901890490626,0.0583180625358443
META,2020-10-07,0.33255092426495514,0.3337277712609918,0.3311674164287006,0.3348799300451849,0.3328413429068472,0.07787511610140838
META,2020-10-08,0.3436353485277699,0.34485140233216344,0.3398310046503592,0.34357677827208155,0.3339040590441362,0.04780843300678733
META,2020-10-09,0.34499140996219924,0.34621227337148547,0.3400846776576055,0.3496425364602881,0.3432912147608178,0.03808831509580597
META,2020-10-12,0.3671994646543174,0.36849889905472727,0.3701925671397197,0.36109104209002396,0.35446928289422497,0.11263787248880422
META,2020-10-13,0.3679659210078332,0.36926811320256175,0.3680852352022925,0.37217809080751385,0.36899278983585726,0.055525016409586805
META,2020-10-14,0.3594757893527094,0.36074789283173675,0.36740228315531887,0.36838196574575144,0.36907152512017416,0.044568393703126874
META,2020-10-15,0.3494527449905539,0.3506893043541433,0.3484555891584623,0.35265531077785806,0.3493525704472845,0.043855585056321575
META,2020-10-16,0.34790004769024785,0.34913119428802525,0.3530019930153281,0.3559291407151085,0.3489196164696797,0.049174539374412324
META,2020-10-19,0.3389972227301562,0.3401968140931589,0.34749943247363735,0.34504301717285035,0.3452788753021977,0.03579251581778371
META,2020-10-20,0.3511033972037382,0.35234600383920917,0.34974342627764443,0.3510685658079904,0.3404180074862181,0.058610327305684704
META,2020-10-21,0.37305606728359,0.3743762849954067,0.37579266673912626,0.3781634298895874,0.37288937563430025,0.1037301889229448
META,2020-10-22,0.37185719353517543,0.37317316906418113,0.37462195985591906,0.3754921302978308,0.373499438958549,0.04960345886318261
META,2020-10-23,0.38496590840801204,0.3863282357146611,0.3800659255057952,0.3790672867028786,0.3713937055194064,0.053197037149364926
META,2020-10-26,0.36987226035000065,0.371181157214672,0.3800464534228446,0.3739254901044964,0.37997404978718496,0.06989403969422844
META,2020-10-27,0.3820178225001013,0.38336983087942184,0.3786415456153417,0.37804292382048865,0.3713150302925148,0.047695582658251676
META,2020-10-28,0.35131969665620255,0.35256298482535503,0.36748035013008407,0.359865876622503,0.37137406674139606,0.07782398078722816
META,2020-10-29,0.3771832423466409,0.37851800361362126,0.3768658941122719,0.3729613802566558,0.3669657916810316,0.11858367522727664
META,2020-10-30,0.34235782043300456,0.34356937875243937,0.3634022290265011,0.34347637697951594,0.3629314942068157,0.1841766178486051
META,2020-11-02,0.3389185078804622,0.3401179064446603,0.35124587314286315,0.3399413688324844,0.3434486853294514,0.09565036846079618
META,2020-11-03,0.3466619072720012,0.34788865462700064,0.35042631877696384,0.34705153338456374,0.34061481566829754,0.05507802323218386
META,2020-11-04,0.39005599418042547,0.391436407507506,0.3872856022063954,0.3826825913659424,0.3757232452954541,0.13179201504436208
META,2020-11-05,0.4044027889681653,0.40583395363010993,0.4037542205702578,0.4034305981581695,0.3971740158787628,0.08091766729513143
META,2020-11-06,0.40190690504842774,0.4033291925376116,0.39832972700333236,0.4016429893081205,0.4012083734104037,0.03713261370664464
META,2020-11-09,0.3731346611265973,0.3744551324550048,0.3943881486710207,0.3825018322622943,0.39317905601799263,0.08662234057794366
META,2020-11-10,0.3606746025977806,0.3619509485740618,0.3581338098614518,0.3533180941579013,0.36017635982997853,0.10403479669965629
META,2020-11-11,0.3686339989250673,0.3699386777425479,0.3667193311083452,0.3703503336994487,0.36090449605198993,0.04183177275113721
META,2020-11-12,0.3658827303930635,0.3671774517452043,0.3693535406908698,0.3742669035352595,0.3682056171649646,0.032761866809257786
META,2020-11-13,0.36955788497797126,0.37086564699847885,0.3654705572503728,0.3715956039435029,0.3692683333022536,0.02170473676113328
META,2020-11-16,0.37350808776173317,0.3748298685492471,0.368690120274501,0.37466863129562233,0.3640138491221151,0.03307440937610068
META,2020-11-17,0.3657255427070488,0.3670196966371077,0.3653144233008423,0.3719772269273325,0.3691895980179367,0.04219897720555206
META,2020-11-18,0.3597705011381511,0.3610437212774806,0.36474860148984356,0.3690648539023279,0.3629708318202616,0.029470692191417115
META,2020-11-19,0.3616769009836619,0.36295682547849123,0.357099645749516,0.3637422982002977,0.3560829658494562,0.03304487432394486
META,2020-11-20,0.3553092266131398,0.35656669029482274,0.3561825523259009,0.36418417421867655,0.3591136436926896,0.05575159875000606
META,2020-11-23,0.35281334269340225,0.3540618690134239,0.35218249819708314,0.35438260529830734,0.3558271812759205,0.06843007091498268
META,2020-11-24,0.36949889421820825,0.3708064813093301,0.3655876279386935,0.36109104209002396,0.3511040251357139,0.05053094766521003
META,2020-11-25,0.36688496827560135,0.3681833286496337,0.3701925671397197,0.3706917471302117,0.3700949036440172,0.03085531306934874
META,2020-11-27,0.37124798537101766,0.37256177021334375,0.36814377054645286,0.3750502542794518,0.368618932364559,0.01031919456590306
META,2020-11-30,0.36959709114445993,0.3709050707282779,0.365353486562052,0.367397812416428,0.3659424732146136,0.04948575947623332
META,2020-12-01,0.3884247635404554,0.38979938979288936,0.3879880263363197,0.38336547952251887,0.37210220296340746,0.06731964111825878
META,2020-12-02,0.3903311633859662,0.3917124939939001,0.3928271664616416,0.3871213950312148,0.3843035295058075,0.0524317707233575
META,2020-12-03,0.37918783911840337,0.38052975742248013,0.3828172057766406,0.38760348060266026,0.38605504425166204,0.03285972922087854
META,2020-12-04,0.3749625276324441,0.37628938919641736,0.3765926894744206,0.38404836767909545,0.37434564807832305,0.023860795568507873
META,2020-12-07,0.38651842419828797,0.3878862855918787,0.38640751249633576,0.38183904888225106,0.37216123941228885,0.03323883586049052
META,2020-12-08,0.382234000945879,0.38358675167666717,0.38238792673691313,0.38856752915545045,0.3855827526606115,0.023276266028827094
META,2020-12-09,0.37146428482348204,0.3727787511994896,0.384729459598636,0.3688840947986798,0.3809580306401571,0.0869397321832002
META,2020-12-10,0.36989198443993165,0.3712008991740217,0.3673632794417634,0.36910500216034403,0.36497819119707686,0.06434938467906638
META,2020-12-11,0.3628757142287331,0.3641598812208163,0.36297294998677376,0.3658713204811097,0.362990530655697,0.039338485363177536
META,2020-12-14,0.36413351823356743,0.3654221628411906,0.36441686150783204,0.3685024718148502,0.3607076878699105,0.048090999699800435
META,2020-12-15,0.36680631392925067,0.3681044210011352,0.3621923993344299,0.36028764786434864,0.3635808951445103,0.08160490828484662
META,2020-12-16,0.3670422164649594,0.3683411439466308,0.36566563536580443,0.37041058673399807,0.3634431834687373,0.04592259788555475
META,2020-12-17,0.36470352023123653,0.36599413796222896,0.37069991315421236,0.37261990553084245,0.36798917020487476,0.048094967094866145
META,2020-12-18,0.3684768717423961,0.3697808624455509,0.3659388400036556,0.36765892933115885,0.365430783952692,0.09356748605130018
META,2020-12-21,0.36138212869487685,0.3626609970327474,0.3594411786112388,0.360930387762909,0.3599402140344533,0.04887037241937481
META,2020-12-22,0.350179813667551,0.3514190345832782,0.3532556660225744,0.3545834691784888,0.35702760908898257,0.05221709056813538
META,2020-12-23,0.3521844104393135,0.3534307282032368,0.3545630347723615,0.35779710737624026,0.3479553344521431,0.03906341263862188
META,2020-12-24,0.3507890823350521,0.3520304334341156,0.3511092708239375,0.3577368543416909,0.35187155902859635,0.005441943565127654
META,2020-12-28,0.3696559608975363,0.37096423641742665,0.3645729359097083,0.3566522384247516,0.3515960155622001,0.07860820254521618
META,2020-12-29,0.36922378551601087,0.37053033463403556,0.3708365154731379,0.3779826707859393,0.3677530244093494,0.04811788982191245
META,2020-12-30,0.3595740467823044,0.36084648225068455,0.3660949144055319,0.36880373698759716,0.3697209861152938,0.02793178372759689
META,2020-12-31,0.36210931837856064,0.3633907272618823,0.3641631885005857,0.3649875684443519,0.3580115899419547,0.03276583420432348
META,2021-01-04,0.3538155805759401,0.35506774591785334,0.36008506739700274,0.3557283381299775,0.36348252108218315,0.042489037867022614
META,2021-01-05,0.357805231539564,0.35907145138732105,0.35501178589503946,0.36177393024660043,0.35071046882898016,0.019414227343198625
META,2021-01-06,0.34275091065472807,0.3439638568060314,0.3459384502642584,0.3453041340875812,0.33833197288251105,0.08325622627552853
META,2021-01-07,0.3534224903542167,0.3546732678642613,0.353470275768611,0.3548847343512357,0.3460070115242091,0.045502935651937776
META,2021-01-08,0.3511231817970125,0.352365745798559,0.3482799831259812,0.35167109615348424,0.35074980644242604,0.05757483719353526
META,2021-01-11,0.3300353162552866,0.33120326820914364,0.3375870703940065,0.33704910058401316,0.33534069271014866,0.10996208492782206
META,2021-01-12,0.318734713546694,0.3198627163407267,0.33026985463569036,0.3258014281869335,0.32776402813077776,0.09220226132702311
META,2021-01-13,0.319815666278926,0.3209474707992045,0.31901109031888975,0.3235920480950387,0.3177667790611348,0.06198569886325314
META,2021-01-14,0.30802377642235834,0.30911385145824766,0.32111845203014405,0.3143729660386805,0.32140749019990444,0.10699579588369537
META,2021-01-15,0.3192654186228595,0.3203952376375159,0.3188354842864087,0.31949468850805457,0.3105837008172103,0.08585178429184863
META,2021-01-19,0.33840761764924276,0.3396051572016711,0.3351089947610123,0.33066203374157677,0.3282953561707097,0.09945377786378698
META,2021-01-20,0.35094633052441015,0.3521882487311127,0.35095319642206135,0.35251469993222606,0.3519699330909235,0.08698469599394487
META,2021-01-21,0.3615393768842349,0.36281875214084397,0.35735331875676224,0.36032779612236476,0.35261939408604315,0.06775958114887826
META,2021-01-22,0.3647428474044119,0.366033561692028,0.36685593342727074,0.36938622385160813,0.3580312887773902,0.07267606527863676
META,2021-01-25,0.37164107559274107,0.3729562482669359,0.37003649273784345,0.3684020705222847,0.3700949036440172,0.060037707885991165
META,2021-01-26,0.37958086883678344,0.38092417528717176,0.38035866177425126,0.3810556981380586,0.3700949036440172,0.06130110280358175
META,2021-01-27,0.3601047821101415,0.36137903364192386,0.3765732173914701,0.3615931711429523,0.378734224303252,0.1317117854997
META,2021-01-28,0.3460722416877444,0.347296997735513,0.38309041041449177,0.3547240800241208,0.3682056171649646,0.1423470492058377
META,2021-01-29,0.3329636478215945,0.33414193108503315,0.34361644903314037,0.3349401830797343,0.3448262224891574,0.1098615775861575
META,2021-02-01,0.34019609647857085,0.34139993002438435,0.3389529744879538,0.335060689148833,0.3334514062310959,0.07690927581374578
META,2021-02-02,0.35016015008096335,0.3513992926239285,0.3480848454628953,0.3518518552571325,0.3422678962943998,0.0522519154803788
META,2021-02-03,0.3493150998844401,0.35055123101649605,0.34876779750986897,0.35299672420862116,0.34545598464884164,0.038597904950912296
META,2021-02-04,0.3490006640090674,0.3502356606114025,0.34673847299955274,0.3533180941579013,0.34819148024766833,0.04669403581499772
META,2021-02-05,0.3521647468527258,0.3534110464327875,0.34870926216570863,0.3566723432012848,0.347778165048074,0.03079976953842885
META,2021-02-08,0.34917751528166974,0.3504131576788488,0.35005557508139684,0.35532661036961466,0.3516157143976355,0.03653397787339689
META,2021-02-09,0.3548180604718514,0.3560736228222829,0.35694357134763977,0.3568329975283997,0.347069727661498,0.04031710947938519
META,2021-02-10,0.3595740467823044,0.36084648225068455,0.35774353453527996,0.360789776917277,0.3588971967325998,0.04064243587477313
META,2021-02-11,0.3566654090542558,0.3579275613341448,0.3573142554955525,0.36233631233407815,0.3577951429818649,0.032449324242414895
META,2021-02-12,0.3568815269966902,0.3581444821313901,0.3526312493197611,0.36203504716133117,0.35509898499648407,0.016002267586690887
META,2021-02-16,0.3637011613420119,0.3649882610577995,0.3632070913634151,0.36546959272074697,0.3556500118718514,0.04386043409473522
META,2021-02-17,0.36291504140190844,0.36419936513951573,0.3580752745172915,0.36452558764943965,0.356515919827061,0.032161026867640205
META,2021-02-18,0.3546999579456387,0.35595529144398536,0.35413375573263406,0.3573953796158774,0.353229457410292,0.043119412860796
META,2021-02-19,0.3393115981021856,0.34051238449825244,0.3508555978166912,0.3455852944837948,0.3538001230636697,0.0888480492098051
META,2021-02-22,0.33689424752211206,0.3380864708653521,0.3368065792893169,0.340322991816314,0.3303617519964064,0.052754893010375614
META,2021-02-23,0.3477625235908208,0.348993120950378,0.3453725689056054,0.3351611210889237,0.33341206861765005,0.07254646370649034
META,2021-02-24,0.3447161802533151,0.34593612669619095,0.34326523696817823,0.34205034763181363,0.33898137382020566,0.045266214413017286
META,2021-02-25,0.32580991401431225,0.32696289998308087,0.34435793642427437,0.3333132592043253,0.33892233737132427,0.05988826933851621
META,2021-02-26,0.3315682894656615,0.3327416363159121,0.3416456598669846,0.33819396953550185,0.32744914705093564,0.0932426004775862
META,2021-03-01,0.34589539041514206,0.3471195006680667,0.3437920550656215,0.3410661330074398,0.33600979248327867,0.0735722557418125
META,2021-03-02,0.33428032157950516,0.33546337839455614,0.34390912575394217,0.34257252016622486,0.34577086572868376,0.042866381219938715
META,2021-03-03,0.3272249662085046,0.3283829367115518,0.33274793026868454,0.3354423121326626,0.33496677518142515,0.04428494536676583
META,2021-03-04,0.33160761663883687,0.33278112023461154,0.34347984671421483,0.3322286739349112,0.32744914705093564,0.11531454169313432
META,2021-03-05,0.34465718949355206,0.3458769610070422,0.34145058175155285,0.3364666443675274,0.33571461023887206,0.09412688875556481
META,2021-03-08,0.32702839084597124,0.32818569768475575,0.3417041952111449,0.33534188019257194,0.34531821291564346,0.05697311560856974
META,2021-03-09,0.3475266210551121,0.3487564581937829,0.3474604287600819,0.34490240632721836,0.33671822986985456,0.07305384945322684
META,2021-03-10,0.3458757873318977,0.34709975870871695,0.34831898683953666,0.35104846103145715,0.3513992674375457,0.038540157311622567
META,2021-03-11,0.363524370572753,0.3648107639903532,0.36574370234056963,0.36099064079745846,0.3503561900782671,0.07214707926987587
META,2021-03-12,0.3527544124369826,0.35400270332427514,0.3498214337047554,0.3533582424159174,0.3523832482905179,0.06670822145646599
META,2021-03-15,0.3632688044504565,0.3645543592744083,0.36195825795778847,0.3623564171106114,0.3522651153353301,0.05015360431229393
META,2021-03-16,0.3741369595124786,0.3754610093594342,0.3740170747837106,0.3750100447263853,0.36604084727694075,0.07480831971561712
META,2021-03-17,0.383432935197637,0.38478986760789263,0.3819977109583955,0.37623527148895664,0.36531271105492935,0.06985921478198502
META,2021-03-18,0.37283982833446894,0.37415930400926095,0.3799683864480793,0.38199970320936594,0.373499438958549,0.05845648054147007
META,2021-03-19,0.3954213701650663,0.3968206657867451,0.394817427710748,0.3878645975173911,0.3761561992730589,0.14751215675971383
META,2021-03-22,0.4021624711707241,0.4035855972535564,0.40830062442712367,0.39901183797438,0.39432050743959846,0.10053202767831126
META,2021-03-23,0.39644333213753513,0.39784628465052435,0.4049639907146747,0.4051578926786188,0.3996339680111932,0.07729102738340156
META,2021-03-24,0.37975784111607247,0.3811017325435186,0.39271009577332094,0.3877842397063085,0.39540286235489785,0.05822152258924544
META,2021-03-25,0.3730756703668343,0.374395966765856,0.38556848604748595,0.38093519206895987,0.3756839076820082,0.08392407111158916
META,2021-03-26,0.3814872686822942,0.3828372794881825,0.3786220139847368,0.380975340326976,0.3704097246664343,0.05361140952289428
META,2021-03-29,0.39681669826932764,0.3982210207447667,0.3955589151018821,0.39489440425838784,0.3851104010121357,0.07163925270146541
META,2021-03-30,0.3912745315154277,0.3926592052091808,0.3941735389249841,0.3989114366818145,0.39310032073367585,0.05292945839326671
META,2021-03-31,0.40410807718272357,0.4055381251843661,0.4020371044113483,0.40274764870654267,0.39341520181351797,0.06185036660934515
META,2021-04-01,0.412224842706055,0.4136836094609488,0.4135495119615681,0.41879573491876654,0.40996576696740117,0.053553221061930584
META,2021-04-05,0.43236924936330445,0.43389937583508337,0.4298815280065049,0.42699045409273484,0.4148660324542517,0.10037289105400903
META,2021-04-06,0.42716124257470833,0.4286728726639409,0.4310132907238108,0.43616938789107695,0.4305112919820544,0.052315393801430105
META,2021-04-07,0.4405842723162309,0.44214344953061385,0.4366719256673778,0.4366715169440053,0.4255913877171935,0.07664875020443104
META,2021-04-08,0.4404466877134605,0.4420053761929666,0.4398524849779505,0.4458102411892809,0.44233876105315617,0.0680037963562562
META,2021-04-09,0.4393461318979843,0.44090090986958935,0.4376280228045484,0.44637262327675864,0.43554926914467806,0.04637928913978499
META,2021-04-12,0.4375380499854119,0.4390864552764269,0.43257427293318984,0.44155219662765666,0.43486047053611243,0.023867848715291354
META,2021-04-13,0.43403980717644985,0.43557581727949907,0.4370231377323399,0.4443440635835624,0.43714331332189893,0.03777577252896308
META,2021-04-14,0.42040047798246283,0.42188825942668023,0.4245351014143446,0.42954130891044306,0.4274806141388211,0.05269538208439001
META,2021-04-15,0.43022706798877164,0.43174960887747765,0.4286522857791374,0.4338596065066167,0.4255913877171935,0.04007421673702914
META,2021-04-16,0.42700393388200686,0.4285150573669439,0.42633028454801936,0.4348839080939563,0.4291927912712298,0.03346585902258373
META,2021-04-19,0.41926053449046785,0.42074430918460354,0.42389121262858065,0.42674944195453735,0.4229740250735545,0.04005305729667871
META,2021-04-20,0.420066318017159,0.42155294706223695,0.41881793112661736,0.4200209003862876,0.4170307422848505,0.04994024662209372
META,2021-04-21,0.4177472248666805,0.41922568303718494,0.412730017143323,0.4203824798886342,0.41695206705795873,0.041419604485977674
META,2021-04-22,0.40801895279331,0.4094629230053353,0.41456420399055327,0.4176709707438111,0.4157318803520361,0.04808438737469092
META,2021-04-23,0.4170792074527897,0.4185551184971988,0.4139202556571351,0.41990039431718873,0.4106742644114022,0.05320409029614841
META,2021-04-26,0.42083289537736157,0.42232216121007143,0.42018377567291043,0.42875795816625073,0.4196875025993604,0.04719040101988502
META,2021-04-27,0.4218745814397614,0.4233674618442999,0.41928621387990017,0.42785410135295954,0.4215373914075421,0.04338478750852438
META,2021-04-28,0.42881213680126595,0.43032957214900674,0.43017426427496097,0.43641040002927456,0.42759868703658377,0.12536836161130901
META,2021-04-29,0.4728548195503667,0.47452814761014855,0.4709360032278401,0.46902868369308315,0.47238951468225365,0.2250804609760409
META,2021-04-30,0.4641483884427784,0.4657909462531778,0.46705301978734315,0.47483332496655895,0.46455706552934717,0.09197700145162577
META,2021-05-03,0.45923503293628065,0.46086027152777914,0.4645748846066947,0.46949066448799537,0.46461610197822845,0.058417688234160936
META,2021-05-04,0.4509414766436902,0.45253729018375016,0.4521649152634647,0.45197640067005296,0.45251308944073043,0.08183898459372331
META,2021-05-05,0.44437740842066475,0.44594991597328554,0.44995998472066745,0.4547280580728922,0.4489117459441193,0.044567512059778935
META,2021-05-06,0.4542038774202869,0.45581126542408285,0.44835993925007855,0.45227766584279994,0.4416893000580364,0.05970797327386354
META,2021-05-07,0.45235652883788247,0.45395732691222096,0.45362835841512783,0.4632843567492072,0.4571575102966202,0.04606233835620242
META,2021-05-10,0.4265913615837258,0.42810089754290254,0.4373158144531417,0.43532578411233525,0.4413547802001839,0.08274972217213998
META,2021-05-11,0.42769185689585876,0.4292053638662798,0.42221310018322666,0.4250020426575548,0.41459048898785544,0.05930197651213956
META,2021-05-12,0.41986992416465574,0.4213557080354409,0.4185447264887662,0.42198926833998474,0.41533832404530235,0.08454078063346955
META,2021-05-13,0.4251959124727779,0.42670060277378147,0.4261546189678841,0.43118824561980973,0.42507969845527194,0.05559510705574762
META,2021-05-14,0.44618542982989384,0.4477644307553485,0.44174520716934107,0.4438619780121169,0.43188888919918555,0.06073729188257744
META,2021-05-17,0.44524206170043223,0.4468177195400677,0.4394622096517786,0.44888326854140026,0.43978037480097343,0.043790343448574395
META,2021-05-18,0.43443289739817326,0.4359702351441907,0.4410622551223674,0.4453282169128858,0.44379503349717897,0.03991596175607484
META,2021-05-19,0.4415669071155245,0.44312958447569356,0.4374719484026721,0.43279509536621064,0.42136028206089815,0.06012234564739291
META,2021-05-20,0.451432884798352,0.45303035765629,0.4464282133451325,0.4520567584811356,0.4398394112498547,0.052249270550335
META,2021-05-21,0.44675543182756294,0.44833640587638685,0.4477550541778701,0.4573793141831659,0.45107651583214314,0.03585379003046518
META,2021-05-24,0.4632640110730799,0.4649034609159463,0.45950166265238557,0.46183822262497154,0.4489510835575652,0.048392962546468105
META,2021-05-25,0.469474437254244,0.47113584099151823,0.4658041863817165,0.4754358553120528,0.46640689428010373,0.04835593352585485
META,2021-05-26,0.4692188711319475,0.47087943627557344,0.46707249187029376,0.47748458107683267,0.4689062440834052,0.018600029711380823
META,2021-05-27,0.4792224939208888,0.48091828279381715,0.47477998295478174,0.4793725912194472,0.46821744547483957,0.06616821490585591
META,2021-05-28,0.47132184633999163,0.4729897795033802,0.47300433145171183,0.4825259150875989,0.4741213305926727,0.028961543157984753
META,2021-06-01,0.4721079057767519,0.4737786754216639,0.4701750437537555,0.4791315790812497,0.47244855113113504,0.02776471231316324
META,2021-06-02,0.4721472329499272,0.47381809915146295,0.4710530739161609,0.4800956276340399,0.47290120394417523,0.02727275532501561
META,2021-06-03,0.46603518520504483,0.46768436868373914,0.4622919466367864,0.47278466049682943,0.46384856808534614,0.03148921463651387
META,2021-06-04,0.4745057137769244,0.4761848470952144,0.4722043087164174,0.4761991012797119,0.46408471388087147,0.03448063051605671
META,2021-06-07,0.4867495938599634,0.48847204999001165,0.4824094070645044,0.48373103707363696,0.4711300504203103,0.06466501299762704
META,2021-06-08,0.4810501184133622,0.4827524793463293,0.4835996455783165,0.4903792208308041,0.48533873633952573,0.04017207914864991
META,2021-06-09,0.47430901740770437,0.4759876080684184,0.4806727592749901,0.48588016413098234,0.483449449860473,0.0364136335564038
META,2021-06-10,0.4786524919232197,0.4803463076727787,0.4750921913061884,0.4829677911059779,0.4737080754505034,0.03426374625246474
META,2021-06-11,0.4762940715995657,0.47797961991792765,0.47292626447694663,0.48373103707363696,0.47723068366279775,0.03579648321284942
META,2021-06-14,0.4871228994884125,0.48884678608425397,0.4807118225361998,0.48549854114715285,0.4758924841165376,0.029902256610231204
META,2021-06-15,0.48708363281858047,0.48880736235445493,0.4867607328059387,0.4959829982240985,0.48590940199290344,0.04552674002233202
META,2021-06-16,0.4759402480476743,0.47762456559413463,0.4821362024266532,0.48330926583179135,0.48533873633952573,0.05186134747724368
META,2021-06-17,0.48661200925719306,0.4883340368412648,0.4829752884231574,0.4861814293037293,0.47311765090426505,0.054338324463266544
META,2021-06-18,0.47314959183915173,0.4748239760558924,0.47940445378641283,0.48387164791926907,0.48106823301235935,0.07746118454955297
META,2021-06-21,0.47831833195791584,0.48001105549723583,0.4731019300570819,0.48116013877444597,0.47429843993931675,0.025876232261886862
META,2021-06-22,0.49156457093017947,0.4933041352964626,0.4867607328059387,0.49110231854044717,0.4774471906803127,0.04354348331115265
META,2021-06-23,0.4946304568475861,0.49638087150999927,0.493590134180367,0.502350021585052,0.49055382284879323,0.041218148980974575
META,2021-06-24,0.49972054261999954,0.5014890433028443,0.49647795722248367,0.5095605874296969,0.4954737271136542,0.030247419980947685
META,2021-06-25,0.4961634905613045,0.4979192396167677,0.4949559787266601,0.5053225863495555,0.496929999557677,0.04023335336133138
META,2021-06-28,0.524208544799451,0.5260635694702396,0.5223126474855831,0.5095203778766303,0.4966741549267162,0.10442448305944346
META,2021-06-29,0.5168385720430477,0.5186675573821415,0.5195808392976884,0.5241423734461015,0.5238517012812139,0.07031017535445368
META,2021-06-30,0.5086234885867779,0.5104234234977107,0.512127080768101,0.5203664144559228,0.5157831063327821,0.042495209370458156
META,2021-07-01,0.5217518670462021,0.5235982321075403,0.5155417814553153,0.5190206816242526,0.5052544991944947,0.0514416852436267
META,2021-07-02,0.5223611962170466,0.5242096309583777,0.5189954858560849,0.5313127910327302,0.5215492197174172,0.02668646249863896
META,2021-07-06,0.5185876631958571,0.5204228462861553,0.5235809529741604,0.5244034903608323,0.5243043540942542,0.03535830646892582
META,2021-07-07,0.514087000994327,0.515906331384798,0.5190930249138007,0.5260504883652494,0.5218641007972592,0.03857806797558376
META,2021-07-08,0.5045749073667343,0.5063605523390942,0.5031707562779864,0.511107122846498,0.5031094281419064,0.039405049435946624
META,2021-07-09,0.5139495373982435,0.5157683182360511,0.5078147587402223,0.516550184617627,0.5023025566355782,0.033287326244626936
META,2021-07-12,0.5193344559627853,0.52117231847464,0.5146051564010952,0.5253274519506568,0.5139332175246004,0.020062235203930714
META,2021-07-13,0.5172316017614278,0.5190619752468333,0.5229955399849026,0.5236402443931731,0.5144645455645324,0.026398605945538247
META,2021-07-14,0.5084663614041065,0.5102656683896141,0.5165759455672511,0.5194826624191649,0.5204865035801282,0.03714672000021159
META,2021-07-15,0.5022362716363549,0.5040135463546924,0.5049269356981057,0.5064072022664948,0.5099972941127117,0.04105857153499837
META,2021-07-16,0.4957507367529934,0.49750507979272635,0.4986048207905157,0.50624654793938,0.50149568512925,0.024503513569152358
META,2021-07-19,0.48747672304030387,0.4892018404080471,0.48650705979869235,0.4949988448947751,0.48705085341450927,0.039254288423449774
META,2021-07-20,0.49673343205563025,0.49849121473780605,0.49364866952452735,0.49491848708369246,0.4894714078760688,0.024495578779020945
META,2021-07-21,0.5057148508587292,0.5075045025811709,0.4996389849024515,0.5084759715127576,0.4947849285050886,0.016805003854985536
META,2021-07-22,0.515462726015344,0.5172869443834698,0.5094343358414161,0.5164296785485283,0.5049789557280985,0.030495602583391335
META,2021-07-23,0.5520175754952021,0.553971176378216,0.5558547097378621,0.5404917248310723,0.5329830724243599,0.12442985226743239
META,2021-07-26,0.5572650304636603,0.5592371032791574,0.554118121496002,0.5626456561944686,0.5500452667827396,0.04169159145881557
META,2021-07-27,0.5481262424645166,0.5500660603276961,0.5516009826017981,0.5552743747276584,0.5546306511897481,0.04513088215910929
META,2021-07-28,0.5588765370136993,0.5608543790344245,0.5601865038486914,0.5600546531187443,0.5598457376990156,0.10672028233746575
META,2021-07-29,0.5294755423478101,0.5313492383305309,0.5367128780779197,0.5395878680177812,0.5331601817710039,0.12319070254191
META,2021-07-30,0.5255054339640872,0.5273652146315124,0.5273663973569417,0.5319555309312907,0.5193844498293934,0.046324627252213035
META,2021-08-02,0.5169564930592304,0.5187858887604391,0.5247711914879725,0.5275367707475012,0.5274531048352502,0.034000134891432235
META,2021-08-03,0.5155609834449391,0.5173855338024176,0.513785602035196,0.5214309255963289,0.516885160083517,0.030586852669902593
META,2021-08-04,0.5306547525096371,0.5325326123024066,0.5268785829730539,0.5290833674593527,0.5162750967592682,0.03840923327445425
META,2021-08-05,0.5386142093402672,0.5405202812819923,0.5335518503979518,0.5399092379670614,0.5304837826784836,0.021069953550620215
META,2021-08-06,0.5396755589892548,0.5415853238755706,0.5359909223173904,0.5489475609197715,0.5339473544418967,0.015241409377423142
META,2021-08-09,0.5359412926378972,0.5378379629331471,0.5372202240924122,0.5476420376411678,0.5385917752977865,0.010277316506876157
META,2021-08-10,0.5349981060184658,0.5368913119067669,0.5339421257241237,0.5442074920817521,0.5347935635616707,0.008827013199523382
META,2021-08-11,0.5326986764545749,0.534583729652164,0.5305468971198601,0.5417369950751266,0.5353249516590277,0.01292841805411615
META,2021-08-12,0.5379853375895217,0.5398891404718051,0.5317957305254868,0.5403310092089071,0.5281419034438158,0.007508074751012898
META,2021-08-13,0.5390268421418916,0.5409344411060337,0.5350348251802198,0.5491082765419367,0.5370370687340114,0.007618280169504745
META,2021-08-16,0.5456696857179544,0.5476007229649968,0.5395032216099748,0.5408733478149019,0.5361514619433663,0.025367524050128477
META,2021-08-17,0.5297310479667632,0.5316056430464757,0.5350543568108248,0.5362336802694482,0.5370567675694469,0.030245656694251815
META,2021-08-18,0.5238351181643153,0.5256888333759973,0.5256687532809827,0.536394334596563,0.5238123636677682,0.020167150762334957
META,2021-08-19,0.523186401316952,0.5250379506064604,0.5212004163988821,0.5280590045769628,0.5141693633201257,0.028816512827249476
META,2021-08-20,0.5315392508860223,0.5334200976396382,0.525922426288229,0.5326986721224165,0.520565238864445,0.014239421712495221
META,2021-08-23,0.5393610021071953,0.5412697534704769,0.5370446180599312,0.5443279981508509,0.5300901663143247,0.024132782541345762
META,2021-08-24,0.5436062191931156,0.5455298636558894,0.5414739512284763,0.5498313129565293,0.538394967115707,0.016608397388396073
META,2021-08-25,0.5492663069631982,0.5512100105697728,0.5471325861720432,0.5569816257666248,0.5422128176298331,0.018589449991205608
META,2021-08-26,0.5413854439755754,0.5433011890497852,0.5443618338182473,0.554430832243967,0.5476837487700614,0.010673174370098886
META,2021-08-27,0.5575991299256207,0.5595724156436008,0.5527522174020546,0.5543303696563512,0.5412288367768608,0.025354299399909453
META,2021-08-30,0.5733807009974838,0.5754097404540253,0.5678744633025745,0.5672652189633891,0.5559098142871268,0.03561750961321865
META,2021-08-31,0.570865032484472,0.5728852374021773,0.5703525984832231,0.5838957307445737,0.5704530801216198,0.03031927391380437
META,2021-09-01,0.5761123664462434,0.5781511643031187,0.5734160275578207,0.5839158355211069,0.5697445826776187,0.026888799646990005
META,2021-09-02,0.5628073182242469,0.5647989188147433,0.5683818093170672,0.5743753835154685,0.5735033967428635,0.04128471305374365
META,2021-09-03,0.5647332606496586,0.5667317649751038,0.5594255443746068,0.5724672685963207,0.5602196552277391,0.00900201940408844
META,2021-09-07,0.5763679325685398,0.5784075690190635,0.5707428142617407,0.5725476264074033,0.5624434615646442,0.02347948482052607
META,2021-09-08,0.5673078594190901,0.5693154337161006,0.5666646931581576,0.5758416224162374,0.5708663352637892,0.02468469127715296
META,2021-09-09,0.5681529096156134,0.570163495323533,0.5646353686478415,0.5794167788212852,0.5659070933854823,0.01600799826845246
META,2021-09-10,0.5695089710500426,0.5715243663628551,0.5723623913629343,0.5828111761226847,0.5732278532764673,0.02681121503237174
META,2021-09-13,0.5652245477976336,0.5672248324476437,0.5683818093170672,0.5749578703794795,0.5738576154361515,0.03332082869184845
META,2021-09-14,0.5652639354741524,0.5672642561774426,0.5622158283590076,0.5764843010197473,0.5654347417370066,0.014300695925176691
META,2021-09-15,0.5601344620252202,0.5621166606547987,0.5602060354792964,0.5615409967960464,0.5646475690661139,0.05498280575060689
META,2021-09-16,0.5584443011288306,0.5604204772510333,0.5524010053370925,0.5656383257355053,0.5563624671001671,0.028506615190450387
META,2021-09-17,0.5420535218928096,0.5439717535897715,0.5482058135451888,0.549329183903601,0.5536466703367758,0.09182976701252066
META,2021-09-20,0.5243264053122904,0.5261819008485371,0.5279517507985452,0.5256487606048865,0.5298146228479285,0.06328127376304335
META,2021-09-21,0.5278245271145657,0.529692538845465,0.5260200248935991,0.5364746924076457,0.528240277506143,0.027702997278807807
META,2021-09-22,0.499779593883106,0.5015482089919929,0.5061171742119177,0.5073512073378021,0.5060613707008229,0.1685058481607377
META,2021-09-23,0.5051842970409222,0.5069719511899315,0.5057854937775604,0.5119908748832559,0.5023812318624699,0.0720249716661869
META,2021-09-24,0.5189413052377185,0.5207778404210479,0.5149173647525018,0.5107254998626685,0.49820916265505577,0.05878092529351009
META,2021-09-27,0.5201597820693774,0.5220006381227227,0.5164783469618809,0.5201855940572242,0.5111386854768923,0.04292853707596811
META,2021-09-28,0.49474843836711213,0.4964992028882968,0.5056488914586348,0.5037961557092876,0.5075176431448457,0.07160178285917819
META,2021-09-29,0.492704453918831,0.4944480253496389,0.49712190555590186,0.503715797898205,0.4980320533084118,0.03960650494094972
META,2021-09-30,0.4922721575306189,0.4940141837551482,0.49238030448829573,0.5022495589974361,0.49271859273681706,0.04884127818889296
META,2021-10-01,0.4993865641647258,0.5011537911273014,0.496712098599125,0.5032337736218099,0.49500137546517853,0.04160386794569605
META,2021-10-04,0.46640861184018056,0.46805910477798157,0.47899470637729025,0.47121802030349513,0.4830361947183037,0.164944449856755
META,2021-10-05,0.4796351267225132,0.4813324426178585,0.47751173159502214,0.47816746923340914,0.46935883683902035,0.1318515259703477
META,2021-10-06,0.4809715850736982,0.48267363188673124,0.4759507493856432,0.4774443715237662,0.47164167962480674,0.09246455022303372
META,2021-10-07,0.4722848780560409,0.4739561724891102,0.48465334132085724,0.48383149966125294,0.48592910082833896,0.10068367033415605
META,2021-10-08,0.4739160481926675,0.47559313001482634,0.47403849556364763,0.483289161055258,0.47512501028108045,0.046191939928348844
META,2021-10-11,0.4648755781264623,0.46652073667121313,0.46830179364531554,0.47646021819444273,0.46748930925282817,0.0407350084263063
META,2021-10-12,0.46157385017669017,0.4632072775121809,0.45643817403013365,0.46051259456983473,0.4584366733939991,0.11545648627215183
META,2021-10-13,0.46308715980047754,0.4647259638485,0.4615504592456524,0.4711376624924124,0.4661904473200139,0.040969966378530925
META,2021-10-14,0.47092875611826823,0.4725953014497882,0.4684188643336362,0.4800554793760238,0.46892588286141557,0.03894527242999861
META,2021-10-15,0.4635195771953763,0.4651598656318911,0.4655895766356799,0.47083639731966553,0.4695556450210998,0.07109968697252932
META,2021-10-18,0.48431245868661554,0.4860264545866621,0.47889716731957443,0.480858873601699,0.4700870331184568,0.07104943330169702
META,2021-10-19,0.49345112567907257,0.49519749753812353,0.49171688407192693,0.5005021597004535,0.49114418733760656,0.05871215711237117
META,2021-10-20,0.4950038229793785,0.4967556076042416,0.49468283363646315,0.5048606668496937,0.4986224778546502,0.0360239471966166
META,2021-10-21,0.49716578894718577,0.49892511652119714,0.49142420735112513,0.5015465660643263,0.49238401282153954,0.04799181482315777
META,2021-10-22,0.4632247444032479,0.46486397699724685,0.46668227609177615,0.46802442558722646,0.46497032067151645,0.1311753055224817
META,2021-10-25,0.4712432524969843,0.47291087185488173,0.4665456737728505,0.4652326199263711,0.4530641163160979,0.1452132717299738
META,2021-10-26,0.44593004521762747,0.4475080260394036,0.46781397926142776,0.4449064456710401,0.46872913473676114,0.2653151368023942
META,2021-10-27,0.4388744478332536,0.4404275843563992,0.4464282133451325,0.4498473783892408,0.4410398991203418,0.10802026545399562
META,2021-10-28,0.4481114932619923,0.4496972769157089,0.4586625766558815,0.441913714834953,0.4386783210502385,0.19986546122510515
META,2021-10-29,0.4611808204583101,0.46281285964748925,0.4595992017101015,0.4649916077881736,0.45284766935600806,0.13926394241810966
META,2021-11-01,0.4737786450999273,0.4754551168660795,0.4741360941690178,0.477846099284129,0.4643602573472677,0.1148402175719454
META,2021-11-02,0.47004437874856975,0.47170775592365616,0.4767507721209375,0.4734273391003394,0.4748691656501196,0.10088424419581121
META,2021-11-03,0.47700159769666195,0.47868960818771283,0.4715994236442089,0.4722222784093517,0.4672137657864319,0.06752947223506726
META,2021-11-04,0.4853149385825267,0.48703233149109154,0.4815898526986052,0.49120271983301267,0.48004491454594134,0.07506223299982234
META,2021-11-05,0.49569180649657374,0.4974459141035776,0.500165862547549,0.5052422898335233,0.4924430492704208,0.09435920177774564
META,2021-11-08,0.49075878740348833,0.4924954974188291,0.49626334747644707,0.5026311819812657,0.5005314031117133,0.05675579052330382
META,2021-11-09,0.48437163095640856,0.48608562027581087,0.4894729498155742,0.4948582340491431,0.4918329859461721,0.053291813809267924
META,2021-11-10,0.46917966496545893,0.4708400125457744,0.47362874815452516,0.4768619459548056,0.4770535743161538,0.07231723643602729
META,2021-11-11,0.4693761193213055,0.47103719138367,0.4722043087164174,0.4798546154958423,0.47179915019344043,0.030456810276082203
META,2021-11-12,0.4952200014251562,0.49697258859038745,0.4905461176410656,0.48543828811260337,0.4725075875800163,0.087929817662931
META,2021-11-15,0.5083286557946495,0.5101275950519668,0.5135514606585545,0.5123926026436187,0.5003739325430796,0.08644116286994305
META,2021-11-16,0.49928824623178747,0.5010551415194531,0.49989265790969784,0.5077127255450984,0.49937025285467196,0.05604430434152041
META,2021-11-17,0.49498415939279083,0.49673586564489186,0.5011609633982751,0.5061661901282973,0.5001771243610001,0.03586216564227057
META,2021-11-18,0.49089649301294536,0.49263357075647635,0.49171688407192693,0.496525275535043,0.49128195907080463,0.052985442745860575
META,2021-11-19,0.5038871053595692,0.5056702458397582,0.5105270352975122,0.5057644623679345,0.49616252572221975,0.0926651240846889
META,2021-11-22,0.49545596446420836,0.4972092513469825,0.5139026727235166,0.5069896891305058,0.5096430153619986,0.09543480666222612
META,2021-11-23,0.4880663281212174,0.48979349729953475,0.48964855584805533,0.4929099708719791,0.48972725250702953,0.051829608316718026
META,2021-11-24,0.49555416139046005,0.4973078407659303,0.49039004323918933,0.4915240897822929,0.4839611391223946,0.0357008249095985
META,2021-11-26,0.4799495625978859,0.48164801302295207,0.4825264777528252,0.48969633267422763,0.48356752275823567,0.040922357637742435
META,2021-11-29,0.489599240828249,0.4913318654063031,0.4882241759576018,0.49654538031157625,0.48571265386824913,0.04929885108647113
META,2021-11-30,0.4629298511077762,0.464568148551503,0.4787410333700439,0.47268419790921357,0.4819931774164502,0.08782269799615691
META,2021-12-01,0.43569064089966414,0.4372325167645649,0.46837986062008075,0.4462923267607264,0.4727240945975313,0.10959752540345102
META,2021-12-02,0.4352779475946964,0.43681835694052357,0.43735487771435144,0.4400860190219382,0.43554926914467806,0.0834418122002688
META,2021-12-03,0.42830106506001653,0.42981676271711716,0.4356962968996022,0.4246204196737252,0.44013465355168646,0.09699619703141868
META,2021-12-06,0.44997844492764094,0.45157089719802007,0.44808679415988173,0.43835866320643846,0.429114055986913,0.07181337726268254
META,2021-12-07,0.4596871744211104,0.46131391527051996,0.46065289745264215,0.4678035182255622,0.45556346611939935,0.05874610038126667
META,2021-12-08,0.4749182860752055,0.4765990069192559,0.4727701900750704,0.471961161494621,0.46231356035700655,0.0637877778664319
META,2021-12-09,0.47346402771452445,0.47513954646098594,0.47936545007285736,0.4818631317075557,0.471248123318073,0.05030524696813872
META,2021-12-10,0.4733265036150974,0.4750014731233387,0.47721905487422045,0.47858924047525486,0.477191346049352,0.039940647769817025
META,2021-12-13,0.4826420218801568,0.4843500131422464,0.4890436707758469,0.4850566651287739,0.47402295653034554,0.07706091846959057
META,2021-12-14,0.4811680999328882,0.48287081072462684,0.47852642362400744,0.48116013877444597,0.46831581953716683,0.06609459768630335
META,2021-12-15,0.49673343205563025,0.49849121473780605,0.49103393202495327,0.4737889186026861,0.4770535743161538,0.08469859479274988
META,2021-12-16,0.4834477449035046,0.4851586510198799,0.4956193991430289,0.4933919951483742,0.48982568662678183,0.07567806087835481
META,2021-12-17,0.48126623635579646,0.48296946033247506,0.48127764434719855,0.4873865512897674,0.47766363764040254,0.15228228809371516
META,2021-12-20,0.4648755781264623,0.46652073667121313,0.4672090941892193,0.47087654557768166,0.47172041490912364,0.054813089406129445
META,2021-12-21,0.4820721408891744,0.4837780982101085,0.47911177706561103,0.4733269378077739,0.4650883935692791,0.0469444225258112
META,2021-12-22,0.4747021681327711,0.47638208612201055,0.4762044223928894,0.4823853655370173,0.4796315993463469,0.049800065329772075
META,2021-12-23,0.4841160648341122,0.4858292155598661,0.480419145815398,0.4825861681221483,0.4723501770688078,0.03755888826537111
META,2021-12-27,0.5056165934291342,0.5074058529733227,0.5022731944849761,0.5019683986012224,0.4895698419958211,0.05434229185833225
META,2021-12-28,0.5056952477754849,0.5074847606218211,0.5117172738113243,0.5164096350670454,0.5048805816657713,0.04924022180383347
META,2021-12-29,0.49924891905861213,0.5010157177896541,0.5058244974911159,0.5092593222569499,0.5054316085411387,0.023273180277109316
META,2021-12-30,0.5020396962738214,0.5038163073278963,0.5010244206270038,0.5124327509016349,0.4997048327699496,0.022595637364221415
META,2021-12-31,0.486297512878477,0.48801846643617125,0.4936291378939225,0.4984735387122069,0.4977762086774511,0.03263402852380723
META,2022-01-03,0.49060147871078685,0.4923377423107325,0.489024139145242,0.5003214005968054,0.48848742702309667,0.03998428911553979
META,2022-01-04,0.48665127592702506,0.48837346057106384,0.4929461858469487,0.48963607963967826,0.49173461188384493,0.04642072637713793
META,2022-01-05,0.46236015162682376,0.4639962336193651,0.4786434943123281,0.47350769691142214,0.4780965916180073,0.06655084811885963
META,2022-01-06,0.4786524919232197,0.4803463076727787,0.48529728965427543,0.47125816856151126,0.4580234182518298,0.0991641580239904
META,2022-01-07,0.477335636655279,0.4790249205521561,0.48106303460116195,0.48363063578107146,0.47754556474263987,0.0407958418173138
META,2022-01-10,0.4700247756653254,0.47168807415320685,0.46416513719757213,0.4566160682155068,0.4629236236812553,0.0858495801834788
META,2022-01-11,0.4824061193444481,0.48411335038565134,0.47643856376953087,0.47639996515989336,0.4658165297912905,0.04742932636717535
META,2022-01-12,0.4802247318034266,0.4819241596982466,0.47983373282614017,0.4859404171655317,0.4823473961097382,0.03807553126726092
META,2022-01-13,0.46689989898815576,0.4685521722505214,0.4783898213050818,0.4773640750077339,0.4819538398030043,0.04112689889446332
META,2022-01-14,0.4775518151010567,0.47924184134940145,0.4727311863615149,0.46822528946740793,0.45599642009700414,0.05025807904902421
META,2022-01-18,0.4505287833387225,0.4521231303597088,0.456106434048122,0.4610549331758296,0.45894836265592065,0.07572478797579536
META,2022-01-19,0.45335882722376375,0.4549632038166504,0.4617455969087384,0.46444926918217877,0.45164718148552097,0.06765378394712608
META,2022-01-20,0.4474039066615527,0.44898722845702327,0.4631505047162412,0.4577207889089794,0.4601487904689827,0.0505071432948158
META,2022-01-21,0.4210884009963146,0.4225785659260162,0.44459402649790225,0.43173058422580457,0.4422600257688394,0.10246106332359264
META,2022-01-24,0.43197615914158105,0.4335048977814913,0.4274619877176711,0.40355110422726836,0.40886371321666637,0.1472811662025549
META,2022-01-25,0.4151530835173479,0.4166222723368383,0.4210228616694146,0.42076404157741343,0.41301614364607,0.08658178498393866
META,2022-01-26,0.4043045920419136,0.40573536421116213,0.42352046893301365,0.4072467667014148,0.4269099484854433,0.10086572968550458
META,2022-01-27,0.40432419512515794,0.40575510617051197,0.4122031394982256,0.4140958143387634,0.4086866038700223,0.0712473622333084
META,2022-01-28,0.418219029938098,0.41969900855037506,0.4125738831937926,0.4116253173321378,0.4044948358271728,0.07231282821928761
META,2022-01-31,0.44091837177819126,0.44247876189505714,0.4357743638743675,0.42425890146642886,0.4144527172546574,0.07102518810962882
META,2022-02-01,0.45219928064852444,0.4537995718041244,0.44722823608042694,0.4499678844583396,0.4417680353423532,0.05535089184836968
META,2022-02-02,0.4600606615595896,0.4616886513647623,0.46350171678120333,0.45950833646397804,0.4678632267815517,0.23359493160872138
META,2022-02-03,0.2925371288976386,0.29357235509356694,0.307401113937127,0.2965775111769992,0.3041878252728911,0.8051713672216464
META,2022-02-04,0.291220364384713,0.29225093787849415,0.2968838370114604,0.2852494809688369,0.2851379703731317,0.3697378565751418
META,2022-02-07,0.26728282162302974,0.2682287050616879,0.28847392179704817,0.2729975198183754,0.29051049742232027,0.3665269115019632
META,2022-02-08,0.2579869064412147,0.2588998468132295,0.2640246672585009,0.2572105811684075,0.2573503606943851,0.39348712426013593
META,2022-02-09,0.2812169231058018,0.2822120913602505,0.27885420666439187,0.2693822151553115,0.26394301439207124,0.3574878630772615
META,2022-02-10,0.2734932478041937,0.2744610851372599,0.2820347659749646,0.27840043333148834,0.2719526329490469,0.19326900569585684
META,2022-02-11,0.2567487357712964,0.2576573372466551,0.273098002889282,0.2624729144834136,0.2723265504777703,0.17936769420729462
META,2022-02-14,0.2531129083595639,0.25400862591208,0.25471716047725124,0.2544589237655683,0.2543196828511518,0.14422142296354712
META,2022-02-15,0.25959841299125364,0.26051712256849635,0.25500983719805304,0.255021305853046,0.2566025256369383,0.16406501061719
META,2022-02-16,0.2508331121305891,0.251720785616827,0.24780972190188477,0.24959831821092499,0.2407407590916206,0.17787154544584924
META,2022-02-17,0.2334794221852056,0.23430566896983507,0.2478877591028229,0.23915404003952062,0.24390917863933956,0.14670545309635347
META,2022-02-18,0.23043319985438662,0.23124864462119787,0.23471677073785396,0.23517715587411003,0.23479750633162907,0.13956810937314718
META,2022-02-22,0.22241469176065018,0.2232017798580132,0.2283361502599307,0.22489356267734573,0.22092337029897877,0.15157609177201936
META,2022-02-23,0.21528053078494055,0.21604243052651023,0.22728248429121717,0.220856456124911,0.22450507501757952,0.1719817270599707
META,2022-02-24,0.2332632437394279,0.23408871807813952,0.23003376456206248,0.20512977050949244,0.19872476465822322,0.19612024028307803
META,2022-02-25,0.2389232710061671,0.23976883489757267,0.23582900182455502,0.23116012345068332,0.22604008274591916,0.14176869116959245
META,2022-02-28,0.24000425399007072,0.2408535893560504,0.2393997769136454,0.23849122601195216,0.23143227860183072,0.1268345344989246
META,2022-03-01,0.2251857751376001,0.2259826876258061,0.23666802827340488,0.2292319650500526,0.23574211954244287,0.09533826671562726
META,2022-03-02,0.23426551187363745,0.23509456488811875,0.23159474677144154,0.228830267937215,0.22572520166607704,0.105729315214387
META,2022-03-03,0.22416384341680287,0.22495709885647708,0.23145817422634313,0.2276251459511769,0.23406937010961767,0.0960814920579363
META,2022-03-04,0.21844476488695727,0.219217786253445,0.2252336579241232,0.22234273850716274,0.2209824067478601,0.11753804621662595
META,2022-03-07,0.19370140834691116,0.19438691555900534,0.21547737024636843,0.19922472794345114,0.21787302364902247,0.1458815573877084
META,2022-03-08,0.19924360535248273,0.1999487010001409,0.20730159640859758,0.19687476765344958,0.19240762439822082,0.1412419092692014
META,2022-03-09,0.21537887896955063,0.21614105003990824,0.21198463235821619,0.21256127436332678,0.20793484105697344,0.11649682542271492
META,2022-03-10,0.20891300767277685,0.2096522953428417,0.20648207181652545,0.20683702154845884,0.20616365750439594,0.08545548560695193
META,2022-03-11,0.1939765473007802,0.19466303213984965,0.2011746489379207,0.19799953182840502,0.20183414775706085,0.12883895065045442
META,2022-03-14,0.19205057462369682,0.19273021607393942,0.1986965435310994,0.1962923114369638,0.19079388138556444,0.11259908018149509
META,2022-03-15,0.20266322406676582,0.20338046144302047,0.19867704167432165,0.19647307054061192,0.19821310542501422,0.1157342039267513
META,2022-03-16,0.22546091409146915,0.2262588042066504,0.22101893450161464,0.2137663963493649,0.20588814406671227,0.15504932574120858
META,2022-03-17,0.23373489755248697,0.23456204359132965,0.2294288497160269,0.2270025108291498,0.21966387600832285,0.1059391463311955
META,2022-03-18,0.2507348849526657,0.2516221961978792,0.24652188478270265,0.23682415387852707,0.22950368453804473,0.20568959718156254
META,2022-03-21,0.24090832519802854,0.24176084674708187,0.24244376367911968,0.24009804511082788,0.24485379185015335,0.10877186640811004
META,2022-03-22,0.25104935107971016,0.2519377365085225,0.2517122369729867,0.2452197369326768,0.23869406210135943,0.11695572078531499
META,2022-03-23,0.2447800248937981,0.24564622083825205,0.24652188478270265,0.24919662109808732,0.24255128025764391,0.08044907385570407
META,2022-03-24,0.2567881234478151,0.2576967910709044,0.2540732419176602,0.25447899789457634,0.24583777270312554,0.1147670411740668
META,2022-03-25,0.261209980044636,0.26213439832376323,0.26349781938723055,0.26271392662161114,0.25668123089254247,0.15239866501564256
META,2022-03-28,0.26468861977035385,0.2656252943613413,0.2606489702848422,0.26401944990021475,0.25986934927569694,0.09149959157871906
META,2022-03-29,0.27701115419974354,0.27799143499908724,0.27401509631289706,0.2755684181175665,0.2676231232017118,0.11439498768123832
META,2022-03-30,0.2730608909126383,0.2740271833538688,0.2745224125535626,0.27842053810802164,0.2732121272397028,0.08869552491061237
META,2022-03-31,0.26227129944195193,0.2631994108228912,0.26933209013710563,0.2694826164478771,0.2723068516423348,0.08254297680704926
META,2022-04-01,0.2671649611101904,0.26811037368339036,0.26697105541860505,0.27036636848463497,0.26463181300063676,0.062055789509413956
META,2022-04-04,0.28493131410886996,0.2859396802488739,0.2807664604863873,0.2767132870690552,0.2674459838263552,0.09956971396404041
META,2022-04-05,0.28090242672708565,0.28189652095515694,0.28566410618204247,0.2870772380769021,0.2833864856559897,0.10694201563947134
META,2022-04-06,0.26411864802435636,0.26505334933475316,0.27030771890488114,0.26777539605643585,0.26927620382781403,0.10371476016435593
META,2022-04-07,0.2634308157655195,0.26436304283541723,0.26353685287461315,0.2620511125940427,0.2634116563234268,0.06863461217170357
META,2022-04-08,0.2622122784305172,0.26314024513374246,0.26277586362670136,0.2650036338770633,0.260361339702183,0.05690214331906099
META,2022-04-11,0.25067595469624604,0.2515630305087304,0.25395617122933944,0.25534267580232617,0.25256819813400977,0.06633969453702923
META,2022-04-12,0.24611639248996806,0.24698734991822435,0.25672695335696255,0.25114488427525133,0.2561499028526105,0.06463018808538362
META,2022-04-13,0.24778688979977007,0.24866379136264,0.2461511410871356,0.24752954896466223,0.23957966889200447,0.06067601766989597
META,2022-04-14,0.23833369617692532,0.23917714791163475,0.24299011340716775,0.24485821872538044,0.24562129571432315,0.05691889454267175
META,2022-04-18,0.23949324275216458,0.24034081001861102,0.23984858758397765,0.2414437472949728,0.23599796417340366,0.048989835093019976
META,2022-04-19,0.2523464520060481,0.25323944185869585,0.24970241431944823,0.2428497025136671,0.23702131266853424,0.0644587084542103
META,2022-04-20,0.21915226073238178,0.2199278046176804,0.24137056607980123,0.22260385542189354,0.24310230713301137,0.1656122946928156
META,2022-04-21,0.19488064876040975,0.19557028953088107,0.2195359894931737,0.1958102565130435,0.21946709785495597,0.19610657481118504
META,2022-04-22,0.18709798269903874,0.18776008752429146,0.19953559975377638,0.1911705889675897,0.19736686627652764,0.13647530450859183
META,2022-04-25,0.19275810072079294,0.19344023443817482,0.1887256163334809,0.1879368766408302,0.18233164004426114,0.10497551015190273
META,2022-04-26,0.180887526266203,0.1815277074487195,0.1887451479640858,0.1835984742681233,0.1900067087146717,0.11584749509696093
META,2022-04-27,0.1690957271646504,0.1696940881077627,0.17707663623816267,0.16250905404513316,0.16599755187918033,0.28915874032561734
META,2022-04-28,0.22958811940619175,0.23040055291931516,0.23038497662702467,0.21051257924607208,0.22206479169187202,0.420645706771594
META,2022-04-29,0.21925057866532013,0.22002642413107842,0.23809243793768547,0.22457219272806556,0.22509546953510537,0.19275324433731497
META,2022-05-02,0.2402007385975891,0.24105082838284642,0.2369217012806512,0.22676149869095225,0.21862085870646933,0.1959355360016857
META,2022-05-03,0.24196958409200112,0.24282585924620986,0.24281447760085956,0.2410219454056019,0.23688354093533612,0.15908725227475004
META,2022-05-04,0.2643348869734774,0.2652703002264487,0.2611563162993348,0.23875234292668296,0.2372771272707825,0.15829200997491283
META,2022-05-05,0.23459967183894118,0.23542984715811183,0.25309761314988466,0.23714552382780724,0.253197960293694,0.15720450290523524
META,2022-05-06,0.2257361135486816,0.2265349207874947,0.2320435574417738,0.22682175172550162,0.23076317882870065,0.12907126367263524
META,2022-05-09,0.21087830752303563,0.21162456523300116,0.21875549838848418,0.21589541863017697,0.21600346603411782,0.1359304489195681
META,2022-05-10,0.2137082606530619,0.2144646085954926,0.21951648763639597,0.21310358232179644,0.2153540350677107,0.12777216219945328
META,2022-05-11,0.19619741327333537,0.1968917067459539,0.2150480912066411,0.20121317002615646,0.20909593125658962,0.11322901435359453
META,2022-05-12,0.20111064777314644,0.20182238147135256,0.20993580599112227,0.1942034374141678,0.19085291783444577,0.14456614551258964
META,2022-05-13,0.21561466049857267,0.2163777127965033,0.2135261127108175,0.20725879279030457,0.20171607485929818,0.08411891429148274
META,2022-05-16,0.2184053772104386,0.21917833242919577,0.22421899566896514,0.21659838091576156,0.21051286608716654,0.09541629215191949
META,2022-05-17,0.22347589015127936,0.2242667923571412,0.22439463147527333,0.2214790912469381,0.22049041632137398,0.08554232747672351
META,2022-05-18,0.2030759778750769,0.20379465136151204,0.21569200976623215,0.20796178572341428,0.21631834711395995,0.08151894805842297
META,2022-05-19,0.20120890520274146,0.20192097089030037,0.20455031613775226,0.2038845002654382,0.19900027809590695,0.08366530878897029
META,2022-05-20,0.20563085255457744,0.20635857814315917,0.2096626311270982,0.20040974515295595,0.20641950213535673,0.11460525961972076
META,2022-05-23,0.2109175136895243,0.2116639889628002,0.20786747776725056,0.20717846562674713,0.20685245611296152,0.08636445989867272
META,2022-05-24,0.18153618261022283,0.18217856012380618,0.18189621495905256,0.17678960553631606,0.1780414979390844,0.19809997042086566
META,2022-05-25,0.18654767453962892,0.18720785436260284,0.18534994913364938,0.18323695606082702,0.1777462856659652,0.09946127183224443
META,2022-05-26,0.20187713437833396,0.20259156552473678,0.1997502392736401,0.18914196797934307,0.18262685231738032,0.07753612423412744
META,2022-05-27,0.20875575948341882,0.2094945101402949,0.20462838311251746,0.20428619737827586,0.19931515917574907,0.07535934680807638
META,2022-05-31,0.20582739766543914,0.20655581716995525,0.20905774605488975,0.20872500104354824,0.20626206159543567,0.09108962742192937
META,2022-06-01,0.19600086816247367,0.19669446771915788,0.21282365880706605,0.1946453134325467,0.20945014994987757,0.13734240074128573
META,2022-06-02,0.21608637481497509,0.2168510684041437,0.21557493907791142,0.2001285541092171,0.19358838340455994,0.11674765295520237
META,2022-06-03,0.20020657656518856,0.20091512408032114,0.2071259903761165,0.20424601847273455,0.20840713264802405,0.06170401381358796
META,2022-06-06,0.20702627141385374,0.2077589030067305,0.20773087544832497,0.20147425629336202,0.2044909080715708,0.11067577521797528
META,2022-06-07,0.20977769120421605,0.21052006881517366,0.20696988620041318,0.20768059467967542,0.2004368817332068,0.05889906550213335
META,2022-06-08,0.21172335771955877,0.2124726268404336,0.21770180264594347,0.2135454583401754,0.20582910761783094,0.07405671876150269
META,2022-06-09,0.18688171349824598,0.18754313663259592,0.21266755463136272,0.19199405732227304,0.20506160375366114,0.07949822150495638
META,2022-06-10,0.170314143492966,0.17091691590388775,0.1807645117894009,0.17460033022095456,0.18294170336850987,0.09690715105327725
META,2022-06-13,0.1480864252142601,0.1486105181668459,0.16023727417873324,0.15252672602111578,0.15844058613524495,0.1158558707087663
META,2022-06-14,0.14704486015854687,0.14756521753261742,0.14886143917361194,0.1471639914135442,0.1494666855607326,0.09599685429653457
META,2022-06-15,0.15808992699651467,0.15864939477953982,0.1594177495866611,0.1524262940810251,0.15176919715324202,0.10818116536499373
META,2022-06-16,0.14142403905829634,0.1419245244429833,0.1456028426621011,0.14364908804304583,0.1449206988245951,0.0946735076312844
META,2022-06-17,0.14706449349346287,0.14758495949196715,0.14720285835886276,0.1442315442595316,0.14090604012838956,0.11420234860971457
META,2022-06-21,0.13391657245413766,0.13439046911168828,0.15083219856594066,0.13633809025831023,0.14926987737865313,0.19950442827412584
META,2022-06-22,0.13155821263382714,0.13202375126238697,0.13723193116124432,0.13527357911790416,0.13441179052174315,0.18426478218339856
META,2022-06-23,0.13725756707374173,0.1377433219060693,0.13520263642475527,0.13288343992236124,0.13025939012105206,0.15442732635924056
META,2022-06-24,0.15968180021163766,0.16024692857545692,0.15569084054804028,0.1470434853444454,0.1410044442194293,0.27890126079406974
META,2022-06-27,0.15836509620205538,0.15892551136038413,0.1586177268513667,0.16052061196242784,0.15987721980125738,0.10450603506912745
META,2022-06-28,0.14105064267483222,0.141549788348741,0.1577396669151342,0.14565760425475915,0.1570826877535493,0.09820184430971954
META,2022-06-29,0.147457613966858,0.147979407451109,0.1480419145815398,0.14507514803827337,0.1446255165801885,0.10195191429016029
META,2022-06-30,0.14217083182522447,0.14267399663146801,0.1458955193829029,0.14139955969313495,0.14183098453248041,0.13129035997938718
META,2022-07-01,0.13977317508341028,0.14026782495791745,0.13690022095305993,0.13438982708114627,0.13820994220043378,0.11442143698167637
META,2022-07-05,0.15581019127088316,0.15636155448428674,0.15178832547693838,0.1384470384101143,0.13393946890198002,0.10205506656186866
META,2022-07-06,0.15891531360645014,0.15947774452207275,0.15830551849996005,0.155398920140579,0.1537371588591864,0.07766572580627386
META,2022-07-07,0.16367136042024652,0.16425063404492463,0.1605104490427573,0.16005866181504086,0.15619711099161684,0.08206292200409876
META,2022-07-08,0.1610968221541583,0.16166696530392777,0.15988603233994397,0.1608018030061667,0.15724012829347037,0.0607527206411663
META,2022-07-11,0.1453743325970732,0.145888806182652,0.1503053804684974,0.14826868145949157,0.15151338255099375,0.07237454325364305
META,2022-07-12,0.14614078895058905,0.1466579902360362,0.14722238998946763,0.1486503044433211,0.14704610107046054,0.049249479058986786
META,2022-07-13,0.1465732063454878,0.1470918920194273,0.14540770499901517,0.14364908804304583,0.13791475995602717,0.04887654392281035
META,2022-07-14,0.13588187230439644,0.13636273900184775,0.14074420068000143,0.13896924159205065,0.14000079455973416,0.08066022743753445
META,2022-07-15,0.14895122975238598,0.14947832173362813,0.14540770499901517,0.14407088993241668,0.13866256498476145,0.07879819668669613
META,2022-07-18,0.15392348526363173,0.15446816214817555,0.15850065616304598,0.15576043834787529,0.15088362039130956,0.07981869886193067
META,2022-07-19,0.17072689730127713,0.1713310757279291,0.16786669828845602,0.16353338627999786,0.15800763215764016,0.09021944543751771
META,2022-07-20,0.18509335567560461,0.18574836380988274,0.18174014055717636,0.17797462274582088,0.17201953992348865,0.08515264111693632
META,2022-07-21,0.18525060386496264,0.18590614901242958,0.18222795494106414,0.18233309924753582,0.17819893847900545,0.09578305578466037
META,2022-07-22,0.15793264855548492,0.158491609576993,0.16613008027276877,0.1613240368356283,0.16332115278666,0.16361713579643913
META,2022-07-25,0.1527835417716368,0.15332424200054906,0.1563152572508536,0.1540933662144502,0.15531153422968438,0.0912447966511659
META,2022-07-26,0.13804371726551692,0.13853221782435304,0.14739799602194875,0.14031494377619558,0.14928957621408864,0.1013929524075696
META,2022-07-27,0.15854194747465775,0.15910300842783043,0.1569006106924572,0.148489619468681,0.14269689248768994,0.1691833910736256
META,2022-07-28,0.14112926676951124,0.14162869599723948,0.13863683896874718,0.13408856190839935,0.13968591347989204,0.29864257781935216
META,2022-07-29,0.1379454598359219,0.13843362840540524,0.13596362567266707,0.1347312711594345,0.13305389214004756,0.1613314754169181
META,2022-08-01,0.13957662997254858,0.14007058593112137,0.14581748218196477,0.13485177722853325,0.132187984184838,0.1548571274913588
META,2022-08-02,0.140087610958783,0.140583395363011,0.1400612784068549,0.14043544984529438,0.13427401878854503,0.09657080411604013
META,2022-08-03,0.15700897426428276,0.15756464032106204,0.15430543459731516,0.14758579330291505,0.1428937006697694,0.11573508557009923
META,2022-08-04,0.16048761399000053,0.16105556645309038,0.15939821795605624,0.15809032450886884,0.15393396704126586,0.08142284893349808
META,2022-08-05,0.15368758272792302,0.15423149939158048,0.15834455198734265,0.15608180829715546,0.15135594201107275,0.08977421554681063
META,2022-08-08,0.15985871198758336,0.1604244256429032,0.1698569595375624,0.15875313853643724,0.15334357252374,0.0962384245738687
META,2022-08-09,0.1564783296914606,0.15703211902427294,0.15428593274053742,0.15768862739603118,0.15521313013864466,0.058133799076125925
META,2022-08-10,0.17575811332061422,0.1763800818316253,0.17565219680005495,0.17245120316360918,0.16906759736457208,0.10929997077352302
META,2022-08-11,0.17408761601081216,0.17470367048165986,0.1807645117894009,0.17731180871825247,0.17638841731298213,0.08204396667211815
META,2022-08-12,0.18000317914817612,0.1806401920170378,0.17756445062205045,0.1824134570586185,0.17855315717229345,0.06967847789565838
META,2022-08-15,0.18076963550169198,0.18140937607042196,0.1775254171346678,0.1809873970633909,0.17491244603352388,0.04589482612009481
META,2022-08-16,0.17797891878982605,0.17860875643772955,0.17664735719843533,0.1786575109023974,0.17585705924433767,0.06916139407209461
META,2022-08-17,0.16889912155044537,0.1694968791754169,0.17108626131258425,0.17289307918198815,0.1705829062574762,0.06458302016626911
META,2022-08-18,0.16852569491530958,0.16912214308117457,0.16644225885034825,0.16825341163653434,0.16582044253253633,0.05896871532662021
META,2022-08-19,0.15535814054106836,0.15590794083599613,0.15972995793806777,0.15859245356179713,0.1576730822710751,0.09157320879827162
META,2022-08-22,0.14570843205903358,0.14622408845264506,0.1464028653973955,0.1489716437450761,0.14840399945215618,0.06185697893445466
META,2022-08-23,0.1418957231230271,0.1423978800506237,0.14554430731794077,0.14583836335840733,0.14248041549888754,0.055738814921461
META,2022-08-24,0.1461211858673447,0.14663824827668642,0.14634433005323516,0.143970457992326,0.1387806679112367,0.06799233499273305
META,2022-08-25,0.15696970759445075,0.1575251864968128,0.15301762725196016,0.15250665189210771,0.14779390609919488,0.04444804938613377
META,2022-08-26,0.1432124876359527,0.1437192972656965,0.15699817952400014,0.14778662653557129,0.1542881857345538,0.08179931064306624
META,2022-08-29,0.13808298393534893,0.1385716716486023,0.14164179224683882,0.1424439660570077,0.13889874080899936,0.06429472279149442
META,2022-08-30,0.13413278115158703,0.13460742000338383,0.1389295454633761,0.13621758418921143,0.13828867748475057,0.062157619316100435
META,2022-08-31,0.1454725900266682,0.1459873956015998,0.150988302741644,0.14873063160687855,0.15151338255099375,0.15642777511570466
META,2022-09-01,0.15024833067872392,0.15078002708380145,0.15005170746125113,0.14513540107282275,0.14464518538691137,0.10878685434502494
META,2022-09-02,0.1403431165777361,0.1408398000789558,0.15116390877412506,0.14286576794637862,0.1522611875797281,0.07567453430496307
META,2022-09-06,0.13684484351710233,0.13732913198757773,0.13898808080753644,0.13979274059425922,0.1377966870582645,0.06115210507778078
META,2022-09-07,0.14048070118050646,0.14097784332215285,0.13756367114325585,0.1380252365207434,0.1331916338445331,0.05009365256463437
META,2022-09-08,0.14376276554369086,0.1442715304273851,0.14004174677625003,0.1398931725343499,0.13506122148815033,0.07521872469408078
META,2022-09-09,0.15769680652311954,0.15825491672594771,0.15430543459731516,0.15049813568039438,0.14399575442050425,0.07326147646166548
META,2022-09-12,0.15732341013965548,0.1578802107261556,0.15791527294761526,0.15905440370918417,0.15214311468196542,0.07825863095776002
META,2022-09-13,0.12621253048744566,0.12665917475359717,0.13887101011921577,0.12970998063015116,0.14063052669070583,0.17181730057558084
META,2022-09-14,0.12295006920750559,0.12338519951326438,0.12308531402849987,0.12243916175095687,0.1244735779009816,0.16573440229650457
META,2022-09-15,0.11917665719300272,0.11959844493549227,0.12437315114768205,0.1217361688178471,0.11752667548129495,0.12845014593401516
META,2022-09-16,0.11276974640432033,0.11316882583312421,0.11340709332551036,0.11287860496878521,0.11408274249589231,0.15276807357842723
META,2022-09-19,0.11616976203535909,0.11658087441110426,0.11340709332551036,0.11450552884419418,0.10855277490678264,0.07362603598603652
META,2022-09-20,0.11237665618259693,0.11277437787398237,0.11391440956617582,0.11474654098239173,0.10961546101535904,0.078245406307541
META,2022-09-21,0.10457438703798153,0.10494446400249324,0.11539738434844393,0.10827911632887272,0.11081591885713363,0.14490293327150075
META,2022-09-22,0.10595014231067015,0.10632507700116506,0.10560206318330656,0.10600948320242859,0.10129099140725387,0.12762228283030436
META,2022-09-23,0.10121369858011811,0.1015718993432127,0.10177758531314274,0.10203262968454319,0.10103514677629308,0.11568571354261489
META,2022-09-26,0.09327378432938901,0.09360391213407632,0.10103612769583581,0.09660964204242217,0.09847679055282291,0.11033546088567245
META,2022-09-27,0.08940217538863451,0.08971853804290614,0.09553356715414507,0.09245199877336346,0.09414728080548776,0.11178796830139506
META,2022-09-28,0.1035720886521003,0.10393861719251402,0.10062635051288615,0.09275329459363557,0.08765300117012884,0.11986382136847798
META,2022-09-29,0.09335246892741142,0.09368281978257481,0.09635309174621726,0.0946211999597169,0.09698115046664171,0.14775416785872195
META,2022-09-30,0.09191772289495972,0.09224304109475423,0.0985970557763971,0.09522376095273594,0.0904672020245598,0.12210275465055845
META,2022-10-03,0.09767612859798067,0.0980218075220356,0.09592381270648986,0.09642888293877405,0.09261227307714817,0.09810750847149051
META,2022-10-04,0.10095819296116507,0.10131549462726791,0.10132880441663761,0.10293645585030914,0.09920495680354682,0.12873403509205017
META,2022-10-05,0.09840331828166451,0.09875153775117052,0.09707507728057357,0.09377762682850033,0.094777042965172,0.09923689360019501
META,2022-10-06,0.09858019980593855,0.09892906491306708,0.09949461756940736,0.09743314104463069,0.09375369447004142,0.13561261649263762
META,2022-10-07,0.08753507246462741,0.08784488766614468,0.09332863661134783,0.08907770624849715,0.09186443801970132,0.12231611234075868
META,2022-10-10,0.08820330164021992,0.08851545220613083,0.08907490947528379,0.0879328372970084,0.08554729775969891,0.08180107392976212
META,2022-10-11,0.07788537910842849,0.07816103528279361,0.0823430769323984,0.07813128370040184,0.0817491160522957,0.1455324266219262
META,2022-10-12,0.07584147028932656,0.07610988783858591,0.07650880618252331,0.07664498599438746,0.07525486644564935,0.12844529689560152
META,2022-10-13,0.08132470678680673,0.0816125075905727,0.07937715714168936,0.06917330323501178,0.06582831305809675,0.12721320031686262
META,2022-10-14,0.07438713629946639,0.07465041233309089,0.08064546263026662,0.07718727862909452,0.08052898940379824,0.07975301643250954
META,2022-10-17,0.08869464929153839,0.08900851967867074,0.08649923523691949,0.08453843999560884,0.07915142221537966,0.10643507071440883
META,2022-10-18,0.08625769562822053,0.08656292427532114,0.0924505766751153,0.08698883222570114,0.09251386898610844,0.08806514991683899
META,2022-10-19,0.08710274582474367,0.08741098588275359,0.09081152749097104,0.08863583023011817,0.0842484358268846,0.11119065493316924
META,2022-10-20,0.08376172095346793,0.08405813308837251,0.09036274659446591,0.08680807312205296,0.08432714108248882,0.09208235783170397
META,2022-10-21,0.08077439862739696,0.08106027442888408,0.07738686611875578,0.07501809276650367,0.07129924419832512,0.18021274935629014
META,2022-10-24,0.08020445713307114,0.08048832940229594,0.08394309262916005,0.07327067814575855,0.07314913300650686,0.25609931888643156
META,2022-10-25,0.09551428363686018,0.0958522986050801,0.09344573707349568,0.08536193899781735,0.0802928436082729,0.1453199505750739
META,2022-10-26,0.08040097199226118,0.08068556842909197,0.0879822100191876,0.0812244005052919,0.08186718895005837,0.3408609511785588
META,2022-10-27,0.017746795292942735,0.01780959470058399,0.023493142514463106,0.016650601233955176,0.015546900479831816,1.0
META,2022-10-28,0.02022307612943594,0.020294643928182837,0.020273564603421307,0.01892023436039933,0.01869563620647155,0.3987708128443093
META,2022-10-31,0.008352577304025166,0.008382147033177745,0.017288142955934532,0.009058412405480748,0.016019207085238685,0.5108854300061142
META,2022-11-01,0.012361816225057554,0.012405564367544947,0.013717338093017034,0.010966512000865986,0.0083638372502636,0.46163771423382327
META,2022-11-02,0.003203425142669525,0.0032147945039588954,0.009248956550175713,0.004800367843856512,0.008127676440382009,0.29250105025763823
META,2022-11-03,0.0,0.0,0.0,0.0006427398985603683,0.0,0.24331813527142052
META,2022-11-04,0.0036947576681521377,0.0037078619764987497,0.0018146701035389179,0.0,0.0005313430542882303,0.22116287875949253
META,2022-11-07,0.015349078047785208,0.015403423027033403,0.01252706980537785,0.010062670511337413,0.009249414012196033,0.3373158632765129
META,2022-11-08,0.014857745522302596,0.014910355554493548,0.014322238052139058,0.013457067812737006,0.011492889155824138,0.20551459097699748
META,2022-11-09,0.024684350654447268,0.024771705005290884,0.028176163577168123,0.02540773314292641,0.022907073056044003,0.4505629513187401
META,2022-11-10,0.04512360522966094,0.0452833148723944,0.043493532253860406,0.033180696398811604,0.03353406927101488,0.3315133275820799
META,2022-11-11,0.04738370762037644,0.0475514132082977,0.047688738932677666,0.04161645835850261,0.037686469671706,0.24022224465514738
META,2022-11-14,0.04974209769235863,0.049918146104824146,0.05036195222875778,0.04561341665292126,0.04115007146383157,0.2112748077907296
META,2022-11-15,0.055362918792609184,0.055558839194458226,0.0551815607234748,0.05286416140310746,0.05114732053347448,0.19926462128348757
META,2022-11-16,0.04779646142868754,0.0479656031267893,0.04999122342010434,0.04934925803260909,0.04805762125571608,0.12263791216275488
META,2022-11-17,0.044298158116382075,0.044454950082636335,0.04267400766178825,0.043604900441207906,0.040008665085294604,0.13059915159460628
META,2022-11-18,0.04547738340404486,0.045638324054512125,0.046557005989198846,0.045251883121862346,0.04668005406729753,0.12294604651285809
META,2022-11-21,0.041173326816719896,0.04131904817995083,0.042752059749639915,0.042379704326161755,0.04219308876568509,0.08324300162530951
META,2022-11-22,0.04427852478146607,0.044435238217736844,0.041288616597976696,0.0406322897054166,0.03892628014128269,0.10386419871183089
META,2022-11-23,0.04585077978750893,0.04601304510152934,0.04333742807815705,0.04547282113105183,0.04258669011548774,0.06998308567236987
META,2022-11-25,0.04421957939921056,0.04437607252858808,0.04345451365339134,0.046055277347537615,0.041760149802436586,0.02883017829914247
META,2022-11-28,0.039050778777103085,0.03918899308724458,0.04210814119004885,0.04075279577451538,0.040736801307306,0.07865096224759101
META,2022-11-29,0.040387191750780566,0.04053013721444204,0.03996176087832551,0.041074165723795575,0.03829653299595476,0.08125092848065078
META,2022-11-30,0.05736750043853581,0.05757054786164184,0.05404984266690957,0.042761311986228734,0.038237496547073424,0.1669880991372679
META,2022-12-01,0.06196634444048163,0.06218566722917207,0.05998165247450052,0.0608781367971902,0.057307035267912115,0.13702456831435522
META,2022-12-02,0.06796054679836047,0.06820108136582337,0.0655232316166603,0.059291407151085135,0.05461093733995634,0.1520085378341814
META,2022-12-05,0.065877325931919,0.06611048009736636,0.06675251850476852,0.06680325349223953,0.062325343623812784,0.13227912299409608
META,2022-12-06,0.04954559795900443,0.049720922125253225,0.05871334698592326,0.05151844389519994,0.05870430129176615,0.16848953775880088
META,2022-12-07,0.049172156198032835,0.049346186031010875,0.049600962980845986,0.04979111872722544,0.046601333797337,0.10576898916504407
META,2022-12-08,0.051923606240066755,0.05210736688667916,0.05244979719632076,0.05322567961040375,0.05177706767880244,0.11087502661460855
META,2022-12-09,0.05304382564213067,0.053231560122181054,0.052840057635579085,0.051779560809930736,0.04963199662621409,0.09065894464646322
META,2022-12-12,0.050705099156736155,0.05088455413777926,0.04928876951635289,0.05031333723292444,0.0493958358163325,0.08498865545422045
META,2022-12-13,0.06139643319782753,0.0616137071553588,0.0640793052086884,0.061360176397347865,0.06307316366690338,0.1729502122776771
META,2022-12-14,0.06422646195703297,0.06445376556507537,0.06571835439283269,0.06286656355613288,0.05768095279663557,0.13865825343807844
META,2022-12-15,0.053535158167613284,0.05372462759472091,0.05496692120361113,0.052060751853669596,0.05559491819292853,0.12811820721351772
META,2022-12-16,0.05998136587779937,0.060193670426887974,0.06409880706546614,0.06172170992840678,0.059334048437094083,0.27153072240533466
META,2022-12-19,0.05025307867859308,0.050430940489488624,0.05334738876315814,0.05270347642846737,0.05264297563401196,0.10713024649425543
META,2022-12-20,0.055382552127525186,0.055578551059357745,0.05243029533954302,0.04894754559600886,0.04561735294436481,0.10260124461591427
META,2022-12-21,0.06062994659264001,0.06084452310197461,0.05830356980297363,0.055294464180429104,0.0523871310030512,0.06579395730465758
META,2022-12-22,0.05544151263561653,0.055637731795731615,0.05494741934683339,0.052803893044795464,0.05337111185602336,0.08001177875512841
META,2022-12-23,0.057249594548188926,0.05745221648334431,0.05408886126737861,0.05513377920578902,0.05106860026351395,0.054349345005115735
META,2022-12-27,0.05496981344504992,0.05516437618809128,0.054908385859450765,0.05615812676441634,0.054807730507679536,0.07019996993596182
META,2022-12-28,0.05249356286022841,0.052679326960492434,0.05403032592321827,0.05507352617123962,0.05150155424111874,0.0623542257826899
META,2022-12-29,0.0616125965177694,0.06183065804705434,0.05964994226631612,0.05559572935317603,0.05179675149988164,0.07449313221873041
META,2022-12-30,0.061769829581291597,0.06198842820237602,0.05845967397867696,0.05955250874205334,0.055260368306363494,0.06222770996226125
META,2023-01-03,0.07041720942577351,0.07066641872852272,0.07006966524735328,0.06867117418208346,0.064431062048599,0.1325154034113426
META,2023-01-04,0.07558597979620932,0.0758534981698662,0.07529903603810639,0.0758415764449496,0.07340496262311133,0.11871151351272718
META,2023-01-05,0.07474088422217862,0.07500542151520861,0.07426487192617054,0.07321042511120918,0.07094501049068086,0.0880744071719923
META,2023-01-06,0.08079406221398464,0.08108001638823381,0.07779664330170544,0.0762231994287792,0.07653402954302815,0.09749652963137169
META,2023-01-09,0.07971316998509606,0.07999526192975603,0.08290892851722426,0.08273078766407688,0.08084387048364036,0.09337308369308055
META,2023-01-10,0.08663106176001292,0.08693766036956346,0.08386505542822198,0.07845265364968201,0.07318848563430894,0.10234512722333922
META,2023-01-11,0.08643451664915122,0.08674042134276744,0.08466507816351637,0.08485980994488901,0.08045028414819397,0.08796816914856616
META,2023-01-12,0.09394204375665319,0.09427450676851268,0.09213836832370864,0.08771189928781897,0.08533082077089651,0.11148468298970549
META,2023-01-13,0.09447265807780361,0.09480699797085157,0.09157251673888284,0.09389813289759907,0.08834179977869441,0.07474704550293565
META,2023-01-17,0.09128888139588595,0.09161193037901733,0.09032371310708331,0.09271311568809426,0.09072301662680807,0.06912127929976358
META,2023-01-18,0.08669002226810427,0.08699682605871223,0.09129934187485877,0.08980077331061492,0.08999488040479667,0.06501238047671337
META,2023-01-19,0.09284145768950527,0.09317001035068523,0.09168958742720357,0.08847514525547806,0.08346126315599187,0.1020841607923505
META,2023-01-20,0.09916974438350865,0.09952072180455473,0.09654822940930319,0.0934361827502121,0.09015232094471773,0.10236364173364584
META,2023-01-23,0.10683448942869703,0.10721259243284681,0.10400201771271772,0.1015706795371562,0.09684337873344354,0.09699222963635297
META,2023-01-24,0.10657901406141565,0.10695618771690196,0.10642158777537869,0.10699366717927716,0.1015665048449376,0.07274747838981949
META,2023-01-25,0.10335587995465093,0.10372166630081847,0.10285078291246119,0.10488471902747315,0.10064156044084674,0.09325362101943538
META,2023-01-26,0.11475467958949512,0.11516083768263341,0.11131923347103378,0.11089019353360513,0.10689966425196781,0.0882286947578809
META,2023-01-27,0.12348068352865602,0.12391772081005353,0.12240239175535333,0.11910501748410668,0.11445666002461571,0.13358836336577928
META,2023-01-30,0.11428302577643598,0.11468748207499307,0.11836327436532584,0.11822126544734873,0.11675917161712515,0.0995049131779672
META,2023-01-31,0.11803677420435119,0.11845452478786572,0.115943734076492,0.11936613439883748,0.11388593431381286,0.1074485197428599
META,2023-02-01,0.126192866900858,0.12663943279424744,0.12316338100326513,0.11844220345653822,0.11404337485373386,0.22126382692283106
META,2023-02-02,0.1962563737814267,0.19695087243510268,0.20819918797543496,0.18492410232326018,0.1836108331703525,0.6392275746300073
META,2023-02-03,0.19185405976450678,0.1925329770471434,0.20743819872752317,0.19040734299993056,0.18378794251699646,0.3144918802851764
META,2023-02-06,0.1909303552216329,0.1916060077912124,0.19559405119529188,0.1956897504439447,0.18980990053259225,0.16317587330079775
META,2023-02-07,0.20185744054007462,0.20257182356538705,0.2016039279776481,0.19344019144650865,0.1879403429176876,0.18344000483140555
META,2023-02-08,0.1857615545995254,0.18641892834986895,0.1958477242025382,0.19046759603447994,0.19663873005451624,0.1352070605525876
META,2023-02-09,0.17493266620733536,0.17555173208909236,0.1876914522215451,0.17911949169730962,0.18902272786169952,0.1395257904924463
META,2023-02-10,0.16752342678110008,0.16811626617674508,0.17254970446424744,0.1712461118250963,0.16977606477986054,0.12328063016339935
META,2023-02-13,0.17790023419180365,0.17852984878923106,0.17666685905521307,0.17620714931983028,0.1734561435607885,0.11459467989954555
META,2023-02-14,0.1779985218730704,0.17862846830262907,0.17766198967976626,0.17632765538892903,0.17137010895708146,0.08184780102720265
META,2023-02-15,0.17343908067347905,0.17405281780657322,0.1711838301441272,0.17522296534298165,0.16991380648434615,0.08746519161856935
META,2023-02-16,0.16416276857490833,0.16474370151746448,0.1666178946566565,0.1681128007909023,0.16269139062697577,0.08975129281976432
META,2023-02-17,0.16502751260969087,0.1656115050842467,0.16140801083576756,0.16391500926382746,0.15771244991323355,0.0824504042555161
META,2023-02-21,0.16345524247781215,0.16403368315322908,0.1711447966567446,0.16829359054207566,0.165761406083655,0.1283897533646816
META,2023-02-22,0.16156856672223244,0.1621402908171179,0.16058848624369543,0.1638949351348194,0.15938522937477126,0.07478848274028858
META,2023-02-23,0.16337661838313314,0.1639547755047306,0.16240317123414788,0.1632723000127923,0.1612154193475175,0.0641408760272798
META,2023-02-24,0.16013382068978074,0.16070054222374752,0.1566079339716554,0.1598176496768433,0.15460306681439592,0.06314241493574363
META,2023-02-27,0.1584633536316504,0.15902410077933188,0.16129094014744683,0.1626295601142319,0.16097927355199218,0.060875269066529236
META,2023-02-28,0.1690760030747194,0.1696743762428632,0.16993502651232767,0.1682734857655424,0.16101861116543806,0.1789013048762371
META,2023-03-01,0.16608874125199177,0.1666765175833747,0.1705204097277584,0.17064355083207727,0.1663124329590224,0.11254574075894502
META,2023-03-02,0.16827024979969987,0.16886573836522972,0.16497881569868506,0.16738973372878446,0.16196325440496437,0.05238945184265663
META,2023-03-03,0.18933842150316652,0.1900084739952953,0.1876329168773847,0.17867761567893065,0.17483371074920703,0.17813692009357762
META,2023-03-06,0.18865058924432973,0.18931816749595937,0.19356475645880283,0.19392224637042893,0.19270280664262748,0.12229230797036444
META,2023-03-07,0.18788404213579887,0.1885489834425752,0.1949306307789231,0.19265687134984144,0.19467076834857186,0.1376862416469803
META,2023-03-08,0.18878814359542842,0.18945624083360663,0.18497920543808233,0.1872941367422698,0.1826071534819448,0.061560305947874594
META,2023-03-09,0.18234196613691403,0.1829871980014396,0.19214031702069506,0.18520529336699904,0.18945568183930425,0.09308081892324016
META,2023-03-10,0.1780575126328334,0.17868763399177784,0.18402310830091173,0.182192519049429,0.17894674350773979,0.08903495759956728
META,2023-03-13,0.18078926883660798,0.18142908793532148,0.18209135262213855,0.17419863310811695,0.1729444843275795,0.08490445851449267
META,2023-03-14,0.206574220684039,0.2073052893584399,0.2026576237201888,0.19777859381921553,0.19187626632957636,0.1594676813793839
META,2023-03-15,0.2139048965189386,0.21466184762228863,0.20940895811985188,0.20637504075354662,0.20244421108130958,0.16158803363116714
META,2023-03-16,0.2280157887709697,0.22882273098829753,0.22497998491687693,0.21691975086504173,0.2128940829352802,0.19827982566384436
META,2023-03-17,0.20969903685786537,0.21044119126112537,0.21744812963869714,0.21559412280990486,0.2174204008646948,0.1969309113415041
META,2023-03-20,0.21402275703177795,0.21478017900058616,0.21249194859888165,0.21199889227584906,0.213327036912885,0.0869247442462853
META,2023-03-21,0.2225718491949932,0.22335956506055998,0.2206677224366525,0.22065559224472958,0.22261581856723942,0.11619838914943897
META,2023-03-22,0.21795344748731052,0.2187247187809051,0.22812151074006703,0.22411024258067852,0.2212382513788209,0.10143438964492255
META,2023-03-23,0.22673835143121943,0.227540767597474,0.22911667113844741,0.22909135420442062,0.22190735115195095,0.09663780901048317
META,2023-03-24,0.23013836706225818,0.23095278608100378,0.2285312879230167,0.2319032952893344,0.22651237433696977,0.09807797341933469
META,2023-03-27,0.2239082772945065,0.2247006941405323,0.22517512257996286,0.22750463988207814,0.22578423811495837,0.05756998815512161
META,2023-03-28,0.21966321146694454,0.22044058395511978,0.2157505451103925,0.22055516030463884,0.21661352935836656,0.06021535902060003
META,2023-03-29,0.22884126613592023,0.22965111082528072,0.2249019477159388,0.22987467430108777,0.22332428598252788,0.05899780955710204
META,2023-03-30,0.23373489755248697,0.23456204359132965,0.2295264185475699,0.23043708703609073,0.22297006728923993,0.07556036149140552
META,2023-03-31,0.24179273281939875,0.24264836217876357,0.23748755286547701,0.23837071994285342,0.2305664006753337,0.08804443129816251
META,2023-04-03,0.24401356854028225,0.24487703678486783,0.24006322710384131,0.2412428834147914,0.23371512138761716,0.054913596747794016
META,2023-04-04,0.2472563057302913,0.2481312700658509,0.24542918532660646,0.24995983641822128,0.24266935315540658,0.06858700343091509
META,2023-04-05,0.24088860110809754,0.2417411047877321,0.24338035895951254,0.2447377126562817,0.24416499324158777,0.06140249178859426
META,2023-04-06,0.2499684285991499,0.250853012144495,0.2467950596467267,0.24214670958055734,0.2345219928939454,0.09097192803498008
META,2023-04-10,0.24731523598671099,0.24819043575499966,0.24429745238312767,0.2461838467805173,0.2452670770210352,0.04689725460669669
META,2023-04-11,0.24554642074397057,0.2464154048916362,0.24499990628687907,0.25170726636272905,0.24678238591393933,0.049559817517459845
META,2023-04-12,0.24584119303275562,0.24671123333738004,0.24659992198364072,0.2500401942293039,0.24552289162328342,0.05953164460427658
META,2023-04-13,0.2583210059031751,0.25923515917767276,0.25500983719805304,0.25628668087363343,0.2472743763404254,0.07865537046433069
META,2023-04-14,0.2605614749589745,0.26148354564867654,0.2568830575326659,0.2600225222533213,0.25150551202543336,0.07107676424548301
META,2023-04-17,0.25539264408519546,0.2562964662073331,0.2546781269898686,0.2591789491221047,0.25526429606196555,0.04414564571779213
META,2023-04-18,0.2534862442396847,0.2543833620063224,0.25362446102115505,0.25733111788503144,0.2555004718862034,0.03003538475576936
META,2023-04-19,0.2491822784073747,0.2500640861317611,0.2475560488946385,0.2507431565148885,0.24282679369532764,0.04598034552484448
META,2023-04-20,0.24401356854028225,0.24487703678486783,0.24642431595115966,0.2504218172131335,0.24284646250205058,0.04852520904865833
META,2023-04-21,0.24365977524006252,0.24452201255552503,0.23990712292813798,0.24401464559416386,0.2364112493442855,0.053999332595985605
META,2023-04-24,0.24346319987752915,0.244324773528729,0.24090225355269124,0.24628427872060804,0.24324004883749692,0.04533145602076445
META,2023-04-25,0.23316498630983287,0.2339900985647415,0.23571190136240716,0.2390937870049712,0.2376117071860601,0.06052790158744292
META,2023-04-26,0.23680072296655033,0.23763877980486636,0.24127299724825824,0.24260869037546956,0.2409178684382646,0.16101099805994382
META,2023-04-27,0.29410933852617394,0.29515017702458457,0.29508868365161284,0.2986262062942539,0.2948203383629324,0.28974767808203783
META,2023-04-28,0.2975683449169757,0.2986213912917134,0.29263008010156927,0.2965775111769992,0.2930885224525134,0.15026067989690062
META,2023-05-01,0.3031891055138829,0.3042620542868973,0.2995960837949232,0.29800357117222676,0.2923210185883436,0.10437070281521946
META,2023-05-02,0.2954457666256872,0.29649133619900714,0.3013912371547708,0.30308511473605954,0.3012949191628559,0.08323859340856983
META,2023-05-03,0.2911024736202019,0.2921326065001966,0.2952057543399335,0.29055196254185917,0.29399379804988135,0.12782241587028556
META,2023-05-04,0.2842042151802011,0.285209950019739,0.28827878413396224,0.29091348074915546,0.28728304142572003,0.05475842751855749
META,2023-05-05,0.28274986606450514,0.2837504594670189,0.28141034927215125,0.28472727778690055,0.27976544332394304,0.09492213105540202
META,2023-05-08,0.2837128675288827,0.28471688254719907,0.2832445361193815,0.2855708509181171,0.27815170031128666,0.04819503361485675
META,2023-05-09,0.28390941263974434,0.2849140914795449,0.2837518821338741,0.2871977441460009,0.27823043559560345,0.05024529522047916
META,2023-05-10,0.28333944089374685,0.28434214645295675,0.28544946666217874,0.2864746770838831,0.28749951841452237,0.06017877082166073
META,2023-05-11,0.2886654292018691,0.2896869810023968,0.2882983157645671,0.2896481363760932,0.281359487501164,0.06604169908542727
META,2023-05-12,0.28477409617118354,0.2857818950463271,0.2858592438451284,0.28794088533712675,0.2886212710006927,0.04714102899240066
META,2023-05-15,0.29469891335541576,0.2957418640105225,0.2922983698933848,0.29573393804578263,0.2889754896939807,0.06694185694366872
META,2023-05-16,0.29462038001575175,0.2956629864564742,0.29108859974896795,0.2961155610296122,0.28675168335707557,0.055968042191924056
META,2023-05-17,0.3018330743311253,0.3029012133420254,0.29928387544351653,0.30137786369709313,0.2919864687017786,0.06932185316141876
META,2023-05-18,0.31040183008092825,0.3115003112668987,0.30562546243405714,0.30750384427232386,0.2975951715752051,0.07703711409919634
META,2023-05-19,0.30802377642235834,0.30911385145824766,0.3087474864004695,0.3119627527141295,0.30973749169743636,0.0717044943092126
META,2023-05-22,0.3132908042223892,0.31439955041298917,0.31826963270158287,0.31539729827354523,0.30568349538778494,0.09817539500928149
META,2023-05-23,0.31018568188682216,0.31128336037520316,0.31444515483141905,0.31847032562566463,0.308438629764622,0.05413554649324154
META,2023-05-24,0.31503998613021356,0.3161548694114531,0.3105036062729345,0.315055854195257,0.3054276507568241,0.05403063093483729
META,2023-05-25,0.32187925381045135,0.323018360202762,0.3222696868304006,0.32353179506048935,0.32140749019990444,0.07451605494577672
META,2023-05-26,0.3402549662316472,0.3414590957135331,0.3353236045070488,0.3306419596125687,0.3204825457958136,0.08930914868077501
META,2023-05-30,0.341198213354422,0.34240574673991336,0.34769457013672334,0.3478750323867723,0.34472784842683024,0.08088636895627974
META,2023-05-31,0.34552202428334966,0.34674476457382436,0.3405724920414932,0.3421708537009124,0.3343960494706223,0.08819166573726762
META,2023-06-01,0.36102818413629867,0.3623059427089544,0.3581338098614518,0.3571142192196638,0.3460070115242091,0.08879030157051537
META,2023-06-02,0.36102818413629867,0.3623059427089544,0.3607680194439765,0.36761871977809235,0.35931045187476907,0.06149197858840964
META,2023-06-05,0.35863073915618615,0.3598998312243042,0.36119729848370385,0.3644854393914235,0.3546660310188793,0.06733727398521748
META,2023-06-06,0.3580999433250057,0.3593672798330649,0.3631485560192548,0.36474655630615427,0.3543512099964623,0.06150123584356296
META,2023-06-07,0.34332085214905383,0.3445358319270699,0.3586216242453396,0.35090785018582515,0.3573621890042602,0.09123289446596879
META,2023-06-08,0.3452469760844956,0.34646861789852984,0.3457433126011724,0.3430345009611371,0.33561617611911976,0.06802715990497647
META,2023-06-09,0.34597404476149274,0.3471984083165652,0.34632872559043026,0.34869853138898077,0.3392766161220374,0.05061646706995972
META,2023-06-12,0.35796247972892203,0.3592292064954176,0.3537434804064622,0.3559893937496579,0.34850636132751045,0.04397196197824897
META,2023-06-13,0.3584930335467291,0.35976175788665693,0.36148997520450565,0.3635414343201162,0.3636793292642626,0.04715249035592382
META,2023-06-14,0.3624827450136964,0.36376546335612464,0.3600655357663979,0.36199489890331504,0.3577951429818649,0.06042607178075646
META,2023-06-15,0.37914857244857136,0.3804902735037807,0.3776268535863565,0.36822131141863657,0.35860195443076803,0.09039489246375673
META,2023-06-16,0.3775173418086013,0.37885331597806454,0.38515873863836336,0.38571547046004573,0.38310310169274553,0.1660143240594739
META,2023-06-20,0.38406180694838243,0.3854209482291793,0.3792073674263404,0.3778621647168404,0.3712559938436334,0.06715521463386893
META,2023-06-21,0.37877520631677897,0.38011559759843877,0.37764638521696137,0.3821603575364808,0.38070218600919636,0.06651425991992033
META,2023-06-22,0.38514269917727106,0.38650573278210737,0.38010498876700494,0.3810155498800425,0.3719447323947739,0.053320026396401835
META,2023-06-23,0.3927093683028944,0.39409898389700143,0.3887100416445032,0.3833454360410361,0.37672692498386173,0.2011226846392602
META,2023-06-26,0.37254517705237056,0.3738634755635171,0.38894418302114464,0.380633926896213,0.39087657445419577,0.0827210687633321
META,2023-06-27,0.3894075193464357,0.3907855247379692,0.38808562494168986,0.38675987682391855,0.377710905836834,0.0909891200802648
META,2023-06-28,0.3859486642139922,0.3873143706597408,0.38847584072020747,0.39360892446126705,0.3832408734259436,0.049612716118335926
META,2023-06-29,0.37855896736765793,0.379898616612293,0.3826611313747643,0.38684023463500117,0.38261111126625935,0.043765657434832225
META,2023-06-30,0.38926999524700867,0.39064751158922234,0.387500211952432,0.3943320221709101,0.38312280052818093,0.06271746284203904
META,2023-07-03,0.3873831379813988,0.3887540891586609,0.38818316399940567,0.3951956694311347,0.386940651042307,0.013937899687501514
META,2023-07-05,0.40379352030066407,0.40522255477927255,0.40519813209131617,0.39822848723018767,0.3888101786284992,0.1251845389732646
META,2023-07-06,0.39911624883990515,0.40052854281046896,0.40519813209131617,0.40817066699618887,0.4050262239245299,0.18573139589268814
META,2023-07-07,0.39624675677500176,0.3976490456237282,0.4014517509697447,0.40284811129415854,0.3977250427541301,0.08868670847713303
META,2023-07-10,0.40326308748954376,0.40469006357693366,0.40521766372192103,0.39961436831987385,0.40435706409397465,0.139259093379696
META,2023-07-11,0.4114976530223712,0.41295387923181387,0.4092177178507388,0.4093556842056937,0.40110993929065153,0.09750270113480723
META,2023-07-12,0.43321442056651427,0.4347474374425158,0.4273059133157948,0.4258255416597633,0.4165584506937998,0.13757868115853225
META,2023-07-13,0.4412131440669763,0.44277459034080097,0.44055490910787476,0.4462923267607264,0.4399181465341715,0.10938328606990286
META,2023-07-14,0.4322906555202971,0.4338204681865849,0.43790122744239957,0.44040732767616797,0.4363168030375604,0.07752554451395222
META,2023-07-17,0.43572990756949614,0.43727194049436396,0.43171571485373517,0.43508477197413764,0.4279529657872968,0.08752778829627271
META,2023-07-18,0.43854028786794974,0.44009227199195594,0.43657438660966186,0.44092956150562956,0.43452595067825994,0.06728878360108106
META,2023-07-19,0.44632307493600754,0.44790250409299576,0.4453159822584314,0.44675424626058813,0.4387570563345553,0.07183718163307679
META,2023-07-20,0.4198108729015493,0.42129654234629216,0.4391890645615817,0.43008358622138754,0.43968200073864616,0.08097629657776909
META,2023-07-21,0.40357734185488636,0.4050056339820272,0.41952035525654163,0.4079497596345246,0.42210811711834495,0.16165724263398001
META,2023-07-24,0.3983692745629469,0.3997790706219843,0.4040273656604547,0.4021250135845156,0.40480971690701495,0.08573188079652949
META,2023-07-25,0.40399027717322755,0.4054197938060686,0.4055493441562783,0.40927532639461106,0.40364862670739876,0.06223564475239267
META,2023-07-26,0.4120479309301093,0.4135061123935025,0.4123202101865463,0.4093556842056937,0.415456396943065,0.1842167326209361
META,2023-07-27,0.43787208894402896,0.4394217074519697,0.45833089622152423,0.4453884699474352,0.46254970615253177,0.2590343095917066
META,2023-07-28,0.4649345688862253,0.4665799023603619,0.45998947703627335,0.4542460337964971,0.4463337209139262,0.14878965797087138
META,2023-07-31,0.45141310020507763,0.4530106758858407,0.4589357812937327,0.4609544705882137,0.4597355353268133,0.08962830357272741
META,2023-08-01,0.45949065956192037,0.46111667624372393,0.4559698912768507,0.45506953279870566,0.44763258284674046,0.0764843237200412
META,2023-08-02,0.44298195930971673,0.44454962120416447,0.44475016044743276,0.447015363175319,0.4485378284153959,0.06609503850797732
META,2023-08-03,0.44078084767876424,0.4423406885574099,0.439989087296876,0.4455692290510833,0.43265636303464283,0.04281568672743245
META,2023-08-04,0.43594626752530385,0.4374889214805097,0.44478916416098824,0.44611156765707827,0.442555208013246,0.053539114768363635
META,2023-08-07,0.4474039066615527,0.44898722845702327,0.4421744862090684,0.4466337401914894,0.43915067269871433,0.047472086069550196
META,2023-08-08,0.4396999554498757,0.44125596419338237,0.4437745316796573,0.44593074725837967,0.4414531542625111,0.042830233842673385
META,2023-08-09,0.42509759453983953,0.42660195316593313,0.43546215552296086,0.43134896124197497,0.4384618740901487,0.06386756658942001
META,2023-08-10,0.4261392806022394,0.4276472538001617,0.43294501662875695,0.4333976257117045,0.4287401384581895,0.039195218319138136
META,2023-08-11,0.41808144533532765,0.4195609954016282,0.41807644373548336,0.4263477141941745,0.4181721937064562,0.037817209766316015
META,2023-08-14,0.427023657971938,0.4285347993262936,0.4209837984082049,0.4221097744090835,0.41504314180089574,0.04485096039613998
META,2023-08-15,0.41869071400282876,0.4201723942524656,0.4229741192049655,0.4256849308141313,0.42519783141045964,0.027137423071107617
META,2023-08-16,0.40363645362133616,0.405064799671176,0.41097383772320384,0.41413596259677954,0.41350813407255615,0.05766035659828493
META,2023-08-17,0.38555545298558214,0.38691989260614873,0.4011590147012887,0.3953965333113162,0.39943715982911376,0.0814753067127002
META,2023-08-18,0.38193941016712396,0.38329092323092334,0.38094401521585486,0.374166502242694,0.3718463583324467,0.13171927946815745
META,2023-08-21,0.39500867686009855,0.3964065059627037,0.3903295591980426,0.38917012079599467,0.3805447754979878,0.06486250110756445
META,2023-08-22,0.39048847207866755,0.3918703092908971,0.395012565373834,0.39901183797438,0.3984531789761415,0.033117609900149475
META,2023-08-23,0.4035381356883978,0.40496615006332776,0.40379322428381326,0.4008596998589785,0.39048295809003686,0.056511134494251894
META,2023-08-24,0.38881791426552215,0.3901938678464815,0.4078128100432359,0.39879093061271575,0.4101625751494806,0.05683690171131381
META,2023-08-25,0.38636117600892994,0.38772853048378214,0.38621243438090413,0.37748054173301093,0.3858188984561367,0.08037898320954326
META,2023-08-28,0.3957162029571947,0.3971165544213893,0.3921832776758777,0.3971037230552322,0.3894989772370647,0.03866799559707311
META,2023-08-29,0.41090804794145774,0.4123621621514258,0.4072079249710274,0.401884001446318,0.3906403686012454,0.06778514880596836
META,2023-08-30,0.4052282360814441,0.4066623334670932,0.4055298720733277,0.41242871155781313,0.40754521250584164,0.05399845095263767
META,2023-08-31,0.4067808728784068,0.40822044353321124,0.41101290098441357,0.416907724776152,0.4048490545204608,0.051851208578742425
META,2023-09-01,0.407743904594456,0.4091868365189412,0.41226167484238596,0.41451758558060914,0.41187469222446416,0.032509716811748426
META,2023-09-05,0.4151530835173479,0.4166222723368383,0.41157878234306655,0.41660645960340503,0.4072499702040099,0.04182736453439753
META,2023-09-06,0.4132270805885929,0.41468948636537833,0.41530563183403313,0.416907724776152,0.41647971540948303,0.04386440148980092
META,2023-09-07,0.4122444457892993,0.4137033514202985,0.42262284759234914,0.409998424104254,0.4091785942965085,0.12466965925807066
META,2023-09-08,0.4107115330822677,0.4121649833135302,0.41911060784741916,0.4191572531260629,0.41157950998005755,0.05325346232363275
META,2023-09-11,0.4297161172542089,0.43123679944558807,0.4265058905805005,0.428195576078773,0.4158893509206698,0.061811133480362046
META,2023-09-12,0.418120772508503,0.41960041913142726,0.42576440318936637,0.4260866585744941,0.425571688881758,0.03532259991333446
META,2023-09-13,0.4248028827543978,0.4263061247201893,0.42287652059959546,0.42827593388985563,0.4177588785068619,0.03413458550199229
META,2023-09-14,0.43789175253061663,0.4394414494113195,0.43397918074069275,0.435727511872698,0.4263785603880862,0.0611666521930217
META,2023-09-15,0.41546751939272064,0.41693784274193185,0.43228159621238804,0.4231140325149402,0.43596252428684734,0.09990606090127754
META,2023-09-18,0.41986992416465574,0.4213557080354409,0.415891044823291,0.4212059175957924,0.4095525118252319,0.03864551369170077
META,2023-09-19,0.4248224253342987,0.42632586667953903,0.42090579098109393,0.4252430547957523,0.41799508435981225,0.04609628162509791
META,2023-09-20,0.41420977589122976,0.41567562131045804,0.42459363675850503,0.4244798088280932,0.42305270030044617,0.06132711128234583
META,2023-09-21,0.4064664370030341,0.4079048731281177,0.4093738518002693,0.4121073416085329,0.4046523063958064,0.06987949257898753
META,2023-09-22,0.41305022931599056,0.4145119291090315,0.4193642808546655,0.4221499226670996,0.4117369204912661,0.08773277037466756
META,2023-09-25,0.4164894813651896,0.4179634014168106,0.41072022426361177,0.412971050163808,0.40453423349804374,0.05959688621202376
META,2023-09-26,0.4128143872836251,0.41427526635243644,0.40945185922738025,0.4176107177092617,0.40850949452337837,0.06149330105343155
META,2023-09-27,0.4104166397867959,0.41186909467888594,0.4114031167629312,0.3990921957854626,0.4140001244990422,0.13648852915881085
META,2023-09-28,0.422640977289934,0.42413661580323386,0.42121793978484634,0.418996598798948,0.4110284831046902,0.07361545626586131
META,2023-09-29,0.41527106503687405,0.4167406037151358,0.42962791454691285,0.4243391979824611,0.4276380847074547,0.08775084406330022
META,2023-10-02,0.42826185889352786,0.4297773389873181,0.42287652059959546,0.4288985690118827,0.4185067135643087,0.04760036517667471
META,2023-10-03,0.4167056598109673,0.41818038240295635,0.422076497864301,0.4249016413649893,0.4214980537940962,0.05243485647507527
META,2023-10-04,0.42582484472686666,0.42733168339506805,0.42233017087154734,0.42261190346201183,0.4106152279625209,0.05031097764990031
META,2023-10-05,0.4242721474265606,0.4257736335178504,0.4209837984082049,0.4246204196737252,0.4222261900161076,0.06022726120579715
META,2023-10-06,0.4451831919473559,0.44675855385091895,0.4406915114268004,0.42745243488764706,0.4159483873695511,0.07201439194601168
META,2023-10-09,0.4509414766436902,0.45253729018375016,0.4485355452825597,0.4493653541128457,0.4377140390327019,0.07509926202043561
META,2023-10-10,0.45778083507894307,0.4594008110695092,0.45698452375818166,0.4620993395397024,0.4507419359168656,0.059821705265747135
META,2023-10-11,0.4695333070073202,0.471195006680667,0.4651407659653477,0.47172014935642337,0.4583973357805532,0.07303886151631193
META,2023-10-12,0.4623403065302061,0.46397649166001537,0.46845792759484595,0.4711979155269618,0.46821744547483957,0.0664009687497107
META,2023-10-13,0.4437288125799883,0.4452990933926491,0.4577454832322664,0.4504700135112679,0.4594206542469713,0.06997382841721655
META,2023-10-16,0.4564247131411704,0.45803994003018716,0.45144295950293545,0.45679682731915494,0.4497973527347643,0.04879278780475654
META,2023-10-17,0.4620259311581766,0.4636609212549217,0.4564771777436891,0.4603719837242026,0.4488920471086838,0.04813904926226288
META,2023-10-18,0.4482097506915873,0.4497958663346567,0.4594821310217807,0.45687718513023756,0.45520924742611135,0.05018093525607992
META,2023-10-19,0.4400340549118361,0.44159121636892523,0.4515795618218611,0.44922474326721373,0.45223760603175933,0.05837228360174229
META,2023-10-20,0.4318582986287417,0.4333865664031938,0.4387207222606445,0.4386197801211693,0.44094152505801465,0.07425552933646198
META,2023-10-23,0.4423923542288033,0.4439579643126768,0.44274030802006714,0.44020652509103697,0.43181015391486877,0.05435022664846366
META,2023-10-24,0.43952304367393,0.44107840693703565,0.44467209347266756,0.44697521491730285,0.44613691273184675,0.061970710926338254
META,2023-10-25,0.4139346671890324,0.4153994746351635,0.43009619730019566,0.4232947916185884,0.4327941347678409,0.16189175976453068
META,2023-10-26,0.3919624545292796,0.3933495117085167,0.39911021810802183,0.3842492315592768,0.40327470917867536,0.26985604086593246
META,2023-10-27,0.4084317066016212,0.4098771430182772,0.4075201333224341,0.41150481126303906,0.40225139071225724,0.10636498006824802
META,2023-10-30,0.42008598160374666,0.4215726890215867,0.42720831471042475,0.423716562860434,0.4113236653490968,0.10124615879013846
META,2023-10-31,0.4173541951483004,0.4188312049835928,0.41604711922516713,0.41931790745317776,0.419628466150479,0.061568240738006014
META,2023-11-01,0.438147318652913,0.4396978541272643,0.4337255077334464,0.4293404450302617,0.4167552588758793,0.06597822076437596
META,2023-11-02,0.43622137622750135,0.4377650079669038,0.4455891868962827,0.44235559085333187,0.44716023119826476,0.07125573784511377
META,2023-11-03,0.44355196130738594,0.4451215963252028,0.4392085366445323,0.4477585043664448,0.43781241309502905,0.04979874286475017
META,2023-11-06,0.445910260624353,0.44748828408005387,0.4446330302114577,0.45464776155685993,0.4445625673900613,0.03270984985172963
META,2023-11-07,0.4518455175999764,0.4534445776692318,0.44984291403234666,0.4559934330934796,0.4466879396072142,0.037858206181994994
META,2023-11-08,0.4537322538588995,0.4553379399108927,0.4504868028181106,0.45551140881708463,0.44881337188179216,0.035892582337774315
META,2023-11-09,0.45524556348268685,0.45685656605831143,0.4560478987039617,0.4633847580417727,0.451332360463104,0.04688402995647767
META,2023-11-10,0.471400440182999,0.4730686269629783,0.46564811197984024,0.4647103860969095,0.452355678929522,0.060078263479996175
META,2023-11-13,0.47222594779962124,0.47389700679996144,0.47195063570917106,0.4772435689386352,0.46467513842710984,0.05043617100530705
META,2023-11-14,0.4862188585321263,0.48793955878767276,0.48320942979979886,0.4925684961461656,0.48108793184779486,0.05162859363338888
META,2023-11-15,0.4791438395745381,0.48083937514531855,0.48379478324140246,0.48592031238899847,0.48775929080108527,0.039954754063383974
META,2023-11-16,0.4820524167992434,0.48375835625075875,0.4763409651641608,0.4786093452517881,0.47091354340279534,0.059357079221385486
META,2023-11-17,0.4837229746123888,0.48543479769517445,0.4781361482978356,0.4845746408523788,0.4726650581486499,0.03979253168736398
META,2023-11-20,0.49341198001592723,0.4951580738083245,0.49056564927167046,0.49429585196166537,0.4817767304563604,0.050663634989074224
META,2023-11-21,0.4875357138000669,0.48926100609719586,0.48672166954472884,0.49773039752108106,0.48854646347197794,0.02891966509895785
META,2023-11-22,0.4963992720903265,0.49815590237336277,0.49261450541259144,0.5031132062576608,0.490278279382397,0.02307789627554176
META,2023-11-24,0.4899923310499724,0.49172634345989513,0.4905461176410656,0.4994777968180636,0.49208883057713293,0.0
META,2023-11-27,0.4830547756884679,0.4847642331551883,0.48672166954472884,0.4943159567381986,0.4843153578156826,0.045038750429250096
META,2023-11-28,0.49148585608048545,0.493225227647964,0.4857070370633979,0.4927091069917977,0.47884442667545424,0.03160559155844127
META,2023-11-29,0.4781415411886568,0.47983355842978953,0.48672166954472884,0.48744680432431675,0.49122292262192335,0.046537544120739294
META,2023-11-30,0.46821663324940965,0.469873559371144,0.4742336332267336,0.4706154286629508,0.47587284533852725,0.07793242291902414
META,2023-12-01,0.4636373772048723,0.46527819701018863,0.4612772546078012,0.4673214939491671,0.4632582035965328,0.04323975717778911
META,2023-12-04,0.4542038774202869,0.45581126542408285,0.4495697093944955,0.45306101658699227,0.4471405924202544,0.059817737870681426
META,2023-12-05,0.4508039525442632,0.4523992770350033,0.45156003019125623,0.45653577169947457,0.4504664525078944,0.05062660596846097
META,2023-12-06,0.44915305831770547,0.45074257754993735,0.45228198595178537,0.4598498111897915,0.45627190350597524,0.025685797298732948
META,2023-12-07,0.46711607743393346,0.46876909304776676,0.46396999953448625,0.46131598879550995,0.4480851756023556,0.046011203042022206
META,2023-12-08,0.4792224939208888,0.48091828279381715,0.4735897444409697,0.471820550648989,0.45855474629176174,0.03799838747431662
META,2023-12-11,0.4645414786645018,0.46618542430676985,0.4671896221062687,0.46579500201384894,0.47097257985167673,0.08964108740127247
META,2023-12-12,0.48211134705566305,0.4838175219399075,0.4761263554181242,0.4749538310356577,0.46152638768611376,0.0573861655170772
META,2023-12-13,0.48313336953147523,0.48484308061478626,0.4837362478972421,0.4911826763515298,0.47988744397730776,0.04798696578474412
META,2023-12-14,0.48004788053082426,0.4817466626308003,0.4765751660884565,0.48314861150467636,0.4797300334660992,0.06233130305564359
META,2023-12-15,0.4834871325800234,0.4851981349385794,0.4843021292558951,0.4883305563610747,0.4760695934631817,0.11597753749078132
META,2023-12-18,0.5025507075117276,0.5043291167597859,0.5016683094127677,0.49997992587099194,0.4868737440678653,0.059627302907527505
META,2023-12-19,0.5138315558787173,0.5156499266688532,0.5134539216008387,0.5162489194448802,0.5028141858400746,0.05405311284020964
META,2023-12-20,0.5117089170840855,0.5135199016705971,0.5161076032663139,0.521611684699977,0.5088558426911058,0.04806014218262272
META,2023-12-21,0.5211622619652887,0.5230065150271521,0.5189369505119245,0.5244637433953817,0.5173771505100031,0.043297945638752805
META,2023-12-22,0.5197865369442717,0.5216259622173809,0.5204784606383529,0.5285008805953416,0.5224938028995184,0.027795129008666996
META,2023-12-26,0.5226164598226263,0.524465975485422,0.5200491815986256,0.5329798938136806,0.5213327126999022,0.019533249195169824
META,2023-12-27,0.528512510631761,0.5303827851559004,0.523990700383283,0.5367157045458432,0.5234581449744802,0.034121360851773266
META,2023-12-28,0.5294755423478101,0.5313492383305309,0.5296493353268499,0.5417369950751266,0.5306018555762463,0.027909742643898523
META,2023-12-29,0.5209066353396489,0.5227501103112073,0.5259419579188339,0.5297060025813798,0.5292045595236797,0.04196446007500139
META,2024-01-02,0.5058327718749119,0.5076228339594684,0.5125953635213839,0.5059854310246491,0.5141103268712444,0.05984021977605376
META,2024-01-03,0.5022559352229425,0.5040332883140421,0.5024293284345066,0.5123523930905522,0.5016334568624481,0.044009872642210165
META,2024-01-04,0.5074638815081953,0.5092597914851846,0.5028195442130242,0.5127942691089312,0.5006888136229217,0.02923705670421439
META,2024-01-05,0.5169564930592304,0.5187858887604391,0.5132587839377527,0.5185386573478575,0.5055890190523472,0.037263537743812955
META,2024-01-08,0.5301436202650442,0.532019802870517,0.5239516966697275,0.5301679220812415,0.5207620470465244,0.0371290871332529
META,2024-01-09,0.5277264511950008,0.5295938892376166,0.5271907913244606,0.5368161058384087,0.5241075459121748,0.03524986433712983
META,2024-01-10,0.553354033846387,0.5553123054581883,0.5511912351926757,0.5442877885977844,0.5315267999803371,0.07339548625055158
META,2024-01-11,0.5517818544695234,0.553734513621621,0.550879026841269,0.5520205882718908,0.5550636051673528,0.05174320726862042
META,2024-01-12,0.5612546209239409,0.5632408087486251,0.5592304067115208,0.5652969123047423,0.5511867182043454,0.06102074021893848
META,2024-01-16,0.5474385009606948,0.5493757538283601,0.5564010594659102,0.5606572447592885,0.5580548853397153,0.04337420778834916
META,2024-01-17,0.5492269192866795,0.5511705266510734,0.5426057139457823,0.543343783526477,0.5435903547895391,0.031991751344836714
META,2024-01-18,0.5644778155340489,0.566475360259159,0.5588206593023983,0.5681289275186642,0.5538040808479844,0.0479913740014838
META,2024-01-19,0.578863937494964,0.5809123903004625,0.5734745629019811,0.5822286892586738,0.5685834924780027,0.07142765829796106
META,2024-01-22,0.5755816916217497,0.57761867310078,0.5851626360323362,0.5886358608776434,0.5861967737691748,0.053837551041639564
META,2024-01-23,0.5823030685374765,0.5843638626082415,0.5813186563053947,0.5904836614671914,0.579643427656222,0.04425232456289224
META,2024-01-24,0.5931123538464221,0.5952113470041185,0.5964799059194701,0.6019924814265271,0.5902310712433907,0.045100465463605535
META,2024-01-25,0.5979863216764012,0.6001025378108178,0.595192068800288,0.5976741838303534,0.5905656511586683,0.042422914615927496
META,2024-01-26,0.5998730579353243,0.6019959602413791,0.5977287393250967,0.6095846702550015,0.5987917166757337,0.03392651767187968
META,2024-01-29,0.613394526616472,0.6155651265269999,0.6097094296285993,0.6126175493491048,0.6000511809376771,0.05851863639749948
META,2024-01-30,0.6115077298542055,0.6136717642853391,0.6164022286841021,0.6256126516906921,0.6169756636202838,0.0579557071198431
META,2024-01-31,0.5920118585342893,0.5941068806807412,0.6000897442697701,0.6005664520788246,0.5882631095374463,0.06485941535584668
META,2024-02-01,0.6011308619401586,0.603258181672853,0.6049678881086475,0.6125170867614889,0.5979848451694055,0.10694157481779737
META,2024-02-02,0.758768874339381,0.7614539327096519,0.771722340423489,0.7329477629482576,0.727201217988604,0.3493075352734483
META,2024-02-05,0.7281491608284596,0.7307259943040836,0.7442876642374548,0.7454206314603834,0.7474318619234153,0.15589614417689995
META,2024-02-06,0.7189317789863086,0.7214760437041237,0.7349606555994275,0.7329276581717243,0.7358602374832743,0.07135889011682214
META,2024-02-07,0.7481559828829386,0.750803687340571,0.7435461768463208,0.7393147250141607,0.7240524672476081,0.07757800229315434
META,2024-02-08,0.7489619479196599,0.7516123252182043,0.7417315216296955,0.7570901057468339,0.744361846466736,0.05883911375447379
META,2024-02-09,0.7452474056582333,0.7478847062351308,0.7475852942363483,0.7619908902070185,0.7534735187744465,0.0570670106251248
META,2024-02-12,0.7467999819518527,0.7494428163012488,0.7584342813701993,0.7602032813569695,0.7441060018357752,0.06133813182419502
META,2024-02-13,0.7295445494360642,0.7321262890732048,0.7364631620123004,0.7371254496987992,0.7218286609107029,0.06810298123289887
META,2024-02-14,0.755408155629846,0.7580813680503715,0.7485999267176793,0.759219128027646,0.7435943125738537,0.05021355605995351
META,2024-02-15,0.7765353180930756,0.7792832693695857,0.776912692613773,0.771531342212657,0.7580588431240298,0.08263114114184274
META,2024-02-16,0.7554867494728533,0.7581602756988699,0.7580635376746323,0.7654856888009836,0.7636281483265853,0.07871796714203406
META,2024-02-20,0.7524011394655156,0.7550637975259835,0.7526390441077068,0.7601631330989533,0.7471169808435731,0.05531430364943038
META,2024-02-21,0.7460661369004007,0.7477269511270341,0.738629029293888,0.7505825328352987,0.7407801417481352,0.03286017004255251
META,2024-02-22,0.7816761056672136,0.7834250481767007,0.7795859059098531,0.7792440371102302,0.7678199163694349,0.07122928854467572
META,2024-02-23,0.7775445743634417,0.7792832693695857,0.7881128918125861,0.7918776212445212,0.7831896924882664,0.056895971815625446
META,2024-02-26,0.7730391929011307,0.7747667544682284,0.7720736120361054,0.7883627178740229,0.7741764543003082,0.029243669029323894
META,2024-02-27,0.7834860026800864,0.7852395027698631,0.7742784830312484,0.7869969415608699,0.7673082871649384,0.023549134645012914
META,2024-02-28,0.7775247897701673,0.779263527410236,0.7816542341337248,0.7926810154701964,0.7771874333081061,0.03195075492915775
META,2024-02-29,0.7895457150329738,0.7913141277373386,0.7829225991699563,0.7923997937789324,0.7839572263811487,0.054064574203732785
META,2024-03-01,0.813489005612275,0.8153166185947951,0.8074108574220591,0.810958525255798,0.7911796122098066,0.0476356309105921
META,2024-03-04,0.8054029757873636,0.8072106182369119,0.8077425974040706,0.8201374590541401,0.8126107440151048,0.030225378897249317
META,2024-03-05,0.7897228083189496,0.791491624804785,0.7904934283878644,0.8030048182200272,0.7968670503675499,0.04345531897635917
META,2024-03-06,0.8012714444835918,0.8030688394297969,0.80491325015846,0.8158593097159826,0.8020427992633715,0.027729446579245847
META,2024-03-07,0.8329465178125095,0.8348223966991444,0.8378504273385305,0.8300996823016241,0.8131617708904723,0.05783095458611032
META,2024-03-08,0.8206699659240633,0.8225154518449975,0.8451091673003406,0.8260223968436481,0.8346322403092163,0.05787812250522484
META,2024-03-11,0.7766789530301806,0.7784154658028035,0.7938886569921281,0.7791235310411314,0.800822672614874,0.06595044899891601
META,2024-03-12,0.8084720683819677,0.8102873544504485,0.8036254130392779,0.7966578996356071,0.7934428162175827,0.04399708881366511
META,2024-03-13,0.8002485144576293,0.802043280754918,0.8010302667179631,0.809311527251381,0.7976345842604322,0.029196501110209386
META,2024-03-14,0.7928902793498354,0.7946669504372694,0.8017522224784922,0.8035470955309717,0.8072185481591932,0.03152977023051888
META,2024-03-15,0.7776823404762421,0.779421342707233,0.7831762126295484,0.789768642445192,0.7850789789673192,0.10441346251759429
META,2024-03-18,0.8030224112400449,0.804824188522711,0.794083794655214,0.8008355863861486,0.7907860559030727,0.027717985215722694
META,2024-03-19,0.8015664587857503,0.8033646678755406,0.7925422845287855,0.7897284941871758,0.7834258983412168,0.023961302910172445
META,2024-03-20,0.8198238871707032,0.8216673300486645,0.8151183485065471,0.8176268137894984,0.8057228780442995,0.0275231420358291
META,2024-03-21,0.8242310112034192,0.826085255531074,0.8284648833563428,0.8393991221690652,0.8356556188330595,0.01871288005991648
META,2024-03-22,0.8278115990626762,0.8296747409876,0.8185720529073167,0.8360448731256817,0.8204825908388823,0.011695439832029305
META,2024-03-25,0.8149055098867076,0.816736655323266,0.8132060946845516,0.8278099443986467,0.8181013739907687,0.012841576184344571
META,2024-03-26,0.8008779912418083,0.8026744215651052,0.818630588251477,0.8177071103055307,0.8168025120579544,0.025293906830575922
META,2024-03-27,0.7968840445408067,0.7986706559067371,0.798903403149931,0.8033663364273236,0.8053292616801406,0.019934837740154133
META,2024-03-28,0.780594003371458,0.7823402636237726,0.7852446004010744,0.7975014421192984,0.792616245875819,0.042959394593145836
META,2024-04-01,0.7919460036702236,0.7937202994108892,0.7941032667381646,0.7907327522930325,0.7815169730841538,0.016660855167598198
META,2024-04-02,0.8037896541370243,0.805593342481645,0.7942984044012505,0.7964971840134417,0.7773842414901856,0.024745524668160466
META,2024-04-03,0.8222241758079529,0.8240735017222152,0.8132450983981071,0.82481727485761,0.8046011254581292,0.02923397095249661
META,2024-04-04,0.8304479717456648,0.832317635606646,0.8576557389624961,0.8485779946723567,0.8390207564767203,0.09261134384046486
META,2024-04-05,0.8627527638721346,0.8647023336861808,0.8590216430564435,0.8562705847933968,0.8398866644319298,0.060814876497195705
META,2024-04-08,0.8468362703446084,0.8487466173085583,0.8605630936352178,0.865268820783141,0.864328835302451,0.03435367387395409
META,2024-04-09,0.8422130888728014,0.8441118312178038,0.849597035813046,0.8408652997747835,0.8504546091836631,0.02378805999230325
META,2024-04-10,0.8479776054135004,0.849890567550635,0.8431383781341848,0.8389772896321691,0.8249892399615739,0.026233297817800465
META,2024-04-11,0.8545289074310796,0.8564581396128494,0.8456749891113393,0.8620551212903392,0.8482505016821933,0.02160907845788235
META,2024-04-12,0.8323760317880935,0.8342504215781059,0.8385139073025536,0.8460673494077152,0.8416381791777843,0.028728348492455997
META,2024-04-15,0.8094164045649228,0.8112340656657293,0.8352748721954748,0.8218647535745894,0.8396111209655335,0.03546586695737386
META,2024-04-16,0.8084917924718987,0.8103070964097983,0.80842548990339,0.821523278848776,0.8029873824454729,0.01930975260646835
META,2024-04-17,0.7974939787450848,0.799282114946475,0.805283993854027,0.8014984310612423,0.8128075521971843,0.029650547434395814
META,2024-04-18,0.8125052212494579,0.8143304836497154,0.8229429102793558,0.825399761721621,0.8063526402039838,0.041178034208643535
META,2024-04-19,0.7717210065596364,0.7734453673476058,0.8045815101764485,0.7785812537301869,0.8122171276509459,0.08705302335340982
META,2024-04-22,0.773019529314543,0.7747470726977792,0.7835274842421648,0.7739013766316666,0.7864762149624606,0.052032827108417
META,2024-04-23,0.8012911080701794,0.8030885813891466,0.7966984726071338,0.8051739887588555,0.7894871939702585,0.04237045683672537
META,2024-04-24,0.7961758529069338,0.797960667636952,0.818630588251477,0.7963565731678097,0.8225686254425894,0.14240832341851917
META,2024-04-25,0.6936349681129986,0.6951659705920643,0.6933012953058837,0.6555997840207604,0.652025056798559,0.34129824627913447
META,2024-04-26,0.6973927097615746,0.698933013304937,0.6946086640556708,0.6906684599146613,0.6915023638152091,0.12000885169921327
META,2024-04-29,0.6764005302573515,0.6778888670938192,0.6815742780096274,0.683839517053846,0.6877632485853998,0.07068619624234788
META,2024-04-30,0.6715804104029509,0.6730568419762688,0.6813010733717763,0.6861694032148395,0.6710158752494372,0.05713930537965546
META,2024-05-01,0.6893262830199076,0.6908466947175032,0.7014770691436546,0.6809271440288415,0.6661944051043285,0.0655828037228272
META,2024-05-02,0.6942251177240022,0.695757627483552,0.6897695239303488,0.6913111998132218,0.6863463137548229,0.04299686443543306
META,2024-05-03,0.7144499938279026,0.7160325595468353,0.7096919062426352,0.7145497470935572,0.7002991550430775,0.04858560161799187
META,2024-05-06,0.7414427739185636,0.7430921048473793,0.7330874650386418,0.7336105463283008,0.7192899734939556,0.04243834337451635
META,2024-05-07,0.7464792537287719,0.7481411109510756,0.7435657084769257,0.7496184229874582,0.740366886605966,0.03499815516129444
META,2024-05-08,0.7550571757350918,0.756740238970399,0.7514682776768453,0.7530128202888579,0.7348762566303021,0.02740323854050997
META,2024-05-09,0.7606052718166396,0.7623020545059849,0.7524439064446208,0.7623122601562987,0.7476680077189405,0.01750150209985404
META,2024-05-10,0.762139878617285,0.7638404226127533,0.7552147183460711,0.766269039545176,0.7616208490071952,0.02328640492732834
META,2024-05-13,0.7460268097272253,0.7476875273972352,0.7471170114830654,0.7527115551161109,0.7530799024102875,0.04056132468676313
META,2024-05-14,0.7535816201975528,0.7552610365527794,0.7455364976430815,0.7471479259808327,0.7346204119993414,0.022090014904180794
META,2024-05-15,0.7726458001626905,0.7743723366035369,0.7649710060238258,0.7694826777429274,0.7574684786352166,0.03364791837393227
META,2024-05-16,0.7562967077302354,0.7579827786314237,0.7555854620416381,0.772595853353063,0.7575078162486624,0.04911062023168705
META,2024-05-17,0.7536997227237655,0.755379367931077,0.7460437841099199,0.7638990051261664,0.7493013895096073,0.02353899574651167
META,2024-05-20,0.7476597344608091,0.7493244849229512,0.7468243347622637,0.7611272429467939,0.7475696336566133,0.02767302140497802
META,2024-05-21,0.7393770687700211,0.7410212455382721,0.7419461909233863,0.7515465813880889,0.7420002683966327,0.027660237576432965
META,2024-05-22,0.7455743052223355,0.7472338836544943,0.7478389672435947,0.7583353759908881,0.743476239676091,0.02032672820831116
META,2024-05-23,0.7416395307911271,0.7432893438741754,0.7490877411015671,0.7500804037823704,0.7533357470412484,0.02768536441184911
META,2024-05-24,0.7661139197183254,0.7678243861228713,0.7598001854641466,0.7596408992694917,0.7429842492496049,0.028903795518695024
META,2024-05-28,0.7694585445385304,0.7711772690117025,0.7617709150826483,0.7767936448801378,0.7606171693187874,0.020755206875407484
META,2024-05-29,0.7585198425781661,0.7602113930486274,0.7598001854641466,0.7745039682722108,0.7568387164755324,0.01656916425941297
META,2024-05-30,0.7441380768579718,0.7457941049666736,0.7439559838030976,0.7564473658482735,0.7509545301931347,0.023152395138442246
META,2024-05-31,0.7437051754363263,0.7453602031832827,0.7388631706705294,0.7358600746782117,0.7394025445310042,0.050484220567769494
META,2024-06-03,0.7646777518573051,0.7663846074350507,0.759312371080259,0.7635374256238197,0.7493604259584886,0.0256201148693118
META,2024-06-04,0.7636940885011747,0.765398472489971,0.7579269949033609,0.7735599632009035,0.7614437396605511,0.007146600978359622
META,2024-06-05,0.7992449455015378,0.8010374038504886,0.792581288242341,0.79501090163119,0.7761050783928067,0.045065199729688143
META,2024-06-06,0.7966873481715867,0.7984734770688415,0.8046205734376582,0.8090303668551673,0.7928917893422153,0.022921845402957292
META,2024-06-07,0.7951134747011093,0.7968956250433736,0.7969911493279356,0.8075842327309317,0.7986579027268502,0.01725023374569262
META,2024-06-10,0.8140791552232786,0.8159083356751833,0.8043083650862516,0.8140918056424669,0.7946235451952092,0.025362234190040866
META,2024-06-11,0.8236604041723166,0.8255132804100356,0.8139475820756856,0.8238531650097695,0.8070217399771138,0.018541841250417124
META,2024-06-12,0.8263557071117249,0.8282152805293301,0.8264551500242858,0.8363059900404125,0.8342386239450574,0.028722617810694417
META,2024-06-13,0.8170302662983566,0.8188667405104224,0.8173817548458504,0.8300594727485576,0.8179439034221351,0.019780109332591573
META,2024-06-14,0.81813312124088,0.8189850718887199,0.813069492365626,0.8288343072810368,0.8119219454065393,0.02105276150533548
META,2024-06-17,0.8229974085359236,0.8238565809249698,0.8200940314031403,0.8193139600519316,0.8099933813714658,0.02556368969504397
META,2024-06-18,0.8089361895287801,0.8097745450185589,0.8108255581092733,0.8173254873217011,0.8156807594717841,0.033471148882671345
META,2024-06-20,0.8132885580357674,0.8141333048118198,0.8062791542524075,0.8208403906921995,0.8106427823091604,0.027920322364073737
META,2024-06-21,0.7996606034703296,0.8004851706888001,0.80584987521268,0.8120431411727373,0.8134963508057499,0.0744622747015527
META,2024-06-24,0.807794128419768,0.8086306549653828,0.8143377978542032,0.8158593097159826,0.8051325135554863,0.03552052884494582
META,2024-06-25,0.8308157715698692,0.8316864947964588,0.8200159644283751,0.8182895971695416,0.8009013478417658,0.029075275149868348
META,2024-06-26,0.8357785583078812,0.8366565932516565,0.8260648746981138,0.836727761282258,0.8197937922303168,0.015053178522639054
META,2024-06-27,0.8484611481335271,0.8493580161593957,0.8437627948369981,0.8552463445011077,0.8347503132069791,0.020514518241421278
META,2024-06-28,0.8182513447737795,0.8191034032670175,0.8418115373014472,0.835040615019825,0.8404574502001578,0.0457907922050385
META,2024-07-01,0.819157200830366,0.8200106305635986,0.811957261278925,0.8136097813660718,0.8164482933646664,0.02142701910653381
META,2024-07-02,0.828649449361341,0.8295169858795033,0.8196062170192526,0.8262232607238295,0.8082025290121655,0.010015468432539514
META,2024-07-03,0.8295553659212711,0.8304242131760846,0.8211281955150761,0.839419165650548,0.8192427653549493,0.0023720614276186228
META,2024-07-05,0.8885373526995057,0.8894936602730206,0.8788658988463103,0.8506267204371366,0.8295352266977114,0.07003157605650628
META,2024-07-08,0.867682092261276,0.8686073895478001,0.8826513432290917,0.8808549262004529,0.8900499890980758,0.04165764818992007
META,2024-07-09,0.8690211522562248,0.8699485186277724,0.8722511072179187,0.883947997034055,0.8731255664728943,0.01448407774154713
META,2024-07-10,0.8782575926515301,0.8791984692277324,0.8749829154058133,0.8842894104648181,0.8673003565819528,0.024314841892694308
META,2024-07-11,0.8349514776043321,0.8358282736035738,0.8683096479809156,0.8441391910070845,0.8674972248214574,0.04844982854240991
META,2024-07-12,0.8077152925633874,0.8085517473168842,0.8149036792128562,0.8157388036468839,0.8022986438943324,0.06296255969276492
META,2024-07-15,0.8023782926467761,0.8032069127674442,0.8121523989420109,0.8140114478313841,0.8040107609693159,0.031173586317953212
META,2024-07-16,0.789833529437274,0.7906435631973525,0.8068255039804555,0.7987869219164192,0.8096588014561883,0.037947252160136405
META,2024-07-17,0.7350854456197539,0.7358144241375788,0.758473344631409,0.7452197675802019,0.7657142429877175,0.0996658130889653
META,2024-07-18,0.7623807424271482,0.7631501161134173,0.7586098874026803,0.7561059524175104,0.7575078162486624,0.06083206854248044
META,2024-07-19,0.7642319632235268,0.7650040546252792,0.7731857835751522,0.7785410441771203,0.7595938508523694,0.042679913651850504
META,2024-07-22,0.7851266718416184,0.7859298092691991,0.7836250232998806,0.7949907968546568,0.7802967863782312,0.028898505658607413
META,2024-07-23,0.7876671467254025,0.788474054280397,0.7897910042579401,0.8026633434942139,0.7867123607579859,0.017579968357820244
META,2024-07-24,0.7336676707751109,0.7343943874091081,0.7528731854843482,0.7481521840866894,0.7522139944550781,0.0537017779660576
META,2024-07-25,0.7181884954132944,0.7188923749631269,0.7279946519060736,0.7121395031214811,0.7344039650392515,0.056306152415857055
META,2024-07-26,0.7423917083556131,0.7431315887660788,0.7401314761591067,0.7458223592207462,0.7362538538474332,0.038593496734172617
META,2024-07-29,0.7424114929488874,0.7431512705365282,0.7483072499968775,0.7570700009703006,0.7474318619234153,0.025885489517040183
META,2024-07-30,0.7374485852041888,0.7381811720813305,0.7459072413386486,0.7403591926730839,0.7417641226011075,0.026109426927415625
META,2024-07-31,0.7603720314280382,0.7611383623045584,0.7532634608105201,0.7605447560827828,0.7496753070383307,0.08295514507220879
META,2024-08-01,0.8054897980850662,0.80632307271078,0.8521336467902005,0.8114606543087264,0.8480340547221035,0.1658177175928844
META,2024-08-02,0.7865841368794968,0.7873893299163695,0.8013619471523203,0.7794247962138783,0.7850592801318836,0.08189232401627336
META,2024-08-05,0.762144416368036,0.7629134533568223,0.7668832598458213,0.7285088979879348,0.710965533914563,0.07021716198124656
META,2024-08-06,0.7983017588821063,0.7991242996494778,0.8041132274231656,0.7844460867431616,0.7653796630724399,0.06827225675570235
META,2024-08-07,0.7881201352570392,0.7889276980231377,0.8189232649722789,0.8009359876787141,0.8128665886460656,0.06452659499200128
META,2024-08-08,0.8289054995103842,0.8297733905954481,0.8185525212767119,0.8167229569762072,0.8017869546324108,0.04712075119539817
META,2024-08-09,0.8449361023434623,0.8458276963920184,0.8349041284999079,0.8387764870470379,0.8218798268340238,0.03627565637245199
META,2024-08-12,0.8413517632769179,0.8422381507465921,0.8342797117970946,0.8456054299078534,0.8398866644319298,0.018954891158924587
META,2024-08-13,0.8661460333803903,0.8670689612521314,0.8605826252658226,0.8637825384008894,0.8460857918515947,0.03648372420256461
META,2024-08-14,0.8626405906735699,0.8635583834441041,0.8654607691047,0.8737849099063896,0.8619278595614768,0.02634658898801009
META,2024-08-15,0.8834565239386243,0.8844052906284257,0.8767195631953277,0.8809553274930183,0.8692683182878973,0.035330093881791896
META,2024-08-16,0.8639402024886569,0.8648600286053769,0.864797289140677,0.8768578759634585,0.8694848853628372,0.04103697127297397
META,2024-08-19,0.867603195901552,0.8685285420882021,0.8608947740695749,0.8730417687152637,0.8595859803268089,0.019449933898789986
META,2024-08-20,0.8625812973970901,0.8634991575660547,0.8597826620781825,0.8793083294886014,0.8624985252148547,0.010918712042498734
META,2024-08-21,0.879183051791361,0.8801253782947629,0.8759976074347986,0.8814172469928802,0.8601370672596016,0.03507089073749907
META,2024-08-22,0.8728220932919504,0.8737549850704442,0.8854220955828875,0.8847514525547807,0.8795214420172135,0.04514366598765435
META,2024-08-23,0.8650825056110423,0.8660039788474536,0.8769146413107594,0.8776613314841842,0.8793639714485799,0.0258162805142273
META,2024-08-26,0.8515333869019852,0.8524347523729323,0.8537532238913943,0.8573552620053865,0.8610225539353964,0.018146424208868358
META,2024-08-27,0.8475551710702538,0.848450728673914,0.8459677253797953,0.8580782984199792,0.8440587336393439,0.0035935782861823105
META,2024-08-28,0.842986321600772,0.8438751684612087,0.8402700867226729,0.852333971476103,0.8414807086091507,0.01603973742897812
META,2024-08-29,0.8458221133034312,0.8467151215403494,0.8521922416820151,0.858821439611105,0.844196505372542,0.012562976886397164
META,2024-08-30,0.8519076605839278,0.8528094884671746,0.845050572408526,0.8578573910583148,0.848722793273244,0.016266319769397363
META,2024-09-03,0.8331001963046101,0.8339743350917119,0.848855548421912,0.8446413200600128,0.8453576556295832,0.03082048815710532
META,2024-09-04,0.8350301319506828,0.8359071210631719,0.8314894278126936,0.8355025958147372,0.8186524008661361,0.012641443144363367
META,2024-09-05,0.8431437513001601,0.8440328633804048,0.8413237229175594,0.8497228636238455,0.8297713724932367,0.013989035001681732
META,2024-09-06,0.8104722484096658,0.8113129131253274,0.8470799564664964,0.8238130167517533,0.8497658706325226,0.04089502669395646
META,2024-09-09,0.8193738633028905,0.8202276115497444,0.821225734572792,0.8315056068727934,0.81882951021278,0.02459917187240328
META,2024-09-10,0.8193738633028905,0.8202276115497444,0.826786830458643,0.827388173156801,0.8227654336246688,0.019535012481865694
META,2024-09-11,0.8332380834240971,0.8341123482404587,0.8247185022347714,0.8184904610497231,0.8205022896743178,0.023429671971367746
META,2024-09-12,0.8603559844287991,0.8612704829599505,0.8512361445448446,0.8578974780212806,0.8402605819606532,0.028666633458100558
META,2024-09-13,0.8584262907960998,0.8593376969884905,0.8529337290731493,0.861693603083043,0.8467352528467142,0.02139704323270403
META,2024-09-16,0.876482545564425,0.87641762164884,0.8656558472201317,0.8622761512421043,0.8550005959198006,0.017897800784750745
META,2024-09-17,0.8824750387028544,0.8824132787789165,0.8812659075045393,0.888728275425141,0.8807021709948399,0.02743365523601372
META,2024-09-18,0.8856882502613102,0.8856280883301004,0.8853636197863815,0.8954166687353745,0.8796592137504116,0.021406300487857344
META,2024-09-19,0.9273797730879585,0.9273415242802927,0.9202325824190523,0.9207641335199891,0.9051049441944903,0.044873442301512315
META,2024-09-20,0.9318149101686442,0.9317791315331516,0.9249741239390041,0.940407358323693,0.924784561253934,0.073173312126872
META,2024-09-23,0.937846972493622,0.9378142725819274,0.9434720072655285,0.9526793629556375,0.9434801974604057,0.03245858149756821
META,2024-09-24,0.935718343867999,0.9356843077725718,0.9313157109295447,0.9361694185386021,0.9379305310358605,0.03317403507441731
META,2024-09-25,0.9455347693126257,0.9455061733046697,0.9491307017567496,0.955310514289378,0.9327547821400388,0.048824967786956164
META,2024-09-26,0.9446083421193012,0.9445792642376392,0.9501453937857349,0.9525588568865387,0.9557405604516871,0.039379922600530484
META,2024-09-27,0.943662069829359,0.9436324928334581,0.9373451491163329,0.956897320554296,0.9446609264380321,0.017328259181984853
META,2024-09-30,0.9536760991933557,0.9536516575812524,0.9448379113594758,0.9574797461232566,0.9399378904126758,0.03228930597476472
META,2024-10-01,0.9616200671680892,0.9615998426421386,0.9611503957738077,0.9681248575273173,0.9601684742900618,0.043164376671540675
META,2024-10-02,0.9544052854873701,0.9543813878103873,0.9474135855978401,0.9665984881820998,0.9540284433767034,0.004660366737183438
META,2024-10-03,0.9740389834234302,0.974025239252384,0.961774812476621,0.965373200124478,0.9447594206152095,0.026949633037997505
META,2024-10-04,1.0,1.0,0.9880972575759541,0.9908813805312576,0.9714842540992419,0.03836030206864387
META,2024-10-07,0.978001226372518,0.9779895209920528,1.0,0.9961235784222052,1.0,0.02885927252962432
META,2024-10-08,0.993987661764953,0.9939846009105737,0.9816776631583026,0.9999999999999999,0.9832133491080166,0.01053519718614709
META,2024-10-09,0.9892964745352242,0.9892905889417702,0.9832972402594962,0.9912428987385539,0.9916755604206073,0.01790705803990406
META,2024-10-10,0.9761285268892512,0.976115840520841,0.9751799422182315,0.9930707171416696,0.9790412799006025,0.010019435827605224
META,2024-10-11,0.9881924095258339,0.988186122618393,0.9770922555878812,0.9934523401254992,0.973649084044691,0.013751872941087265
