Symbol,Date,Adj Close,Close,High,Low,Open,Volume
MSFT,2018-01-02,0.0022503622894189945,0.0024571816056980778,0.0,0.00438745819948369,0.00018375516977894857,0.1319727851239427
MSFT,2018-01-03,0.0032078703198660796,0.003502800559208402,0.0005235173624837941,0.005622256385426377,0.0,0.16696054586226894
MSFT,2018-01-04,0.005027261242790487,0.00548947457652571,0.0035336772937928917,0.007198586392196865,0.0013912920037280618,0.1263807676848285
MSFT,2018-01-05,0.007612670558174939,0.008312639767946745,0.005496822470279855,0.009458000084746565,0.004200152499767268,0.14100235787933643
MSFT,2018-01-08,0.007828216081934097,0.008547893562137115,0.005941797250781977,0.009904623245242217,0.0056176809364555935,0.128346482104664
MSFT,2018-01-09,0.007684479172420072,0.008391057699343535,0.006334430280108466,0.010587706931021401,0.006798981337444415,0.10263865376923295
MSFT,2018-01-10,0.006726951195135694,0.0073454387458332104,0.0049209633566204,0.009405464436974403,0.004725161548332468,0.09450098725806308
MSFT,2018-01-11,0.007349372305942736,0.008025094057143328,0.004763898162802538,0.008958821232355196,0.005433925766676617,0.08625378840111136
MSFT,2018-01-12,0.010988134204954259,0.01199842214825525,0.009082821545102954,0.012137759091844058,0.00685147423117638,0.14945590785200225
MSFT,2018-01-16,0.007995789462010044,0.008730875383237219,0.011726529307746092,0.010981794443744919,0.010605347009070676,0.27002168153666056
MSFT,2018-01-17,0.012280888729739703,0.013410004743965753,0.010391584996094244,0.012925934117291066,0.00792776881688989,0.16265553348609185
MSFT,2018-01-18,0.012185163857583475,0.01330544085426244,0.011412418890255821,0.015316716995456447,0.009817833436222861,0.14836254032892954
MSFT,2018-01-19,0.011945801810099688,0.013044041101765547,0.011255373666583413,0.015316716995456447,0.010710352824345987,0.27271402571467407
MSFT,2018-01-22,0.01579992971133476,0.01725264293059056,0.013899081429226579,0.015526879630668594,0.010342842484788062,0.14290450441992353
MSFT,2018-01-23,0.016494239223736107,0.01801071617329747,0.015679000521380576,0.020255889695103613,0.015330508557403144,0.14105810201960042
MSFT,2018-01-24,0.016302749585749066,0.01780158839389087,0.01863679873136856,0.020360981034771464,0.017036818006957166,0.23753164946911043
MSFT,2018-01-25,0.01752359576210291,0.019134753058204584,0.018139462229545322,0.021280505201710626,0.016826806376406517,0.1701076448687519
MSFT,2018-01-26,0.021665137641854182,0.02365702661261679,0.02028583349036525,0.022988204394096823,0.018533115825960567,0.1973831549031861
MSFT,2018-01-29,0.021329970934864967,0.02329106297041658,0.023924194286509465,0.02598323742019784,0.023835779316590172,0.22083187860686593
MSFT,2018-01-30,0.01850513973148485,0.02020649802649868,0.019238838705688543,0.021727128362206305,0.019005631980793802,0.28992722944777116
MSFT,2018-01-31,0.0239393364018351,0.02614037412014411,0.023793329923497586,0.02543152292003434,0.020186912353971215,0.3889092632091608
MSFT,2018-02-01,0.02214390163049637,0.024179846061133325,0.025547068154991026,0.025615427753422154,0.022917003467695374,0.3739620098794264
MSFT,2018-02-02,0.016206984819918252,0.01769702450418756,0.020050265654856625,0.02015079835543579,0.019898151368916928,0.38022002309958935
MSFT,2018-02-05,0.007157862721118402,0.00781596627773673,0.018139462229545322,0.01095551659779706,0.011812883843019761,0.41115997688085126
MSFT,2018-02-06,0.015129676084705501,0.016520715646190176,0.013532629260560647,0.0037306523596523644,0.002178825604387258,0.577092679034042
MSFT,2018-02-07,0.011012090356539939,0.012024568106561745,0.014291694488407614,0.014108176611338064,0.011629128673240813,0.3141074727464942
MSFT,2018-02-08,0.0,0.0,0.00934457024127211,0.0024433185259375156,0.009581565344900539,0.4561190929548208
MSFT,2018-02-09,0.007588754300263845,0.008286493809640222,0.006857927672446806,0.0,0.0006300348916519483,0.5330890370835448
MSFT,2018-02-12,0.00986301290075664,0.010769821373644822,0.009082821545102954,0.010771611764409217,0.0070352294009553284,0.2614214364580369
MSFT,2018-02-13,0.011538786595190753,0.01259965952816855,0.00965868065876238,0.010430079943581416,0.007534002016560265,0.17034724687514974
MSFT,2018-02-14,0.014905992251331907,0.01516140502356994,0.01225002670008446,0.012032687796299762,0.00643147099788649,0.2539947522270762
MSFT,2018-02-15,0.0193556130330321,0.019997390190614805,0.01677835702737837,0.017838849015113956,0.013519193292573783,0.18419722081231926
MSFT,2018-02-16,0.017768203827794066,0.018272115925794363,0.018820024815701525,0.020938973380882797,0.016774293454863143,0.21131625606706506
MSFT,2018-02-20,0.019499848613478366,0.020154226053408386,0.017668306588382643,0.01886346452172097,0.01422797753872937,0.21439489735743433
MSFT,2018-02-21,0.016541573068626025,0.01693895126148065,0.018453572647035593,0.02012452050948796,0.01816560548640264,0.17538182291162402
MSFT,2018-02-22,0.017118814592970516,0.017566334599700473,0.0168045378880389,0.01978298868866013,0.015724275357732742,0.15064218227551493
MSFT,2018-02-23,0.02272285858284781,0.02365702661261679,0.02031201435102581,0.02241021204798546,0.01979314555364159,0.16957954248730356
MSFT,2018-02-26,0.025993900536412345,0.027212119088438208,0.023924194286509465,0.027375662593580513,0.021893221803525237,0.20743274762867359
MSFT,2018-02-27,0.023059561196308365,0.024022990254816995,0.024945028180671014,0.02724429340796483,0.025410826490097183,0.165079914603889
MSFT,2018-02-28,0.022025317682805412,0.02289895336990988,0.024604756872665667,0.02574677689491431,0.02304824571593095,0.21689458196295652
MSFT,2018-03-01,0.019812575128515975,0.02049404373730207,0.0216207778020171,0.02104404467642712,0.020816927217811726,0.2752626086888489
MSFT,2018-03-02,0.020293672897121112,0.021016863185818607,0.017903894394036696,0.01846937700899745,0.014490482063011983,0.23315915734419268
MSFT,2018-03-05,0.021712670955117003,0.022559135686016196,0.02083551174336415,0.022147493720877653,0.016485532469808856,0.14583840653908103
MSFT,2018-03-06,0.020943042185107397,0.021722644511912498,0.021411370857023604,0.023934006406983815,0.021735703066706552,0.128960645614941
MSFT,2018-03-07,0.022241840601591817,0.023134227107623,0.019971743043020407,0.022594116881373305,0.018638121641235877,0.17336329825364366
MSFT,2018-03-08,0.02361280667539259,0.024624227634730295,0.023008063864844636,0.026114586561689968,0.021551947896927576,0.1652627945026498
MSFT,2018-03-09,0.028687720912469655,0.030139848169562555,0.0267773089941461,0.02934608011307452,0.024229546116919798,0.2733232993880858
MSFT,2018-03-12,0.02924090655104203,0.030741065605953133,0.028531047225639594,0.0320783948120677,0.02740589692470552,0.1670808358491544
MSFT,2018-03-13,0.02356473479752294,0.024571955661640027,0.028609569837475757,0.026640043260029167,0.028718439573929944,0.2581696949426373
MSFT,2018-03-14,0.022217744822145113,0.02310808114931648,0.023819510784158116,0.02540524507408648,0.023783286422858235,0.226329033210794
MSFT,2018-03-15,0.023011469371601423,0.0239707182817267,0.021646958662677657,0.02364501023392815,0.01960939038386264,0.18211512827509047
MSFT,2018-03-16,0.02402165699933223,0.02506860920832729,0.0237409682021765,0.026508674074413485,0.022628242482641087,0.39208765717158145
MSFT,2018-03-19,0.01990877872476718,0.020598607627005383,0.01986703957052366,0.021753406208154136,0.020160655893199514,0.23818297573956337
MSFT,2018-03-20,0.020486060142786228,0.021225971021702483,0.01952674829237286,0.0240916333944238,0.01834936065618159,0.13775648416817518
MSFT,2018-03-21,0.01892270682332034,0.019526862658711286,0.020259672599850148,0.02201612453526197,0.01803434321035563,0.15127101529638767
MSFT,2018-03-22,0.012452770626670384,0.012495095638465237,0.014239352737231953,0.015316716995456447,0.013676692001581059,0.28962992736636317
MSFT,2018-03-23,0.006175241622522809,0.0056724563976258136,0.010862740637256951,0.008538475917807375,0.009030299835563638,0.34306802056469793
MSFT,2018-03-26,0.022049373568577557,0.022925099328216403,0.020128788266692843,0.017260856669002622,0.011944146119066773,0.4636308603472371
MSFT,2018-03-27,0.011683121909823485,0.011658604464361538,0.023112767337341383,0.01229540612340757,0.023310770268024972,0.4653149201636335
MSFT,2018-03-28,0.011490595036297346,0.01144947668495494,0.012878247535065002,0.013241208136294591,0.009870326329954826,0.42553218539523086
MSFT,2018-03-29,0.01601240342215121,0.016363859839873846,0.01565281966072002,0.012006409950351904,0.010815358639621325,0.3606577417364202
MSFT,2018-04-02,0.009398131910868496,0.009175256956834216,0.011962097143254719,0.00966818276408224,0.011576635779508848,0.3865533398074773
MSFT,2018-04-03,0.012260343487330683,0.012285967859058639,0.009789564991919686,0.010666520424741394,0.009240311466114287,0.276027379174576
MSFT,2018-04-04,0.018561928377250375,0.019134753058204584,0.01688306049987512,0.010246175110193573,0.004698905087560795,0.2598537547590337
MSFT,2018-04-05,0.018682187859273697,0.01926544296269167,0.0176944874490432,0.019888080028327954,0.01674805702190288,0.20324802523938196
MSFT,2018-04-06,0.013511070025945454,0.013645278481678874,0.01609779444122217,0.014843815989012937,0.014254213971689633,0.28397043017850837
MSFT,2018-04-09,0.014809848495592581,0.015056841133866655,0.017956236145212356,0.017838849015113956,0.01307293359851222,0.22047981035256703
MSFT,2018-04-10,0.019884782679506913,0.02057246166869886,0.018244165702042098,0.02051860802221145,0.016616794745855867,0.174301168964401
MSFT,2018-04-11,0.01743150121433351,0.017906152283594184,0.018270346562702627,0.020098262707663628,0.015619269542457431,0.15532957989455556
MSFT,2018-04-12,0.021568395480996122,0.022402299823222616,0.02054760215667986,0.022594116881373305,0.016721800561131206,0.17378186828931014
MSFT,2018-04-13,0.020365800660762906,0.021095281117215398,0.020599943907855522,0.022620394727321136,0.02097444595463044,0.1404057977817744
MSFT,2018-04-16,0.022987393538992013,0.023944572323420205,0.02185636560767118,0.025195062394750806,0.021026938848362375,0.11049955551382895
MSFT,2018-04-17,0.027557313696390112,0.0289112473949521,0.0267773089941461,0.029030806094070993,0.023468268977032247,0.17390020234144948
MSFT,2018-04-18,0.028447281735772184,0.02987844841706566,0.027248464635308833,0.030712227440509332,0.02667087624558967,0.11788516511512143
MSFT,2018-04-19,0.02765347739896673,0.029015811284655413,0.028164595056973663,0.03023932643406585,0.027248398215698244,0.14242432243975475
MSFT,2018-04-20,0.024983732855518803,0.026114228161837616,0.025651771627487774,0.02685022593936484,0.025857106211970182,0.21676842417183279
MSFT,2018-04-23,0.02582552928284476,0.027029137267338105,0.026122927268650453,0.028374000254239667,0.025410826490097183,0.13048627471690288
MSFT,2018-04-24,0.020462024203851403,0.02119984500691871,0.026594082909813133,0.022541581233601143,0.026723369139321607,0.24972983651319425
MSFT,2018-04-25,0.018513836552543433,0.019082461141591567,0.018296527423363185,0.016945582649999097,0.019005631980793802,0.2419501060605616
MSFT,2018-04-26,0.023203836670429218,0.024179846061133325,0.023138948198001913,0.024354351721531636,0.019661903305406014,0.32800830098706246
MSFT,2018-04-27,0.026955976392598918,0.028257738041948532,0.030337147178454094,0.026482416272589182,0.030293486747436926,0.38418079096045193
MSFT,2018-04-30,0.021424080113200683,0.022245444016906285,0.026410856825480167,0.024485720907147318,0.02695963723064393,0.3181758170183926
MSFT,2018-05-01,0.024983732855518803,0.026114228161837616,0.023505400366667845,0.023539918894260325,0.01876936388947148,0.2192573511362514
MSFT,2018-05-02,0.021399964386916687,0.022219318002122512,0.0231912899491776,0.02459081224681517,0.023442012516260574,0.180745973952817
MSFT,2018-05-03,0.022746914468619928,0.02368317257092331,0.022563089084342486,0.022646652529145467,0.018113092564859268,0.2166520460544395
MSFT,2018-05-04,0.025368567187360885,0.02653248372065084,0.023714807311661368,0.023881450715088126,0.019058124874525767,0.13243731962614264
MSFT,2018-05-07,0.02791805224878549,0.02930335699545883,0.027222283774648248,0.029608798440182355,0.02391452867109381,0.14916740747695176
MSFT,2018-05-08,0.026931920506826773,0.02823159208364201,0.025782655960645107,0.029503707100514504,0.025699587475151497,0.1417602825934521
MSFT,2018-05-09,0.029649856609168107,0.031185467123072852,0.02790284636080448,0.0294774492986902,0.026119610736252796,0.17934161280511357
MSFT,2018-05-10,0.03198287859231819,0.03372108660369044,0.030468011541466,0.03473189601734089,0.02992597640787903,0.13103687034793143
MSFT,2018-05-11,0.03147764515059173,0.03317212119686741,0.030258624566617875,0.03470561817139306,0.030818515823813564,0.0761748566544323
MSFT,2018-05-14,0.032271449487397186,0.03403475832927766,0.03240499582743783,0.03541495965899655,0.031133513241828115,0.1023433076225711
MSFT,2018-05-15,0.030563701012786687,0.03217879415997016,0.030206262845296816,0.03286654979339121,0.029348454437770455,0.15260985263009655
MSFT,2018-05-16,0.031167651352262904,0.03173441258637316,0.029028383727462803,0.033602189171066055,0.029663471883596415,0.08210525080462266
MSFT,2018-05-17,0.028824516322606658,0.029198793105755516,0.029394835896128735,0.0315266803119042,0.028088424710089432,0.0807556558298102
MSFT,2018-05-18,0.029259337428698268,0.029669320637659036,0.02779814288830773,0.03199958131834768,0.026119610736252796,0.08681025183637822
MSFT,2018-05-21,0.03225469414407334,0.032910721444370516,0.030625076735283807,0.03407509017750954,0.028718439573929944,0.1020342699326865
MSFT,2018-05-22,0.03201315789132486,0.03264932169187362,0.031043870655125427,0.03512596348594088,0.030503498377987603,0.06309845490934732
MSFT,2018-05-23,0.03481528959386862,0.035681614662701255,0.03250969929993458,0.03281401414561902,0.027957162434042393,0.11991835928369757
MSFT,2018-05-24,0.03396974316113208,0.03476668561367802,0.03305937755293348,0.03410134797933384,0.033259845952483436,0.1727100160484446
MSFT,2018-05-25,0.03409050131408767,0.03489739546168785,0.033164081025430225,0.03685994052427488,0.03213105847303799,0.09168150732155272
MSFT,2018-05-29,0.033245074562374854,0.033982486356187336,0.032902312359115615,0.03520479702378437,0.030923501611277493,0.19248158242944696
MSFT,2018-05-30,0.035515722785318116,0.03643966796188547,0.03387080450210156,0.03699130970989056,0.03215729490599828,0.12879145725940291
MSFT,2018-05-31,0.0352499910189365,0.03615212225108205,0.035807768817927965,0.03883035804376889,0.034729887310715135,0.2459754197680457
MSFT,2018-06-01,0.03996045659188219,0.04124950717062381,0.0380850244119052,0.04030159671087158,0.034703630849943434,0.1923309754539969
MSFT,2018-06-04,0.04208617109507398,0.04354985291352831,0.04070255131388778,0.04471533275630313,0.039901308553109194,0.17889370374825553
MSFT,2018-06-05,0.0433423231734317,0.04490916353614849,0.04193279215304291,0.04650184544240926,0.04184386606617413,0.14205171687062176
MSFT,2018-06-06,0.04406697182535163,0.04569336279363917,0.042639515629714186,0.04747392530124411,0.043103915821666616,0.11866362714407122
MSFT,2018-06-07,0.04017779733099747,0.04148476096481418,0.04287510343536827,0.04348053457036044,0.04355017551572815,0.1881902615964926
MSFT,2018-06-08,0.04198960845575156,0.043445289023824996,0.040938119149396435,0.04390089992903179,0.039455028831236194,0.12885600310602438
MSFT,2018-06-11,0.04058856255131696,0.0419291624819339,0.039995807867071076,0.04424243174985959,0.03924503722849698,0.1418218945379544
MSFT,2018-06-12,0.04121654882972803,0.04260879784972127,0.039629355698405144,0.04445261442919529,0.039481285292007895,0.09130303394818143
MSFT,2018-06-13,0.040105390311633626,0.04140634303341739,0.0410951843432143,0.04395343557680392,0.04110884538705828,0.20051949626856547
MSFT,2018-06-14,0.04148226064927235,0.042896343560524686,0.04114752609438993,0.04510942026902659,0.0409250902172793,0.16334597845146692
MSFT,2018-06-15,0.03836620562145357,0.03952423290580337,0.03983876264339864,0.0426661017430891,0.040557579877721406,0.5549906164030556
MSFT,2018-06-18,0.04012958582526677,0.041432488991723915,0.038739406137400845,0.04095840255070293,0.036619951930048134,0.14275194150972734
MSFT,2018-06-19,0.04012958582526677,0.041432488991723915,0.03845147658057113,0.04116858523003858,0.03567491962038166,0.1923065262696706
MSFT,2018-06-20,0.04256926354740817,0.04407267236204482,0.04243010868472069,0.04542469428803014,0.04019006953816345,0.16812823890569362
MSFT,2018-06-21,0.040805963130944145,0.04216441627612427,0.04227306346104831,0.04479414625002309,0.04205387769672475,0.13895938403702976
MSFT,2018-06-22,0.039042503139781776,0.040256180133726505,0.03784943660625112,0.041510117050866435,0.037669990054989944,0.29274377548216235
MSFT,2018-06-25,0.03416300806763797,0.03497581339308464,0.03612187923541821,0.035388701857172244,0.03659369546927643,0.2586146700973762
MSFT,2018-06-26,0.03582980568529143,0.036779505589301875,0.036043356623582046,0.039198167710544574,0.03349609401599435,0.17513439716624174
MSFT,2018-06-27,0.03210974047748458,0.032753885581576936,0.03588629142976418,0.03565142018428008,0.035491164450602686,0.21817669718902838
MSFT,2018-06-28,0.03474274294664373,0.03560317678778174,0.03350435233343563,0.035283610517504393,0.029715964777328407,0.17272370759166733
MSFT,2018-06-29,0.03469443170672659,0.035550904814691475,0.035598381843079896,0.03809473871021757,0.033784855001048664,0.18643969999872861
MSFT,2018-07-02,0.03807625839460152,0.03921056118021621,0.03599099490226093,0.03722775019105057,0.03160602939666135,0.10342298360242105
MSFT,2018-07-03,0.03575733882541571,0.036701087657905085,0.03748298443758519,0.03969734656293594,0.03785374522476892,0.055559304430485595
MSFT,2018-07-05,0.037472387842474475,0.038557051827212585,0.035624542733595,0.03993378704409589,0.03528115282005201,0.09768133715522981
MSFT,2018-07-06,0.04085425442402399,0.04221670819273732,0.039577013947229456,0.04161520839053423,0.03630493448422217,0.10019666923872086
MSFT,2018-07-09,0.042521012148002885,0.04402038044543177,0.04172338520804941,0.045766226108857944,0.0409250902172793,0.09019597488188599
MSFT,2018-07-10,0.0431731739932098,0.04472618171504844,0.04240394779420559,0.04736883396157632,0.04184386606617413,0.10076878015195656
MSFT,2018-07-11,0.042835035207464345,0.044360218072848234,0.04195895304355801,0.045372138596134426,0.03961254756805488,0.1042063354682361
MSFT,2018-07-12,0.048173507005658395,0.05013723836017736,0.04737725290200162,0.04965452550007382,0.0438651729337427,0.15008571884024804
MSFT,2018-07-13,0.051168863721033436,0.05337863916688884,0.05049209633566204,0.05322753082816267,0.04806532543351,0.1530127751877942
MSFT,2018-07-16,0.04991273158951301,0.05201934848779133,0.05106795544932147,0.05435723767443751,0.05076916008646243,0.1251573305011398
MSFT,2018-07-17,0.052424936012041984,0.054737929845986355,0.05284787454147549,0.05383180102022184,0.04869534029735051,0.1653987319675041
MSFT,2018-07-18,0.05042001955548034,0.05256829395109164,0.05166999542364148,0.05488269437277671,0.05218670855096219,0.20052927594229603
MSFT,2018-07-19,0.048680794971625724,0.050686183823477615,0.04973301113766965,0.052702094173947,0.0495353667917417,0.30495369813472284
MSFT,2018-07-20,0.05319797569122822,0.055574421020090026,0.05729766228678773,0.05845571974498903,0.057804389487417784,0.4597894045058869
MSFT,2018-07-23,0.05730453081837225,0.06001829658662816,0.05714061706311535,0.058587068886481186,0.05313174086062872,0.20261332441427088
MSFT,2018-07-24,0.05655566670598186,0.05920795137083101,0.05892053615526932,0.061555844110757874,0.05909067567587051,0.1694563185982989
MSFT,2018-07-25,0.06421319770122272,0.06749444518047121,0.06501937862972373,0.06244909043174923,0.057489372041591824,0.2123450777435163
MSFT,2018-07-26,0.06129022805837428,0.06433146230515652,0.06462674560039722,0.06744081882329211,0.0647871059668298,0.21889745914296804
MSFT,2018-07-27,0.05660399789273632,0.05926022334392128,0.062480374339577316,0.05861334673242902,0.0633170646085981,0.2739883172017615
MSFT,2018-07-30,0.051023910054444704,0.05322180330409526,0.05554392405529429,0.054987785712444504,0.05546806517402325,0.2511332196935246
MSFT,2018-07-31,0.052739018912015295,0.05507776747340276,0.05342373365513492,0.05661665136698718,0.05363049344842219,0.18254738985397967
MSFT,2018-08-01,0.05322215125802407,0.05560056697839655,0.05271699020831816,0.05672174270665503,0.052422956614473104,0.14316953357802076
MSFT,2018-08-02,0.05633824617951741,0.058972677633117865,0.05700973272995802,0.05519794834765668,0.05076916008646243,0.16738009386530844
MSFT,2018-08-03,0.057473580264407714,0.060201278407728265,0.0569050492276067,0.06039985941853521,0.057069368808301935,0.09457335684366897
MSFT,2018-08-06,0.057691000790872166,0.06043653220191869,0.057873521400447214,0.06234399909208138,0.05790939530269312,0.1102824467570113
MSFT,2018-08-07,0.059502652340927914,0.06239706026092945,0.059653440492601184,0.0639466069447997,0.05906441921509886,0.06934766642315279
MSFT,2018-08-08,0.06097624489258738,0.06399162467774011,0.06135483697291899,0.06549667914974594,0.061085746110478845,0.06355125380307061
MSFT,2018-08-09,0.061411046051841695,0.06446215220964358,0.06242803258840163,0.0677035371503999,0.06208327131387731,0.04584711044870121
MSFT,2018-08-10,0.05979257962094267,0.06271075193003939,0.061197791749246555,0.0644983214449632,0.06132199417398976,0.08991921011531212
MSFT,2018-08-13,0.05788426569737801,0.06064565998132526,0.06090986219241684,0.06376270211141188,0.06084947801915652,0.09274357988868775
MSFT,2018-08-14,0.061145254444948255,0.06417460649884016,0.06135483697291899,0.0636050751239719,0.05906441921509886,0.07627265339173753
MSFT,2018-08-15,0.05755645937334894,0.05920795137083101,0.05936551093577147,0.06039985941853521,0.058880664045319886,0.2053105584291497
MSFT,2018-08-16,0.05750792871822161,0.05915565945421797,0.05902523962776607,0.061660935450425725,0.05838191145752636,0.12122003385723046
MSFT,2018-08-17,0.057362476380700606,0.05899882359142439,0.056512416198280235,0.060058327597707406,0.055914324868084786,0.08872413398544196
MSFT,2018-08-20,0.0556408249604988,0.05714285942211689,0.056512416198280235,0.0595066130975439,0.05630809166841444,0.08728358804493563
MSFT,2018-08-21,0.05348265695303564,0.05481636772090587,0.05507276841413161,0.05785144955292987,0.05475928092786764,0.1358660732360647
MSFT,2018-08-22,0.056101497167718645,0.05763951296880415,0.05504658755347108,0.057667544719542,0.05195044045963987,0.088128551855253
MSFT,2018-08-23,0.057313965672410566,0.05894653167481134,0.0572453205356121,0.06053122860415089,0.05536305935874791,0.08976273533562373
MSFT,2018-08-24,0.059350896802823155,0.061142333471535304,0.058239973569113146,0.06234399909208138,0.056728094901704273,0.08063145397343252
MSFT,2018-08-27,0.062260781320409214,0.06427917038854347,0.06106690741608928,0.06483987330991459,0.06092822737366016,0.10437943569326641
MSFT,2018-08-28,0.0638612158103978,0.06600444465336391,0.06331798214940593,0.06820271600279126,0.06268704974475753,0.09938397835171423
MSFT,2018-08-29,0.06812902117019679,0.07060513613917291,0.06732279511421607,0.06946377199055825,0.06402582882694224,0.11568180462363414
MSFT,2018-08-30,0.06795929353169347,0.0704221543180728,0.06884096551020086,0.07253763855450279,0.06722843609549967,0.135052404381685
MSFT,2018-08-31,0.06888073768031963,0.07141550129849283,0.06928594029070301,0.07274780118971497,0.06728094901704301,0.13919898604342762
MSFT,2018-09-04,0.06737732460691118,0.0697947909233757,0.0671395690298831,0.0693324228490661,0.06507586695188405,0.13344755992250587
MSFT,2018-09-05,0.059569175043291095,0.061377587265725675,0.06572610210639501,0.06376270211141188,0.06549589021298535,0.2335699036408747
MSFT,2018-09-06,0.060175339481706586,0.0620310966187293,0.05936551093577147,0.06221264995058923,0.058250649181479375,0.14169182487733845
MSFT,2018-09-07,0.05889016475509143,0.06064565998132526,0.05865878745910014,0.06147703061703791,0.05819815628774738,0.13211752429515447
MSFT,2018-09-10,0.061727303157079666,0.0637040789669367,0.06106690741608928,0.06444578579719107,0.05979943989421471,0.11480065602051384
MSFT,2018-09-11,0.06623760221781702,0.0685661901487653,0.06617107688689716,0.06583821097057374,0.0599569586310334,0.14975223196603715
MSFT,2018-09-12,0.06737732460691118,0.0697947909233757,0.06685163947305339,0.0700943200285653,0.0665984212316591,0.09683735131228552
MSFT,2018-09-13,0.07028724901817177,0.07293164778390665,0.07177260282967374,0.07432415124060898,0.06840973649648846,0.16690382375463186
MSFT,2018-09-14,0.07140265621260902,0.07413410260021058,0.07177260282967374,0.07516486191382815,0.07166483665877782,0.0990984118787829
MSFT,2018-09-17,0.0684200056325879,0.07091882780828285,0.07169406024769215,0.0736410675548298,0.07253111961394071,0.11488476121459634
MSFT,2018-09-18,0.07101469022731235,0.07371584704139733,0.07169406024769215,0.07327325788805411,0.06859349166626744,0.12891272521366143
MSFT,2018-09-19,0.06735302935909157,0.06976864496506918,0.0706994072141911,0.07148674520194798,0.07085106662515833,0.12458521958790411
MSFT,2018-09-20,0.07188764361448577,0.07465690210520437,0.0719558289140067,0.07382497238821761,0.06882973972977835,0.1440086295840998
MSFT,2018-09-21,0.07356082422007218,0.07646059430142155,0.0758559384063201,0.07797599010654133,0.0733448896475602,0.6086917828247413
MSFT,2018-09-24,0.07455503443113345,0.07753233926971564,0.07483510451215852,0.07458686956771682,0.07079855370361499,0.1794110484886003
MSFT,2018-09-25,0.07402159616147849,0.07695724784810887,0.07535860190449689,0.07860651810042485,0.07544496589744382,0.1337742010251054
MSFT,2018-09-26,0.0728818338787098,0.07572866701702119,0.07525389843200009,0.07858024025447696,0.07457868294228098,0.10134480293468448
MSFT,2018-09-27,0.07392455479806112,0.07685270390192828,0.07486128537281905,0.07978876059447182,0.07539245297590041,0.0987952419931366
MSFT,2018-09-28,0.07382753338148099,0.07674814001222496,0.07397131584166933,0.07842261326703698,0.07384366226316513,0.12379697788522379
MSFT,2018-10-01,0.07683445926248442,0.0799895408189365,0.07687677230048168,0.08118120581197802,0.07531370362139678,0.09675911392244133
MSFT,2018-10-02,0.07571899222753534,0.07878708600263257,0.0772955662203233,0.08041930863247887,0.07675750854666824,0.11538059067273396
MSFT,2018-10-03,0.0757674231484762,0.07883935797572283,0.07818553575147297,0.08170664246619369,0.07707250596468279,0.07490056516734489
MSFT,2018-10-04,0.06999620471526877,0.07261795611479677,0.07446865234349259,0.07303679736277063,0.07494619328183888,0.2526334216437871
MSFT,2018-10-05,0.06839579017211747,0.07089268184997632,0.07030677418486458,0.0704358518493931,0.06974851557867318,0.19637291460682288
MSFT,2018-10-08,0.06529192266188308,0.06754671715356153,0.06732279511421607,0.06702045346462077,0.06720219966253937,0.20196395407856405
MSFT,2018-10-09,0.06871101004181632,0.07123251947739273,0.07007120634935599,0.07085621720806445,0.0658371440917716,0.16830231709809695
MSFT,2018-10-10,0.05391913364662235,0.05528689525280939,0.06593550905138856,0.05769382256548988,0.06609964861605416,0.5123287456883864
MSFT,2018-10-11,0.05331282958034586,0.054633385899805764,0.059208465712099034,0.05351652700121834,0.050637897810415444,0.5370517608791535
MSFT,2018-10-12,0.06218805515164874,0.06420075245714668,0.06525494646523233,0.06118803444398224,0.060245719616087656,0.37899071811166235
MSFT,2018-10-15,0.05741096714215341,0.059051095564514655,0.06064811349624766,0.06074139123936301,0.0599832150918051,0.2257041120594135
MSFT,2018-10-16,0.06565565323987202,0.0679388267540682,0.06569994121587991,0.06599583795801373,0.06163701161981572,0.2212259994582061
MSFT,2018-10-17,0.06495242749120192,0.06718075351136132,0.06674693600055664,0.06757218800890774,0.06725469255627131,0.17172129103428851
MSFT,2018-10-18,0.059593330663249705,0.0614037332240322,0.06339650476124215,0.0630533606238084,0.06310705297804742,0.22998858712075648
MSFT,2018-10-19,0.05998135648905825,0.061821988782845394,0.06426029343173129,0.06405169828446755,0.060035707985537035,0.2327200499936921
MSFT,2018-10-22,0.06233354738284427,0.06435758831994026,0.06342268562190267,0.06413051177818757,0.061059489649707144,0.17169586388258912
MSFT,2018-10-23,0.058623475540519915,0.060358114270521845,0.05931316918459578,0.05590730987938369,0.05699059942598689,0.3401487879561362
MSFT,2018-10-24,0.04460745132857005,0.04524898122004223,0.05805674748478018,0.0466594724298493,0.058670672442580674,0.5369881929999051
MSFT,2018-10-25,0.05910840310188478,0.06088093371903841,0.060098415273103334,0.05863962457837685,0.053788012185240874,0.5149741474324934
MSFT,2018-10-26,0.055859023413617565,0.05737811321630726,0.058737310070936355,0.054987785712444504,0.05153043722634998,0.45508635940887743
MSFT,2018-10-29,0.04831762290508093,0.04924845526946059,0.05860642573777908,0.0467645637695171,0.05788313884192142,0.45155491922478486
MSFT,2018-10-30,0.04802657860217788,0.04893478354387343,0.04729871032001998,0.04277119308275695,0.0462015172749487,0.551199036897731
MSFT,2018-10-31,0.055495312782465916,0.05698600361580053,0.05714061706311535,0.05664292921293501,0.05087416590173777,0.4114621687991245
MSFT,2018-11-01,0.05333716472184005,0.054659511914589565,0.054994245802295394,0.0570107388797107,0.0551005548344653,0.23857514065615743
MSFT,2018-11-02,0.05391913364662235,0.05528689525280939,0.054994245802295394,0.05556577805855584,0.053604257015461954,0.2805886190024928
MSFT,2018-11-05,0.05719272879536,0.058815841770324284,0.05609360230829319,0.05798281873854555,0.05331549603040764,0.1851575847726568
MSFT,2018-11-06,0.05770199149821911,0.059364787233624594,0.05897287790644501,0.058981156399204704,0.05596681776181678,0.1501277714372893
MSFT,2018-11-07,0.0679835289390012,0.07044830027637933,0.06787247336721497,0.06717810049618428,0.061374507095533104,0.2827548167338041
MSFT,2018-11-08,0.06747434602349126,0.06989935481307902,0.06779395075537875,0.07114521338112012,0.06756971000209733,0.16287948801452085
MSFT,2018-11-09,0.06218805515164874,0.06420075245714668,0.06580462471823123,0.06549667914974594,0.06507586695188405,0.2254214794886013
MSFT,2018-11-12,0.0556408249604988,0.05714285942211689,0.06190451522591789,0.058508255392761166,0.06132199417398976,0.24089879113453017
MSFT,2018-11-13,0.05581053265216482,0.05732584124321699,0.058711129210275825,0.059926958412091724,0.05641309748368972,0.2580406032493944
MSFT,2018-11-14,0.05213307388881008,0.052176184350584964,0.057454727480605594,0.054225888532945354,0.05785688238114972,0.29833774885602266
MSFT,2018-11-15,0.05775883998449652,0.058214604390410984,0.05625066750211105,0.05275464986584266,0.04969286550074897,0.288656849830176
MSFT,2018-11-16,0.06021860417178923,0.06085478776073189,0.05907758137894176,0.06034732377076307,0.055179304188968936,0.2397281641889863
MSFT,2018-11-19,0.05128072558455751,0.05126127524508445,0.058239973569113146,0.05180884785295564,0.05830314207521131,0.349962690544718
MSFT,2018-11-20,0.04419383371051805,0.043654416803231566,0.04360800777270013,0.04077449771731506,0.0413188570176089,0.5385011085260173
MSFT,2018-11-21,0.04760332666171466,0.0473140731687563,0.04742959465317731,0.04836717162223547,0.04604399853812996,0.18719664674547126
MSFT,2018-11-23,0.04750588636155148,0.047209509279052986,0.04580672078469572,0.04773664362835195,0.042290125760235664,0.04727396484598481
MSFT,2018-11-26,0.05578623740434521,0.056097240468606535,0.053188145849480895,0.05451488470600102,0.049167856452183745,0.2283260425865672
MSFT,2018-11-27,0.05741788869469314,0.05784864074821078,0.05502042666295598,0.05656411571921505,0.053052971478313615,0.19691666446624007
MSFT,2018-11-28,0.06711069523285149,0.06825251842317814,0.06549053427088641,0.06313217411752842,0.05730561687181285,0.3696648212422337
MSFT,2018-11-29,0.06484579169904783,0.06582146283226381,0.06494085601788752,0.06620602063734943,0.06371083140892769,0.1871242771598654
MSFT,2018-11-30,0.0665505282012275,0.06765128104326479,0.06454822298856105,0.06707300915651643,0.06468210015155446,0.24132714084392715
MSFT,2018-12-03,0.06947301911998102,0.07078811796027301,0.07096115591036029,0.07067231237467664,0.07071980434911135,0.25176400864914344
MSFT,2018-12-04,0.0607786714692268,0.061456005197122465,0.06891948812203708,0.06405169828446755,0.06793722034165522,0.3541004705001032
MSFT,2018-12-06,0.062410442440598485,0.06320742542024943,0.060019892661267116,0.055618313706328026,0.05187169110513623,0.3923429066559481
MSFT,2018-12-07,0.05176788719169892,0.051784074750078235,0.06056957091426601,0.0537792653724497,0.05859190306026557,0.3526129821256903
MSFT,2018-12-10,0.058513807829097736,0.05902494960620813,0.05672182314327373,0.052702094173947,0.049194112912955446,0.31111391461758053
MSFT,2018-12-11,0.06094917703438443,0.06163898701822257,0.06449586126723994,0.06202874511720141,0.06231953940519963,0.3265697109813022
MSFT,2018-12-12,0.06214249657527762,0.06291987970944601,0.06533346907706855,0.06623229848329726,0.06518087276715939,0.2659464914931508
MSFT,2018-12-13,0.06304363484354228,0.0638870607880368,0.06428647429239187,0.06515512728479456,0.06174201743509106,0.21851898576959672
MSFT,2018-12-14,0.054714593570922926,0.054947057625392925,0.06007225438258823,0.05693192538599068,0.058250649181479375,0.37215472617402534
MSFT,2018-12-17,0.04706759450577133,0.04673898174714952,0.051015613698145834,0.0469747464488528,0.05079541654723413,0.4691123674731963
MSFT,2018-12-18,0.04969774457719797,0.04956214693857053,0.047639001598170805,0.04910279095578679,0.04643776533845961,0.39441424155207333
MSFT,2018-12-19,0.049015861944428446,0.048830219654170115,0.05384252757497654,0.04602894443596578,0.046175260814177,0.5790447019106548
MSFT,2018-12-20,0.04370669205021391,0.04313161729823778,0.04711548423568701,0.039276981204264594,0.04460021364066996,0.5999340849990562
MSFT,2018-12-21,0.035718641961072495,0.03455757777779417,0.04368653038453635,0.035809047171720065,0.04087257729573596,1.0
MSFT,2018-12-24,0.025733614256610998,0.02384000843371689,0.03052037326278706,0.026666321105976998,0.030503498377987603,0.34176047818692673
MSFT,2018-12-26,0.041393098286584634,0.040648269790710456,0.03764004963140305,0.026613765414081336,0.023835779316590172,0.41706005404247704
MSFT,2018-12-27,0.04290297413527516,0.042268980165827585,0.03894881308239434,0.03302419682495472,0.034756143771486836,0.39616773705195646
MSFT,2018-12-28,0.04097904183811221,0.04020388821711346,0.042142199098036404,0.04122112087781077,0.04208011412968504,0.2856359086148168
MSFT,2018-12-31,0.04385282258020279,0.043288453161031415,0.042116018237375874,0.04363818160192395,0.03998005790761283,0.23651749730325494
MSFT,2019-01-02,0.04275698323314733,0.042112144303034005,0.04041462175705807,0.03969734656293594,0.03541241509609905,0.2575975840294016
MSFT,2019-01-03,0.03369730925742093,0.03238792193937673,0.03633128618041176,0.03512596348594088,0.03685619999355905,0.32849826264096177
MSFT,2019-01-04,0.04472954591962408,0.0442295082248384,0.04240394779420559,0.039671068716988056,0.03585867479016058,0.34298684927273454
MSFT,2019-01-07,0.04504618201477059,0.04456932590873208,0.04439325386120768,0.045056884621254456,0.0408988337565076,0.2607935814045372
MSFT,2019-01-08,0.04684837876395073,0.04650372795295915,0.04622553467468277,0.0469747464488528,0.04457395717989826,0.22028910671482177
MSFT,2019-01-09,0.050428357333467705,0.05034634619606121,0.04860747377101132,0.05099439498156083,0.04672652632351387,0.22778424866189612
MSFT,2019-01-10,0.048796706043119725,0.04859494591645702,0.045649675561023284,0.0487349812890111,0.04504647333473155,0.2061398747614982
MSFT,2019-01-11,0.04684837876395073,0.04650372795295915,0.04483824861185526,0.04679084161546493,0.044967723980227914,0.18899219484239566
MSFT,2019-01-14,0.04502186682011369,0.04454319989394834,0.043346259076530946,0.045792503954805774,0.041581361541891515,0.1901941167438772
MSFT,2019-01-15,0.05223057402948514,0.05228074824028822,0.0490524685216589,0.04742136960934845,0.043182665176170254,0.22100497883189618
MSFT,2019-01-16,0.05313159261672604,0.053247929318879006,0.05221967367664038,0.055513222366660175,0.05040164974690453,0.204049958485285
MSFT,2019-01-17,0.05493380931274347,0.055182331363106074,0.053188145849480895,0.054987785712444504,0.04971912196152062,0.18976283313236103
MSFT,2019-01-18,0.058806028995400855,0.05933864127531807,0.056512416198280235,0.05800909658449338,0.0561768293923674,0.2781182734181622
MSFT,2019-01-22,0.053862245266670356,0.054032148519892464,0.05441838668863597,0.05525050403955234,0.0543130212338061,0.22866930913450867
MSFT,2019-01-23,0.05637067973695145,0.056724603863303635,0.05426134146496353,0.05651156002731933,0.05265922470579543,0.16513076890728773
MSFT,2019-01-24,0.055128669966232585,0.05539143919898992,0.05415663799246678,0.05651156002731933,0.05460178221886036,0.1386327429344302
MSFT,2019-01-25,0.05749093401285024,0.05792705867960757,0.05646005447695912,0.058770973719869,0.055599307422258826,0.21746473694144614
MSFT,2019-01-28,0.0524009998072936,0.052463730061388325,0.052795532790299804,0.05472506738533667,0.05302673504535338,0.20036106555413097
MSFT,2019-01-29,0.047189270213242235,0.0468696915951593,0.04884306157666535,0.0481832667888476,0.04940410451569466,0.22005537251266222
MSFT,2019-01-30,0.055567041609361906,0.05586196673089344,0.052533764123985194,0.05385807886616967,0.04872159675812221,0.3959075977307245
MSFT,2019-01-31,0.05081803874677135,0.050764601754874406,0.04949744330216099,0.05083676799412079,0.0465690276145066,0.4561943964425459
MSFT,2019-02-01,0.046799588799938646,0.046451436036346105,0.04656580598268811,0.04865616779529114,0.04651651469296325,0.25961610868738194
MSFT,2019-02-04,0.054008355849821915,0.054188984382686045,0.051015613698145834,0.049759596795618144,0.044127697485836725,0.21834001774032813
MSFT,2019-02-05,0.05761278924185684,0.05805776852761735,0.05486336146913812,0.058140445725985535,0.05250170596897674,0.17932205345765256
MSFT,2019-02-06,0.054714593570922926,0.054947057625392925,0.05415663799246678,0.0570107388797107,0.054969292558418315,0.11364567655293883
MSFT,2019-02-07,0.05286376643242893,0.052960383608075645,0.05046591547500151,0.053752987526501816,0.050217894577125555,0.2031384928936001
MSFT,2019-02-08,0.053837850284664285,0.05400600256158594,0.05096325197682472,0.05367417403278185,0.048117818327241935,0.12197111279973477
MSFT,2019-02-11,0.05281501636209143,0.05290811163498532,0.05305728148646899,0.055539500212608006,0.052869216308534694,0.0970622838080876
MSFT,2019-02-12,0.05680899153956889,0.057195131395207155,0.054523090161132715,0.056879389738218544,0.05271171759952742,0.1571339296978374
MSFT,2019-02-13,0.05661421067342895,0.05698600361580053,0.05619830578078994,0.06011086324547954,0.05628183520764274,0.091984677207199
MSFT,2019-02-14,0.05683338652157496,0.05722127735351368,0.054915723190459176,0.05735229074466203,0.053157977293588954,0.12513581521893266
MSFT,2019-02-15,0.06004805871295707,0.060671805939631784,0.05755943095310234,0.06181856243786571,0.05735812979335625,0.17229535788227035
MSFT,2019-02-19,0.05992630321813694,0.06054109609162195,0.058501742235427756,0.06292199143819271,0.05704311234753029,0.08849920148963988
MSFT,2019-02-20,0.058556693529271925,0.057874786706517245,0.05661711967077698,0.059007434245152535,0.05722686751730921,0.12340481296862973
MSFT,2019-02-21,0.06408418155762899,0.06378251684185621,0.06064811349624766,0.06053122860415089,0.0547067880341357,0.1963171704665589
MSFT,2019-02-22,0.06789957270084626,0.06786040882267141,0.06515024299273559,0.06828152949651128,0.06297581072981184,0.18360359461687636
MSFT,2019-02-25,0.06941589137798157,0.06948109925426582,0.06771542814354253,0.07206473754805931,0.06746470418682199,0.14436167580577175
MSFT,2019-02-26,0.07129917202074684,0.07149391922988962,0.07049000026919755,0.07182827702277578,0.06615216153759756,0.12271045613376247
MSFT,2019-02-27,0.07083445060555707,0.07099724573967964,0.06818658378470521,0.07106637984327663,0.06728094901704301,0.12222538431672841
MSFT,2019-02-28,0.07049212298398064,0.07063128209747943,0.06954768898687219,0.073299535734002,0.06819972486593784,0.19651960971278076
MSFT,2019-03-01,0.07171492395038895,0.07193830080348662,0.06991414115553812,0.07314188870243843,0.07043104336405703,0.14192262517737883
MSFT,2019-03-04,0.07105460384873027,0.07123251947739273,0.07051618112985814,0.07085621720806445,0.07077229724284329,0.17230611552337388
MSFT,2019-03-05,0.06968497421302797,0.06976864496506918,0.06826510639654143,0.07198592405433929,0.06875099037527471,0.1031667561506813
MSFT,2019-03-06,0.0698072682724549,0.06989935481307902,0.06897184984335819,0.07251136070855496,0.06775346517187625,0.08506164617336037
MSFT,2019-03-07,0.06648099352643347,0.0663442623372576,0.06606639338454584,0.06841289868212697,0.06651967187715546,0.15989570955933768
MSFT,2019-03-08,0.06677449129032317,0.06665795400636754,0.06386766040240482,0.06560177048941374,0.06063948641641731,0.13524506395417635
MSFT,2019-03-11,0.07244874814746241,0.07272252000450002,0.06973091507120516,0.07132911821450794,0.06544337729144195,0.17116776150114077
MSFT,2019-03-12,0.0743808785947517,0.07478761195321415,0.07245314544568454,0.07571657641399165,0.07024728819427811,0.16765783659925537
MSFT,2019-03-13,0.07653314233837691,0.07708795769611865,0.07509685320832771,0.07868533159414481,0.07368614352634639,0.25940193383268345
MSFT,2019-03-14,0.07675329558155011,0.07732321149030902,0.07562035060066602,0.0801303124594232,0.0747624381120599,0.21294457174319747
MSFT,2019-03-15,0.07998169119698798,0.0807737600199499,0.08098628873778857,0.0808133761010788,0.07686249433413211,0.4468518741277754
MSFT,2019-03-18,0.08404167045905911,0.085113051753262,0.08192860002011393,0.08464913984452255,0.07904131993851943,0.21728870281429669
MSFT,2019-03-19,0.08423732898603983,0.08532217953266863,0.08410115214159442,0.0871187161722844,0.08408147890486645,0.27969377885614977
MSFT,2019-03-20,0.08391943624014406,0.08498234190525217,0.0849125790907625,0.08638309683873302,0.0822439272070768,0.18702745838993318
MSFT,2019-03-21,0.09052303619347643,0.09204025488380474,0.09033085897906068,0.08738143449939217,0.08158765588246464,0.20405484832215026
MSFT,2019-03-22,0.08276986011342849,0.08375376107416449,0.08711129210275809,0.08725008535790008,0.0877828587890288,0.2409251962536026
MSFT,2019-03-25,0.08426180375539502,0.0853483254909751,0.08297561477493609,0.08535848133212603,0.08006510160268954,0.17679596373305795
MSFT,2019-03-26,0.08487321421201785,0.08600183484397872,0.08480787561826575,0.08675090650550871,0.08547279093640592,0.16731554801868698
MSFT,2019-03-27,0.08208504529557734,0.08302181384624135,0.0834991121672744,0.08325669462701635,0.08353021339552957,0.13441379168708173
MSFT,2019-03-28,0.08247640224321331,0.0834400694050546,0.08185007740827771,0.08485930247973467,0.08237518948312383,0.09139691881599446
MSFT,2019-03-29,0.08494661857324623,0.08608025277537551,0.08378704172410417,0.08703990267856437,0.08402898601113451,0.16049031372215358
MSFT,2019-04-01,0.08758807850141645,0.0889033980232738,0.08585489037308786,0.09003493570466542,0.08633905386375734,0.13495851951387197
MSFT,2019-04-02,0.08800387032473309,0.08934779954039351,0.0868233825160738,0.09113836470499237,0.08662781484881166,0.0895143316228684
MSFT,2019-04-03,0.08991154594950448,0.09138674553080112,0.0893100250848991,0.0927935282496064,0.08872789109869528,0.13565874415297757
MSFT,2019-04-04,0.08841962225437519,0.08979218111399051,0.08878652769256073,0.09077055503821674,0.08935790596253579,0.10878517870886792
MSFT,2019-04-05,0.08971586747568647,0.09117761775139455,0.08878652769256073,0.09337152059571774,0.08749409780397449,0.06686362929559944
MSFT,2019-04-08,0.08981378649994462,0.0912821816410978,0.08823682946941641,0.09145363872399592,0.0885966288226483,0.05992006094692667
MSFT,2019-04-09,0.08822402356790635,0.08958305333458394,0.08698042773974618,0.09129601173655594,0.08549902736936621,0.08432817064357098
MSFT,2019-04-10,0.09044963183224805,0.09196183695240795,0.08910061813990555,0.09381814375621345,0.08846538657441266,0.0732301968941712
MSFT,2019-04-11,0.09079201929433636,0.09232780059460816,0.0904093815908969,0.0948164814168726,0.09051294990275294,0.051048918905967466
MSFT,2019-04-12,0.09230841775882084,0.09394849102620251,0.09074967286904773,0.0959987439550431,0.09077545442703555,0.10518919267815385
MSFT,2019-04-15,0.09255298593083741,0.09420991072222218,0.0923201850162082,0.09652418060925877,0.09156298802769475,0.0665350322582538
MSFT,2019-04-16,0.09186817111298626,0.09347796349429904,0.09250341110054117,0.09528938242331608,0.0934005397254844,0.04970616970276637
MSFT,2019-04-17,0.09431391267366387,0.09609200090631342,0.09302690849287948,0.09644536711553875,0.09235050160054259,0.10084506160705467
MSFT,2019-04-18,0.09822718294746477,0.10027447672035467,0.09739817362635556,0.09844206248098064,0.09484434465075581,0.18583140429268996
MSFT,2019-04-22,0.09918110054719961,0.1012939497155585,0.09865459532617121,0.10177862732790949,0.09597313213020126,0.06512773720843124
MSFT,2019-04-23,0.10328992961379471,0.10568553336548359,0.10279029262413863,0.10508893437301398,0.09985824715633113,0.1470501081142931
MSFT,2019-04-24,0.10223823261766277,0.1045614964805765,0.10349701610080997,0.10690170486094447,0.10429464771960933,0.21777181869658463
MSFT,2019-04-25,0.11236374589715994,0.11538358982731162,0.11794575581288996,0.11822505116964077,0.11550375313174888,0.28404768960097954
MSFT,2019-04-26,0.11417372191288336,0.11731799187153863,0.11572088191037927,0.11872423002203208,0.11455872082208235,0.1434257610297605
MSFT,2019-04-29,0.11388014436164448,0.11700432014595147,0.11483089240908412,0.11959121854119908,0.11508372987064758,0.07173390681340089
MSFT,2019-04-30,0.11591023372686646,0.11917397598436891,0.11619201758139652,0.11969628983674341,0.11484748180713666,0.14842904211029712
MSFT,2019-05-01,0.10925768423482365,0.11206377108920329,0.11606113324823925,0.11525627594536403,0.11673754642646966,0.17439603179958707
MSFT,2019-05-02,0.10517317036288545,0.10769833339758472,0.10912470293410165,0.10952892822026983,0.11004359093211197,0.17956458936616954
MSFT,2019-05-03,0.11175233544053717,0.114730080474308,0.11286774723259718,0.11407403345131706,0.10841603083706158,0.15571098717004603
MSFT,2019-05-06,0.10991802428331962,0.11276955241529718,0.11059051160876537,0.11107900042521601,0.10586969489311637,0.14914589219474458
MSFT,2019-05-07,0.10348558814077544,0.10589464120136749,0.10697833167328175,0.10611354987962102,0.10605345006289535,0.264329911425495
MSFT,2019-05-08,0.10346117321193207,0.10586851518658369,0.10485814127312232,0.10750597505300369,0.10337587187071451,0.19001710464935467
MSFT,2019-05-09,0.10343669844257689,0.10584236922827722,0.10333997087713753,0.10440585068723485,0.10035701977193606,0.17844579469139749
MSFT,2019-05-10,0.10742327334341964,0.11010324303019253,0.10894147684976868,0.10506265652706614,0.1019845798669865,0.21442814824811812
MSFT,2019-05-13,0.09817827330242887,0.10022218480374168,0.10271177001230242,0.10301342551385217,0.09988450361710283,0.24405860371686278
MSFT,2019-05-14,0.10155347764032344,0.10382956919617609,0.10357553871264613,0.10474738250806265,0.09925448875326232,0.1591847272791285
MSFT,2019-05-15,0.10584938809386449,0.10720165990737468,0.10574809083412662,0.10474738250806265,0.10027827041743242,0.15386849663921512
MSFT,2019-05-16,0.11299294893264575,0.11480849840570478,0.1127369028397307,0.1119985245921552,0.10681472720278284,0.20657604820987963
MSFT,2019-05-17,0.110881875408025,0.11256046452293605,0.11556383668670683,0.11583426829147536,0.11090985385946339,0.1641156387740592
MSFT,2019-05-20,0.10634039944060289,0.10772447935589119,0.10805150731861896,0.11015947625827688,0.10621094877190262,0.14393430406374783
MSFT,2019-05-21,0.10800971035975496,0.1095020255938019,0.10789446209494657,0.1123137986111587,0.1085997860068405,0.061652041164602656
MSFT,2019-05-22,0.10989989260822272,0.11151482562590304,0.10975292376908219,0.11215615157959519,0.10647347332399659,0.06266130349359283
MSFT,2019-05-23,0.1062421812137854,0.10761991546618793,0.10464873432812882,0.10747969720705586,0.10537092227751144,0.1429260197021307
MSFT,2019-05-24,0.10638948860717437,0.10777675132898151,0.1076065325381168,0.11071119075844038,0.10723475046388414,0.05021080086726146
MSFT,2019-05-28,0.10619307210037662,0.10756764349309761,0.10912470293410165,0.11092137343777603,0.10741850563366312,0.1382767628106391
MSFT,2019-05-29,0.10319817416225927,0.1043785146594764,0.10229295612231537,0.10564064887317748,0.10321835313389582,0.13470424799687833
MSFT,2019-05-30,0.10513746552413575,0.10644360660819052,0.10326144826530131,0.10758478854672365,0.10290335571588127,0.07667655391680822
MSFT,2019-05-31,0.10010513778467353,0.10108482193615187,0.10027746919465275,0.1037490448474035,0.10019952106292879,0.1726855668641183
MSFT,2019-06-03,0.09067848189647984,0.09104690790338471,0.0996230874691571,0.09242571858283077,0.09920197583171897,0.2835557720123341
MSFT,2019-06-04,0.09882861998544237,0.09972553125705441,0.09676997276152044,0.09673436328859447,0.09245550741581787,0.19944079825608857
MSFT,2019-06-05,0.10538297119750498,0.10670500636068742,0.10354937782213103,0.10608727203367319,0.10208956565445038,0.1558576822760039
MSFT,2019-06-06,0.11026815111827656,0.11190693522640971,0.10904618032226543,0.10973911089960553,0.10600095716916336,0.12195057548490065
MSFT,2019-06-07,0.11905634863848172,0.12126517400434406,0.12024919226752773,0.11672751461246672,0.11321994173989769,0.24347866906464266
MSFT,2019-06-10,0.12200221725053953,0.12440205080839772,0.12503927129099085,0.12655334440811244,0.12164644311676964,0.1710259562320482
MSFT,2019-06-11,0.12077486840522902,0.12309503210239053,0.12545808518097784,0.12466174038233846,0.1255315981985224,0.14595674059122038
MSFT,2019-06-12,0.11927733964882117,0.12150046768557987,0.11951628793019586,0.12316424391341146,0.1190213578183208,0.07924763014056324
MSFT,2019-06-13,0.12131492902486438,0.12367012352399731,0.12221233744401472,0.12539735971588978,0.1205439120980959,0.0803067688055791
MSFT,2019-06-14,0.12163397868732298,0.12400992126436827,0.12428016612285298,0.12560754239522548,0.12127893277721175,0.08637896822486207
MSFT,2019-06-17,0.12261594154028801,0.1250555601614013,0.1241231208991806,0.12794576958149512,0.12225024157546133,0.05406790418658053
MSFT,2019-06-18,0.12828666780722683,0.1310939802012273,0.12807561208296048,0.13067810432461185,0.12634536823214187,0.16571950526586532
MSFT,2019-06-19,0.12958766037581318,0.13247941683863135,0.12988167209548412,0.1313086122743718,0.1284716809149858,0.1443010418286425
MSFT,2019-06-20,0.1326807167002362,0.13577308961843315,0.1344100223929235,0.1363266185118625,0.13490313188506087,0.23523440410981006
MSFT,2019-06-21,0.13272982581364498,0.13582538153504614,0.13459322850711103,0.1382707782295322,0.13261932049320968,0.2712754357089139
MSFT,2019-06-24,0.13471824623576753,0.13794274545685054,0.13634696673860447,0.13968946120473924,0.13372185151188343,0.11383149035381881
MSFT,2019-06-25,0.12403966699872168,0.12657166675976966,0.1342267763384451,0.1284712062357108,0.13437812283649564,0.23801965518826362
MSFT,2019-06-26,0.1252671155782186,0.12787868546577685,0.12938437553395177,0.13075691781833187,0.12676539149324317,0.143453144116206
MSFT,2019-06-27,0.1258070565168302,0.12845377688738369,0.12668832602013297,0.13052043724892481,0.12621410595609484,0.07401550469473236
MSFT,2019-06-28,0.1253407593014945,0.12795714328421914,0.12640039646330326,0.12960093312610915,0.12734291346335175,0.20589929478772728
MSFT,2019-07-01,0.12956302603175965,0.1324532509368021,0.13189717899329217,0.1343562009923685,0.13275058276925666,0.13324120880679177
MSFT,2019-07-02,0.13177237762370972,0.13480590853984237,0.13160924943646246,0.13532826080707983,0.13141176363144919,0.061109269272558525
MSFT,2019-07-03,0.13393262010225107,0.1371062742262696,0.13461942933791698,0.1378241149807895,0.13319684246331825,0.04537866407700905
MSFT,2019-07-05,0.13295063730244874,0.1360606353292365,0.13354623372243435,0.1363266185118625,0.1309392675044273,0.08950259601439176
MSFT,2019-07-08,0.13270533109745244,0.1357992555202624,0.13294421371825976,0.13540707430079985,0.13214678431056498,0.07618854819765503
MSFT,2019-07-09,0.13147780273060636,0.13449223681425515,0.13260392244010893,0.1365368011911982,0.13109676621343458,0.10722336481410308
MSFT,2019-07-10,0.13489006829218628,0.13812574722147336,0.13681814234991257,0.1397420168966349,0.1340631254184811,0.148799691744684
MSFT,2019-07-11,0.1362401500273441,0.13956343588844494,0.1384933579695698,0.14197513269911322,0.1368719458588975,0.13044813398935384
MSFT,2019-07-12,0.13746759860684107,0.14087045459445213,0.1382577901340612,0.1423429423658889,0.13857827533626293,0.0972842824017705
MSFT,2019-07-15,0.13746759860684107,0.14087045459445213,0.13933094580925304,0.14352522494818293,0.14012706604899827,0.07493479402540171
MSFT,2019-07-16,0.13299986609688128,0.13611292724584956,0.1380483831890677,0.13842840521697225,0.1388670363213172,0.1343424000688489
MSFT,2019-07-17,0.13101146562159602,0.13399556332404516,0.1351167258994494,0.13764023019152521,0.13555940320967308,0.10974554266920547
MSFT,2019-07-18,0.1313796243974634,0.13438765298102912,0.13168777204829868,0.13356802596692152,0.1299154858402572,0.20921264824762914
MSFT,2019-07-19,0.13187067563787644,0.1349104524860229,0.14228876398938645,0.13824448033946085,0.14217462937733855,0.39121824417693774
MSFT,2019-07-22,0.13631383364429453,0.13964185381984173,0.13841483535773363,0.14055644972390624,0.13479814609759694,0.15731289772710602
MSFT,2019-07-23,0.1384250069031017,0.14188992758965596,0.1405088648673779,0.14239549805778456,0.140967072515578,0.08846106076209084
MSFT,2019-07-24,0.14193533111680087,0.1456280218301002,0.14247201004386484,0.1445498404547899,0.1387094975566871,0.1149023646273113
MSFT,2019-07-25,0.1406343983887264,0.14424258519269617,0.142131718765714,0.1457846386407326,0.142725874858864,0.09161304960543906
MSFT,2019-07-26,0.14345735458940126,0.14724871226169456,0.1449324517818842,0.1483593063081623,0.14256837614985673,0.09827007351380743
MSFT,2019-07-29,0.14269650242779938,0.1464383670458974,0.14448747700138204,0.14591596773810123,0.1455347353549032,0.07448884090328978
MSFT,2019-07-30,0.14102719150864731,0.14466084075150942,0.14372841177353507,0.1470456946284996,0.14196461774678787,0.07684183040285408
MSFT,2019-07-31,0.13101146562159602,0.13399556332404516,0.1418176283183692,0.13464519716542417,0.1424633903623928,0.28957222729135307
MSFT,2019-08-01,0.13540553446144268,0.13867467274125095,0.1429955074362032,0.13950553632722784,0.13372185151188343,0.30872767422733244
MSFT,2019-08-02,0.13255784418252783,0.13564237977042332,0.13613759973390183,0.13511807812774418,0.1365831848738432,0.2132203585423983
MSFT,2019-08-05,0.12104480895427885,0.1233825778131939,0.1246466182915189,0.12334812870267575,0.12400904391874729,0.33016569701201626
MSFT,2019-08-06,0.12713280311049382,0.1298653794266169,0.12922729036998848,0.12973230231172483,0.1253215865679717,0.23185161496642148
MSFT,2019-08-07,0.12858122275349296,0.13140765192681453,0.12914876775815226,0.1261067212476168,0.1252953100793886,0.23887146477019233
MSFT,2019-08-08,0.13744314378432312,0.1408443285796684,0.13789133796539527,0.13687831296790248,0.13267183341475303,0.1809953556329454
MSFT,2019-08-09,0.13454642417934873,0.1377597835792732,0.13891217185955684,0.1382707782295322,0.13794824044461101,0.14158522643367571
MSFT,2019-08-12,0.12983310620867053,0.13274079664760552,0.13493351978526186,0.13506556252409552,0.1339056267094738,0.11241832749975794
MSFT,2019-08-13,0.13673116137408256,0.14008627528048417,0.13739400146357206,0.13443501448608852,0.13122802848948162,0.15809233772342887
MSFT,2019-08-14,0.12648508941000267,0.1280093953137867,0.13247303810695166,0.13094080260759616,0.1320417985231011,0.23019493823647053
MSFT,2019-08-15,0.12574615882258286,0.12722517611277329,0.12634803474198214,0.1272101502479438,0.12687037728070705,0.18664702908181574
MSFT,2019-08-16,0.13178055582699874,0.13362959968184496,0.13126899809860254,0.1336993951525372,0.12815668349697124,0.15119277790654348
MSFT,2019-08-19,0.13739618892934172,0.1395896017902742,0.13673961973807636,0.13940046503168352,0.1359531900378141,0.15027935638011244
MSFT,2019-08-20,0.13456361835309297,0.1365834348342303,0.1371584336280634,0.14032000924274624,0.1368982223474806,0.11913207351576335
MSFT,2019-08-21,0.13833209453500342,0.14058290888364872,0.13920010141638656,0.14231668456406454,0.13779074173560368,0.05849320654964307
MSFT,2019-08-22,0.13584452445652798,0.13794274545685054,0.13844099624824874,0.1378241149807895,0.138079502720658,0.09493911664119062
MSFT,2019-08-23,0.12503194236656576,0.12646712281358907,0.13621612234573804,0.12865513111322213,0.13422062412748836,0.28869010072085977
MSFT,2019-08-26,0.13010569968708,0.13185203350041153,0.12891319992264366,0.1315450527555318,0.1284454444820255,0.11073915752022681
MSFT,2019-08-27,0.1308198961962598,0.13261012668664113,0.1319495407146133,0.13354176816509716,0.13212054787760474,0.1380195573915263
MSFT,2019-08-28,0.13037663757799436,0.13213957921121489,0.12943669731498203,0.1306255486327162,0.12815668349697124,0.08218935599870517
MSFT,2019-08-29,0.13668197247332467,0.13883150860404453,0.13645169018124664,0.13945302072357924,0.13437812283649564,0.10933186247040425
MSFT,2019-08-30,0.13604155931528175,0.13815187323625716,0.13838863452692762,0.1377715993771409,0.1393657688812993,0.14621492397770625
MSFT,2019-09-03,0.1315588267836796,0.1333943060006091,0.13320594244428352,0.13627406281996685,0.13269806984771332,0.09662415442496006
MSFT,2019-09-04,0.13547506913623672,0.13755065579986658,0.1344885450047597,0.13832329383318087,0.13450938511254268,0.08808258738871952
MSFT,2019-09-05,0.14143546337430554,0.14387662155049602,0.14152969876153948,0.1443133598853829,0.13926078309383538,0.16735564468098213
MSFT,2019-09-06,0.13909569936015134,0.14139329398649142,0.14100616142891026,0.14284212121828022,0.1416758567617336,0.11574537250288255
MSFT,2019-09-09,0.13520419108583423,0.13726311008906317,0.13988064403239736,0.1382707782295322,0.14052081282151646,0.164148889664743
MSFT,2019-09-10,0.1316573242662192,0.13349888983383512,0.13239451549511544,0.13314766060825017,0.13319684246331825,0.19475437860442096
MSFT,2019-09-11,0.1317559414297825,0.1336034337800157,0.13077166159677928,0.13467145496724853,0.13086051814992367,0.1539017475298989
MSFT,2019-09-12,0.13520419108583423,0.13726311008906317,0.13639932845992558,0.13934790933978786,0.1359531900378141,0.17623754436304495
MSFT,2019-09-13,0.13471154409843797,0.13674031058406938,0.13545701717760017,0.13855977440258788,0.1357694148402237,0.1405720522351933
MSFT,2019-09-16,0.132273202814395,0.13415239918683874,0.13189717899329217,0.13616899152442252,0.13065050651937304,0.07571618995647067
MSFT,2019-09-17,0.13488404434732462,0.13692327246164676,0.13404357022425756,0.1381919246475652,0.13361686572441955,0.08630562067188313
MSFT,2019-09-18,0.13766702708606968,0.1398771475010776,0.13705371018542123,0.13845466301879655,0.13466688382154995,0.1466256702743883
MSFT,2019-09-19,0.14394776753102098,0.14654295087912345,0.14673855173469869,0.1477550561602266,0.14238464100788917,0.26192802355727807
MSFT,2019-09-20,0.13993318727062257,0.14228205713368536,0.14485392917004797,0.1429734904038959,0.14424842913863906,0.29513197180715656
MSFT,2019-09-23,0.13919411705534177,0.14149783793267195,0.1395665535850525,0.14347266925628727,0.13957578051184993,0.07970531887115181
MSFT,2019-09-24,0.13485931026908463,0.13689714644686296,0.1423411257107075,0.13937420722985921,0.14254213971689644,0.20326073881523166
MSFT,2019-09-25,0.1397360327308451,0.1420729293542788,0.14043034225554168,0.13714105133913385,0.13503439416110785,0.12119754060765023
MSFT,2019-09-26,0.1401794110301343,0.14254343694265953,0.14100616142891026,0.14347266925628727,0.14012706604899827,0.0828084093458474
MSFT,2019-09-27,0.13572141257677214,0.13781203560884075,0.14147733704021836,0.13876991699367652,0.14199085417974816,0.13191312911418648
MSFT,2019-09-30,0.13892327889861386,0.14121029222186854,0.1384933579695698,0.1417386922179532,0.13647819908637931,0.08109012067139415
MSFT,2019-10-01,0.13409582512496046,0.13608680123106576,0.14118940748338865,0.13968946120473924,0.14070458801910685,0.12202490100525265
MSFT,2019-10-02,0.12813531120586788,0.12976079559339088,0.13103339032280303,0.13070436212643616,0.1317530375380468,0.21058082460252958
MSFT,2019-10-03,0.13215005104096458,0.1340216893388289,0.1320280633264495,0.12975856011354914,0.12834041863893875,0.14810044507295148
MSFT,2019-10-04,0.13668197247332467,0.13883150860404453,0.13595435367942343,0.1381656668457409,0.13306558018727122,0.13602059208100697
MSFT,2019-10-07,0.13421885721736712,0.13621747119203015,0.13577110762494504,0.1397420168966349,0.13408936185144138,0.061753749771400135
MSFT,2019-10-08,0.13064757546890873,0.1324271249220183,0.13467175111894725,0.1360638801406312,0.1339318631424341,0.1619641105533437
MSFT,2019-10-09,0.13697750481461798,0.1391452202166772,0.13713223279725745,0.13961064771101922,0.13492940837364398,0.1052361351120604
MSFT,2019-10-10,0.13909569936015134,0.14139329398649142,0.1396712370874038,0.1429734904038959,0.1376332430265964,0.08474478474449135
MSFT,2019-10-11,0.14052417216586008,0.14290940058485974,0.1432310752717118,0.1462575196030526,0.14191210482524452,0.16094213464850385
MSFT,2019-10-14,0.14020398553367594,0.14256960284448877,0.14129409098573997,0.14631007529494827,0.14078333737361048,0.042200270114588434
MSFT,2019-10-15,0.14517932515899976,0.14784996958513064,0.1452203813387139,0.1470719524303239,0.14175460611623725,0.10470607679586594
MSFT,2019-10-16,0.14232221997288388,0.144817676614303,0.14312639176936048,0.14633633309677258,0.14367090716853048,0.11503243428792728
MSFT,2019-10-17,0.14054890624410007,0.14293556648668898,0.14425190916587338,0.14499646361528562,0.14409093042963178,0.12196622296286952
MSFT,2019-10-18,0.13493323324808257,0.13697556437825975,0.140535025757893,0.13853347651251652,0.140967072515578,0.22771285704366329
MSFT,2019-10-21,0.13744541772377425,0.13964185381984173,0.13660873540491908,0.13971571900656354,0.13752821718350972,0.10844680199779175
MSFT,2019-10-22,0.1323717002969346,0.13425694313301934,0.1405611866484081,0.13774530148706954,0.13889327275427749,0.18035478700359597
MSFT,2019-10-23,0.13451454913335878,0.13653118280466275,0.13386032416977917,0.13603762233880684,0.13340685409386888,0.20395900751959112
MSFT,2019-10-24,0.14116454543022847,0.1435890758396926,0.1416343822638908,0.1440769194042229,0.13999580377295123,0.2742230293712941
MSFT,2019-10-25,0.1431103195142243,0.14565414784488395,0.14351900482854152,0.14546934457760557,0.13986454149690425,0.16596595304387457
MSFT,2019-10-28,0.15163240627813937,0.15469873484075386,0.15537639849929952,0.1567926708421783,0.1531474666981557,0.25711642408185975
MSFT,2019-10-29,0.1482826142109527,0.15114364236493244,0.15231389681681473,0.15453325714962862,0.15230746023157593,0.11344714917620918
MSFT,2019-10-30,0.1526668492600152,0.15579662576735442,0.15362266026780608,0.1549010668164043,0.1508374188733443,0.09297927002559339
MSFT,2019-10-31,0.14961266932147102,0.15255520501712022,0.15343941421332763,0.15542654355886698,0.15446000934738013,0.15271840700850536
MSFT,2019-11-01,0.15047481152283312,0.15347013406614346,0.15210448987182124,0.15537398786697132,0.15277995635859776,0.23607350011588912
MSFT,2019-11-04,0.15251904319569395,0.15563978990456084,0.15362266026780608,0.158500390078688,0.15427627420541257,0.07748239903220347
MSFT,2019-11-05,0.15229755351442228,0.15540453611037047,0.15367502198912714,0.1578435842388567,0.15464378454497052,0.09056955841839204
MSFT,2019-11-06,0.15131217975228065,0.1543588972133374,0.15236625853813585,0.15597823801490696,0.15306871734365207,0.07419447272400098
MSFT,2019-11-07,0.15180482673967685,0.15488169671833119,0.1533085698204612,0.157475774572081,0.151677425339924,0.0860366796442937
MSFT,2019-11-08,0.1559919471426365,0.1593255922283921,0.15621402627927355,0.15744947668200965,0.15204493567948196,0.07572890353232034
MSFT,2019-11-11,0.15636124288822942,0.15971768188537605,0.15733954367578645,0.159997886547615,0.15561505328759728,0.052550098823603036
MSFT,2019-11-12,0.15872590055532196,0.1622271753512099,0.16034972357724098,0.16349209842610735,0.15808263987703886,0.09439732271651952
MSFT,2019-11-13,0.15931692534423406,0.16285451880238427,0.16006179402041126,0.16407009077221868,0.15929019673879935,0.07755281268306327
MSFT,2019-11-14,0.16116420194569028,0.1648150468613951,0.16254843658923657,0.16596169479799272,0.1600252174179152,0.10503956367007683
MSFT,2019-11-15,0.16586850394591326,0.16980786789123353,0.166684133887204,0.1692982796890451,0.1650390998956791,0.1417710402345557
MSFT,2019-11-18,0.16677983504803326,0.17077504896982432,0.16814994256186772,0.17116358582474772,0.16803173558930873,0.12268405101469004
MSFT,2019-11-19,0.16690310650248744,0.1709057588178341,0.17019161035019087,0.17436880153018441,0.17015804827215264,0.14617189341329193
MSFT,2019-11-20,0.16626045929866798,0.1688929388422103,0.16890900778971468,0.1697974585414364,0.16866173042533783,0.1633948768201195
MSFT,2019-11-21,0.16591438167168102,0.1685269752000101,0.16618679738538078,0.16990252983698073,0.1662728931903999,0.09375675408717013
MSFT,2019-11-22,0.16618621717027346,0.1688145209108135,0.16749556083637207,0.17074326055432343,0.16803173558930873,0.06760297262962714
MSFT,2019-11-25,0.17023937461399127,0.17310154067103528,0.17024397207151198,0.1736331821966331,0.16784796039171834,0.13135764364629265
MSFT,2019-11-26,0.17221654501988212,0.17519277857805593,0.1730447050876821,0.1773113189526368,0.17141807799983366,0.15286510211446325
MSFT,2019-11-27,0.17293323488372322,0.1759508717642856,0.17325411203267566,0.17783675560685247,0.17396441394377887,0.060587034695348485
MSFT,2019-11-29,0.1706101464255437,0.17349367021506473,0.1727306146403373,0.17720620756884542,0.17336065554071,0.02922264307418175
MSFT,2019-12-02,0.16608748032568635,0.1687099769646329,0.17150037380118222,0.16942964887466078,0.1725993583730111,0.18023156311459138
MSFT,2019-12-03,0.16549434117202153,0.1680825936264131,0.1652182852722494,0.16504215058693,0.161259010712636,0.14744618490037933
MSFT,2019-12-04,0.16682898405511662,0.16949419616564632,0.16718143044873635,0.17174157817085905,0.16821547073127624,0.08396338881342241
MSFT,2019-12-05,0.1670265375316399,0.1697032840580075,0.16754792255769319,0.17247719750441043,0.16797922266776533,0.08684252475968895
MSFT,2019-12-06,0.17152454934060643,0.17446085129365552,0.17160505730353354,0.1745527264076958,0.1704468092572069,0.07250943494023152
MSFT,2019-12-09,0.1705606782690637,0.17344137829845174,0.1724950468048287,0.17623414775413415,0.17065682088775758,0.07528588431232758
MSFT,2019-12-10,0.16999227319363883,0.17284016086206117,0.1716574190248546,0.1758400401972871,0.17123430280224328,0.07321943925306765
MSFT,2019-12-11,0.17140083905573186,0.17433014144564574,0.17160505730353354,0.1747103533951358,0.1718905741268555,0.0964999525685824
MSFT,2019-12-12,0.17520697486644646,0.1783557813968934,0.17571459371098586,0.17652314392718982,0.1721793351119098,0.15278686472461905
MSFT,2019-12-13,0.1783949182958595,0.18172787210809194,0.17950999973080245,0.18127841179344917,0.17572321628706483,0.14528878887542554
MSFT,2019-12-16,0.18086633143612982,0.18434190952010637,0.1821536875233002,0.18650660071027553,0.1812621478690168,0.1482109553861064
MSFT,2019-12-17,0.1787904241856519,0.1821461276669052,0.18165639096176783,0.18553450080731715,0.1821546672571399,0.16074262930440114
MSFT,2019-12-18,0.17799953208709082,0.18130961654927874,0.1810543310173024,0.18482513927559013,0.17913583518617293,0.14806426028014852
MSFT,2019-12-19,0.18131118580137848,0.18481245699553261,0.1818134361854402,0.18369545247343882,0.17834830158551368,0.15617845557436513
MSFT,2019-12-20,0.18551254824616334,0.18925631261854803,0.1889331125540562,0.19036858216729652,0.1871423533575664,0.43508105882571546
MSFT,2019-12-23,0.18551254824616334,0.18925631261854803,0.18796460044092483,0.19294328992297322,0.18916364019732357,0.08536677199375273
MSFT,2019-12-24,0.185438385905118,0.18917789468715124,0.18689144476573305,0.19254918236612617,0.18748358720854125,0.0
MSFT,2019-12-26,0.18862648890922937,0.19254998539834983,0.1895612934487459,0.19328480169967754,0.18769359883909187,0.05409528727302598
MSFT,2019-12-27,0.1893432585604196,0.19330807858457943,0.19170768467971122,0.1954391440966829,0.1926550084509353,0.09215973336697542
MSFT,2019-12-30,0.18595744250508658,0.18972682020692877,0.1903203986168837,0.19152456685951919,0.19144749164479763,0.07197057491767958
MSFT,2019-12-31,0.1862293178973536,0.1900143659177322,0.18704848998940543,0.19078894752596787,0.18561979907779136,0.09173529552707063
MSFT,2020-01-02,0.19344568469224452,0.1976473503743688,0.1947963472527111,0.19572814026973856,0.1908962061076493,0.1333253140008743
MSFT,2020-01-03,0.18850289830537856,0.19241927555034,0.19275467946438796,0.19501877873801154,0.18968868930151161,0.1185981033300767
MSFT,2020-01-06,0.18951623753340122,0.19349104046215682,0.1905298055618772,0.19094657451340785,0.18643356911141085,0.11563975202659288
MSFT,2020-01-07,0.1859327084268466,0.18970069419214503,0.1920217751270561,0.1930746591085889,0.19231377459996046,0.1236629963551156
MSFT,2020-01-08,0.192135815781064,0.19626191373696483,0.1949795933071895,0.19472978256495588,0.19128995288016748,0.18344027406557661
MSFT,2020-01-09,0.19707864206160455,0.20148998856099365,0.19869647671516988,0.2028216353222676,0.1989289607120031,0.12122687962884182
MSFT,2020-01-10,0.19522510215323916,0.19952946050198284,0.20131400361715251,0.2032157027908676,0.20150157314453138,0.11478109667305278
MSFT,2020-01-13,0.20001964364536348,0.20460069946321807,0.20154957145266117,0.20342588547020324,0.19871894908145243,0.1235886708347636
MSFT,2020-01-14,0.19717757837456454,0.20159457239421968,0.202308676620799,0.20463442585432162,0.20299785093572337,0.14168986894259233
MSFT,2020-01-15,0.19977238265031275,0.20433927976719846,0.2031986261818033,0.206867581745047,0.20097652404034339,0.1215486308945761
MSFT,2020-01-16,0.2071619278865582,0.2121552659884579,0.20921894604442143,0.21070330540024368,0.2055179504467083,0.14548438235003602
MSFT,2020-01-17,0.20946028226649768,0.21458634152289496,0.2124384929505786,0.21438140206800033,0.21357694148402234,0.24823256846505087
MSFT,2020-01-21,0.20797747427601007,0.2130179031208681,0.21432311551522937,0.21700862542732569,0.211634363943146,0.20075714234021724
MSFT,2020-01-22,0.20600042355114304,0.2109266652138475,0.2124908546718997,0.21503820790783168,0.213524428562479,0.14815814514796158
MSFT,2020-01-23,0.20852118516686954,0.21359299454247493,0.21068475471908515,0.21396107679757603,0.21034809778250468,0.10456035965728111
MSFT,2020-01-24,0.20436929087856462,0.20920139094902707,0.21259553817425103,0.21180673440057068,0.21381318954753326,0.1557794448861597
MSFT,2020-01-27,0.19754815071774404,0.20198666205120364,0.20173281750713956,0.20064103512343795,0.19711764544717375,0.2258019087967187
MSFT,2020-01-28,0.20540724450380357,0.21029932176267313,0.20796250437446034,0.2081811934247097,0.20402163259989348,0.15560145482426416
MSFT,2020-01-29,0.21178329093732803,0.21704350318507032,0.2157889241898931,0.21506450579790304,0.21467947250269614,0.2519762275690958
MSFT,2020-01-30,0.22349778922220917,0.22943405487735496,0.2296618247584591,0.2284633208775141,0.23098126983053746,0.4166952722123284
MSFT,2020-01-31,0.21719566576768265,0.22276825149930912,0.22534288140601327,0.22528440306214875,0.22615112249474106,0.26555237064181064
MSFT,2020-02-03,0.22745201035296705,0.23361653069139626,0.2308397038762931,0.2274387053709071,0.22147843381232912,0.2065251939064809
MSFT,2020-02-04,0.24163768241607106,0.24862107990864984,0.24691131745685474,0.2429656050456992,0.23909277378939486,0.2683943438279012
MSFT,2020-02-05,0.24109405131256076,0.24804598848704307,0.25622970683746626,0.24848279013558128,0.2571796098934825,0.2953177856080365
MSFT,2020-02-06,0.25031228269790784,0.25779637675252953,0.25523507377411064,0.2528176926431693,0.24914685528912867,0.1834881944668562
MSFT,2020-02-07,0.2509548501143781,0.25847601212031696,0.25997279107625265,0.25917556836214695,0.2540820284680118,0.2399922153797105
MSFT,2020-02-10,0.26284220769121724,0.271049525690179,0.268375030065054,0.26119854157353667,0.25599832952030505,0.262634116000622
MSFT,2020-02-11,0.2523141871820387,0.259913740674334,0.27324363170035326,0.26185534741336797,0.2745576617514145,0.43197503444890073
MSFT,2020-02-12,0.25298148867674897,0.2606195419439506,0.2605486501899121,0.25752044490577997,0.26124850011720274,0.37234836371388974
MSFT,2020-02-13,0.25051007553647864,0.25800550453193616,0.2615432832532677,0.260200183868754,0.2546857868710806,0.257269964959429
MSFT,2020-02-14,0.2545631132991728,0.262292524292158,0.2593969319625932,0.2596221915226426,0.2551320465651422,0.13848311392635318
MSFT,2020-02-18,0.25920925032185715,0.26720688750355415,0.2653910509944054,0.2671097941320187,0.2613272494717064,0.18388720515506163
MSFT,2020-02-19,0.26059707147316824,0.267337597351564,0.26664745272407564,0.269658203997624,0.26775870044178146,0.20545431963298838
MSFT,2020-02-20,0.2535096011408474,0.25986144875772094,0.2642131718765714,0.25555002738628596,0.2648448541582783,0.27259080182566947
MSFT,2020-02-21,0.239061987210447,0.24462160585923143,0.2543974459941366,0.24543520141758457,0.25492203493459153,0.3871127371448634
MSFT,2020-02-24,0.21998040382810927,0.22449352576412956,0.23097058820945043,0.208601518695134,0.21449573736072858,0.5801488270748311
MSFT,2020-02-25,0.21299210917079583,0.21712196100351255,0.2317296534372974,0.22021384113276238,0.23137501660305565,0.5778232206617122
MSFT,2020-02-26,0.21819603955146663,0.22261141563651554,0.22759395613932998,0.22168511988811207,0.219588409248619,0.461765876566826
MSFT,2020-02-27,0.18848323072381026,0.1912690927071264,0.21128677472325974,0.1948085960586759,0.2028141157937558,0.8233086787758587
MSFT,2020-02-28,0.19797453431166187,0.20128086078158702,0.2025966061776287,0.17909781159461946,0.1741744255743295,0.8608411106188675
MSFT,2020-03-02,0.224688814876814,0.22946018089213877,0.22670400657832568,0.20618447801514428,0.2080380099020704,0.6067466057197399
MSFT,2020-03-03,0.20416986239933607,0.20781595431162309,0.2321484673272844,0.2060531088295286,0.23032499850592525,0.6130662308844053
MSFT,2020-03-04,0.2191379292083154,0.22360476261693557,0.22089309366070103,0.2148805809203917,0.21638580198006158,0.3992571359834293
MSFT,2020-03-05,0.20853135805388764,0.21241668568447752,0.22133806844120313,0.21506450579790304,0.20998058744294673,0.3797261495761978
MSFT,2020-03-06,0.19688412050434942,0.2001307178254189,0.2010260740603228,0.18960670503192084,0.2009502876073831,0.6242551555994988
MSFT,2020-03-09,0.16974852284195116,0.17150697625422467,0.18699612826808437,0.17384336487596874,0.1704730456901672,0.600766335233524
MSFT,2020-03-10,0.19527341339315632,0.19843156957538222,0.19558161331136403,0.18062160595361781,0.18926866604041032,0.5512332657557878
MSFT,2020-03-11,0.177207762327689,0.17937525439209717,0.18686524393492704,0.1768646557038941,0.18656483138745789,0.4633844125692278
MSFT,2020-03-12,0.14110135384969272,0.14128871015326538,0.17579311632282207,0.1438404789230629,0.15551006750013335,0.8238123319729806
MSFT,2020-03-13,0.19009405751602712,0.19296824095716303,0.19788504976600185,0.1494889931103136,0.16128524714559622,0.8189322747814487
MSFT,2020-03-16,0.13208087540924177,0.13177361556901473,0.16500891826754677,0.13443501448608852,0.14159710740722997,0.7717795778897224
MSFT,2020-03-17,0.1597121120846298,0.1609201566452027,0.16016647752276258,0.13443501448608852,0.14159710740722997,0.7048269535631752
MSFT,2020-03-18,0.14442194374708642,0.14479151071247376,0.15624018716978866,0.13448757017798418,0.13634693681033228,0.7100434315310372
MSFT,2020-03-19,0.1501464865810345,0.15082997063934522,0.16710290783690018,0.1449439079233899,0.14886860489950765,0.7523845289473452
MSFT,2020-03-20,0.13686368816103942,0.13681872851546617,0.1591194827380859,0.1366944281786382,0.157347619197923,0.7420523036510456
MSFT,2020-03-23,0.13346861677320374,0.1332374701378155,0.1420270352633627,0.1279195117796708,0.13374808794484372,0.6844402457045228
MSFT,2020-03-24,0.16409846149844512,0.16554697414579544,0.1656632999930424,0.15090771617376764,0.1514411772764131,0.7190749602211771
MSFT,2020-03-25,0.16057940057001277,0.16183504580718044,0.17804419105613872,0.15923600941223937,0.16498662702975858,0.6518054744657609
MSFT,2020-03-26,0.18335354247153404,0.1858580560055202,0.18414303353059314,0.1695609779720294,0.16364780789195105,0.543543508301476
MSFT,2020-03-27,0.16746875891436627,0.16910206662161686,0.17950999973080245,0.17174157817085905,0.17244185966400383,0.46994363974029096
MSFT,2020-03-30,0.19356349071328113,0.19662787737916504,0.19445609591485113,0.1738696226777931,0.17425317492883313,0.5323183987935795
MSFT,2020-03-31,0.18731861468177782,0.19004053181956143,0.20539733919379888,0.19107794369902353,0.19252374617488827,0.6741911476349326
MSFT,2020-04-01,0.17344100157378553,0.17540190635746256,0.18699612826808437,0.17599770727297415,0.17572321628706483,0.47901526509272596
MSFT,2020-04-02,0.18124703677265278,0.18363610825048976,0.1810543310173024,0.17478916688885576,0.1727306206490581,0.39746060991913185
MSFT,2020-04-03,0.17770336144700424,0.17989805389709096,0.18602765609524385,0.17959699044701083,0.18123591143605655,0.31543457447172646
MSFT,2020-04-06,0.2060532427762878,0.20980264827246314,0.20989948866043223,0.19375772275024455,0.1949388598984093,0.5684190864024394
MSFT,2020-04-07,0.20164223907158166,0.2051496648700411,0.21906083281737138,0.20868033218885396,0.21927337177498157,0.5259488972928885
MSFT,2020-04-08,0.20570628748846,0.20943668463026294,0.21034446344093433,0.209310880226861,0.20898304221173686,0.3846247881478178
MSFT,2020-04-09,0.20573114124772376,0.20946281064504668,0.21217672428426398,0.2088642570663653,0.21079435747656622,0.4146180695119649
MSFT,2020-04-13,0.20664793778326132,0.21042999172363747,0.207465207812928,0.20615822021331998,0.2055179504467083,0.321908718481334
MSFT,2020-04-14,0.22694392451350812,0.23183896450996277,0.22887655869980617,0.22113338534382504,0.21772458106224624,0.4291819596314628
MSFT,2020-04-15,0.22243370524011993,0.2270814371613602,0.2284054230287889,0.22439115674115745,0.2234997607077091,0.31247622316824264
MSFT,2020-04-16,0.2352208646471252,0.24056983989320002,0.23811642546858153,0.23400676376922047,0.23163754115514967,0.40576257494897455
MSFT,2020-04-17,0.23908688086338528,0.24464777176106067,0.24523610183719746,0.24180962035347653,0.24528797669595903,0.4281189090969547
MSFT,2020-04-20,0.23031430171677844,0.2353940569857842,0.24196419320971924,0.2394976910572782,0.2377539947072102,0.27070528073042427
MSFT,2020-04-21,0.21237252051088398,0.216468451650509,0.22866715175481261,0.21616793479823004,0.229537464905266,0.46174240534987265
MSFT,2020-04-22,0.22649791323169663,0.23136845692158203,0.2295309404253018,0.22854217445948116,0.22399853332331404,0.25066281738708635
MSFT,2020-04-23,0.2212937833826529,0.22587896240153355,0.23230551255095683,0.2287786149406411,0.23113876853954474,0.23277188226446388
MSFT,2020-04-24,0.22905039031871474,0.23406091226499326,0.23099674909996554,0.2282531782864255,0.22575733566660006,0.24731230116700847
MSFT,2020-04-27,0.22781129278624027,0.232753893558986,0.23712175246493505,0.23505767716589882,0.23764896886412346,0.2367189585821038
MSFT,2020-04-28,0.21730401698784366,0.22167036057270856,0.2339022055587779,0.22478522420975744,0.2350238835656746,0.2484379416133919
MSFT,2020-04-29,0.2361873288075156,0.2415893128884038,0.2391634202532582,0.2313270248062465,0.2288024442261502,0.41365477164950826
MSFT,2020-04-30,0.24059865166161845,0.24624233617787133,0.2462830966218742,0.2427554223663635,0.24660051934518346,0.4389772808399566
MSFT,2020-05-01,0.2290999781562185,0.23411320418160625,0.24167626365288947,0.2369229833016015,0.23557516910282295,0.29711920150919924
MSFT,2020-05-04,0.2396815758703588,0.24527511521223505,0.24261857493521488,0.23637128884556152,0.2321363137707546,0.20912560915142747
MSFT,2020-05-05,0.24443961465024192,0.2502940622568573,0.25479005905331764,0.25239732728449793,0.24822805941242243,0.2723639133951213
MSFT,2020-05-06,0.24885081782332094,0.2549470456592793,0.25622970683746626,0.25694245255966863,0.2520607015726318,0.22640042482902684
MSFT,2020-05-07,0.25147757693240824,0.25771795882113274,0.2571458572292765,0.2594383067333783,0.2575471202330404,0.1890097982551106
MSFT,2020-05-08,0.2541538041979755,0.2605410841255083,0.25832373634711053,0.26148753774659234,0.2596734329158843,0.21406336641796958
MSFT,2020-05-11,0.2592588780530355,0.2659260346993762,0.2648937144925822,0.2601476682651053,0.2548695220130482,0.21420908355655438
MSFT,2020-05-12,0.24877641612022808,0.2548686277278825,0.26366347365342707,0.258702687399827,0.2644511073857601,0.22541169981487075
MSFT,2020-05-13,0.2419366855070529,0.24765389883005906,0.25583709377828523,0.24356985519363483,0.25329449486735256,0.34935243890393325
MSFT,2020-05-14,0.24386965372150834,0.24969284482046666,0.24704220179001202,0.24131044150108516,0.24014279188652526,0.3216016367261955
MSFT,2020-05-15,0.2503871232314212,0.25656777597791913,0.2637158353747482,0.24477839557775322,0.24413293275574188,0.3679230613508272
MSFT,2020-05-18,0.25472392470140737,0.2611423414489444,0.2614647606414315,0.26306388779748635,0.2616947598112643,0.2569638611716636
MSFT,2020-05-19,0.2515518589544774,0.25779637675252953,0.26251179536639907,0.26182908961154366,0.2598046951919313,0.17417501117327722
MSFT,2020-05-20,0.25786383614662534,0.2631028695079552,0.2605486501899121,0.2630113321055907,0.2592271732218227,0.2178138712936259
MSFT,2020-05-21,0.25232220581062936,0.2572735373604903,0.2626950014805866,0.26130361286908094,0.26077596393455804,0.19686776609758744
MSFT,2020-05-22,0.2525209560973901,0.2574826651398969,0.2569102893937679,0.25933319534958693,0.25497454785613494,0.11576884371983581
MSFT,2020-05-26,0.24770004488636796,0.25241146606570714,0.26225002670008446,0.25555002738628596,0.2632435505239996,0.2648765951870314
MSFT,2020-05-27,0.24829645532134845,0.2530388095168815,0.2504449947506476,0.24372752226932187,0.24712552839374868,0.29855290167809423
MSFT,2020-05-28,0.24727761076623364,0.2519670446050647,0.256098822504309,0.253658423360512,0.24854309688605986,0.24274128166536107
MSFT,2020-05-29,0.2518749578249059,0.2568030297721095,0.25641295289194466,0.25373723685423194,0.2537669909943744,0.3241101230380752
MSFT,2020-06-01,0.25083121961685273,0.25570513884550894,0.2530886825431453,0.256495829399173,0.25326821837876945,0.13332824790299344
MSFT,2020-06-02,0.2560001233512418,0.2611423414489444,0.25832373634711053,0.2562068332261173,0.257757131863591,0.21324969756358986
MSFT,2020-06-03,0.25711830315606243,0.26231865030694174,0.26078421802542073,0.26206553009270367,0.2592534497104058,0.17918122615593296
MSFT,2020-06-04,0.2510549034502264,0.2559403926396993,0.2605224493591061,0.258702687399827,0.25788839413963804,0.19336957680417866
MSFT,2020-06-05,0.261690796455471,0.26712846957215736,0.2654695736062416,0.25794077017620426,0.2534782300093201,0.30223494883763685
MSFT,2020-06-08,0.26457339369964383,0.270160762542985,0.26761596483720695,0.26432494378525334,0.2621935324268692,0.2368871689702688
MSFT,2020-06-09,0.26815193609687593,0.27392498279821303,0.27324363170035326,0.27173369281266235,0.2676012017327742,0.20336538132414828
MSFT,2020-06-10,0.2856466288917452,0.29232778862849446,0.2937127112451969,0.28158578041013244,0.27581773153471834,0.3411453367092767
MSFT,2020-06-11,0.2593797159933402,0.2646974339247658,0.28648831143393877,0.26860733068919274,0.28106790213161603,0.4289902780263445
MSFT,2020-06-12,0.26303277977468886,0.26854007211139064,0.27591352032365696,0.266269063414676,0.2742689007663601,0.33626821341986385
MSFT,2020-06-15,0.2660148718432659,0.2716769090283988,0.27355776208798893,0.263195216894855,0.2586234148187539,0.2325704209856151
MSFT,2020-06-16,0.27752052674171745,0.28377991500988015,0.28601717576292146,0.28276806299242646,0.2804378672399641,0.32827919794939797
MSFT,2020-06-17,0.27918548925034026,0.28553131528948433,0.28795416004889335,0.2886267598590128,0.28605554817641965,0.1633068597565448
MSFT,2020-06-18,0.2843544328784038,0.2909685178929197,0.28839913482939544,0.28944119268628415,0.2833517135234672,0.13762348060544002
MSFT,2020-06-19,0.281446902087618,0.28791005902026284,0.2957281782027141,0.29041325250099553,0.2954008454299979,0.3467080151271993
MSFT,2020-06-22,0.2949157646058572,0.30207817689398103,0.2995759459438518,0.2926726661935452,0.2880505985832166,0.2330466910962916
MSFT,2020-06-23,0.2982456896231027,0.3055809774531894,0.3079258631516229,0.3089614430037129,0.30458864397456886,0.21445064149769832
MSFT,2020-06-24,0.2881315260940237,0.29494182604050895,0.30609360230829324,0.2961668780720375,0.30330237781392755,0.27139963756529156
MSFT,2020-06-25,0.2943441680364659,0.30147691957054495,0.29918333288467075,0.2933032142315522,0.2933270456686974,0.18400162733770875
MSFT,2020-06-26,0.2843791669566438,0.2909946439077035,0.29729871032002003,0.2917531620707295,0.2983934410680047,0.4468000418570035
MSFT,2020-06-29,0.28962275164984785,0.29651026444253575,0.293738872135712,0.2882589501922372,0.2880243621502563,0.17322149298455103
MSFT,2020-06-30,0.3022218123812054,0.30976341338018515,0.30910374226945686,0.2992670224819299,0.29353705729924795,0.2476320964979966
MSFT,2020-07-01,0.3051788911158203,0.3128741242824096,0.31420795168055565,0.3098547294129513,0.3073449915490647,0.22563663231067282
MSFT,2020-07-02,0.3090556786242171,0.31695201626322483,0.31857921681403173,0.31834064963886305,0.3140126905826507,0.1987875160508895
MSFT,2020-07-06,0.32008927167135603,0.328558348754496,0.32671972707680924,0.3264587601979991,0.3222817333061382,0.22403667768835894
MSFT,2020-07-07,0.3140009783125818,0.3221539650724698,0.33598575473609976,0.32619606191501477,0.326534358671826,0.24069244001881607
MSFT,2020-07-08,0.32538240430838916,0.3341262612059413,0.3322950322186345,0.32803511024889304,0.32553685349623895,0.2406855942472047
MSFT,2020-07-09,0.32908513571459075,0.3380211913091791,0.34046174331221796,0.33533878798075784,0.34196987304450444,0.23600797630189463
MSFT,2020-07-10,0.3274696812561225,0.33632204305914254,0.33444142344959976,0.3343141724741508,0.3348558742612341,0.16809694394975594
MSFT,2020-07-13,0.3110685139751831,0.31906942007207467,0.33894357291623317,0.32228148467785106,0.337113449220125,0.2850422824193739
MSFT,2020-07-14,0.31424939622419534,0.32241538476848947,0.3207517689355122,0.310537793054607,0.31519401101145095,0.2797240958447144
MSFT,2020-07-15,0.3134790094743687,0.32160499966564676,0.3272432244691476,0.318419463132583,0.3241980343584314,0.2267925897456209
MSFT,2020-07-16,0.3032406170426456,0.31083517829200197,0.3125065352300925,0.31127341238815825,0.3132776699035348,0.20489883416509458
MSFT,2020-07-17,0.30065610533493925,0.30811659693380705,0.3107789578891141,0.30885637170816865,0.3108363598026763,0.22147146926884226
MSFT,2020-07-20,0.3223256711746718,0.3309110063575363,0.329782228759294,0.31311246072203663,0.31222765180640444,0.27280986651723327
MSFT,2020-07-21,0.3152433072326972,0.32346098377847704,0.33407497128093383,0.32630113321055904,0.3349609001043208,0.2836222737937017
MSFT,2020-07-22,0.32269863713832614,0.3313030960145203,0.329782228759294,0.3272469352234461,0.32325300204876495,0.39721611807586876
MSFT,2020-07-23,0.2998112769883451,0.3072277938995675,0.3261700288536649,0.31085304702948696,0.31797659501890707,0.5717960077415897
MSFT,2020-07-24,0.2967298895637369,0.3039864130363788,0.3050727684141316,0.2986627322457472,0.30020475633283394,0.3015836225671839
MSFT,2020-07-27,0.3030667205151486,0.3106522164144246,0.30797822487294396,0.307463946534786,0.3029611039073299,0.2070523183205562
MSFT,2020-07-28,0.29851920065602755,0.30586852316399277,0.3098890083281098,0.3097759159192313,0.3085787848437854,0.1394796626794937
MSFT,2020-07-29,0.3035886095660124,0.3112011419342022,0.30975812399495256,0.31048523736271133,0.3056649385602823,0.10408897938346981
MSFT,2020-07-30,0.30319098931146726,0.3107828863753889,0.30926082743342015,0.304074846040085,0.30172731061260905,0.15735886219363948
MSFT,2020-07-31,0.3059493975466706,0.3136844694982068,0.31093604305307737,0.3026035672847352,0.31065258460508594,0.41128222280248283
MSFT,2020-08-03,0.33460187239764827,0.3438243176677693,0.34375981283021134,0.33263275112771246,0.32934321916786524,0.6845165271596209
MSFT,2020-08-04,0.3265253580851244,0.33532869607872245,0.3362475234024143,0.3322911992627611,0.3362996791865055,0.3940318563092098
MSFT,2020-08-05,0.3256556360855919,0.33441380691674466,0.33684954340658885,0.3356015263519892,0.33821598023879873,0.19380575025256008
MSFT,2020-08-06,0.3341296509716374,0.34332768406460473,0.340435542481412,0.3355489706600934,0.33149576828366945,0.23146140598457354
MSFT,2020-08-07,0.324512562627833,0.33321133215691806,0.3386818042499185,0.3339200649173038,0.33808475801837456,0.1841629919542624
MSFT,2020-08-10,0.3140009783125818,0.3221539650724698,0.32868287225329623,0.321887417209251,0.3297369659403834,0.2711639474283859
MSFT,2020-08-11,0.3018987534044514,0.3094236156398142,0.3176107047009003,0.31345401258698796,0.3178978456644034,0.2685234355211441
MSFT,2020-08-12,0.31633683274662705,0.3246111666216907,0.3244948132340077,0.31768384379903164,0.3129889089184805,0.18604753508213456
MSFT,2020-08-13,0.3151191980110769,0.32333027393046726,0.32729558619046867,0.326616387185439,0.32388303694041687,0.13300062883302086
MSFT,2020-08-14,0.3156161934090025,0.32385307343546105,0.32268871328119314,0.32493496583900067,0.3220979581085478,0.08772073946069012
MSFT,2020-08-17,0.31904541378227913,0.3274604578278955,0.3268767723004817,0.3286393603968288,0.3243030602015182,0.10948931521746572
MSFT,2020-08-18,0.32205247929114367,0.3306234606467329,0.32993927398296646,0.3294012776204514,0.3267443703023767,0.12074963155079219
MSFT,2020-08-19,0.31886385766926273,0.32594431134248164,0.32925873136695566,0.3295063489159958,0.32926446981336155,0.1822774708590172
MSFT,2020-08-20,0.331020218293799,0.3387008266769665,0.33684954340658885,0.3286131025950045,0.32414552143688813,0.175958823661725
MSFT,2020-08-21,0.3271340956655503,0.3346229346961513,0.34012145203406713,0.3389643690448659,0.335485909152886,0.2665948838614846
MSFT,2020-08-24,0.3288032071163294,0.3363743349757555,0.3382106685789013,0.3378608999562918,0.33792721925374447,0.16108002804810426
MSFT,2020-08-25,0.33572823040575794,0.343641355790192,0.3410637633163925,0.3396211748846972,0.3334908587460891,0.13744842444566363
MSFT,2020-08-26,0.3473864387158059,0.3558750317326376,0.35540779955597585,0.3508131319636542,0.3460387632682248,0.29937146036933915
MSFT,2020-08-27,0.36091274812544105,0.3700692756211395,0.37912258689749173,0.3561726499778492,0.3591904261934292,0.47541927906201187
MSFT,2020-08-28,0.366716838946503,0.37615998757757857,0.37778766255598534,0.3750361345436937,0.37307710979774955,0.16922454033088546
MSFT,2020-08-31,0.358297199138911,0.36732452836111523,0.3727096539756925,0.36907232629331604,0.3699795283722789,0.19349084475843714
MSFT,2020-09-01,0.3626314873073986,0.37187296781735674,0.3694377453482142,0.369387580268196,0.3660681368575659,0.16367555345618556
MSFT,2020-09-02,0.37354240730520205,0.3833224245587889,0.38359857547361004,0.3770591077550834,0.37252586431622403,0.24538766137684115
MSFT,2020-09-03,0.3377957599845739,0.34581101162860933,0.37430634698351356,0.34450781193657226,0.3759384832153321,0.48322443666634396
MSFT,2020-09-04,0.3301981293417159,0.3378381895445563,0.34564443539486206,0.3188398284912543,0.3387410293429868,0.49558398832698136
MSFT,2020-09-08,0.30132691747301255,0.3075415055122002,0.323840431508512,0.3109844162151026,0.3161652797540777,0.42967094331798905
MSFT,2020-09-09,0.3228246213626518,0.3301006212546937,0.33643072951660186,0.32280692133206673,0.3190528896046205,0.3588142732382162
MSFT,2020-09-10,0.30807764529819837,0.3146255245620138,0.33616900079057815,0.3160024224525933,0.33427835229112557,0.258890456896577
MSFT,2020-09-11,0.3047396617586875,0.31112272400280544,0.3201759098218528,0.3084623042395686,0.31800283145186725,0.24088216568918824
MSFT,2020-09-14,0.30817737948464996,0.3147301083952398,0.3216678793870316,0.3157922397732577,0.3102326013996075,0.209153970205246
MSFT,2020-09-15,0.316572085745629,0.3235394017098739,0.3231860497830164,0.32341117148000237,0.32120543872042473,0.12551917842916924
MSFT,2020-09-16,0.3072805696800772,0.31378905333143287,0.32546328540684816,0.317394847625976,0.32698061836588754,0.16956878484619997
MSFT,2020-09-17,0.30194969762689083,0.3081950148652038,0.3089205361552693,0.30509946154669193,0.2992334875902072,0.24470797405256967
MSFT,2020-09-18,0.2956723082506043,0.30160762941855473,0.30714059709296987,0.29535244524476617,0.3064524721609415,0.45217397257192704
MSFT,2020-09-21,0.3010279542757053,0.3072277938995675,0.3046801553549506,0.2956939971097176,0.2917257420344187,0.3017078244235616
MSFT,2020-09-22,0.31318431490024157,0.31998430923405247,0.3187886237590252,0.3106691622402226,0.3123851505154117,0.23987485929494418
MSFT,2020-09-23,0.29617054035244184,0.3021304289235485,0.3187886237590252,0.3052833463359563,0.3198403831496569,0.21333967056191072
MSFT,2020-09-24,0.3026471986332586,0.3089269421496042,0.3121662838922325,0.30310274613712657,0.29870847854164206,0.21723882647827103
MSFT,2020-09-25,0.31418069931656745,0.3210299481310855,0.3212490654970445,0.3118776625360939,0.30842128613477815,0.19997574640914828
MSFT,2020-09-28,0.3182161439687715,0.3252646759746943,0.3304889722061108,0.326379946704279,0.32766316617908287,0.22508603667964427
MSFT,2020-09-29,0.3127856973038319,0.3195660536752392,0.3239451549511542,0.3230959175051224,0.323646788876906,0.1489708360349682
MSFT,2020-09-30,0.3204332748272649,0.3275911676759053,0.32894460097931993,0.32238655597339533,0.31939412345559537,0.242926117498868
MSFT,2020-10-01,0.3257392133338384,0.33315908012735057,0.33420585561409116,0.3349447205121578,0.33451464041025925,0.17768884794465484
MSFT,2020-10-02,0.3101202413304014,0.31676905438564745,0.3263532749081433,0.31975933261407,0.32010290770175087,0.236331683502375
MSFT,2020-10-05,0.320557782985631,0.3277218775239151,0.3248351045121585,0.323542540665618,0.31805534437341065,0.12070464505163178
MSFT,2020-10-06,0.30942286000505725,0.31603712710124704,0.32423304456769314,0.31786776867654304,0.3222554968731779,0.1913402945050947
MSFT,2020-10-07,0.3191877943068575,0.32628414896989805,0.3240498384535056,0.3228594770239624,0.3176353211123094,0.1632413359425503
MSFT,2020-10-08,0.32105597519379403,0.32824467702890886,0.3268767723004817,0.32706305043418177,0.3266918573808333,0.10695637972125974
MSFT,2020-10-09,0.33408417218261544,0.3419160815253715,0.3391006181399056,0.33470823994275073,0.3285819220001662,0.17083916446379516
MSFT,2020-10-12,0.3480090592949858,0.3565285410856412,0.3600408333557665,0.3493681510983759,0.34842756044753986,0.307787847581829
MSFT,2020-10-13,0.35164604592547843,0.3603450532574823,0.3635745106495593,0.3588786868308946,0.3587441664993677,0.1952179351392479
MSFT,2020-10-14,0.34666400416282517,0.3551169784334534,0.36098314463809184,0.3554633285343693,0.3594791871784835,0.1411451411158021
MSFT,2020-10-15,0.3436746115517999,0.35198014151644524,0.35087948919882733,0.34726636439326614,0.3439911999398845,0.13441085778496256
MSFT,2020-10-16,0.3436746115517999,0.35198014151644524,0.3559312969483142,0.35596250738676066,0.3519976780556552,0.16692631700421212
MSFT,2020-10-19,0.3301234084892263,0.33775977161315957,0.35595749777912017,0.34125004053923985,0.3527064623018108,0.18225986744630224
MSFT,2020-10-20,0.3311944738643672,0.3388837885545439,0.3430530693833946,0.3395948769946258,0.34057858104077643,0.13461036312906527
MSFT,2020-10-21,0.3315681978078385,0.3392759180985733,0.3418751902655606,0.3396736904883458,0.33354333161200966,0.13433066446037226
MSFT,2020-10-22,0.3317923603653071,0.33951117189276375,0.339624115532244,0.33594303812869347,0.3356696442948536,0.13067893428939423
MSFT,2020-10-23,0.3351303837984926,0.3430139724519721,0.3401999746459034,0.3397788018721372,0.3385572541453964,0.09672488506438448
MSFT,2020-10-26,0.31981061435441027,0.3269376583229017,0.34035701986957584,0.32648505808807043,0.3354596727199257,0.2750278965193163
MSFT,2020-10-27,0.3277071683009011,0.3352241521325419,0.33598575473609976,0.3323437549546568,0.3295269543098328,0.2710055167139514
MSFT,2020-10-28,0.3013767047788892,0.3075937575417677,0.32072556810470615,0.3107217179321183,0.3192366247465881,0.41276482134003045
MSFT,2020-10-29,0.30645856051534326,0.31292641619902256,0.31685163947305334,0.3140582627349236,0.309786341705546,0.21948912940366483
MSFT,2020-10-30,0.30085365881146253,0.3070448320219901,0.3088158127126271,0.30420617513745357,0.30829002385873117,0.2734836860372664
MSFT,2020-11-02,0.3005049083082786,0.30667886837979,0.3114071787240947,0.3055197868171163,0.3103638236200317,0.21371521003316285
MSFT,2020-11-03,0.31071812783134134,0.3173963978368218,0.31884094554005543,0.3134014568950923,0.30931380552290133,0.18114694057576852
MSFT,2020-11-04,0.3355289216075531,0.3434322280107854,0.3455397518925108,0.3378346421544675,0.33590593241398736,0.3258841558527924
MSFT,2020-11-05,0.3527171511942939,0.3614690701988666,0.3607213759717773,0.3607702908566686,0.3569590876674985,0.26494016306627977
MSFT,2020-11-06,0.3537883362504586,0.36259312702729646,0.36134959680675777,0.3525733668038125,0.35753660963760714,0.15884830650279844
MSFT,2020-11-09,0.34051104315755565,0.34866030283481414,0.3711914835797077,0.3521792993352126,0.3632593164171495,0.3462571721682221
MSFT,2020-11-10,0.322127120356284,0.3293686939702933,0.34077583375956283,0.3307411471019384,0.3371659621416684,0.3428352643299114
MSFT,2020-11-11,0.3359275790976374,0.3438504835695985,0.3448068076148881,0.33725664980835607,0.33162703055971643,0.20000997526720515
MSFT,2020-11-12,0.33316254851245364,0.3409489004467808,0.34760758057134905,0.34319420025690955,0.34427996092493873,0.1232698534711485
MSFT,2020-11-13,0.33582788480486037,0.34374589973637254,0.3431839537165519,0.3424060252314625,0.34204862239900813,0.09419683940504375
MSFT,2020-11-16,0.33762142462665656,0.3456280098639865,0.344021581496526,0.3433518272443495,0.33813723088429515,0.15612368940147417
MSFT,2020-11-17,0.33072125509649175,0.33838715495137933,0.3438644963325627,0.3421958425521268,0.3413661146414356,0.1483077741560386
MSFT,2020-11-18,0.3236781066366299,0.3295516957349161,0.33729451818709105,0.3339200649173038,0.33493462361573767,0.1895652837230044
MSFT,2020-11-19,0.32702486678454845,0.3330544962941245,0.33169301221445985,0.3312928415579784,0.3289757088283073,0.15455307380035185
MSFT,2020-11-20,0.3219548195757702,0.3277480035386989,0.33237355483047065,0.3314767664354898,0.3311282579441115,0.13548662189532032
MSFT,2020-11-23,0.3212554435666971,0.32701607625429846,0.32975602792848807,0.32664268507551036,0.32784690132105043,0.16326480715950353
MSFT,2020-11-24,0.3306213214416672,0.3368187165493525,0.33488639823010197,0.32848173340938874,0.3242767837129351,0.24439893636268506
MSFT,2020-11-25,0.33064625498828015,0.3368448425641363,0.3376086086344359,0.33793975353825884,0.33876726577594707,0.11758786303371346
MSFT,2020-11-27,0.33404296201677364,0.34039993503995775,0.3401738137553883,0.3420907311683355,0.33808475801837456,0.05401313801368959
MSFT,2020-11-30,0.33114596315607714,0.33736768195617556,0.33622132257160836,0.3336836244361438,0.33611594404453793,0.23545151286662774
MSFT,2020-12-01,0.3364905985269939,0.3429617204224045,0.3429222249905282,0.3402779807245285,0.3371921985746287,0.2143244837065746
MSFT,2020-12-02,0.3343926699681474,0.34076589868215795,0.338079784245744,0.33883299985925014,0.33816350737287826,0.14410642632140505
MSFT,2020-12-03,0.33157039195994054,0.3378120635297725,0.34046174331221796,0.34106611566172845,0.33745472312672264,0.15776276271871018
MSFT,2020-12-04,0.3318702328180886,0.33812573525535977,0.3378442164102354,0.3398313174757858,0.3364309414625525,0.15331398913869435
MSFT,2020-12-07,0.33169533894872705,0.33794273349073684,0.3382629903599315,0.3393321787116415,0.3368246882350707,0.1528641241470902
MSFT,2020-12-08,0.33599104993389517,0.3424388810303653,0.3419537128773968,0.33906944034041014,0.33577467013794027,0.13979945801048185
MSFT,2020-12-09,0.32547635391202656,0.3314338058625301,0.3374515634107635,0.3346557243391021,0.33889852805199405,0.22934704052403404
MSFT,2020-12-10,0.32227947429950743,0.3280878411661153,0.3318238965476172,0.33242256844837675,0.32999949049247745,0.17353150864180866
MSFT,2020-12-11,0.32912275544972025,0.3352502781473257,0.3324521173825978,0.32913853924922004,0.32548434057469566,0.21505698126899092
MSFT,2020-12-14,0.33147061787981436,0.3377074796965465,0.34001676853171586,0.33904318253858584,0.3334908587460891,0.1937275128627159
MSFT,2020-12-15,0.3312957639041274,0.33752451781896914,0.33794889991258664,0.3373617611921475,0.33892476448495434,0.17614561542997803
MSFT,2020-12-16,0.3441581228877172,0.35098679453602516,0.35022510747333163,0.34387726389856516,0.3378222334662806,0.25460500386786095
MSFT,2020-12-17,0.3445079904137893,0.35135275817822537,0.3522667752616549,0.35228437063075685,0.3512626573765393,0.23008247198856951
MSFT,2020-12-18,0.3424349555078813,0.3491831023398079,0.34912575096733384,0.3472926622833375,0.34790255139897464,0.5316788081316031
MSFT,2020-12-21,0.35242512949636373,0.35963925198786556,0.3604072855244324,0.3506029492843185,0.3451724803130619,0.27571540758257224
MSFT,2020-12-22,0.35579678329722053,0.3631682184489033,0.3646738671555571,0.36260937927879394,0.358665417144864,0.1332284952309421
MSFT,2020-12-23,0.34850394032815857,0.35553523399226666,0.35925556729711355,0.3598507867338529,0.35976794816353774,0.09496454379288999
MSFT,2020-12-24,0.35282478432831244,0.3600575075466788,0.3593864516302708,0.36090166004228424,0.35533154760025953,0.015269982562841733
MSFT,2020-12-28,0.3583444332496144,0.3658345477775307,0.36572086194023384,0.36568322579861495,0.36328555285010977,0.08747233574793478
MSFT,2020-12-29,0.35632142501163044,0.36371714396868077,0.36873100190139746,0.3671544644657177,0.3681682131074495,0.08228617476863737
MSFT,2020-12-30,0.350152386855505,0.3572604683700416,0.3646738671555571,0.3616110215740113,0.36533311617845,0.11034503666888665
MSFT,2020-12-31,0.352000541117802,0.3591948704142686,0.3577897586224498,0.35690826931140057,0.35606656827937544,0.11689546213359228
MSFT,2021-01-04,0.3401870666262863,0.3468304846238132,0.3577897586224498,0.34411370437972516,0.35824539388376275,0.275208820483331
MSFT,2021-01-05,0.3407114689786487,0.3473794101435907,0.34606324928484916,0.3464519315659948,0.3444111831453629,0.14506972418386177
MSFT,2021-01-06,0.32660023851231224,0.33261011472052754,0.3407496728690477,0.33657358616670047,0.3310495085896078,0.2634790798109393
MSFT,2021-01-07,0.34168567251190785,0.3483988831387946,0.3482096005755236,0.34122378273741555,0.33595840527990783,0.18293173103158933
MSFT,2021-01-08,0.34500729964484056,0.35187555768321915,0.35145534831248676,0.3499461434444872,0.3481387994624856,0.1365927029942427
MSFT,2021-01-11,0.3396875579268621,0.34630768511881943,0.3470840831790107,0.3491579684190402,0.3475875539809601,0.13732715649140512
MSFT,2021-01-12,0.3332936391271256,0.3396157158389443,0.3423463658768687,0.3401991672308085,0.3424161327385661,0.13945912536465957
MSFT,2021-01-13,0.33681545271910396,0.3433015181627755,0.34145637637557363,0.3418017349952798,0.33590593241398736,0.10853384109399342
MSFT,2021-01-14,0.3285234327764954,0.3346229346961513,0.34328867715919414,0.3386753728718102,0.3408673420258307,0.20040116221642612
MSFT,2021-01-15,0.32759933569850963,0.3336557137305151,0.33556694084611266,0.33681002664786047,0.33459338976476294,0.22255896898767663
MSFT,2021-01-19,0.337065067440955,0.34356293785879516,0.34203223548923306,0.33838637669875454,0.33519714816783175,0.21018181391432417
MSFT,2021-01-20,0.35679584058974334,0.36421381745889087,0.36509264110525336,0.3506292070861428,0.34556622708558005,0.2815382253217268
MSFT,2021-01-21,0.35836928700887816,0.3658606737923144,0.3664276053870506,0.364106875747721,0.363941824174722,0.21241646936174913
MSFT,2021-01-22,0.36081688362542386,0.36842241928771585,0.3762956929908065,0.37298690353047975,0.37018954000282944,0.20716771847057636
MSFT,2021-01-25,0.3697582529091814,0.37778067800917287,0.3755365878226687,0.36883588581215604,0.3755446963871911,0.23630527838330256
MSFT,2021-01-26,0.37675145448846825,0.38509999074022233,0.38705369021527575,0.38423141630133245,0.38273744452496516,0.3929512023619868
MSFT,2021-01-27,0.37817498047852904,0.38658997132380696,0.4034394341834731,0.3843890432887724,0.3988554666552161,0.5954002282575849
MSFT,2021-01-28,0.39323536125048797,0.4023526137272902,0.40919798537977664,0.3973937908997835,0.39258151439414823,0.39238006941612413
MSFT,2021-01-29,0.3758274371978316,0.3841328096616316,0.39710502387351004,0.3875680011923848,0.3935790596253581,0.32775500743744185
MSFT,2021-02-01,0.39503356863221006,0.40423472385490417,0.4088315332111107,0.3904053671427988,0.3911377094688768,0.2378905634950207
MSFT,2021-02-02,0.3946840601492091,0.40386876021270396,0.40833419670928744,0.4068518110286536,0.40751825615122184,0.16554151520396976
MSFT,2021-02-03,0.403400508895681,0.41299176513997066,0.41561091830157587,0.4083493074975805,0.40297686980047975,0.1776859140425357
MSFT,2021-02-04,0.4009279388388479,0.4104038537427401,0.4107685174970826,0.4112655270299616,0.41108837375933716,0.15947616155629815
MSFT,2021-02-05,0.4014023544169608,0.41090052723295006,0.41087320099943386,0.41139689621557723,0.4099595662520803,0.08865861017144747
MSFT,2021-02-08,0.402076796879421,0.4116063285025667,0.4119201957841106,0.4124215117221843,0.41237463991997847,0.12931369183661295
MSFT,2021-02-09,0.40532358347884057,0.4150045851155945,0.4147471296310867,0.41391904827935827,0.4090145339424137,0.14254656836138632
MSFT,2021-02-10,0.4029509071831573,0.4125212575515899,0.41778347042305636,0.41263169440152,0.4172310637443579,0.1290672440586037
MSFT,2021-02-11,0.4071218706479117,0.4168866952432085,0.4157679635252483,0.415941981402501,0.4166535417742494,0.066129175798437
MSFT,2021-02-12,0.40837062244963473,0.41819371394921573,0.4161606165247202,0.4174657757614993,0.4144222032483187,0.07405071152016227
MSFT,2021-02-16,0.4051488491841774,0.4148215833509717,0.4183331686462007,0.41796495461389066,0.4173098130988616,0.17348456620790215
MSFT,2021-02-17,0.4078023370552336,0.41612860205697894,0.4135692505132527,0.4127630635871356,0.4075707690727651,0.12385272202548778
MSFT,2021-02-18,0.40677591270194846,0.4150568371451621,0.4125745775096063,0.4125528809077999,0.40883079880044626,0.07761540259493863
MSFT,2021-02-19,0.3997165275165324,0.40768527238454505,0.41239137139541876,0.41076634817757024,0.41394970712129686,0.15914854248632557
MSFT,2021-02-22,0.38354510790750274,0.39079857315263195,0.3968694160977106,0.3903265536490788,0.397332912375441,0.26852734739063633
MSFT,2021-02-23,0.3804410608757328,0.38755719228944313,0.38875510666573904,0.3806846487309444,0.3787210672227882,0.20771538019948577
MSFT,2021-02-24,0.3836452410307002,0.39090315698585804,0.3897235788385795,0.38139401026267145,0.3778810207005856,0.16968222906147407
MSFT,2021-02-25,0.36972681669361185,0.3763691153569851,0.38812688583075844,0.37845153292846606,0.3833149664950737,0.2987983714887304
MSFT,2021-02-26,0.37821307893775347,0.3852307005882322,0.3901685536190816,0.3828126932378784,0.3818711615698023,0.2819479936510358
MSFT,2021-03-01,0.389628175194907,0.39715070480509057,0.3956653760893614,0.3922969711685728,0.3933427715062243,0.1597490144533798
MSFT,2021-03-02,0.38194297793634446,0.3891255908044245,0.3952204013088593,0.39308514619401985,0.39625661778972754,0.13518736387916624
MSFT,2021-03-03,0.3661470774861424,0.37263102111654084,0.38548319803826075,0.37682262718567633,0.38352497812562436,0.24488596411446523
MSFT,2021-03-04,0.3640692553392846,0.3704613652781235,0.38263010330076946,0.3689409571077003,0.3692970206147064,0.34951184758574083
MSFT,2021-03-05,0.3762604830354044,0.38319175459782456,0.3846717710890926,0.37472088056881375,0.3765947545399443,0.32159087908509193
MSFT,2021-03-08,0.3657214917657161,0.3721866395429439,0.38493349981511643,0.37648111540897206,0.3814511383087009,0.2569922222254821
MSFT,2021-03-09,0.38171777814333685,0.3888903370102342,0.39019475444988766,0.38840869182148047,0.3854150427449573,0.235605053744197
MSFT,2021-03-10,0.37831317216727633,0.38533524453441276,0.3944351352502064,0.38938075163619174,0.39623038135676725,0.2030025554287458
MSFT,2021-03-11,0.39010378758325737,0.39764737829530067,0.40011516383467377,0.3953445598865695,0.3908752249724057,0.20457512696461422
MSFT,2021-03-12,0.3866493145139711,0.3940399939028662,0.3913464726772065,0.3925071538479085,0.388381361894381,0.13363435169075888
MSFT,2021-03-15,0.3842961861188323,0.3915827923536454,0.3896974179480644,0.3887765014882561,0.3908752249724057,0.16670138450841004
MSFT,2021-03-16,0.3915556779759449,0.39916352478071443,0.4024447611798266,0.39962694679050886,0.3943403167374342,0.18682110727421913
MSFT,2021-03-17,0.3898784681092259,0.3974120846140648,0.3984923099363376,0.3925071538479085,0.39399904283083653,0.2011962496907178
MSFT,2021-03-18,0.3740575543250617,0.38089138891139734,0.3870798910460818,0.38488822214116375,0.3845749962227547,0.25274393195694206
MSFT,2021-03-19,0.3731313827759978,0.3799242078328065,0.3825777415794484,0.3823135544737341,0.38053238248761756,0.36616565398145184
MSFT,2021-03-22,0.3872500334658062,0.39466737724108597,0.39417336658389174,0.3843890432887724,0.3785635685137809,0.2067207873810914
MSFT,2021-03-23,0.3912303051660653,0.398823687153298,0.40503612719129417,0.4025957220147856,0.3975166875730314,0.22150178625740685
MSFT,2021-03-24,0.3859232895302781,0.393281940603682,0.397052662152189,0.3979980811359662,0.39846171988269785,0.16264477584498827
MSFT,2021-03-25,0.37811290592088154,0.38512611675500613,0.39427809002653397,0.38814599353849616,0.39176774436052875,0.24520282554333422
MSFT,2021-03-26,0.3884766043844624,0.39594823004526397,0.39367607002235944,0.3880934378466005,0.3819236744913457,0.16127366558796866
MSFT,2021-03-29,0.3853724775653433,0.39270684918207516,0.39391163785786804,0.3889604263657675,0.3951540867710537,0.15880527593838414
MSFT,2021-03-30,0.37688633500222535,0.38384526395082813,0.3861899414850775,0.3869111953525535,0.38712133216669997,0.1545462280287405
MSFT,2021-03-31,0.386699261394546,0.39409228581947925,0.39993195772048623,0.3903002958472545,0.385493792099461,0.33871215388512205
MSFT,2021-04-01,0.403171160160517,0.4112926567769795,0.409721482772115,0.40517038968221525,0.4000892599499368,0.20878429853823216
MSFT,2021-04-05,0.41999348496400424,0.42885899137668,0.428358301473629,0.4173869622677793,0.4113508582558083,0.2730621820994808
MSFT,2021-04-06,0.4169644779341204,0.4256959885578426,0.42689245285867444,0.4283687767556477,0.4240825379755343,0.13635505692259095
MSFT,2021-04-07,0.42207122732351277,0.431028607328052,0.4308972658234846,0.42918320958291906,0.42460754702409953,0.1342807881243466
MSFT,2021-04-08,0.4304572367634334,0.43978564861311836,0.43929954475257665,0.4418201475271544,0.4376279877288798,0.1431353047199639
MSFT,2021-04-09,0.436965969558613,0.44658216183917404,0.4441419854973609,0.4429761322193771,0.43789047222535094,0.14999672380930026
MSFT,2021-04-12,0.4371161692434091,0.4467389977019676,0.4485394514616429,0.4487034599003478,0.4427206596167702,0.17759398510946878
MSFT,2021-04-13,0.4435747157959663,0.4534831791243648,0.4525180635956471,0.4545096010750385,0.4494146351389393,0.14521152945295437
MSFT,2021-04-14,0.4363149446831316,0.44590248658434123,0.4515757123730308,0.45012218296380185,0.44999215710904783,0.13771443157113392
MSFT,2021-04-15,0.44610313699721227,0.45612338243820855,0.45445500794132804,0.45687416623962657,0.45117339742660245,0.16271714543059412
MSFT,2021-04-16,0.4492071840289823,0.45936476330139725,0.457255780897789,0.45653261437467524,0.4552160512173624,0.15539314777380397
MSFT,2021-04-19,0.4442004879754381,0.4541366884773685,0.4585122225677501,0.45711060672078657,0.45710611583669547,0.13906793841543857
MSFT,2021-04-20,0.44299905007176776,0.45288200157501973,0.45516179132843565,0.4545358989651099,0.450884676497171,0.10497208392133622
MSFT,2021-04-21,0.4488066515361927,0.458946507742584,0.45641815311781503,0.4556130701636126,0.4538247592136344,0.14709802851557266
MSFT,2021-04-22,0.4402704025178015,0.4500327103688149,0.4592974486861123,0.4513832389515689,0.45715858870261594,0.16250883838013397
MSFT,2021-04-23,0.4502334887012437,0.46043652821321407,0.45859074517958637,0.4556655857672612,0.4510421752061783,0.12198578231033055
MSFT,2021-04-26,0.45123481993321757,0.46148212722320164,0.46102502602709056,0.46328459765049995,0.46096499442986505,0.10536718274004941
MSFT,2021-04-27,0.45228641719516305,0.4625800580368477,0.46298817120357755,0.46315318837663727,0.46075494274369155,0.21539731391481315
MSFT,2021-04-28,0.4337365766013106,0.44321003124093,0.4455816332815095,0.4443160017008641,0.446316973602223,0.37078557185175187
MSFT,2021-04-29,0.42860481387795624,0.43785124656889135,0.44442991505419055,0.4339384774491784,0.44468947359060684,0.30903573394984396
MSFT,2021-04-30,0.4277788153457641,0.43698860943648116,0.43652497262692164,0.4355148275000725,0.42967398247902966,0.2147215384600339
MSFT,2021-05-03,0.42697775036018504,0.4361521382059002,0.439849242975721,0.4395081781427091,0.43928176422907905,0.10403030134108665
MSFT,2021-05-04,0.41678910534066393,0.42551298679321975,0.4316302101011073,0.4254262593331954,0.4329028261805473,0.23243252758601468
MSFT,2021-05-05,0.41348475216882463,0.4220624781506243,0.427154221524989,0.4255839264088824,0.4278889036471606,0.12627612517591189
MSFT,2021-05-06,0.4216455618157374,0.43058422575445493,0.42809653280731436,0.42261515118460563,0.4210374294159842,0.17116287166427552
MSFT,2021-05-07,0.4284796674207967,0.437720576607927,0.43971835864256376,0.43963954732832483,0.436000407606018,0.176461498891474
MSFT,2021-05-10,0.4152621749460902,0.42391842237640914,0.4329912953331288,0.42899928470540766,0.43264030162845324,0.19863201923857415
MSFT,2021-05-11,0.4128840332169894,0.42143509481240454,0.4195634094853558,0.41704545049107505,0.4160497833711805,0.24109242867439457
MSFT,2021-05-12,0.39478499114589816,0.402535615491913,0.4137524965677311,0.4052229453741109,0.409802067543073,0.27085001990163604
MSFT,2021-05-13,0.40487334346752346,0.4130701830713675,0.41694588258337323,0.41402411957490265,0.40883079880044626,0.20180454539675646
MSFT,2021-05-14,0.41769034334311506,0.4264540418570267,0.426316593745015,0.4247169378897154,0.418753618024133,0.14583351670221578
MSFT,2021-05-17,0.4102555187862206,0.41869034755238027,0.41953720865454985,0.4195413046647846,0.4212999539680782,0.15628896588752006
MSFT,2021-05-18,0.4049985697120321,0.4132008929193773,0.41906607298353254,0.417912398921995,0.4205649332889624,0.10932501669879288
MSFT,2021-05-19,0.40650399741600685,0.4133054368655578,0.41074231666627664,0.4066153705474936,0.40229432198728443,0.16381540279053208
MSFT,2021-05-20,0.4149344883030849,0.4220886041654081,0.4230970468388578,0.42043455098577603,0.4145009926584452,0.12529228999862105
MSFT,2021-05-21,0.411647688348061,0.41866422153759647,0.4240917198425042,0.42274652037022137,0.42397755218807043,0.1259025416394058
MSFT,2021-05-24,0.4257237724870919,0.4333289730144792,0.43149932576794997,0.4300239002120147,0.42455503410255613,0.12148604098270072
MSFT,2021-05-25,0.42808228652829905,0.4357861745637,0.43566118395643255,0.4387200432055091,0.43500290243043094,0.08523083452889843
MSFT,2021-05-26,0.42750518463181564,0.43518495712730937,0.4361585204582557,0.4385361183279978,0.43411034298668494,0.08588900657096277
MSFT,2021-05-27,0.4220354028037394,0.4294863348278543,0.4323369136076331,0.4345952832890097,0.43342783522911255,0.15096882337811446
MSFT,2021-05-28,0.42296376850490536,0.43045351590644515,0.43390744572493906,0.43540971611628104,0.4329815755350509,0.09076515189300255
MSFT,2021-06-01,0.41724289588901864,0.42449351379801586,0.43183957710580995,0.4285789594349834,0.4335853339381198,0.13910705711036067
MSFT,2021-06-02,0.41699208435693025,0.42423213398904175,0.42655220152081447,0.425636442012531,0.4254475935463021,0.10187975108774419
MSFT,2021-06-03,0.41300259721784305,0.4200758240768297,0.41888282692905415,0.41817513729322636,0.41780858571446655,0.15958960577157225
MSFT,2021-06-04,0.4257488257147286,0.433355099029263,0.4327818883881353,0.4300239002120147,0.42447628474805255,0.15932946645034027
MSFT,2021-06-07,0.43332627015824887,0.4412495031819192,0.43916866041941943,0.43606652195611245,0.43030397731505876,0.13779560286309728
MSFT,2021-06-08,0.4302150023713798,0.4380081223187305,0.44419434721868195,0.44316001700864144,0.44390193998994765,0.13169113052050357
MSFT,2021-06-09,0.43277422148940203,0.44067441176031236,0.44293790554872087,0.4449991054307669,0.4403580588147925,0.08751243241022993
MSFT,2021-06-10,0.441932532575529,0.45021563235934686,0.44798971329820775,0.44620760572663815,0.44161808854247353,0.15231255054868859
MSFT,2021-06-11,0.4435634657797345,0.4519148204964289,0.4506857628120266,0.4539316087289272,0.4513308961356097,0.09789942387942052
MSFT,2021-06-14,0.4485816113178833,0.45714289532045776,0.45450740960293995,0.45443078758131855,0.45109464807209876,0.0993741986779837
MSFT,2021-06-15,0.4447426829066635,0.4531433414969484,0.4546120531650005,0.4567427569657639,0.4560035447623988,0.08850311335913211
MSFT,2021-06-16,0.4422836766991878,0.4505816358885925,0.45615638445150036,0.44817802324613215,0.45503227601977203,0.1782912758464552
MSFT,2021-06-17,0.4511158569956182,0.4597830188602105,0.459218926074276,0.4523553388545272,0.4462907772248855,0.18167015312035156
MSFT,2021-06-18,0.4474273676312418,0.4559403806735856,0.4606585339181338,0.4595539052026006,0.45563607447846377,0.2759139349593019
MSFT,2021-06-21,0.4554566079393878,0.4643053323016682,0.4638519199337758,0.45737334509201794,0.4561348470940687,0.17316770477903315
MSFT,2021-06-22,0.46268270879087636,0.4718337728121242,0.46979375712484867,0.46914325442883925,0.4637475784373212,0.1535887979705221
MSFT,2021-06-23,0.4620804738794071,0.47120634958685886,0.47251592758889177,0.47447651464120993,0.4723315785232004,0.10297507454556301
MSFT,2021-06-24,0.4656435774245765,0.4749183178125194,0.47518585615248626,0.47720884938432667,0.47277787827288487,0.1218322414327613
MSFT,2021-06-25,0.461453305421325,0.4705528402338553,0.4736153240351804,0.4753435432486241,0.47296165347047525,0.1625567587814135
MSFT,2021-06-28,0.47073700232665894,0.480224810567945,0.4779342274473353,0.47836483407654934,0.47285662762738845,0.10367236528254944
MSFT,2021-06-29,0.477461160964574,0.4872304116863618,0.4851324264277875,0.48380320567271146,0.4798918370005324,0.10707373580602603
MSFT,2021-06-30,0.47620682404840964,0.48592339298035464,0.48437332125964966,0.48805929468657944,0.48466951147040827,0.12388206104667934
MSFT,2021-07-01,0.477963342540195,0.4877532510784011,0.48562976292961074,0.48805929468657944,0.4818343744857859,0.07565653394671445
MSFT,2021-07-02,0.49314344422957046,0.5035681455114518,0.5017537382314934,0.4956782263933241,0.4902609559739035,0.17083916446379516
MSFT,2021-07-06,0.49316825809515963,0.503594311413281,0.5053397373063166,0.500407196369512,0.5039376279476732,0.22078982600982466
MSFT,2021-07-07,0.49886411737708425,0.5095281476198812,0.5087948919882732,0.5078947989788882,0.5075339819887488,0.1395637678735762
MSFT,2021-07-08,0.4925662625457379,0.5029669679621067,0.5036645616269502,0.5019047329266861,0.5009712687426268,0.15285043260386746
MSFT,2021-07-09,0.49387094527922293,0.5043262386976815,0.5018845826243599,0.5030870155089802,0.4978736873171561,0.14598607961241197
MSFT,2021-07-12,0.4923151717579274,0.5027055482660872,0.5063867320909932,0.5063972624217141,0.5069039871527197,0.09723440606574482
MSFT,2021-07-13,0.5014984562843419,0.5122729347669508,0.5144487596822254,0.5085253871051423,0.5025988088098657,0.16753461271025077
MSFT,2021-07-14,0.5053375043765854,0.5162724088163693,0.5165689500823849,0.5168273423652956,0.5152780156636712,0.1381330016068004
MSFT,2021-07-15,0.5016238819972234,0.5124036047279152,0.5135588101212212,0.5149357383395214,0.514359219786965,0.1331502578410979
MSFT,2021-07-16,0.5009214341752075,0.5116716774435148,0.5177206683097038,0.5139636785248103,0.5145429949845554,0.16818691694807675
MSFT,2021-07-19,0.49153732489095414,0.5018952030502899,0.5079572642082992,0.5008013440146062,0.506300188694028,0.23418797902064392
MSFT,2021-07-20,0.49733347687077445,0.5079336230901159,0.5095277963256051,0.5055566118808656,0.5039376279476732,0.16889985516303202
MSFT,2021-07-21,0.5025522078047148,0.513370785806506,0.5109674041694627,0.508262648733911,0.5062214393395243,0.15036346157419495
MSFT,2021-07-22,0.5144456292200901,0.5257613773858361,0.5237933498936431,0.5243675407548143,0.5191893671227613,0.14077742538353435
MSFT,2021-07-23,0.5233027430631333,0.5349889262592833,0.5331378602244787,0.5324593534238791,0.5284559150218359,0.13475314636553096
MSFT,2021-07-26,0.5217469695418377,0.5333681560535981,0.5323526341061167,0.5328272031789019,0.5327348168761068,0.13874325324758516
MSFT,2021-07-27,0.5154491944978404,0.5268069763958236,0.5320646646089962,0.5231327425688717,0.5338635843277408,0.24072569090949986
MSFT,2021-07-28,0.5146462146158814,0.5259704652781971,0.533556674114466,0.5254446317768229,0.5327085403875237,0.24036188704672434
MSFT,2021-07-29,0.5153489017999447,0.5267023925625975,0.5295518611496557,0.531355884335305,0.5254895558167894,0.08976860313986204
MSFT,2021-07-30,0.5113595343418813,0.5225460826503856,0.5244215307883326,0.5256548545444057,0.5226807754319959,0.11692186725266471
MSFT,2021-08-02,0.5111334169943583,0.5223108288561953,0.5247094204048715,0.525208191295663,0.5258045532348039,0.07117842134550706
MSFT,2021-08-03,0.5169043561718437,0.5283230829941921,0.5259135402938024,0.5258912950255656,0.5233370467566081,0.08693934352962115
MSFT,2021-08-04,0.5153739550275814,0.5267285584644268,0.5268558116358368,0.5275989741738283,0.5254370829508689,0.07043418817461411
MSFT,2021-08-05,0.5229262265624413,0.5345967568282084,0.5321955888824443,0.5314084801154477,0.5271696488611946,0.04802797769060829
MSFT,2021-08-06,0.5227755082598756,0.5344399209654149,0.5318552976042934,0.5354018307580843,0.5314485507154655,0.07432649831936305
MSFT,2021-08-09,0.5199403445947791,0.531486045925984,0.5372211958011253,0.5359010096104757,0.5347036308499434,0.06971342622067442
MSFT,2021-08-10,0.5151982632847283,0.5265455566998041,0.5312009158787978,0.5290439951273538,0.5322097677719188,0.0941528308732564
MSFT,2021-08-11,0.516478052365275,0.5278787413076405,0.5296565845922978,0.5307778919891937,0.5280358917607346,0.048572705517398534
MSFT,2021-08-12,0.5236538073994429,0.535354850014438,0.5330855384434485,0.5320389880652077,0.5265133775365823,0.05449331999385837
MSFT,2021-08-13,0.5312817173413076,0.5433015460837074,0.5407548730949181,0.5398155467593924,0.5339948866594106,0.09055782280991542
MSFT,2021-08-16,0.5356724949530014,0.5478761115547326,0.5457805598941805,0.5417071507851663,0.5437339306855071,0.1322055413587292
MSFT,2021-08-17,0.5318585798757436,0.5439027236330525,0.5421421591577456,0.5444920011319316,0.5416338944912463,0.10841844094397321
MSFT,2021-08-18,0.5273588127450956,0.5377597995340913,0.5457805598941805,0.5423639566249978,0.54071509861454,0.1254125799855065
MSFT,2021-08-19,0.5425427442272307,0.553548528065313,0.5527169902083182,0.5380816498975525,0.5319210468424873,0.20401670759460122
MSFT,2021-08-20,0.561623330267704,0.5733890624496114,0.5746256775970195,0.5628300490435605,0.5608757344799281,0.31127136736464195
MSFT,2021-08-23,0.5623525068516887,0.5741471556358411,0.5734739593697007,0.572787248024822,0.5701422823790028,0.13536046410419655
MSFT,2021-08-24,0.5572491484246357,0.5688406628804155,0.5741283410951963,0.573181315493422,0.5747886545172087,0.08984195069284098
MSFT,2021-08-25,0.5557156355737561,0.5672461383506502,0.5713537689695414,0.5690303378633452,0.5728985898978758,0.1077416875218209
MSFT,2021-08-26,0.5483748803015228,0.5596131140069682,0.565699901275589,0.5651683163180774,0.5642095639689098,0.08485725099239239
MSFT,2021-08-27,0.5499588187570723,0.5612599703403918,0.5616165656989427,0.5595985354480524,0.5589593933720121,0.1331649273516937
MSFT,2021-08-30,0.5596873700276549,0.5713762823610331,0.5703852967967009,0.5707117191215365,0.5645508378755074,0.07196764101556044
MSFT,2021-08-31,0.5553886670168933,0.5669063007232338,0.5711182011340328,0.5718677038137594,0.573213667427136,0.1691502148105335
MSFT,2021-09-01,0.5552631615166626,0.5667755509881787,0.5729243010868472,0.5718414059236878,0.5691447371477929,0.09774392706710519
MSFT,2021-09-02,0.5535537175608823,0.5649980246937907,0.5681341821230932,0.5683997497370912,0.5673859748601298,0.07135641140740262
MSFT,2021-09-03,0.5535283451838491,0.5649719385660523,0.5661449159963821,0.568609972504674,0.5642095639689098,0.05631820711197433
MSFT,2021-09-07,0.5511151768084666,0.562462405213173,0.5621924248126022,0.5631978987985833,0.564262116946076,0.0801072634614764
MSFT,2021-09-08,0.5511906556407731,0.5625408231445697,0.560935983142641,0.561279996882738,0.5610332331889354,0.059241351590028246
MSFT,2021-09-09,0.5437495278832949,0.5548032947417525,0.564940875988033,0.5600451986967951,0.563763344330471,0.10696811532973635
MSFT,2021-09-10,0.5398780861272918,0.550777654790505,0.5591299630704083,0.5557891096829273,0.5574631556364429,0.10409680312245423
MSFT,2021-09-13,0.5430956705569183,0.5541236194869197,0.5555177631647792,0.5523736712099079,0.5551792641333461,0.14340620168229948
MSFT,2021-09-14,0.5501347498619729,0.5614429721050147,0.562977730811546,0.562935160427352,0.5604557112188269,0.12580767880421972
MSFT,2021-09-15,0.5627796883190982,0.5745915770964836,0.5732645923649979,0.572708434531102,0.5701685588675859,0.18940391910645077
MSFT,2021-09-16,0.5637852482805776,0.5756371761064711,0.5732383915341921,0.5699235841843366,0.5714811015168102,0.10328900207231287
MSFT,2021-09-17,0.5503358937692084,0.5616520599973758,0.5711182011340328,0.5666920705888285,0.5725573961025238,0.3166981083177103
MSFT,2021-09-20,0.5363332937787549,0.5470918524666737,0.5559888988357964,0.5403935391055037,0.5519766568647887,0.286441753730212
MSFT,2021-09-21,0.5375905828268382,0.5483988711726808,0.5529002362627966,0.5523474534963306,0.5502966439316291,0.13080215817839885
MSFT,2021-09-22,0.5470929369625487,0.5582799293991316,0.5599151891887704,0.5535034381885533,0.5530267550731648,0.17248508355264253
MSFT,2021-09-23,0.5495566905172995,0.5608417147815785,0.561695088310779,0.5614376238701779,0.5585919230880769,0.09403547478849011
MSFT,2021-09-24,0.549028578053201,0.560292789261801,0.5588157927424817,0.5598612738192839,0.5569643830208381,0.05877388318570914
MSFT,2021-09-27,0.5360067241586379,0.5467520946133482,0.5500994633063356,0.5493786782720538,0.5514779643604294,0.14261209217538084
MSFT,2021-09-28,0.5092336004234793,0.5189125323561219,0.5352057288436081,0.5226072658264089,0.5348348530703676,0.3344355025627635
MSFT,2021-09-29,0.5104403840795435,0.5201672990325616,0.5247094204048715,0.5232903695563116,0.5224970002344055,0.1698191444937014
MSFT,2021-09-30,0.5052112807902123,0.5147301363161716,0.5274839925305266,0.5196384906021323,0.5240982638130613,0.2283984121721731
MSFT,2021-10-01,0.5232612536415694,0.5334989057886532,0.5331117392742546,0.5187715421712122,0.5146742172049795,0.206322754660259
MSFT,2021-10-04,0.5082027478723158,0.5178407674443051,0.5272746255258238,0.5160392074280955,0.5285346643763396,0.2186881741251348
MSFT,2021-10-05,0.5224064119826556,0.5326101426414593,0.5342110558399615,0.5260226241229342,0.5197406126042867,0.15651194244857602
MSFT,2021-10-06,0.5333419064840007,0.5439811415644493,0.5426656964903747,0.529858427954625,0.5242820390106517,0.18594484850796406
MSFT,2021-10-07,0.537716088327069,0.5485296209077362,0.5505444780271285,0.5519533860277306,0.5489578247938216,0.1118921810530557
MSFT,2021-10-08,0.537716088327069,0.5485296209077362,0.5505444780271285,0.5515330206690592,0.5516879359353573,0.08504893259751067
MSFT,2021-10-11,0.5361575222485527,0.5469089304761419,0.5540257536593094,0.5488794994196624,0.5430251864949743,0.10082256835747444
MSFT,2021-10-12,0.532763687564629,0.5433799640151042,0.5474034137925168,0.5478286261112311,0.549377848054923,0.08786939050139408
MSFT,2021-10-13,0.5413864659631856,0.5523460931925317,0.552219653706495,0.5508236190490852,0.5482490806032889,0.14109233087765724
MSFT,2021-10-14,0.557575877619451,0.5691805005078319,0.5678986142875846,0.5622257588073778,0.5595369153421206,0.17871082384949472
MSFT,2021-10-15,0.5612463350429169,0.5729969727926274,0.5709873567411663,0.5692929960580826,0.5677534451440648,0.16034361861619573
MSFT,2021-10-18,0.5689889791928756,0.5810482526951228,0.5808292035738254,0.574994106025476,0.5709823289012054,0.13437369502478658
MSFT,2021-10-19,0.571352120900334,0.5835054542443436,0.5836822983113166,0.58689542463616,0.583530233423341,0.0850137257720808
MSFT,2021-10-20,0.5692906551600543,0.58136192442071,0.584729372976575,0.5839791650155319,0.5857877683266091,0.07381599935062966
MSFT,2021-10-21,0.5777125290134228,0.5901189657057764,0.5881844477779499,0.5846359708553632,0.5804326519978703,0.07754205504195968
MSFT,2021-10-22,0.5736899700181083,0.5859364898917352,0.5883676938324283,0.5884191789069113,0.5889116262406627,0.08273701772761458
MSFT,2021-10-25,0.571100790750476,0.5832440345483239,0.5839440669776312,0.5848987092265947,0.5861815150991272,0.08376583940406579
MSFT,2021-10-26,0.5760783245279018,0.5884197775686943,0.591796647683579,0.5905210057002681,0.5904866934419812,0.18696878034755005
MSFT,2021-10-27,0.6089097814722246,0.6225591795617662,0.6276567981929735,0.6099624425239769,0.6036121199342254,0.4263888848140248
MSFT,2021-10-28,0.6118761953266914,0.6256437245621613,0.6244372113465255,0.6240443212452436,0.6254790452213561,0.1692734386995381
MSFT,2021-10-29,0.6301522855255716,0.6446477478288333,0.6431001909385545,0.6307174910273483,0.6249540762284138,0.2520886938169969
MSFT,2021-11-01,0.6244959209814818,0.6387661636518009,0.6417652266567573,0.6372067359319418,0.6439333916650016,0.1768556197428141
MSFT,2021-11-02,0.633948248449268,0.6485949698486841,0.646895636898662,0.6467435695545318,0.6411770841461286,0.17112375296935345
MSFT,2021-11-03,0.6361353792644767,0.6508691696332822,0.6506910029781878,0.6484512487027945,0.6506011307542104,0.12235252007522524
MSFT,2021-11-04,0.642269430667995,0.6572474273005247,0.6549837854401184,0.6454562557649404,0.6479498490784242,0.14672444497906661
MSFT,2021-11-05,0.641314056949138,0.6562540803201047,0.6608732209695793,0.6583559320804073,0.6627028156379073,0.132816770966887
MSFT,2021-11-08,0.6436519060669124,0.6586851159674962,0.65788920195864,0.6584084476840559,0.6595264047466873,0.1164543988483456
MSFT,2021-11-09,0.6410375937842943,0.6559665744963468,0.660689974915101,0.6586448881652158,0.6590276321310824,0.12046797694735309
MSFT,2021-11-10,0.6280907399979427,0.6425042180051996,0.6499842994716618,0.6465334269634431,0.6523599731531193,0.16147903873630967
MSFT,2021-11-11,0.6321884586761671,0.6467651117506379,0.6477331847980543,0.6480834791242658,0.6436446707355702,0.07687410332616482
MSFT,2021-11-12,0.6429730753002483,0.6579793545849251,0.656789885392933,0.6567007685357933,0.6506536837313767,0.14514796157370596
MSFT,2021-11-15,0.6413391899641239,0.6562802462219339,0.6584912619031054,0.6573312764855532,0.6601564796939622,0.07563404069713425
MSFT,2021-11-16,0.6499871013776662,0.6652725413011908,0.6657941843261996,0.6612195959208926,0.6552737793809996,0.11635464617629426
MSFT,2021-11-17,0.6505663575325771,0.6642530284189414,0.6697727964602038,0.6677613564291345,0.6638315830895414,0.09842459235874973
MSFT,2021-11-18,0.6559810461960573,0.6698731928999542,0.6704533790165055,0.6654493870446891,0.6618364926271216,0.13177425774721302
MSFT,2021-11-19,0.6606150954353438,0.6746830121651699,0.677389809330643,0.6787957266088986,0.6735444307383004,0.12688344291457748
MSFT,2021-11-22,0.6523542324525827,0.6661089726447262,0.6893519264440433,0.6718335205654913,0.6787420483580319,0.215562590400859
MSFT,2021-11-23,0.6469395437891025,0.6604888081637135,0.6626007983105577,0.6560964782996104,0.6588701334220751,0.20966055730448718
MSFT,2021-11-24,0.6475189595187115,0.6610900654871494,0.6592241662404372,0.6570160225106731,0.656848846582318,0.12392900348058589
MSFT,2021-11-26,0.6267914828042006,0.6395765088675982,0.6586221062959718,0.6418043768107611,0.6517824511830107,0.14892487156843473
MSFT,2021-11-29,0.6442952314631997,0.6577441007907348,0.6615014018642691,0.6591965826212558,0.6533312418957461,0.19143026750341552
MSFT,2021-11-30,0.629083374408858,0.6419552924854222,0.6582294932367907,0.644090048305135,0.654328787126956,0.33149573263936766
MSFT,2021-12-01,0.6277990374494091,0.6406221078775858,0.6621557835897647,0.6451410017900605,0.653830014511351,0.23811940786031494
MSFT,2021-12-02,0.6263130778586297,0.6390798353773881,0.6470002804607224,0.6409636460934183,0.6411508076575455,0.21296999889489687
MSFT,2021-12-03,0.6099930543117872,0.622140924002953,0.644932491722175,0.6152957027363475,0.6455872082208237,0.32067647959128787
MSFT,2021-12-06,0.6180021084205952,0.6304535438273768,0.6311904754867663,0.6184484028381356,0.624481580101392,0.2057975861809298
MSFT,2021-12-07,0.6399884699301727,0.6532741191529354,0.6530467612138557,0.6470063079257631,0.6446684924553632,0.2154726174025382
MSFT,2021-12-08,0.6401145339418475,0.6534047891138999,0.6522615350954937,0.6488453161713943,0.6543025106383729,0.15424305814309422
MSFT,2021-12-09,0.6354049260829053,0.6485165519172875,0.6548528611666702,0.6523132702480625,0.651939949892018,0.12933618508619316
MSFT,2021-12-10,0.6591796412365835,0.6731930714686307,0.6718929868603631,0.6593279918951185,0.6534362677388328,0.28465207343752597
MSFT,2021-12-13,0.6512714383371152,0.6649849557033418,0.6739608554794925,0.6705987223795484,0.6683992058732438,0.1947152599094989
MSFT,2021-12-14,0.6234167970840756,0.6360737083083898,0.6500105003024679,0.6312691854833883,0.6488160919779642,0.34668454391024606
MSFT,2021-12-15,0.6393085221406204,0.6525682779962734,0.6514501081463255,0.6322938410782424,0.6367144070942673,0.2581041711286428
MSFT,2021-12-16,0.6147530877753993,0.6270814132291329,0.6555596445537779,0.628405521642903,0.6553525287355032,0.254717470115762
MSFT,2021-12-17,0.6119827114378217,0.6242059561210989,0.6245681356199735,0.6132464717231336,0.6164225490084551,0.37907091143625266
MSFT,2021-12-20,0.6021858621963571,0.6140373920708901,0.6190189114880817,0.6140872024404762,0.6142436833484449,0.1891124848292811
MSFT,2021-12-21,0.6207723251834745,0.6333290009354109,0.6319233798240982,0.6199458592188156,0.6227490141910662,0.1540435527989915
MSFT,2021-12-22,0.6356568147442074,0.6487779716133071,0.6473143709080673,0.6355778702773991,0.6359006370606478,0.15493252514109623
MSFT,2021-12-23,0.6394092935626111,0.6526728618294995,0.6545911723809374,0.653915918189028,0.6475822986832435,0.10394424021225804
MSFT,2021-12-27,0.6589528855902671,0.6729578176744404,0.6705319016283418,0.6610093731533098,0.654696257410891,0.10716370880434686
MSFT,2021-12-28,0.6559304610166891,0.6698209408703868,0.6740131772605227,0.6738565338651279,0.6748831697648622,0.06525291703218197
MSFT,2021-12-29,0.6576936018584548,0.6716507989684333,0.675295739880708,0.6721750724304425,0.6700267459404827,0.05919440915612173
MSFT,2021-12-30,0.6510698954931338,0.6647758678109807,0.6722332781385141,0.6699156988261399,0.6716280896303842,0.06850954838444678
MSFT,2021-12-31,0.6435145122516567,0.6569337555749375,0.6623651505944672,0.6621128422418838,0.6627028156379073,0.08813050778999912
MSFT,2022-01-03,0.6395603310145733,0.6528296976922932,0.6588053523504502,0.6461655772084205,0.6544075364814596,0.19437981710054186
MSFT,2022-01-04,0.6251042197314872,0.6378251484750395,0.6514763089771316,0.6365499300921102,0.6530424408550689,0.23163255027485774
MSFT,2022-01-05,0.5932953972413644,0.6048098431974429,0.6275782755811372,0.6099099269203283,0.6294954225235331,0.30380654240613225
MSFT,2022-01-06,0.5869992179443504,0.5982747496674068,0.6082871150944185,0.5981136395169415,0.5961306108113971,0.29981447958933194
MSFT,2022-01-07,0.5874022238449639,0.59869300522622,0.602528523957824,0.5944355428491848,0.5987556961098459,0.2320794813643427
MSFT,2022-01-10,0.5879813204251764,0.5992941827755651,0.5978693292675183,0.5802485527441268,0.5865227890057249,0.3452254165896517
MSFT,2022-01-11,0.5897698336439754,0.6011502067754408,0.6028164135743628,0.5939101462832161,0.5967344092700888,0.19948187288575675
MSFT,2022-01-12,0.5980554307049765,0.6097503324236229,0.6206156444361937,0.6127998084743909,0.6132462182284807,0.24823745830191613
MSFT,2022-01-13,0.5641312062265409,0.5745392452928251,0.613993304569401,0.5784357622120726,0.6153462544227415,0.35575323536056186
MSFT,2022-01-14,0.5777310396784283,0.5886551111369756,0.5876609903259025,0.5777789563722413,0.5727673676774515,0.3017733482375561
MSFT,2022-01-18,0.5587164377757114,0.5689190808118123,0.5849910617623078,0.5724982117635193,0.5722948715504297,0.32609344087062564
MSFT,2022-01-19,0.5604289934381089,0.5706966071062003,0.5957491388673588,0.5750204039155473,0.578122564117436,0.361307112072127
MSFT,2022-01-20,0.556071806300412,0.5661743734388334,0.589833502507092,0.5709219418891194,0.5854202980426739,0.2581002592591506
MSFT,2022-01-21,0.5420439935076236,0.5516141659081313,0.5700973272995802,0.5563933197426159,0.5686722410207711,0.47915707036181854
MSFT,2022-01-24,0.5429001915514732,0.5525029290553254,0.5517746389857019,0.5050048372483316,0.5411351218756414,0.7505146553300689
MSFT,2022-01-25,0.5230545246198925,0.5319043014847973,0.5462254947343919,0.5289651816336338,0.5393500029881494,0.6245240966270883
MSFT,2022-01-26,0.5437566289573702,0.5533916922025193,0.5815883087419631,0.5496151187532139,0.5825851610580516,0.796453694711837
MSFT,2022-01-27,0.551639379692456,0.5615736420659789,0.5784472445073514,0.5624884971786093,0.5685934916662674,0.4351182215858914
MSFT,2022-01-28,0.572845261352538,0.5835838721757403,0.5815359869609329,0.5533458112011131,0.5622145536177356,0.39856571305068117
MSFT,2022-01-31,0.5796956435768261,0.5906940571273831,0.5917443259025488,0.5846622687454346,0.5851053006246594,0.3663006134789331
MSFT,2022-02-01,0.5741045450843503,0.5848908908817476,0.5871636538240792,0.5814045374363495,0.5889379027292458,0.31257010803605567
MSFT,2022-02-02,0.5859413972691703,0.5971768188537607,0.5989163240521949,0.5912566250338194,0.5868903394009056,0.2703766836930786
MSFT,2022-02-03,0.5551905550289258,0.5652594443898102,0.588734185941385,0.5678217573909798,0.5865227890057249,0.339753689137423
MSFT,2022-02-04,0.5670024337734583,0.577519286234085,0.5823735348603252,0.5678480552810512,0.5621620006405694,0.25532087598493536
MSFT,2022-02-07,0.5544350486197177,0.5644752650758422,0.5798607314009847,0.5676641304035399,0.5778075666994215,0.1911349213567537
MSFT,2022-02-08,0.563526657481946,0.5739119018416508,0.5738927732596877,0.5677955396774026,0.5648921117821051,0.22915731485366186
MSFT,2022-02-09,0.5802749795190861,0.5912952346767284,0.5905664068444239,0.5873420878849027,0.5875203342369347,0.2180427156589202
MSFT,2022-02-10,0.5580365697735082,0.5682133194292411,0.5832111626402994,0.5697659571968967,0.5722161221959261,0.3559507847699185
MSFT,2022-02-11,0.5395507984210323,0.5490262943979463,0.5705685428511793,0.5527415209649305,0.5699847836699955,0.2952131430991199
MSFT,2022-02-14,0.5394497876369941,0.5489217105647202,0.5508585684744733,0.5452014027519059,0.5452564449096593,0.2676726039065885
MSFT,2022-02-15,0.553226030917877,0.5632204983994027,0.5614333196444643,0.5600977143004437,0.5616370316476271,0.1767099026042293
MSFT,2022-02-16,0.5523429445373601,0.560684878918785,0.5616165656989427,0.5513227979014765,0.5573318533047731,0.20530371265753833
MSFT,2022-02-17,0.5302099338800242,0.5377597995340913,0.550963212036534,0.5416546351815177,0.5520554062192923,0.22955241367237506
MSFT,2022-02-18,0.5231434875142074,0.5304404469159965,0.5432676765542586,0.5319601745714877,0.5433663802903264,0.24717929760427332
MSFT,2022-02-22,0.5226134601537291,0.5298915213962188,0.5371950748509009,0.5272049067052282,0.5222344756823114,0.32025399768612917
MSFT,2022-02-23,0.5038118904732728,0.5104169107670751,0.5376138887408879,0.5156451399594957,0.5358323983015775,0.2818697562611916
MSFT,2022-02-24,0.539951410701171,0.5478499456529033,0.5466705094551849,0.4931035186376474,0.489447185940284,0.4694292289020654
MSFT,2022-02-25,0.5468159152862607,0.5549601306045462,0.5531358040983052,0.5459895376891057,0.5488528790619805,0.23038466390684276
MSFT,2022-02-28,0.5505510004625472,0.5588289346930002,0.557088295282085,0.5495363052594937,0.5466740134019704,0.2507342090053192
MSFT,2022-03-01,0.5408601088207687,0.5487910406037557,0.5592608074632748,0.5473031493687683,0.5521604320623791,0.21738845548634805
MSFT,2022-03-02,0.554084383220154,0.5624885711150023,0.5631870978162485,0.5513753936816193,0.5494303209208434,0.22379609771458803
MSFT,2022-03-03,0.5433080644803856,0.5513266600843734,0.5675322020592095,0.5522948577161877,0.5691972901249591,0.17921545501398983
MSFT,2022-03-04,0.5280141860311062,0.5354855199754025,0.5479792729061761,0.5342196283522844,0.5466215405360499,0.2285245699632969
MSFT,2022-03-07,0.5003797578617517,0.5068618581782991,0.5323526341061167,0.5115203800429962,0.531501023581386,0.3341518920245783
MSFT,2022-03-08,0.4926570605490833,0.4988629100794623,0.517354176200747,0.4891101679950108,0.5033338294889815,0.38307275392678347
MSFT,2022-03-09,0.5245822129942834,0.5319304673866265,0.5321170662706081,0.5174316326014783,0.5181393490256309,0.25637708074783205
MSFT,2022-03-10,0.517237947078687,0.5243236089447736,0.5242644855646603,0.5169061558590156,0.5170367779513343,0.2116204039200844
MSFT,2022-03-11,0.5033072354898278,0.5098941511491268,0.5318814984350995,0.5138848650310903,0.5300047057345713,0.1781866333375386
MSFT,2022-03-14,0.49414613184648015,0.5004051825796598,0.5211234213300484,0.504400627188643,0.5100015685781903,0.2119401992510726
MSFT,2022-03-15,0.5211750538230497,0.5284015009255889,0.5274578715803022,0.5120458567854589,0.5100278450667735,0.2469944617707664
MSFT,2022-03-16,0.5394465163556785,0.5473271860349549,0.5451261781686849,0.523789548408703,0.5330235378055382,0.2820174293345225
MSFT,2022-03-17,0.5415414129952568,0.5494968019863269,0.5478483486327281,0.5399994716369036,0.5439964552376011,0.21346485038566143
MSFT,2022-03-18,0.5546898096255897,0.5631159145661766,0.5619568569770936,0.5488269838160138,0.5494565974094265,0.3364344678732828
MSFT,2022-03-21,0.5514847518097815,0.5597961157715909,0.5597058221840676,0.5545280136069131,0.5586969489311637,0.18935404277042506
MSFT,2022-03-22,0.5638509132689373,0.5726048831356434,0.572426964585024,0.5646953551792633,0.561085706054856,0.18200461796193557
MSFT,2022-03-23,0.552317651947676,0.5606587130169558,0.5677939707255242,0.5619368027225693,0.5629495742968516,0.16357677875150728
MSFT,2022-03-24,0.5639520038403247,0.5727094669688695,0.5703329750156705,0.5635131527734634,0.5593532202557759,0.15153897835660407
MSFT,2022-03-25,0.5628919491193681,0.5716115361552234,0.5737357280360154,0.5660615626390686,0.5753399801099799,0.13278156414145711
MSFT,2022-03-28,0.5806084906385802,0.5899621298429829,0.5876085886642906,0.5793027106429927,0.5729773392523794,0.20135370243777928
MSFT,2022-03-29,0.592495209916626,0.6022742237168253,0.6007486248358154,0.591703208106068,0.5981257012738168,0.20932609246290323
MSFT,2022-03-30,0.5885833159745982,0.5982224178637483,0.6010889161139663,0.5983500799981014,0.5977319545012987,0.1875193759785786
MSFT,2022-03-31,0.5745768064040359,0.5837145421367047,0.598968725713807,0.5886556995645655,0.5980994247852337,0.2389457902905443
MSFT,2022-04-01,0.577378140233088,0.586616165146568,0.5858548903730878,0.5824817086348522,0.5862077915877103,0.1772204015729627
MSFT,2022-04-04,0.5913846498036504,0.6011240408736116,0.598890123221389,0.593437185144402,0.5880978562070432,0.14963291994652475
MSFT,2022-04-05,0.5810627998047045,0.5904326374313635,0.5982619423266993,0.5938575505030734,0.5964456082294116,0.13855352757721295
MSFT,2022-04-06,0.5523429445373601,0.560684878918785,0.5776620183889891,0.5592832814731725,0.5752349542668931,0.3043551821024147
MSFT,2022-04-07,0.5570620470908525,0.5655731161153974,0.5688932872912311,0.5583375195485325,0.5528429798755744,0.2192798443858316
MSFT,2022-04-08,0.5459578023460313,0.5540713674573521,0.5622709474244383,0.5581535946710212,0.5627657990992612,0.1503399903572417
MSFT,2022-04-11,0.5164054458775382,0.523461011699409,0.5399957679267802,0.5285185183848911,0.5400588272899278,0.2501650319942026
MSFT,2022-04-12,0.5083293703954347,0.5150960600713264,0.5351010054009657,0.5166697153778557,0.5333648117121359,0.21493277941261324
MSFT,2022-04-13,0.5223611725556812,0.5296301017001992,0.5294471377070136,0.5187977598847895,0.516275560894881,0.12633382525092196
MSFT,2022-04-14,0.5027014101476462,0.5092667279238614,0.5287404342004876,0.5135959089462816,0.5303459796411689,0.18808659705494907
MSFT,2022-04-18,0.5044426094683927,0.5110704201200786,0.513427885847773,0.5110212011906048,0.5062477158281075,0.11529061767441315
MSFT,2022-04-19,0.5165060577248306,0.5235655157585439,0.5231389681681473,0.5112051260681163,0.5074815091228283,0.130152787842692
MSFT,2022-04-20,0.5191814073295571,0.5263363890333519,0.5323788349369227,0.5294905781996024,0.5337848349732371,0.1361086091445817
MSFT,2022-04-21,0.5051747381842965,0.5118285133063083,0.5418018678795948,0.5155400285757044,0.5316322458018101,0.20014493476468637
MSFT,2022-04-22,0.4880641017946149,0.4941053428438143,0.5153649100740358,0.49799019577776954,0.5135191732647624,0.19966768668663676
MSFT,2022-04-25,0.5049475038138852,0.511593259512118,0.5098942085539802,0.4911331011181534,0.49149474926862435,0.26101655796559314
MSFT,2022-04-26,0.4784485294104447,0.48414586668596665,0.502696009573528,0.4891101679950108,0.5025463359439452,0.3670233313676189
MSFT,2022-04-27,0.5112568480235108,0.5181283530421541,0.5357030653454311,0.5131755435876102,0.5146217443390589,0.5328797520657116
MSFT,2022-04-28,0.5274338926406563,0.5348843424260572,0.5357292661762372,0.5192181252434609,0.5227332482979163,0.2411413270430472
MSFT,2022-04-29,0.49687174748117824,0.5032283078840354,0.5328499706079399,0.5061871198306256,0.5317109951563138,0.27465920281967554
MSFT,2022-05-02,0.5144113206599507,0.5213958998071719,0.5199193813216993,0.5054515004970741,0.5030975814254706,0.25585484617062204
MSFT,2022-05-03,0.5076227736312625,0.5143641327869259,0.51779919092154,0.5157764690568643,0.5195043645407759,0.16615078887738144
MSFT,2022-05-04,0.5283170588085223,0.5357992714750806,0.5354674975099225,0.5067914100668083,0.5159080104997003,0.24067874847559334
MSFT,2022-05-05,0.4964427309047381,0.502783966197484,0.5236101038391645,0.5005123077533036,0.5236520441746226,0.33516115435356847
MSFT,2022-05-06,0.4898305139176963,0.4959352009418608,0.5050256468589718,0.4924467127978161,0.4954848500822181,0.28156756434291835
MSFT,2022-05-09,0.4642146258947727,0.46940265739064174,0.48699084816163235,0.471560335197076,0.4830156949145862,0.3788332653646009
MSFT,2022-05-10,0.4766316118953443,0.4822637565583526,0.4906292488980673,0.47615797607589533,0.4872945967688571,0.2967857146349883
MSFT,2022-05-11,0.4540442920718841,0.45886808981118726,0.48437332125964966,0.46099884597963187,0.4715178084895809,0.3910568795603841
MSFT,2022-05-12,0.440921028456537,0.4452751431331669,0.45432416354846156,0.4366182565003995,0.45054340259057335,0.41118247013043147
MSFT,2022-05-13,0.455482937764611,0.46035811028181733,0.4625955581443965,0.4506213618161932,0.44965088320245017,0.2536446399075234
MSFT,2022-05-16,0.4564419418078549,0.4613514572622373,0.46987227973668483,0.45175104861834453,0.45650231737800373,0.23042573853651094
MSFT,2022-05-17,0.46986811809429274,0.4752581554399358,0.47644221794186564,0.4693008814162793,0.47264657594121495,0.19402481494412382
MSFT,2022-05-18,0.4392093903486549,0.4419553044515358,0.46406136681906024,0.4438431207385442,0.46448259911643697,0.21874000639590663
MSFT,2022-05-19,0.4368316076626254,0.439498102902315,0.4485394514616429,0.44150489355227446,0.4405943068783035,0.2318085844020072
MSFT,2022-05-20,0.4353643980988988,0.43798195641690124,0.4508166870854747,0.42721279206342505,0.4493620821617731,0.29544492136653333
MSFT,2022-05-23,0.4558288558168997,0.4591295095072068,0.4585645443487804,0.44557705768863115,0.4447682229451104,0.23653314478122378
MSFT,2022-05-24,0.45322347971738763,0.4564370541637957,0.45811952962798735,0.44576098256614244,0.4510684516947614,0.19612842276355974
MSFT,2022-05-25,0.4605591285992746,0.4640177467038193,0.4666264920594308,0.4552978161887326,0.4517247230193736,0.19127770459321936
MSFT,2022-05-26,0.46910934040376906,0.4728532059202825,0.47324883192622363,0.4665948445632339,0.4625662580085209,0.1566009374795238
MSFT,2022-05-27,0.48767633527769116,0.4920402309515774,0.4895560532825847,0.4826997365841374,0.47886809539198505,0.1752674007289769
MSFT,2022-05-31,0.4842106919795224,0.4884590124609722,0.4932990975810802,0.4862990197581741,0.4894996588062046,0.2820311208777453
MSFT,2022-06-01,0.4856021833488948,0.48989678090203476,0.5009423112823255,0.4892152793788021,0.4965086718020111,0.1594380208287491
MSFT,2022-06-02,0.4910660210194585,0.49554303151078577,0.49298500713373533,0.4670415078119767,0.4682890048436861,0.34247439436925503
MSFT,2022-06-03,0.47953100437651563,0.4836230272939274,0.48984402277970523,0.48493289247486276,0.4836719662391984,0.1864964221063657
MSFT,2022-06-06,0.4763182071878388,0.48030322849934176,0.4917547662945803,0.4818064902631461,0.4882658655114839,0.13115618236744386
MSFT,2022-06-07,0.4858044442790187,0.4901058687943958,0.48900639499973125,0.4784436475702694,0.4740379480561887,0.13565874415297757
MSFT,2022-06-08,0.4805174951615455,0.48464254017617664,0.4886661037215804,0.4880855124001567,0.4873470696347776,0.08198398285036415
MSFT,2022-06-09,0.4663012246500382,0.4699516626845102,0.4879069985534426,0.47500199138367266,0.4770305036385726,0.17066019643452657
MSFT,2022-06-10,0.43645209913633987,0.439106013245331,0.45615638445150036,0.4432125727005371,0.4581298574452427,0.21939328860110568
MSFT,2022-06-13,0.4093096397619137,0.41105736309574364,0.42589781979531877,0.4143131157479583,0.4175198247294122,0.36328162819832005
MSFT,2022-06-14,0.41495064524129,0.4168866952432085,0.41731233475203916,0.41426056005606265,0.4142384681063511,0.19229087879170176
MSFT,2022-06-15,0.43334063188109784,0.43589071850988054,0.44233588554454634,0.4271602363715294,0.42592008967332395,0.23591017956458937
MSFT,2022-06-16,0.41616488901450077,0.4181414220326027,0.42170976077603023,0.418227692985122,0.41980363612126337,0.23647251080409454
MSFT,2022-06-17,0.4229441807106863,0.42514702315101954,0.4297717484269716,0.42088117414627163,0.4164435301436987,0.33344384364648827
MSFT,2022-06-21,0.4383493625120456,0.4410665413043418,0.4408962377603977,0.4352783469306654,0.43103899799417456,0.20477756621083604
MSFT,2022-06-22,0.4368063948602905,0.4394719768875312,0.44723068801065163,0.4375377606232151,0.4353178998484455,0.16577231550401017
MSFT,2022-06-23,0.451300604602601,0.45445036020295565,0.4529891992666643,0.4461025344310939,0.4449782345756611,0.16500461111616394
MSFT,2022-06-24,0.47366248527100596,0.47755852112636304,0.4755261474306371,0.46735676178685664,0.4613587412023832,0.2438463847969104
MSFT,2022-06-27,0.4665543101215778,0.4702130823805298,0.4763636953300295,0.4714552238132847,0.4781592710902066,0.15281620374581062
MSFT,2022-06-28,0.44528040974633587,0.4482290181725977,0.4727253744741761,0.45316977168179856,0.46705521154896534,0.17902964121310982
MSFT,2022-06-29,0.45484224535084605,0.4581100763990485,0.45979478518793543,0.45169849292644887,0.45028087803847927,0.10836465273845533
MSFT,2022-06-30,0.4461657301726293,0.44914386744753004,0.4534080131566513,0.4441846325152485,0.44886330954616815,0.2224064060774804
MSFT,2022-07-01,0.4531222694649766,0.4563324703305696,0.45403619405134105,0.4486772020985235,0.4471308237470881,0.1354338116571755
MSFT,2022-07-05,0.4613939835272236,0.4648804237232749,0.4624385129207241,0.44901875396347485,0.4465270252883964,0.13644405195353873
MSFT,2022-07-06,0.4698931713219293,0.4736635511360798,0.47555226838086134,0.46914325442883925,0.4664514130902736,0.1450834157270845
MSFT,2022-07-07,0.47543328569829124,0.4793882994503185,0.4783530413373223,0.47602656680203265,0.4700477671313492,0.11609157295294315
MSFT,2022-07-08,0.4735613149122695,0.47745393729313707,0.47584023787798196,0.47148152170335605,0.46918152423180925,0.10434520683520956
MSFT,2022-07-11,0.465593111926232,0.4692197354001098,0.4717307014705296,0.4685652620827279,0.47143905913507733,0.10235406526367466
MSFT,2022-07-12,0.43817231438425674,0.440883539539719,0.4701863701840297,0.4419252188226988,0.47204285759376896,0.26287078410490067
MSFT,2022-07-13,0.4357691194275194,0.4384002119757144,0.43775521346607676,0.43160025026290877,0.4308552628522071,0.20056350480035284
MSFT,2022-07-14,0.4392093903486549,0.4419553044515358,0.44191707165455935,0.42589918038376234,0.43185280808341686,0.15758575062418767
MSFT,2022-07-15,0.44588751168610397,0.448856361623772,0.4556067261686469,0.4490975674571948,0.44537198134817935,0.20326954052158913
MSFT,2022-07-18,0.4396394042669596,0.44239968602513285,0.456836967007802,0.4452355459119269,0.4559510718964783,0.11721721339932656
MSFT,2022-07-19,0.45299564694185757,0.4562018003696053,0.45390534965847457,0.44623386352846245,0.45025460154989616,0.1567036240536943
MSFT,2022-07-20,0.45992669417614784,0.4633642373508157,0.4673855972275687,0.4599742705612719,0.45634481866899645,0.13495069577488755
MSFT,2022-07-21,0.4664279269605063,0.47008233264547455,0.46743799888918064,0.45503507781750124,0.456056097739565,0.13119921293185816
MSFT,2022-07-22,0.4550950515666635,0.4583714163209773,0.4685896372359178,0.4603946359199433,0.47036276454936377,0.12608053170130137
MSFT,2022-07-25,0.4512248465145724,0.4543719422715588,0.4585645443487804,0.4544570854713899,0.4592324285195394,0.11800936697149908
MSFT,2022-07-26,0.43369492760504846,0.43625668215208074,0.45432416354846156,0.4354360140063524,0.45623979282590976,0.2968991588502624
MSFT,2022-07-27,0.4762932337475514,0.4802770625975125,0.48094436740849905,0.45981664357383195,0.4596524517806406,0.3618948704633316
MSFT,2022-07-28,0.49569520323044614,0.5003267646482632,0.5013349243415064,0.48351416941140873,0.4822019248809667,0.23930959415331987
MSFT,2022-07-29,0.5066482509486068,0.5116455115416856,0.5122238458394239,0.5065286716955768,0.5030713850481332,0.2265324504243889
MSFT,2022-08-01,0.49974233672930235,0.5045092404623044,0.5103392232747732,0.5044531427922916,0.5033863824661478,0.12273881718758098
MSFT,2022-08-02,0.4916731229592266,0.4961704547360511,0.5014658486149546,0.4953629724184441,0.4986087079962719,0.13461720890067666
MSFT,2022-08-03,0.5110243476880548,0.5161678249831432,0.5161501361923979,0.5064760759154341,0.5006037984586916,0.1420957254024091
MSFT,2022-08-04,0.514009272207527,0.5192523699835383,0.51693536231076,0.515829064837007,0.5138341706827769,0.0890879378482175
MSFT,2022-08-05,0.5121375407835529,0.5173180078263568,0.5165427492515788,0.5119144475115962,0.5068777106641366,0.07613867186162934
MSFT,2022-08-08,0.5055858823945245,0.5105476605021304,0.5224845864426517,0.5135959089462816,0.5197406126042867,0.09535181887261876
MSFT,2022-08-09,0.5105944534507739,0.5157234035225007,0.5150507397461093,0.5091032992747595,0.5081640569360236,0.14098377649924843
MSFT,2022-08-10,0.527947324232509,0.5336557416514469,0.5326667245534615,0.5336153381161017,0.5305560313273423,0.15352718602601978
MSFT,2022-08-11,0.5225341515286628,0.5280616632981723,0.5363312462401209,0.5324856513139504,0.5375912407004863,0.10832651201090629
MSFT,2022-08-12,0.5349038236311817,0.5408443445344866,0.5381635470237414,0.5336153381161017,0.5313698013609618,0.13330184278392104
MSFT,2022-08-15,0.5388499463459997,0.5449222365153017,0.5441053043342325,0.5419435912663264,0.5379849874730045,0.08896080208972068
MSFT,2022-08-16,0.5369273105932606,0.5429355425544617,0.5437388921058575,0.5427581042700917,0.5405837962828702,0.08912901247788571
MSFT,2022-08-17,0.5349754726707285,0.5393020720342889,0.5419327921530428,0.5402622100081351,0.5346773543613603,0.09060085337432972
MSFT,2022-08-18,0.5320602025070741,0.5362959449652906,0.5381635470237414,0.539237554413281,0.5358586747901606,0.08016398556911344
MSFT,2022-08-19,0.521869762272197,0.5257874635135744,0.5312009158787978,0.5299897570519936,0.5324722923240127,0.11325644553846395
MSFT,2022-08-22,0.5005761145280376,0.5038295652074716,0.513427885847773,0.5080787238563995,0.5145691913618927,0.15717793822962478
MSFT,2022-08-23,0.4972553650559456,0.5004051825796598,0.5040047730245192,0.5032971581000689,0.49976375193648903,0.08350081024596856
MSFT,2022-08-24,0.495607596721067,0.49870607421666874,0.49973827127397624,0.5025352408764461,0.4970599172835366,0.0894624993520966
MSFT,2022-08-25,0.5033645228065255,0.5067050223155056,0.5044235869145064,0.5009851887156234,0.5021000361942608,0.07426879824435298
MSFT,2022-08-26,0.47608841962225434,0.4785779542345214,0.507878741596463,0.48380320567271146,0.5066939354665462,0.18151172240591706
MSFT,2022-08-29,0.4688383825660174,0.4711018455277238,0.47400793709436145,0.4729527603704587,0.4719641082392654,0.1109924510698474
MSFT,2022-08-30,0.4631095312152146,0.4651940954488621,0.4730917867025512,0.4645719114400913,0.4741166974106923,0.13474336669180043
MSFT,2022-08-31,0.4593068661541885,0.4612730393308406,0.47324883192622363,0.46633210619200255,0.47075659143312765,0.1545442720939944
MSFT,2022-09-01,0.45659449521945117,0.45847600015420326,0.4569678912812502,0.45077898880363315,0.453640984016044,0.13959701876425998
MSFT,2022-09-02,0.44559285700565143,0.44713108735895163,0.4670453059494179,0.4483093924317479,0.46107002027295174,0.13560691188220578
MSFT,2022-09-06,0.4384696020472316,0.43978564861311836,0.4489581854710482,0.4416625205397145,0.4466320511314832,0.12067139416094799
MSFT,2022-09-07,0.4507389415581803,0.45243758011437724,0.4515757123730308,0.4450253632325912,0.4426943831281871,0.1480398110958222
MSFT,2022-09-08,0.45182879685404864,0.45356159705576166,0.45576377139231933,0.44915008306084353,0.4500709064635515,0.11081054913845964
MSFT,2022-09-09,0.466886385068787,0.46908898566505447,0.46832794845018494,0.4635998516253799,0.45791988587031496,0.12806971733809017
MSFT,2022-09-12,0.47243790903607885,0.47481373397929333,0.47413886136780964,0.47639441655705533,0.471780333041675,0.09543494609932823
MSFT,2022-09-13,0.43527555488560776,0.4364919758333166,0.45568524878048317,0.4407429763286517,0.45356223466154033,0.23827294873788418
MSFT,2022-09-14,0.4358585610459291,0.43709319326970725,0.43953511258808536,0.4361978911417281,0.4396230381356767,0.14594989481960902
MSFT,2022-09-15,0.4185194934755989,0.4192131869444195,0.4321275066626396,0.4208549163444473,0.42975273183353324,0.2204504713313754
MSFT,2022-09-16,0.4168971773051029,0.41754020459621216,0.4161606165247202,0.415705540921341,0.4152884862034816,0.3012393780518694
MSFT,2022-09-19,0.41633942384079103,0.41696511317460533,0.4157418026347332,0.4125266231059756,0.4105896011437322,0.1744468861029858
MSFT,2022-09-20,0.411092129035851,0.41155403658595363,0.4114752210036085,0.40934766520236326,0.40953958304660176,0.17281759245948036
MSFT,2022-09-21,0.40221973591544347,0.40240490564390324,0.4223379816110108,0.40740350548469356,0.4153147626920647,0.19203758524208114
MSFT,2022-09-22,0.40736570078694856,0.40771139839932885,0.41239137139541876,0.4039093336944482,0.39851419274861843,0.21585695858014786
MSFT,2022-09-23,0.3996086550204664,0.399712450300492,0.40524553413628767,0.39768278707283916,0.40289808039035324,0.24631868631598713
MSFT,2022-09-26,0.3984172703227903,0.3984838495258816,0.4060831219759708,0.40214905876604284,0.39636164363281423,0.18292879712947013
MSFT,2022-09-27,0.3957809367318037,0.3957652681676866,0.40699927236778105,0.3958437387389609,0.4040531243305704,0.1763226275245005
MSFT,2022-09-28,0.4075938527118752,0.4079466920805647,0.4083865584306086,0.39644798888689653,0.3957316087411623,0.1959895513965863
MSFT,2022-09-29,0.39854397263325836,0.3986145593738914,0.4021568316229969,0.3956072982578009,0.4011917909686106,0.18087506564605993
MSFT,2022-09-30,0.38688321112803736,0.38658997132380696,0.4037011629094968,0.3911935421682458,0.3996167237672922,0.2611720547779085
MSFT,2022-10-03,0.40675728235591935,0.40708405494815453,0.4065019358659578,0.3962641040976322,0.392056505345583,0.19452944610861894
MSFT,2022-10-04,0.4273918865960066,0.42836231788647,0.42940529625830565,0.4233770283199813,0.4174673118078689,0.25328572588161313
MSFT,2022-10-05,0.42820300478758,0.42919878911705095,0.4299811553719652,0.42106509902378303,0.4198299126098465,0.11107655626392993
MSFT,2022-10-06,0.42209376724965086,0.42289894938120526,0.4293529345369846,0.4262669900505381,0.4249225444421141,0.11002817524001765
MSFT,2022-10-07,0.3902800777312292,0.3900928117700608,0.4057428706381108,0.3923495268604685,0.40646819799846856,0.2814629218340018
MSFT,2022-10-10,0.3776306711825508,0.37704875072477256,0.3880483632189223,0.37543020201229366,0.38586130243901884,0.2029712604728081
MSFT,2022-10-11,0.3678963752228286,0.36701085663552807,0.37365196525801786,0.3685468896391004,0.37160706843951785,0.21011433416558356
MSFT,2022-10-12,0.36875827806214323,0.36789961978272206,0.3705109409636969,0.3681528221705003,0.3657793758725115,0.12630155232761123
MSFT,2022-10-13,0.3902800777312292,0.3900928117700608,0.3920793770145384,0.3554633285343693,0.3512101845106188,0.3282312775481184
MSFT,2022-10-14,0.37588149312688834,0.37524505852855533,0.3950633560851869,0.37966003322433733,0.39239773919655785,0.20742101202019697
MSFT,2022-10-17,0.39862004987068367,0.39869297730528824,0.3995655055518203,0.39752516008539923,0.3931327999312966,0.18731106892811838
MSFT,2022-10-18,0.40107893639713565,0.4012285967859058,0.4125745775096063,0.39812941023333487,0.41261092803911215,0.16958345435679573
MSFT,2022-10-19,0.3959584236900129,0.39594823004526397,0.4012668820619926,0.39529200419467386,0.3963353671442311,0.10754218217771819
MSFT,2022-10-20,0.395121853334057,0.3950855929128538,0.40571666980730486,0.39681579855367216,0.3930015376552496,0.12539302063804547
MSFT,2022-10-21,0.4102555187862206,0.41069139945354344,0.410140296662102,0.3958437387389609,0.39029770300229705,0.16929104211225304
MSFT,2022-10-24,0.42325989925131735,0.42410142414103197,0.422809117282028,0.4137088656000227,0.41397594355425715,0.15571196513741908
MSFT,2022-10-25,0.4319040207657746,0.43301530128889204,0.43118519538031425,0.4256101842107067,0.4231637420988281,0.25218160071743684
MSFT,2022-10-26,0.3828779659874908,0.38245982731342415,0.3978379282108419,0.3841788606094368,0.3809261292601358,0.719334121575036
MSFT,2022-10-27,0.3712932418260204,0.37051365719473645,0.3857711275950904,0.372934347838584,0.38058485535353814,0.30742795558854563
MSFT,2022-10-28,0.39441198528856924,0.39435366562845336,0.39338814046552967,0.37364370937031105,0.36798447796548195,0.3096098007978258
MSFT,2022-10-31,0.3849313732055052,0.38457719123522854,0.38899067450124764,0.3870425244499221,0.3877250905697688,0.18941369878018127
MSFT,2022-11-01,0.37489280818975645,0.37422558553335145,0.391137065732213,0.3770065520631877,0.3899301926627391,0.21127126956790465
MSFT,2022-11-02,0.3544357706952277,0.3531303243596588,0.3795152398969636,0.35785407132428754,0.376437255830937,0.2876964858698384
MSFT,2022-11-03,0.3396062945117414,0.3378381895445563,0.35101037353198467,0.34193310418089545,0.3518401793466479,0.2703561463782445
MSFT,2022-11-04,0.3577058153069277,0.3565024150708574,0.35409903610498455,0.3404881233156171,0.3451724803130619,0.271873951741222
MSFT,2022-11-07,0.3741323549649004,0.3734413663323381,0.37195058874784553,0.36111184272161995,0.35682786544707434,0.23968806752669114
MSFT,2022-11-08,0.3766673187287777,0.3760554037443525,0.380431350348483,0.373091974826024,0.37444216536851727,0.18780200854939078
MSFT,2022-11-09,0.3656149756545859,0.3646581990324878,0.37252644786150496,0.3691248819852117,0.37095079711490564,0.18448083135050447
MSFT,2022-11-10,0.41243558842102845,0.4129394732233576,0.4110040853325912,0.3971573504186235,0.3921089782115036,0.36457450106549544
MSFT,2022-11-11,0.4229048455475497,0.42373546049883176,0.4232017702815,0.41536398905638955,0.41195465671449993,0.25066281738708635
MSFT,2022-11-14,0.40881060978658457,0.4092014188699589,0.412522255728576,0.40821797840021196,0.4093295714160512,0.21646427631881343
MSFT,2022-11-15,0.409875252280118,0.41029930979655943,0.42061040427003243,0.4103722807089703,0.4189636296546836,0.2190734932701175
MSFT,2022-11-16,0.41099371134066065,0.40967192645833966,0.4122343261717463,0.41139689621557723,0.411429607610312,0.14771316999322268
MSFT,2022-11-17,0.4108666499871213,0.4095412166103299,0.4107946783875977,0.40406696068188824,0.39827794468510747,0.13822884240935954
MSFT,2022-11-18,0.4096973264914884,0.4083387817375486,0.4120772809480739,0.4077450573496449,0.41331967222964494,0.18213957745941678
MSFT,2022-11-21,0.4118072231527089,0.41050843757596606,0.4145115617955781,0.413419869426967,0.40785949000219657,0.17022011111665292
MSFT,2022-11-22,0.4193827128061747,0.41829825789539626,0.4161867774152353,0.41215881343919997,0.4135296838601956,0.10441268658395017
MSFT,2022-11-23,0.425865035988782,0.42496406127344216,0.423960835509347,0.42151172218427874,0.4175198247294122,0.10287532187351164
MSFT,2022-11-25,0.42563632555241115,0.42472880747925174,0.4250601920153448,0.42797466919880073,0.4232950043748751,0.002069378961379084
MSFT,2022-11-28,0.41107006783380795,0.4097503443897364,0.4196942538782222,0.41239525392035997,0.42006616067335745,0.15441126853125925
MSFT,2022-11-29,0.4074347966313222,0.4060122900363377,0.4095905984389577,0.40559075504088654,0.407780740647693,0.08769531230899075
MSFT,2022-11-30,0.4450833748875821,0.4447261777263439,0.4424144081563825,0.4099256575484746,0.4056019550989285,0.3775443043669177
MSFT,2022-12-01,0.44393942376898243,0.4435498688683464,0.44448223683522087,0.4389827414884934,0.4405155575237998,0.1667659303550315
MSFT,2022-12-02,0.44477826806438947,0.4444125060007566,0.44432519161154843,0.4357512679812325,0.42988399410958034,0.12263026280917216
MSFT,2022-12-05,0.4325254046410426,0.43181282652906533,0.4384619569128935,0.43146888107729303,0.43563289726646004,0.14127814467853722
MSFT,2022-12-06,0.4196114631362201,0.4185335116895867,0.43333158661127963,0.42022436830644033,0.4325090794080291,0.13177621368195913
MSFT,2022-12-07,0.41770494442801154,0.4165729836305759,0.41841169125803684,0.416099648478188,0.4167848040502964,0.11239094441331249
MSFT,2022-12-08,0.42540745554134207,0.42449351379801586,0.4251649154579869,0.4183327642806663,0.4168110404832567,0.13322458336144988
MSFT,2022-12-09,0.42037415040685266,0.41931773089060015,0.42403935812118315,0.42122272601122307,0.4164435301436987,0.11364469858556578
MSFT,2022-12-12,0.4383976737519628,0.43785124656889135,0.43511148573328823,0.4291306538910234,0.42366251471443306,0.2119832298154869
MSFT,2022-12-13,0.449608275033216,0.44937920101581136,0.4648989945990342,0.44463129576399113,0.46104374378436863,0.3247604713411551
MSFT,2022-12-14,0.4503710420911977,0.45016338032977926,0.4614176390862716,0.4478890270730765,0.44907336123234165,0.25839560540581247
MSFT,2022-12-15,0.42950022740391847,0.42870211562684096,0.4394565899762491,0.429577277051519,0.44012181075128165,0.25985766662852594
MSFT,2022-12-16,0.4185184562400599,0.41740949474820227,0.4280441710859933,0.41951500677471326,0.4265501245649759,0.7541380244472283
MSFT,2022-12-19,0.40773986356084035,0.40632596176192487,0.4159250486892116,0.40690436672054925,0.41686355340479997,0.20250965987272734
MSFT,2022-12-20,0.41117171691663945,0.4098549282229625,0.4099047288265934,0.4061424494969265,0.4025305700507953,0.15805517496325286
MSFT,2022-12-21,0.41785741805225873,0.41672981949336946,0.41699820436440344,0.4105824633883059,0.4085420378153919,0.14377489538194027
MSFT,2022-12-22,0.40199473559080867,0.40041825157010863,0.4074966088696043,0.39418857519434686,0.40741323030813503,0.19229283472644787
MSFT,2022-12-23,0.40336747693312824,0.4018298142222964,0.39932989777602074,0.39437250007185815,0.39389405704337266,0.11948609770480836
MSFT,2022-12-27,0.3988679491645277,0.3972029967217036,0.3994869429996932,0.3993379506174532,0.40069301835300564,0.07529761992080419
MSFT,2022-12-28,0.39269065301776396,0.390850865069245,0.4015548116188224,0.3949767502197938,0.395941620371713,0.08281329918271266
MSFT,2022-12-29,0.4091634693382503,0.4077898163307256,0.4073133628151259,0.39886502956688613,0.3926865001816121,0.1054395523256553
MSFT,2022-12-30,0.4061384516758245,0.40467914531554666,0.4021830324538029,0.4015185508162829,0.3994067521923643,0.1266399290386874
MSFT,2023-01-03,0.40552827792311374,0.4040517619773269,0.41733849564255426,0.40346267044570555,0.4121909047780109,0.1638173587252782
MSFT,2023-01-04,0.3788870426761187,0.37665666106778856,0.38362473636412514,0.37340726888915104,0.3838399755436389,0.40716889203142403
MSFT,2023-01-05,0.36162616670796655,0.35890732470346526,0.3696995140145289,0.362372898709387,0.370504537420844,0.29922280932863515
MSFT,2023-01-06,0.3682864954665527,0.3657560899590884,0.3650141184934171,0.3560413208804806,0.3594791871784835,0.3386153351151899
MSFT,2023-01-09,0.37385365775428014,0.3714808382733273,0.3793581946732912,0.374589511383198,0.36853572344700747,0.17975627097128782
MSFT,2023-01-10,0.3782514566527001,0.3760031517147849,0.3795414007874787,0.3770065520631877,0.3719745787790757,0.1764712785652045
MSFT,2023-01-11,0.39584285171475275,0.39409228581947925,0.3916867240150665,0.38693745315437783,0.38124112667815035,0.1924649569841051
MSFT,2023-01-12,0.40280820750918234,0.4012547228006896,0.4020259472898396,0.3933741423670755,0.39166271851744205,0.17877536969611618
MSFT,2023-01-13,0.40463848940526725,0.40313683292830366,0.400638661227012,0.3969471677392878,0.39623038135676725,0.12072127049697368
MSFT,2023-01-17,0.4074857009600872,0.40606458195295064,0.40466967502262824,0.4026482376184342,0.3987767173007124,0.20382893785897516
MSFT,2023-01-18,0.39594454069125884,0.3941968297656598,0.40851744276376595,0.39852351779018186,0.40822704039737734,0.20575944545338076
MSFT,2023-01-19,0.3860812285879428,0.3840543518431893,0.3905612066185536,0.38580772626397947,0.3877776034913122,0.1920121580903818
MSFT,2023-01-20,0.4071552217598612,0.40572474432553424,0.40422470024212603,0.3958699965407852,0.3906127004203116,0.25818925429009837
MSFT,2023-01-23,0.4131546320116698,0.41189387421337004,0.41582032524656937,0.40937392300418757,0.4069932471026566,0.22439265781215006
MSFT,2023-01-24,0.41178185077567564,0.4104822716741368,0.41262693923092736,0.4114494519074729,0.4106683504982358,0.30556786164499977
MSFT,2023-01-25,0.40814669925421365,0.406744217320738,0.41092556272075503,0.3863857186100908,0.3896151551891017,0.5626969993027092
MSFT,2023-01-26,0.426932750295258,0.4260619522000428,0.42403935812118315,0.41554791393390095,0.4136871825692029,0.2392626517194133
MSFT,2023-01-27,0.42733954609495683,0.4264802077588559,0.4280180101954782,0.4282374075700321,0.427705168505193,0.1712391531193736
MSFT,2023-01-30,0.4134850314245466,0.41223371184078655,0.41694588258337323,0.4160733505881166,0.4159447575280938,0.16506328915854707
MSFT,2023-01-31,0.42644979747078493,0.4255652787098327,0.4230970468388578,0.4180437681076106,0.41316217352063767,0.1716518553508018
MSFT,2023-02-01,0.439007807610999,0.43847862990711123,0.4420217551569106,0.4246643821978197,0.42510631963970447,0.21780017975040317
MSFT,2023-02-02,0.4691317606488834,0.46945498919430023,0.4669144615565514,0.4556130701636126,0.45350976179561986,0.30269263756822545
MSFT,2023-02-03,0.4532435861293762,0.45311725536921016,0.4656318989363661,0.45521900269501253,0.4553998264149528,0.1964550638661593
MSFT,2023-02-06,0.4492268915042251,0.44898703158473635,0.45018842631020334,0.4491238252590192,0.44988713126596114,0.13230724996552665
MSFT,2023-02-07,0.4766563459735843,0.4771925175971174,0.4775939361691845,0.46304807699284584,0.45799863522481854,0.4093008609046785
MSFT,2023-02-08,0.4745463695250145,0.4750229016457454,0.4985080304348212,0.4791529690137493,0.4912585012051134,0.44689979452905493
MSFT,2023-02-09,0.46664040067132273,0.46689320381185334,0.4912313088425328,0.4701941277372706,0.49283348829518614,0.32650320919993464
MSFT,2023-02-10,0.465318563657768,0.4655339330762786,0.4653439294392456,0.4645719114400913,0.4606237205232674,0.16458506311312443
MSFT,2023-02-13,0.4862147906157551,0.4870213237940007,0.49285416274086896,0.4816225653856347,0.47666303335463756,0.348564197201253
MSFT,2023-02-14,0.4883753522436931,0.4892432715490311,0.4938226349137094,0.48721856396923674,0.4898672092013854,0.27440493130268184
MSFT,2023-02-15,0.48284521128597635,0.48179324896997183,0.48272434641108924,0.47907415552002935,0.4784480721308838,0.19494019240530097
MSFT,2023-02-16,0.4645726317304594,0.46305056562522845,0.47228035975338306,0.46782964274917666,0.4671601572808064,0.2016021061505346
MSFT,2023-02-17,0.45414945179807875,0.4523591621829805,0.45487382183131503,0.45232904096445586,0.45500607964243467,0.20547974678468778
MSFT,2023-02-21,0.4404131819791256,0.4382695021277046,0.4428332220463696,0.4407429763286517,0.44211686115807847,0.18980586369677532
MSFT,2023-02-22,0.43745698090535146,0.43523720915687697,0.439823042144915,0.4374589471294951,0.4410930794939084,0.13204417674217553
MSFT,2023-02-23,0.44576499821146687,0.44375899664775303,0.4463668593998716,0.43782675679627076,0.444951958087078,0.19784182160114772
MSFT,2023-02-24,0.43162101503829964,0.429251081033664,0.431080511877963,0.43157399246108447,0.4302515044491382,0.15649140513374193
MSFT,2023-02-27,0.4340165903031922,0.4317082825828848,0.43584443001091094,0.43496309295578545,0.4368142176952603,0.11931984325138945
MSFT,2023-02-28,0.4321306567310672,0.4297738805386578,0.43236311443843917,0.43322911591745145,0.4279151801357437,0.13204319877480247
MSFT,2023-03-01,0.4241030520635791,0.4215396786456305,0.4308972658234846,0.42550507282691535,0.432351540643399,0.1816681971856055
MSFT,2023-03-02,0.43643761773246703,0.4341916101468894,0.4321275066626396,0.42503219186459534,0.4212999539680782,0.15470465874317502
MSFT,2023-03-03,0.44709014640001177,0.44511826738332777,0.4431734733842296,0.44021753967443616,0.4361054334491047,0.21291229881988677
MSFT,2023-03-06,0.4511168543374826,0.449248451280756,0.4549523444431513,0.4522764852725602,0.4472357694789292,0.14787453460977634
MSFT,2023-03-07,0.44418492944235166,0.4421382663291132,0.44859177324267313,0.44547198639308677,0.4468944955723315,0.12208944685187412
MSFT,2023-03-08,0.4430381458728567,0.44096195747111583,0.4403465395372534,0.43869374531543776,0.4409618172178613,0.0816700553236143
MSFT,2023-03-09,0.4395212392028518,0.4373546129657268,0.4534865357684876,0.4407167185268274,0.4456345059002733,0.17275011271073976
MSFT,2023-03-10,0.4300154542111274,0.42760422470024034,0.4357658674587838,0.43026038078142176,0.4331915871656016,0.18918485441488703
MSFT,2023-03-13,0.44359877168173834,0.44153704889272266,0.44916763235633256,0.4253474458394753,0.42353125243838596,0.23813994517514908
MSFT,2023-03-14,0.46110674907024296,0.4594955130364526,0.4574390269522674,0.45196123129768023,0.4480758160011318,0.24088412162393436
MSFT,2023-03-15,0.47295716510442043,0.47165077104750136,0.4715998570776632,0.46076240549847186,0.45655487035516995,0.3622273793701694
MSFT,2023-03-16,0.5003787206262126,0.49977783912848556,0.497984493102192,0.4714552238132847,0.4702840151948602,0.4477095515139424
MSFT,2023-03-17,0.5086102218644823,0.5082211289138738,0.5157051214716049,0.5057142388683056,0.5045414264063649,0.5920438442332686
MSFT,2023-03-20,0.49026128581581796,0.48940010741182466,0.500392652999472,0.48871610052641073,0.5011813204288001,0.3371777230768027
MSFT,2023-03-21,0.49421123832339575,0.4934518334908106,0.4939011575255456,0.4878490719189967,0.4956686252798085,0.25006136745265906
MSFT,2023-03-22,0.4904142381641601,0.48955694327461824,0.5097110423800835,0.4948374956759814,0.4917834701980558,0.2531380528082822
MSFT,2023-03-23,0.50409944407965,0.503594311413281,0.5097633641611137,0.5027717615341003,0.5037013798841623,0.27013121388244243
MSFT,2023-03-24,0.5115154388221425,0.511201169855134,0.5086378467646009,0.5029819041251888,0.5018637881307498,0.187601525237915
MSFT,2023-03-27,0.5008374180965407,0.5002483467168664,0.5108103589457904,0.5036124120749488,0.5104215918392917,0.17457695576360183
MSFT,2023-03-28,0.4979069085491965,0.4972422196478679,0.49688517653648506,0.49449594381103007,0.4980574625147465,0.12605412658222895
MSFT,2023-03-29,0.5113624864738003,0.5110443339923405,0.5099728110463981,0.5112051260681163,0.5063789380485316,0.15743123177924537
MSFT,2023-03-30,0.5203839622561157,0.5202979689935259,0.5186629396517382,0.5192707210236036,0.5202131888425543,0.15710263474189973
MSFT,2023-03-31,0.5312150949047579,0.5314076279945872,0.531253237659828,0.5232640716662402,0.5189006461933299,0.23252934635594685
MSFT,2023-04-03,0.5284883622471716,0.5286106685920409,0.5286357107578454,0.5257599659281971,0.5262245764959053,0.15543911224033743
MSFT,2023-04-04,0.5283607822758627,0.5284799188569855,0.5343419801134097,0.5302787933132964,0.5280884447379008,0.16464178522076145
MSFT,2023-04-05,0.5211232718334441,0.5210560621797555,0.525704093408518,0.5230539290751517,0.5244658142082421,0.1278751018308527
MSFT,2023-04-06,0.5396250006557523,0.5400339993186893,0.5386084818639527,0.520715661800635,0.5175355505669392,0.20323237776141312
MSFT,2023-04-10,0.5339929712531567,0.5342569989748829,0.5321170662706081,0.5277566011612682,0.5332860623576322,0.13802835909788377
MSFT,2023-04-11,0.5172748886213486,0.5171088401599047,0.522641631666324,0.519691086382275,0.524203289656148,0.1788448053796029
MSFT,2023-04-12,0.5189570453037157,0.518834114424725,0.5253376811801429,0.5205317369231235,0.521683230200786,0.1800848680086335
MSFT,2023-04-13,0.5351396750353025,0.5354332679458349,0.5329022923889701,0.523710734914983,0.5185330957981491,0.1489786597739526
MSFT,2023-04-14,0.5257105656861221,0.5257613773858361,0.5291854489212806,0.5250768621982944,0.5274846462792091,0.11734337119045035
MSFT,2023-04-17,0.5324892988708634,0.5327146467005943,0.5373521200745732,0.5315661071028877,0.5351761269769653,0.1451988158771047
MSFT,2023-04-18,0.5313934196301334,0.5315906297592101,0.5377709339645604,0.533799262993613,0.5394813053198193,0.10926438272166364
MSFT,2023-04-19,0.5315975156692879,0.5317997974256621,0.5306773785461687,0.5273100180890198,0.5248332844921771,0.0798128952821876
MSFT,2023-04-20,0.5256341294056255,0.5256828796803483,0.5306250567651385,0.5287286609759796,0.5228907470069236,0.13941120496338
MSFT,2023-04-21,0.5247420270546534,0.5247680304054161,0.5234006569538803,0.5234216986536804,0.5222607521708945,0.1240766765539168
MSFT,2023-04-24,0.514573767702843,0.5143379668850967,0.5199455821525054,0.5120195588953875,0.5145954678504758,0.1723354545445655
MSFT,2023-04-25,0.4983907390345105,0.497738893138078,0.5111768510547472,0.5032183446063487,0.507822783029426,0.35972573882990116
MSFT,2023-04-26,0.5492329134544031,0.5498888916433109,0.558213812678598,0.5488269838160138,0.5529480057186611,0.5438476561544954
MSFT,2023-04-27,0.573341458876972,0.5746176632242217,0.5729505019176533,0.5554475578179758,0.551031664610745,0.3664776255734556
MSFT,2023-04-28,0.5795341539821237,0.580969834763726,0.5827138261384761,0.5766229716800186,0.5721373728414224,0.26874934598431927
MSFT,2023-05-01,0.5752017009226669,0.576525939253665,0.5818500774082778,0.5814570530399981,0.5799076028936823,0.1203379072867371
MSFT,2023-05-02,0.5748195993075336,0.576133849596681,0.5833682078639717,0.5781993217309127,0.5819814427106056,0.17031497395183903
MSFT,2023-05-03,0.5722455796362419,0.5734936462828375,0.5818761983585019,0.5786722026932327,0.578988807016976,0.13076988525508812
MSFT,2023-05-04,0.5748195993075336,0.576133849596681,0.5796513643962822,0.5768594121611785,0.5779912617857661,0.13232583134561465
MSFT,2023-05-05,0.5881732887872584,0.5898313801079276,0.590671130287066,0.5791450836555527,0.5766262462706212,0.18784699504855118
MSFT,2023-05-08,0.5830763931354874,0.5846033052838986,0.5860381364275662,0.5839266494118833,0.58820288205013,0.12057750929313496
MSFT,2023-05-09,0.5788714402599903,0.5802901595088932,0.5856193225375792,0.5845046417579947,0.5826114375466347,0.12079461804995262
MSFT,2023-05-10,0.5924038534018363,0.5941706917847625,0.5933671798008848,0.5880777072184542,0.5842389776138737,0.20624158336829568
MSFT,2023-05-11,0.5867972761636232,0.5884197775686943,0.5884462164442645,0.5843733126606261,0.5881241326956264,0.22191057661934283
MSFT,2023-05-12,0.5838918996312648,0.5854398164015251,0.5872159756051094,0.5852665589816175,0.589305373013181,0.1054786710205774
MSFT,2023-05-15,0.5851407312203369,0.586720669205703,0.5852528304286224,0.5878674844508713,0.5854990473971775,0.07185419680028635
MSFT,2023-05-16,0.5909511651356572,0.5926806713141324,0.5952256015347297,0.5937524391192821,0.587415308393848,0.1735021696206171
MSFT,2023-05-17,0.5984600323525733,0.598588421392994,0.5971102240993804,0.5961432219974474,0.593873075908129,0.14988132365928009
MSFT,2023-05-18,0.6100042245406697,0.6104038417766264,0.6091770646554227,0.6039723764717748,0.5997532413410558,0.17883893757536462
MSFT,2023-05-19,0.60954472919685,0.6099333341882456,0.6084179594872849,0.6109345023386883,0.6055546574194789,0.18148629525421772
MSFT,2023-05-22,0.6167981173217517,0.6173571908654756,0.6184692532052283,0.6152431871326989,0.6104373577324416,0.14793223468478645
MSFT,2023-05-23,0.601678255080993,0.6018821340598413,0.6188095444833792,0.6079920250044828,0.6141912104825245,0.21327512471528925
MSFT,2023-05-24,0.59807697328925,0.59819633173601,0.602528523957824,0.6010561168511468,0.6002782904452438,0.14078524912251877
MSFT,2023-05-25,0.628904251809991,0.6297477824448059,0.629750787762327,0.6204713359612783,0.6226177118593964,0.33556505487863914
MSFT,2023-05-26,0.6467059264307582,0.6479676263975098,0.6467647126252138,0.6306649754236997,0.6246652751877366,0.2703238734549338
MSFT,2023-05-30,0.6424151223675635,0.6435759829170165,0.6528897159901834,0.648109696837843,0.654092539063445,0.20061924894061683
MSFT,2023-05-31,0.635212798146125,0.6362044580434449,0.6534132533228125,0.6397288479074756,0.6463747818771057,0.3614704326234268
MSFT,2023-06-01,0.6459141965650309,0.6471572014076217,0.6471050039033646,0.6328718334243537,0.6296791977211234,0.17392856339526802
MSFT,2023-06-02,0.6531165207864695,0.6545288060552843,0.6574965888994588,0.6534429570502138,0.6515199266309167,0.16512587907042242
MSFT,2023-06-05,0.6544958844787695,0.6559404085945175,0.660271161025114,0.6589864400301673,0.6540662625748619,0.12046504304523392
MSFT,2023-06-06,0.6487235889163484,0.6500326585156557,0.6519212438173427,0.6524446795219252,0.6543549835042933,0.1115567382440987
MSFT,2023-06-07,0.6224169020243866,0.6231081050815437,0.649617807362705,0.6270393943595916,0.6446946888327005,0.3102885101547242
MSFT,2023-06-08,0.62721866427161,0.6280225081799853,0.629070285086607,0.6292725502503169,0.6244553036128089,0.1397368680986065
MSFT,2023-06-09,0.6311263294841323,0.6320219822294038,0.6378389363037833,0.6320574005970823,0.6272116111316819,0.1324148263765624
MSFT,2023-06-12,0.6440498055771796,0.6452490051522695,0.6433619596048692,0.6340278181165764,0.6366356577397637,0.14934637550622035
MSFT,2023-06-13,0.6502816762707696,0.6516272628195119,0.6561355036674374,0.6477682251493859,0.6520974486010253,0.13654478259296313
MSFT,2023-06-14,0.658071235382035,0.6596000450165194,0.6615276026950749,0.6541260607801165,0.6517561746944276,0.1663972366553907
MSFT,2023-06-15,0.6855530303524441,0.6877271130975036,0.6897968612842544,0.665659609812272,0.6599989809849549,0.29250906331262977
MSFT,2023-06-16,0.6708159878129611,0.6726440661747624,0.6940634429153791,0.6781389207690673,0.6963301519021373,0.36735192840496456
MSFT,2023-06-20,0.6598847220411216,0.6614559892423042,0.6694848269630833,0.6621390599554611,0.6648028518321681,0.17003136341365377
MSFT,2023-06-21,0.6484170459208708,0.6497189867900686,0.6580986488439242,0.6521819411506937,0.6570850946458289,0.15773244573014555
MSFT,2023-06-22,0.6641243824135039,0.6657953009191391,0.6643544966017603,0.655518485953499,0.6511786527243191,0.14246637503679602
MSFT,2023-06-23,0.6521459874712718,0.6535354590748641,0.6587006289078079,0.6558075222148019,0.6518086475603482,0.1384576867746538
MSFT,2023-06-26,0.6357490489198379,0.6367533835632226,0.6538581881630239,0.6427764366254725,0.6501286346271886,0.122553003386701
MSFT,2023-06-27,0.6509966507066037,0.6523591901039123,0.653962911605666,0.6449044811324063,0.645245934314226,0.1502637089021436
MSFT,2023-06-28,0.6542657777637884,0.655705154800327,0.65875303056942,0.6567532841394419,0.6525962212166302,0.11021985684513594
MSFT,2023-06-29,0.652222742901165,0.653613877006261,0.6538581881630239,0.6536268819277251,0.6527274434370544,0.07831367129929812
MSFT,2023-06-30,0.6662443322807188,0.667964996644602,0.6711862833538373,0.665659609812272,0.6607077251754876,0.1745045861779959
MSFT,2023-07-03,0.6597313707560336,0.6612991533795107,0.6663961643900833,0.664004446267658,0.6644878544141536,0.03441956169458274
MSFT,2023-07-05,0.6601401213457868,0.6617174089383238,0.6683593095665703,0.6591703649076786,0.6537249886682642,0.0898086998021572
MSFT,2023-07-06,0.668108643481221,0.6698731928999542,0.6718667860295573,0.6611932980308213,0.6595264047466873,0.1874959047616253
MSFT,2023-07-07,0.6577647721739067,0.6592863732909322,0.6687258016755271,0.6651341330698093,0.6648291283207513,0.11956237915990647
MSFT,2023-07-10,0.6439986618863672,0.645196673348611,0.6515548315889679,0.6404119516373783,0.6524387225076229,0.23277775006870222
MSFT,2023-07-11,0.6456331057339358,0.6468696955838638,0.6453512257315803,0.6388618994765558,0.6431458981199653,0.17318824209386724
MSFT,2023-07-12,0.6577139476324909,0.6592341212613648,0.6683593095665703,0.6616399612795638,0.6576888931045206,0.20543280435078126
MSFT,2023-07-13,0.67165894115685,0.6735067431942179,0.6738299312060443,0.6704410953921085,0.6654591231567804,0.11322906245201847
MSFT,2023-07-14,0.6782482591746825,0.6802509246166151,0.693958719472737,0.684339129412358,0.6865385548988747,0.18936871228102087
MSFT,2023-07-17,0.6794999631083244,0.6815318571948841,0.6823368936374876,0.6787957266088986,0.681524632365488,0.11124085478260273
MSFT,2023-07-18,0.7146432584945951,0.7175009577378204,0.7341377733942864,0.6787169131151787,0.6819183791380061,0.5452109426725306
MSFT,2023-07-19,0.7033799177755463,0.7059730431779461,0.7228300380063819,0.7056984681519121,0.7237097723382597,0.3006633552691415
MSFT,2023-07-20,0.6824112439045208,0.6845118183620531,0.7110773677782662,0.6871239797591233,0.7022365938236472,0.24243028804073036
MSFT,2023-07-21,0.6744941048219465,0.6764082864299903,0.6910009012926037,0.6725691398990425,0.6906336815555553,0.5908507240381446
MSFT,2023-07-24,0.6779162640148224,0.6799110869891987,0.6821537274635912,0.6790846826937074,0.6819709321151723,0.1729916706518837
MSFT,2023-07-25,0.6929086260716214,0.6952555536079597,0.695162839361668,0.6863358448219234,0.6852784851155709,0.3192916777910455
MSFT,2023-07-26,0.6591696678179383,0.6607240619579038,0.6762642919341302,0.6549141957173163,0.6703942963356635,0.4830620940824172
MSFT,2023-07-27,0.6411636577959691,0.6422951301128386,0.6675216817865963,0.644247675292575,0.6678742368803015,0.29970885911304224
MSFT,2023-07-28,0.6607021434332787,0.6622925003599307,0.6640666069852215,0.6550719028812506,0.6499974124067645,0.19066158514819626
MSFT,2023-07-31,0.6544447407879571,0.6558881565649499,0.6580201262320882,0.6555710015571479,0.6585289396267232,0.16094213464850385
MSFT,2023-08-01,0.6555175614847796,0.6569860076045051,0.6602188392440838,0.6564643280546332,0.6539875132203583,0.09117296428756544
MSFT,2023-08-02,0.6329394969938221,0.6338779264551886,0.6473667725696792,0.6371804380418704,0.6498923865636778,0.18358501323678839
MSFT,2023-08-03,0.6307942545369231,0.6316821446019873,0.6375510466872445,0.6361033470198618,0.6298629729187137,0.09060378727644888
MSFT,2023-08-04,0.6336548703664021,0.634609853739589,0.651319263753459,0.6394924074263157,0.6452984872913923,0.144272680774824
MSFT,2023-08-07,0.6396056502288969,0.6407005258089826,0.6407705536531108,0.640228026759867,0.6360844122582382,0.08559463839167397
MSFT,2023-08-08,0.629236246969851,0.6300875402981312,0.634593228507111,0.6283530060392544,0.6323830323740759,0.13044520008723468
MSFT,2023-08-09,0.6194799297017602,0.6201019780125454,0.6303004460451802,0.6232298884179723,0.6310967662134346,0.1308921311767197
MSFT,2023-08-10,0.6212676450470677,0.6219317563365008,0.6333106658869256,0.6235714402829236,0.6299154457846343,0.1087939804152254
MSFT,2023-08-11,0.6163639145676161,0.6169128491789242,0.6179981175342111,0.6183958070579929,0.6147950089412161,0.15027740044536633
MSFT,2023-08-14,0.6241026491374658,0.6248333793463641,0.622317020946366,0.6206814785523669,0.6177613681462626,0.09629946925710664
MSFT,2023-08-15,0.6185348485509451,0.6191347171598636,0.6250130704601848,0.6228358209493723,0.6219877170233673,0.07801343531577098
MSFT,2023-08-16,0.6165385690749301,0.615318244875068,0.6232593721689823,0.6199458592188156,0.6162124973222816,0.1145170454823286
MSFT,2023-08-17,0.6075293007570364,0.60611686190345,0.6165846306405776,0.6105141369800169,0.6155300296203319,0.11997703732608073
MSFT,2023-08-18,0.606505469492599,0.6050712628934625,0.6074494873144445,0.5982712665043814,0.5996482154979691,0.15418438010071106
MSFT,2023-08-21,0.6203265532637104,0.6191870489635221,0.6189403888762455,0.6126947772670936,0.6086785153335327,0.1471919133833857
MSFT,2023-08-22,0.6218109171075067,0.6207031555618905,0.6276043965313616,0.6243070596164748,0.6285504302694893,0.06939069698756709
MSFT,2023-08-23,0.6334307477026081,0.6325709077491815,0.6357711475652359,0.6295615063351256,0.6241403061947943,0.11908904295134906
MSFT,2023-08-24,0.6154379025932504,0.6141942279336836,0.6456653960595069,0.6203662245774868,0.6478448232353374,0.13977305289140943
MSFT,2023-08-25,0.6231420094535641,0.6220625060715561,0.6257197739667106,0.6173186358594902,0.6179713397211903,0.12415198004164185
MSFT,2023-08-28,0.6249846982824436,0.6239446161991702,0.62778764258584,0.6249901633463777,0.6289704535305907,0.05691085534004414
MSFT,2023-08-29,0.6370396890798705,0.6362567100730125,0.6351952884515764,0.6254105287050489,0.6190476343069039,0.10068565292524712
MSFT,2023-08-30,0.6380122968661465,0.6372500570534325,0.6373678006327661,0.6374169586995244,0.6368719859145203,0.06095572839498928
MSFT,2023-08-31,0.6353760430625089,0.6345576017100214,0.6402470962010633,0.6382839071304445,0.6382632779182483,0.1703795197984605
MSFT,2023-09-01,0.6376795836201439,0.6369102194260161,0.6430739901077485,0.6382839071304445,0.6438021694445775,0.05821644178306923
MSFT,2023-09-05,0.650195266571628,0.6496928208882393,0.6505601585853213,0.643223099874215,0.6377382288140603,0.09353964533035247
MSFT,2023-09-06,0.648480476863454,0.6479414604956806,0.6495392847508688,0.6472164505168518,0.6492361152390655,0.08358295950530498
MSFT,2023-09-07,0.6408788169594634,0.6401777661910342,0.6459270848452399,0.6441951596889264,0.6437496965786569,0.0918487397423447
MSFT,2023-09-08,0.6520380351878566,0.6515749310158534,0.6539891124364721,0.6453248464910777,0.6405995621760201,0.103086562826091
MSFT,2023-09-11,0.6614312402299144,0.6611684834185463,0.6599047487967389,0.6610093731533098,0.6593689060376801,0.07426782027697992
MSFT,2023-09-12,0.6456394089345195,0.6450398374858173,0.6556381671656142,0.6506318889898712,0.6556413297761803,0.08387341581510158
MSFT,2023-09-13,0.6566194247766967,0.6562540803201047,0.6557952123892865,0.6498174561625998,0.6438021694445775,0.07388739096886249
MSFT,2023-09-14,0.6633762962277678,0.6631551773793865,0.6662914409474412,0.664004446267658,0.6643828285710669,0.11029320439811485
MSFT,2023-09-15,0.6416723021468721,0.6409881114068314,0.6572348202331442,0.645824025343469,0.6585289396267232,0.2805847071330006
MSFT,2023-09-18,0.6387034148845814,0.6379558184360037,0.6389121319192659,0.6371804380418704,0.6345880944114234,0.07672154041596863
MSFT,2023-09-19,0.637653892093714,0.6368840535241869,0.6362684840670592,0.6323201389683137,0.6303092726683982,0.07351087353023728
MSFT,2023-09-20,0.6174855651221253,0.6162854259536588,0.6367919415191066,0.6218112455310123,0.6390770479518678,0.12173053282596386
MSFT,2023-09-21,0.6143117839471883,0.61304404509047,0.6256936530164865,0.6073352191646515,0.6121699236427672,0.25985766662852594
MSFT,2023-09-22,0.6078620140030389,0.6064566995308664,0.6154853140748706,0.6103565099925767,0.6175775929486722,0.12184202110649184
MSFT,2023-09-25,0.6092183989387804,0.6078421361682704,0.6055910655805996,0.6073352191646515,0.6051609106469608,0.0865188175592086
MSFT,2023-09-26,0.5953976343170655,0.5937263500982108,0.6009056700594879,0.5942516179716735,0.6013283085423742,0.16927050479741895
MSFT,2023-09-27,0.5970611207597287,0.595425458461202,0.5967699328212297,0.5933846695407534,0.5938992722854665,0.10191300197842798
MSFT,2023-09-28,0.5992366026219599,0.5976474062162325,0.5998586752748112,0.5927541615909935,0.5904604169533981,0.10458774274372659
MSFT,2023-09-29,0.6046370891372895,0.6031629868640191,0.6103025820519357,0.6072827035610029,0.6082060192065109,0.14824127237467102
MSFT,2023-10-02,0.6201216593510643,0.6189778812970701,0.6166370323021895,0.6078081001269715,0.6043471406133413,0.11325644553846395
MSFT,2023-10-03,0.5985967080816865,0.5969938968632289,0.6153282688511983,0.59737802018339,0.6162912466767851,0.11778932431256228
MSFT,2023-10-04,0.6128528722677745,0.6115540246198401,0.6117945915574055,0.6047079958053261,0.5984406986918314,0.11472437456541573
MSFT,2023-10-05,0.6138767035322119,0.6125996236298277,0.6116375463337329,0.6070724807934202,0.6117236238930829,0.07800658954415962
MSFT,2023-10-06,0.6340964135566606,0.6332505830040143,0.6357449467344298,0.6107505774611768,0.605055884803874,0.16316798838957136
MSFT,2023-10-09,0.6406485506697839,0.6399425123968439,0.6386503632529514,0.6288258870015744,0.6265816162956528,0.10661800301018357
MSFT,2023-10-10,0.6369885453890581,0.6362044580434449,0.6407444327028866,0.6406221744049612,0.6428833735678713,0.11313028774734016
MSFT,2023-10-11,0.6473030549518811,0.6467390256228995,0.6452465821695199,0.6444841959502292,0.6435396448924834,0.10830010689183386
MSFT,2023-10-12,0.6440782896608301,0.6434453129560522,0.6473667725696792,0.6433807268616552,0.6418596319593239,0.10096437362656707
MSFT,2023-10-13,0.6352994472073141,0.6344791837786246,0.6478902300217266,0.6371804380418704,0.6466110299406167,0.11816975362067969
MSFT,2023-10-16,0.6478661940622614,0.6473141170445063,0.6539367906554419,0.6483199196054259,0.6431196216313821,0.12878656742253763
MSFT,2023-10-17,0.6463816706437668,0.6457979306720469,0.6469217578488862,0.6399390706750585,0.6392870195267957,0.09143310360879739
MSFT,2023-10-18,0.641390732591682,0.6407005258089826,0.6524971029310023,0.6422772577730811,0.6468997508700481,0.13852321058864833
MSFT,2023-10-19,0.6444877583367258,0.6438635685148655,0.6558737350011228,0.6491343524326971,0.646007231481925,0.15708992116605006
MSFT,2023-10-20,0.632586198611736,0.6317083105038166,0.6428908239338518,0.634789735340199,0.6448784640302909,0.15685129712702525
MSFT,2023-10-23,0.6393689211639355,0.6386354936908367,0.6450110143340113,0.6320048849934337,0.6284716809149857,0.15046517018099242
MSFT,2023-10-24,0.642465787334281,0.6417984566226287,0.6426813770485675,0.6404382495274497,0.6437758929559944,0.21676060043284834
MSFT,2023-10-25,0.6684184577580142,0.6683048342720184,0.6802691048989402,0.666762998724352,0.6797920664551622,0.450496758527142
MSFT,2023-10-26,0.6357086765211623,0.6348974393374378,0.6683069877855401,0.6387042724891157,0.6680317355893087,0.2820389446167297
MSFT,2023-10-27,0.6406228591433539,0.6399163464950146,0.6554549211111358,0.6425399961443123,0.6414920815641432,0.20407538563698435
MSFT,2023-10-30,0.6598187379033652,0.6595216270851227,0.6626007983105577,0.6515513530244397,0.6493148645935691,0.13533992678936244
MSFT,2023-10-31,0.6618661610701925,0.6616128251050979,0.6614228792524328,0.6590652535238872,0.6635953350260305,0.11027657895277299
MSFT,2023-11-01,0.6822395415291258,0.682420620342078,0.6834624909145823,0.6720962589367225,0.6660629216154721,0.18747243354467208
MSFT,2023-11-02,0.6879981934548403,0.6883022045191105,0.687153133551466,0.6855476297082292,0.6856197590221684,0.15020503085976045
MSFT,2023-11-03,0.6994645131901553,0.7000130410695169,0.7017066566166243,0.6922733150939826,0.6918937513388591,0.14325755064159548
MSFT,2023-11-06,0.7090112290919994,0.7097634293350032,0.7099518503817532,0.7080892510300776,0.7019215964056327,0.14512155645463357
MSFT,2023-11-07,0.7192491427996276,0.720219578983061,0.7228300380063819,0.7193337638009303,0.7175408058646559,0.16473567008857448
MSFT,2023-11-08,0.7260829292552903,0.7271990939737394,0.7265207605238473,0.7270052111113237,0.7235259971406693,0.1738689073855118
MSFT,2023-11-09,0.7196586114755232,0.7206378345418742,0.7289289204211273,0.7265060322589323,0.7251535372079083,0.15508704398603854
MSFT,2023-11-10,0.742642554211664,0.7441119192204364,0.7428279818802084,0.728371418571129,0.7230272245250644,0.18633114562031983
MSFT,2023-11-13,0.7349897506168609,0.7362958931121315,0.7385614002490837,0.7410608721190131,0.7406940774236735,0.1075500059167026
MSFT,2023-11-14,0.7441780617462727,0.7456802778483722,0.7476704226249926,0.7448703780606325,0.7480180878374946,0.18282806649004574
MSFT,2023-11-15,0.7445627963439283,0.7441119192204364,0.7507590851979924,0.7442397899343782,0.7487268320280274,0.17477157127083925
MSFT,2023-11-16,0.7612330065662395,0.76110316239853,0.7591875250175997,0.7523053848898658,0.7478867855058248,0.1779225821468144
MSFT,2023-11-17,0.7450246055208737,0.744582426808817,0.7540047929946647,0.7439508338495697,0.754843245524465,0.3048109148982572
MSFT,2023-11-20,0.7644900059463516,0.7644229611931157,0.7657836640535864,0.7544597272868712,0.7485693333190201,0.42518011714093196
MSFT,2023-11-21,0.7532826759464141,0.7529996304664672,0.758847233739449,0.754774981261751,0.7602509949416156,0.19005720131164983
MSFT,2023-11-22,0.7655415234209481,0.7654947261049325,0.7681918239508665,0.7648898072304524,0.7663674084380534,0.14039797404278997
MSFT,2023-11-24,0.7644645537819692,0.7643967952912865,0.7634279058179185,0.7653364704791952,0.7646085660391445,0.011612384587625382
MSFT,2023-11-27,0.7674908879356561,0.7674813402916816,0.7704167377936679,0.7681213208259605,0.7631648011694959,0.12899389650562476
MSFT,2023-11-28,0.7779803711551898,0.7781728235080205,0.7765940629396677,0.77327065616082,0.7672862043147596,0.11211320167936556
MSFT,2023-11-29,0.768106287759737,0.7681087635169468,0.7799968159600124,0.7713790521350459,0.7814879253927173,0.1953411590282525
MSFT,2023-11-30,0.7682603571309674,0.7682655993797405,0.7689770500692286,0.7662034189101152,0.7676536745986947,0.21090061993351777
MSFT,2023-12-01,0.7569757131896926,0.7567638507216952,0.7639252423197418,0.7552741601141424,0.7631123283035754,0.23521386679497597
MSFT,2023-12-04,0.7432036188509661,0.7427264825830324,0.7413097715439327,0.733179202041037,0.7430041653041078,0.22565716962550697
MSFT,2023-12-05,0.7518720356132429,0.7515618620254048,0.7506281609245442,0.7403252527854616,0.7360477052854676,0.1376567314961238
MSFT,2023-12-06,0.7423316229119825,0.7418376396617474,0.7535074564928415,0.7466568707026151,0.7546595504381203,0.11924258382891828
MSFT,2023-12-07,0.7478457266125178,0.7474578839168511,0.7463616591740012,0.7421643412075871,0.7407203539122567,0.1381838559101991
MSFT,2023-12-08,0.7562576270472412,0.7560319234372948,0.7542403608301733,0.7471823474450778,0.7432666898562018,0.10919201313605775
MSFT,2023-12-11,0.7487430949285346,0.7483727331917835,0.7467542722331824,0.7415863488614758,0.7413766252368689,0.18307158036593585
MSFT,2023-12-12,0.7566422818575477,0.7564240130942788,0.7541357172681129,0.753041004223417,0.7475980645763933,0.1549990269224638
MSFT,2023-12-13,0.7566166701184669,0.7563978471924495,0.7625641570877202,0.7538554370506885,0.7611697107070762,0.21482324706683137
MSFT,2023-12-14,0.7349710803771572,0.7343353650531206,0.7524081399271345,0.7364107156365449,0.7540557519794286,0.33532838677436044
MSFT,2023-12-15,0.7472813906919001,0.7468827924952444,0.7488482618025356,0.7420592298237958,0.7370977233825979,0.6798154379973576
MSFT,2023-12-18,0.752205546732737,0.7519016996528212,0.7504187939198417,0.7483645498508777,0.743922961180814,0.12531380528082822
MSFT,2023-12-19,0.7537697777130437,0.7534963039566771,0.7510993764761433,0.7514121385688743,0.7492780775095528,0.11358602054318262
MSFT,2023-12-20,0.746999262625266,0.7465952068973956,0.7583498972376257,0.7532249291009285,0.7584921525427069,0.169457296565672
MSFT,2023-12-21,0.7544881032175426,0.7542282312410775,0.7541095164373068,0.7519376153113371,0.752086938005592,0.08526701932170139
MSFT,2023-12-22,0.7571551549379563,0.756946772712227,0.756124983394824,0.7589522567818991,0.7550270207220554,0.07939432524652112
MSFT,2023-12-26,0.7573602882126499,0.7571559403786792,0.7607318563040997,0.7610277856851846,0.7584921525427069,0.036027340055881055
MSFT,2023-12-27,0.7558472807105048,0.7556136678784815,0.7558108929474792,0.7592149951531304,0.7550532972106385,0.05785850572453202
MSFT,2023-12-28,0.7589505298687831,0.7587766308102735,0.7594754146341385,0.7627617627235186,0.7594634212853336,0.05220194243879636
MSFT,2023-12-29,0.7608996550214437,0.7607633247711136,0.761307715417759,0.7609752700815358,0.7611172378411557,0.09526966961328234
MSFT,2024-01-02,0.7476404337631258,0.7472487162503991,0.7580096059594748,0.743346543613387,0.7554995168490772,0.15910942379140347
MSFT,2024-01-03,0.7469480391471044,0.746542954867828,0.7510993764761433,0.7479179667786291,0.7427679172405969,0.13783765546013854
MSFT,2024-01-04,0.7401260612191176,0.7395896057789786,0.7506805625861561,0.7443974970983125,0.7471255684493715,0.11649840738013298
MSFT,2024-01-05,0.7396387200904405,0.7390929322887687,0.7479583122415314,0.7426372221699071,0.7426628913975102,0.1175066917417501
MSFT,2024-01-08,0.7574372830045906,0.757234358310076,0.756177385056436,0.7492315784582917,0.7435291342970501,0.13833152898353004
MSFT,2024-01-09,0.7602585636709329,0.7601098154181101,0.7582451737949836,0.7549589061392625,0.7506431731359434,0.11579916070840043
MSFT,2024-01-10,0.778159573541406,0.7783557454985524,0.7796566045624433,0.7684365748008406,0.7620885065837825,0.16160910839692566
MSFT,2024-01-11,0.7829298995730599,0.7832178965674266,0.7966966503755546,0.779103095225582,0.7873680908256441,0.18446029403567038
MSFT,2024-01-12,0.7927780520800353,0.7932557906566711,0.7914615965715892,0.7903213101063633,0.7860292716878364,0.12392802551321283
MSFT,2024-01-16,0.7973943885278079,0.7979610260886605,0.8054653814733126,0.7981241666906194,0.8074762538251116,0.1781181756214249
MSFT,2024-01-17,0.795342736631475,0.7958698280686853,0.7952046408700848,0.7907416754650347,0.7925657885566212,0.12953080059343058
MSFT,2024-01-18,0.8066272209980516,0.8073715767267307,0.8053606580306705,0.8046922250889328,0.8023835819372213,0.14085566277337855
MSFT,2024-01-19,0.8189374515254453,0.8199190041688544,0.8176107446411911,0.8135722528716915,0.8129889489741032,0.19893714505896654
MSFT,2024-01-22,0.8133978158731785,0.8142726737860124,0.8227148741717083,0.8138086933528514,0.8241717578698483,0.17630502411178556
MSFT,2024-01-23,0.8195273193977946,0.8205201817181995,0.819469166375036,0.8147019396738429,0.8129626724855202,0.11282516192694778
MSFT,2024-01-24,0.8289140616645703,0.8300875682190632,0.8358287095124273,0.8318314872896004,0.8281619387946878,0.15527970355852988
MSFT,2024-01-25,0.8348383521271436,0.8361259882588892,0.8394409094180564,0.8372960765993398,0.8354596727199258,0.11766903432567682
MSFT,2024-01-26,0.8324274975848869,0.8336687867096684,0.8372421964060608,0.8370333382281083,0.83559089494035,0.08619902222822043
MSFT,2024-01-29,0.8472767211372905,0.8488040856619772,0.8472149675121681,0.8420250465755277,0.840027295503628,0.15179031597147855
MSFT,2024-01-30,0.8443786052537057,0.8458502106225465,0.8552507143920125,0.8475948274455525,0.8563028563985092,0.23948856218258846
MSFT,2024-01-31,0.8161418623855328,0.8170696331885587,0.8611925515830854,0.8233192290853701,0.8423898562499829,0.38025229602290006
MSFT,2024-02-01,0.8320427629872311,0.8332766970526844,0.8420322354892329,0.8353781746834943,0.8289231558511411,0.21191086022988098
MSFT,2024-02-02,0.8511237479644502,0.8527251417799988,0.8542037196073358,0.840002113452385,0.8341208535821182,0.1884298636028905
MSFT,2024-02-05,0.8368386209706167,0.8381649342492967,0.8503036300851678,0.8411318002545363,0.8501076134363222,0.16002577921995365
MSFT,2024-02-06,0.8364283544212294,0.8377466786904835,0.8419537128773968,0.8382944343041223,0.8395547993766063,0.09186438722031354
MSFT,2024-02-07,0.8583817637556033,0.8601228325553996,0.8585226230194907,0.850090641531015,0.8436499260332867,0.13057135787835847
MSFT,2024-02-08,0.8585355139774371,0.8602796684181933,0.8618207324777749,0.8635683101925933,0.8610017014026358,0.11966506573407698
MSFT,2024-02-09,0.8750518144032162,0.8771140757334934,0.8755889495439897,0.8702939955783466,0.8641518358052726,0.1275621522714759
MSFT,2024-02-12,0.8614849331265326,0.8632858752612826,0.8753795026587052,0.8694007492573552,0.8780910323311363,0.11944600104251321
MSFT,2024-02-13,0.8385570808968521,0.8399163744159464,0.8474505353476767,0.8395555303801365,0.8370872127871648,0.18420700048604977
MSFT,2024-02-14,0.8486289571308756,0.8482028283385412,0.8468484754032113,0.8426556347017817,0.8453037425891089,0.11160563661275133
MSFT,2024-02-15,0.8411007015881133,0.8405437178671209,0.8449900536693664,0.8419200153682305,0.8454875177866993,0.12553482590713808
MSFT,2024-02-16,0.8346772614691871,0.8340086243370848,0.8427913406573708,0.8396868594775051,0.8450149415484317,0.13014105223421535
MSFT,2024-02-20,0.8314140386758404,0.8306888255424991,0.8328446905014879,0.8254210558787269,0.8326245357353034,0.14981188797579334
MSFT,2024-02-21,0.8298466959889164,0.8290942212386432,0.8270861792454751,0.8233455269754417,0.8245655847536121,0.0931973567497841
MSFT,2024-02-22,0.8541788853511842,0.8538491587213832,0.854674855278353,0.8531645281390832,0.8508689106040211,0.17623656639567192
MSFT,2024-02-23,0.8508129762394672,0.8504247760935717,0.862605958596137,0.8542154014475145,0.8652544068795692,0.07145714204682702
MSFT,2024-02-26,0.8436187105402939,0.8431055032495676,0.8529211569871504,0.8499855301472237,0.8542027400930027,0.07045570345682126
MSFT,2024-02-27,0.8434644018070159,0.8429486673867741,0.8428698632692071,0.8407640306760078,0.8450936909029353,0.05717784043288748
MSFT,2024-02-28,0.8440810782286834,0.8435760108379484,0.8454349885095778,0.8446260522212758,0.8455924635185402,0.041014973658448806
MSFT,2024-02-29,0.859291898047486,0.8590511474176739,0.8582609342337579,0.8462024022721697,0.8468000604359237,0.22452272747276603
MSFT,2024-03-01,0.8640709209001984,0.863913218712457,0.862632159426943,0.8592334076850052,0.8537039674773977,0.08639559367020397
MSFT,2024-03-04,0.8625808123672625,0.8623971121140885,0.8665061279988868,0.8630166157365533,0.8594004378239798,0.0841716958638826
MSFT,2024-03-05,0.8310543573058213,0.8303228220132535,0.8583917786266244,0.8323306661419918,0.8607654533391248,0.17534954998831326
MSFT,2024-03-06,0.8296156318257455,0.8288589674444526,0.8345984686732721,0.8264194135835097,0.8319157915447707,0.13060656470378834
MSFT,2024-03-07,0.847729673918479,0.847287979063609,0.8466914301795387,0.836534159375717,0.8401847942126354,0.09514937962639688
MSFT,2024-03-08,0.8402270301147974,0.8396549547199268,0.8483666857394869,0.8420250465755277,0.8450149415484317,0.08814419933322185
MSFT,2024-03-11,0.8358592312596622,0.8352110592098658,0.8359595539052938,0.8339595317965345,0.833989631361694,0.0697447211766121
MSFT,2024-03-12,0.8635056275313908,0.86333812729085,0.861846933308581,0.8484880737665439,0.8441224221603086,0.1317106898679646
MSFT,2024-03-13,0.8630432598430013,0.8628676197024694,0.8686786401800763,0.8607309442421793,0.871633344928101,0.07947647450585754
MSFT,2024-03-14,0.8890453984232145,0.8893216655482006,0.893911637857868,0.8779129272850912,0.8772509858089336,0.24613580641722632
MSFT,2024-03-15,0.8664349402684977,0.8663181682321102,0.8802481442342955,0.8642514139224959,0.8747572028421547,0.3529552707062587
MSFT,2024-03-18,0.8687471776471911,0.8686707859481049,0.8753533817084811,0.8668523393917498,0.8615267505068237,0.10871867692750034
MSFT,2024-03-19,0.8792559694052218,0.8793621893903529,0.8778138633867913,0.8715024958742179,0.8709245206263224,0.10609674640034658
MSFT,2024-03-20,0.8890710899496443,0.8893478314500298,0.8890429962822779,0.8849276489321474,0.8818711615698022,0.08675450769611423
MSFT,2024-03-21,0.8997083393398246,0.9001699048532423,0.9017642185638157,0.902004600767762,0.9024255442077086,0.12035844460157119
MSFT,2024-03-22,0.8980896136000409,0.8985230485198186,0.8992513352238936,0.8991409369272767,0.9020843504123565,0.08468512873473516
MSFT,2024-03-25,0.8829815598869581,0.8831524957733194,0.8928384422423852,0.8874234630176099,0.8903764123011778,0.08871435431171146
MSFT,2024-03-26,0.8798725660395401,0.8799895328415275,0.889121518894114,0.8867404394642013,0.8913476810438047,0.07565946784883362
MSFT,2024-03-27,0.8793074322454308,0.8794144414199205,0.8850905849790796,0.8805927464245593,0.8882763761069171,0.0754580065699848
MSFT,2024-03-28,0.8774831742942075,0.8775584971941357,0.8783373208388388,0.880881702509368,0.8791410504282667,0.12598175699662306
MSFT,2024-04-01,0.8873752098432217,0.8876225571852094,0.8940948839123464,0.8890261109585753,0.8869901099462757,0.07165371348881058
MSFT,2024-04-02,0.8793332035592099,0.8794406073217498,0.879672285120636,0.8775188598164914,0.876909711902336,0.08726207276272849
MSFT,2024-04-03,0.8767895030805994,0.8768527358115645,0.8819757215752737,0.8808028890156478,0.8759122467823718,0.0734756667048074
MSFT,2024-04-04,0.8701862222766639,0.8701346405169057,0.8961365517006696,0.8768095383730112,0.8897201409765657,0.1015296387681914
MSFT,2024-04-05,0.8898161442161123,0.8901058448621686,0.8904826840067173,0.8787799558925053,0.8766472674614877,0.07398909957565994
MSFT,2024-04-08,0.8874265928960816,0.887674809214777,0.8924981509642345,0.8918634769089893,0.8901927172148331,0.05166797225310968
MSFT,2024-04-09,0.8917689395868345,0.8920925388230088,0.8937021909725835,0.8874497609076812,0.8935265467038148,0.03430416154456255
MSFT,2024-04-10,0.8840094603062028,0.8841981745573979,0.8839911885327909,0.8824055369566133,0.8823699341854071,0.07068161391999639
MSFT,2024-04-11,0.8960084403845183,0.8964056845980142,0.8979687726037082,0.889393880537104,0.8918990066365758,0.08779408701366906
MSFT,2024-04-12,0.8805149339876375,0.880643042194531,0.8870013284939546,0.8825893816576307,0.887252554387124,0.10038443897434693
MSFT,2024-04-15,0.859291898047486,0.8590511474176739,0.8912941109558854,0.8659327951806872,0.893946569964916,0.11035677227736326
MSFT,2024-04-16,0.8617070611065976,0.8615082691928035,0.8692544992937359,0.8667210102943812,0.8623667970290264,0.07605065479805462
MSFT,2024-04-17,0.854667024353353,0.8543458322115933,0.8705109409636969,0.8577883867314797,0.8694020064021702,0.06715017373590382
MSFT,2024-04-18,0.8352167835242157,0.8345575498568623,0.8522144534806246,0.841026769047239,0.8520239545442382,0.11775411748713238
MSFT,2024-04-19,0.8219844506025651,0.8210952731398062,0.8354360964532461,0.8247904677524729,0.8346983755522267,0.21101210821404576
MSFT,2024-04-22,0.826712249977116,0.825905092405022,0.8285519879201388,0.8194835054301737,0.8243292565788557,0.11048781990535231
MSFT,2024-04-23,0.8436957053322345,0.8431839211809644,0.8425557728218622,0.8386885017727224,0.8352496210337522,0.0659668332145103
MSFT,2024-04-24,0.8475241417070396,0.8470788113971568,0.8537325839363186,0.8484617758764725,0.849215094048199,0.059422275554042975
MSFT,2024-04-25,0.8217788386037765,0.8208861852474452,0.8208041306568332,0.7992013378891221,0.8084475225677384,0.30901128476551765
MSFT,2024-04-26,0.8404840251664458,0.8399163744159464,0.855119869999146,0.8457820369134985,0.8560666083349983,0.20249303442738542
MSFT,2024-04-29,0.8300266962486242,0.8292772230032659,0.8376348094652417,0.8285211602003724,0.8379009828207843,0.10359510586007828
MSFT,2024-04-30,0.7968302121818887,0.7955038245394397,0.8267458879673244,0.8021964110034703,0.828030636463018,0.19356125840929694
MSFT,2024-05-01,0.8112445148940142,0.8101686159033679,0.8255941697400055,0.8051914039413242,0.8047198661949929,0.14252211917706
MSFT,2024-05-02,0.8186956958574867,0.8177493084433916,0.8209087742188936,0.8165935436996168,0.817976595018907,0.08528071086492411
MSFT,2024-05-03,0.8413576168524126,0.8408051375631405,0.8398073216464315,0.8355358016709342,0.8301044762799413,0.0827115905759152
MSFT,2024-05-06,0.8590349029958375,0.8587897277216541,0.8575541508466502,0.8473846046779698,0.8471150578539383,0.07830975942980589
MSFT,2024-05-07,0.8482435044470775,0.8478107386815572,0.8594911750729131,0.8545306554223944,0.8626030450925372,0.10786002157396024
MSFT,2024-05-08,0.8513268865554149,0.8509476154856108,0.8531044030416288,0.848277850998961,0.8455662671412029,0.02741340343403463
MSFT,2024-05-09,0.8559003771966878,0.8556005988880329,0.8543869656618142,0.8545569533124657,0.851866455835231,0.05574903010085777
MSFT,2024-05-10,0.8621182053168255,0.8619265247516168,0.8613495968067577,0.8616504082767478,0.8580878951747554,0.043158678140179874
MSFT,2024-05-13,0.8594974302589253,0.8592602353100349,0.8691236549008694,0.8590757806975653,0.87139709686459,0.06308867523561679
MSFT,2024-05-14,0.8667944620638184,0.8666840919872649,0.8668725402272619,0.8609936024369165,0.8556727814512343,0.05985258119818607
MSFT,2024-05-15,0.8855076273614038,0.8837275871949262,0.8834153294191316,0.8760213232593173,0.8711082958239128,0.12958361083157544
MSFT,2024-05-16,0.8801278855568562,0.8782642585767069,0.8876295892692261,0.8841132161048759,0.8813461124656142,0.08352721536504099
MSFT,2024-05-17,0.8781201964899112,0.8762253125862993,0.8810857720142695,0.8780180386688825,0.8832887300621134,0.062228063947330575
MSFT,2024-05-20,0.8913249229887519,0.8896353372737877,0.8911631866824372,0.883167374003742,0.87717223645443,0.07122438581204055
MSFT,2024-05-21,0.900848899496085,0.8993073076078775,0.907391885426962,0.8959357212218402,0.894550288312362,0.12189483134463666
MSFT,2024-05-22,0.9046582666944407,0.9031760319222406,0.9059260767522983,0.901925787274042,0.9031080920209039,0.08884344600495439
MSFT,2024-05-23,0.8955977748983854,0.8939746489506226,0.9090409401561041,0.8974332577790141,0.9106683504982357,0.08041336724924183
MSFT,2024-05-24,0.9037316962086308,0.9022350167454791,0.9023923994585055,0.8947797365296175,0.8954953606776513,0.028029522879057703
MSFT,2024-05-28,0.9041435585050013,0.9026532723042924,0.9017642185638157,0.9005333621006595,0.9019005752147661,0.06580546859795663
MSFT,2024-05-29,0.9011835276384674,0.8996471452352939,0.9020783090111606,0.8981425792224942,0.8915577327299781,0.06384073214549416
MSFT,2024-05-30,0.8638602822984127,0.861743602761085,0.8846978920393169,0.8680608396876213,0.8879088257117363,0.18977750264295684
MSFT,2024-05-31,0.8650441669852675,0.8629460376338662,0.8649355958815808,0.8424980077143418,0.8680894637529458,0.38146693150023125
MSFT,2024-06-03,0.860899852495133,0.8587373959179956,0.8640979681016068,0.8540840723501459,0.8648868564843885,0.08308321817767514
MSFT,2024-06-04,0.8674637183485829,0.865403239183087,0.8641241689324128,0.8560807075832171,0.8567490760369479,0.05241611729349485
MSFT,2024-06-05,0.8879014871982893,0.8861587026164086,0.8841220329256574,0.8734729133937118,0.8708720477604018,0.07822565423572339
MSFT,2024-06-06,0.8892140688793415,0.8874918074501541,0.8873416197721053,0.8847174261645645,0.8871476086552831,0.057427222113015874
MSFT,2024-06-07,0.887489704689268,0.8857404470575954,0.8898806240622519,0.8910753419717894,0.8928965518677855,0.04530433855665708
MSFT,2024-06-10,0.8978372462146438,0.8962488487352207,0.8945921405335879,0.8934136092463061,0.8889589239201124,0.04883675670812271
MSFT,2024-06-11,0.9102181683333945,0.9088223623050826,0.9069992723677811,0.8969865945302713,0.8910064872484525,0.054393567321807
MSFT,2024-06-12,0.9317884388170958,0.9307280085816181,0.9346926718433011,0.9180043814048742,0.9168373169718397,0.13082269549323294
MSFT,2024-06-13,0.9331270311739746,0.9320872793171928,0.9346665508930769,0.9340829755357063,0.9313540354678119,0.068178017444982
MSFT,2024-06-14,0.9356752795314871,0.934675230601469,0.9340121691675811,0.927120849668793,0.9246075470240994,0.044916085509555226
MSFT,2024-06-17,0.9506046893697979,0.9498366156815161,0.9544288470508129,0.9376297431060943,0.9359216582515143,0.11540797375917944
MSFT,2024-06-18,0.9453793360858773,0.9445301229260905,0.9523348574814594,0.9485852997921385,0.9546122527586708,0.07944322361517375
MSFT,2024-06-20,0.9437319666877446,0.9428571804649286,0.9428855438273998,0.9390746838831256,0.9456607022776108,0.10648304351270232
MSFT,2024-06-21,0.9542338967337474,0.9535224180053474,0.9534864958281966,0.9528413888060066,0.948495839262233,0.24642724069439592
MSFT,2024-06-24,0.9488027718763399,0.9480068373575605,0.9591665643529548,0.9525786504347751,0.9548485008221815,0.06771935074702037
MSFT,2024-06-25,0.9572455500151886,0.9565808768780042,0.9556852887207739,0.9534718967557665,0.9507796506540841,0.07260625371016372
MSFT,2024-06-26,0.960360208764397,0.9597438398097962,0.9613914781957564,0.9572551048073146,0.9527484646279208,0.07352163117134086
MSFT,2024-06-27,0.9621362751567268,0.9615475320060134,0.9681185415051914,0.9666605291560417,0.9610962166502891,0.056889340057836996
MSFT,2024-06-28,0.9469495511173709,0.9461247272299467,0.9660506728860623,0.9525786504347751,0.9634325810193066,0.1894625971488339
MSFT,2024-07-01,0.9721234172259412,0.971690009928484,0.9712595258592214,0.9506082329152812,0.9518559452397978,0.08482497806908165
MSFT,2024-07-02,0.9786871235046928,0.9783557734194843,0.9770704387768461,0.9701809988363586,0.9637738549259042,0.04880643971955806
MSFT,2024-07-03,0.9825223418041766,0.9822506636356767,0.9808134830753417,0.9827129055732966,0.9768730049295654,0.009228100132123385
MSFT,2024-07-05,1.0,1.0,1.0,0.9855765694137819,0.9806005811910651,0.06856627049208383
MSFT,2024-07-08,0.9966022557359675,0.9965494514703592,0.9982986234898277,1.0,0.9988186795711996,0.03885562169874887
MSFT,2024-07-09,0.9793564595768067,0.9790354486743171,0.9973300714364053,0.9830281595481767,0.9999999999999999,0.08036935871745446
MSFT,2024-07-10,0.9966280270497465,0.9965756173721885,0.9950528358125736,0.9852875331524793,0.9848270101794155,0.09004047806957063
MSFT,2024-07-11,0.9668983033040679,0.9663835171730584,0.9906554097885825,0.9660825368099304,0.9894471859402841,0.13810855242247408
MSFT,2024-07-12,0.9639379532881374,0.963377310329969,0.968615798126433,0.9637180518218365,0.9667401340197049,0.07173488478077394
MSFT,2024-07-15,0.9649934601301919,0.9644490752417858,0.9709716362426826,0.9657672828350505,0.9640362993667525,0.05320338102880212
MSFT,2024-07-16,0.9535647202363318,0.9528427427505144,0.9632236990987952,0.9532354562746064,0.9664514130902736,0.08006129899494294
MSFT,2024-07-17,0.9381205224212326,0.9371585182784281,0.9384881178034086,0.9335837966833149,0.9359216582515143,0.12507029140493814
MSFT,2024-07-18,0.9300124522121151,0.9289243163854009,0.9379645804707795,0.9210256722327996,0.9405155575237997,0.11545491619308595
MSFT,2024-07-19,0.9216212167008246,0.9204025288945248,0.928777115363616,0.9147203522057175,0.9110096244048335,0.11687883668825039
MSFT,2024-07-22,0.9366277011184252,0.9356424116800597,0.937833736077913,0.932874475239835,0.9338216220572536,0.0666934629726883
MSFT,2024-07-23,0.9415441177863935,0.9406352327098981,0.9477541854029898,0.9438825475295278,0.9393605135835826,0.04027171845492891
MSFT,2024-07-24,0.9004885798272728,0.8989413040786318,0.9296670649246201,0.9031342875699135,0.9303040173706815,0.17424053498727177
MSFT,2024-07-25,0.8734613333850356,0.8714939112524804,0.8990942900002212,0.8766519113855713,0.8997217095547559,0.20492915115365923
MSFT,2024-07-26,0.8911446833669967,0.889452335509165,0.8967909334261652,0.8760213232593173,0.8718958694801949,0.1427304262275202
MSFT,2024-07-29,0.8949029068745398,0.8932688875680515,0.9052454941959966,0.8955416537532401,0.907019443479994,0.06001394581473973
MSFT,2024-07-30,0.8850958448523825,0.8833094114102038,0.8971311448237342,0.8762577637404771,0.8968866526813793,0.2317626199354737
MSFT,2024-07-31,0.8733326363908385,0.8713632412915162,0.8781017530033302,0.8627275794752505,0.8779335336221289,0.33155245474700473
MSFT,2024-08-01,0.8701407434876418,0.8681217806542365,0.8929692866352517,0.8650395488596958,0.878694830789828,0.2083774641110423
MSFT,2024-08-02,0.847952759346734,0.8455887909265267,0.8603549238031112,0.842051344465599,0.8569065747459551,0.19998161421338662
MSFT,2024-08-05,0.8136153161869921,0.8107175414231453,0.823814270617997,0.7927646085881774,0.795689646470675,0.3102112507322531
MSFT,2024-08-06,0.8250952795590138,0.8223761259439843,0.8359334329550694,0.8267083696683184,0.8241192850039277,0.15605718762010662
MSFT,2024-08-07,0.8220580943258409,0.819291580943589,0.8474766562979008,0.824002332815273,0.8468000604359237,0.11404762114326342
MSFT,2024-08-08,0.833023269721074,0.8304274058464796,0.836430689576311,0.8304915777198663,0.8305244995410427,0.10966730527936128
MSFT,2024-08-09,0.8415948246414691,0.8391321153278875,0.8421630798820994,0.8365867551558597,0.8346983755522267,0.10060839350277595
MSFT,2024-08-12,0.8436284445968916,0.8411972272201245,0.844021581496526,0.8417886060943678,0.8426523808020768,0.07602424967898219
MSFT,2024-08-13,0.8621612904853726,0.8600183284962646,0.8602240794102449,0.8557917514984086,0.8492938434027028,0.10195407660809619
MSFT,2024-08-14,0.8694972585166563,0.8674682713012329,0.8674746001717273,0.8633581676015045,0.8629705153764723,0.09073385693706487
MSFT,2024-08-15,0.8821843246941388,0.878368842409933,0.8763479748315457,0.8770459788541713,0.8760959418687165,0.11503732412479253
MSFT,2024-08-16,0.8755829587865829,0.8716769130171034,0.8769500347760113,0.8761001367530372,0.8781960581742231,0.13482649391850987
MSFT,2024-08-19,0.8834736084692356,0.8796758611159401,0.8780232303914939,0.8738932787523832,0.873890879831369,0.06107210651238254
MSFT,2024-08-20,0.891905774890646,0.8882237347345545,0.8887812276159632,0.8875023566878242,0.8810836680247659,0.07235393812791618
MSFT,2024-08-21,0.890203830945687,0.886498540243825,0.8901947145095968,0.8877124992789127,0.8873313037416276,0.06922150863202903
MSFT,2024-08-22,0.8680531872841866,0.8640438886734212,0.8912155883440491,0.8690328995023324,0.8880663244207435,0.10144162170461668
MSFT,2024-08-23,0.8712508248765227,0.8672853493107009,0.8715056139673434,0.8624123255003706,0.8686932622116376,0.09295188693914794
MSFT,2024-08-26,0.8627411849390767,0.858658977986599,0.8663228819444084,0.8604419079808765,0.867091918521736,0.0407186495444139
MSFT,2024-08-27,0.8636435798580906,0.8595739070356221,0.8586796682431632,0.8575782441403912,0.857877843488582,0.044044716580165455
MSFT,2024-08-28,0.8552889667400652,0.8511044513484045,0.8603549238031112,0.8498542010498551,0.8631805670626459,0.057636507130849085
MSFT,2024-08-29,0.8617871676051554,0.857691796908008,0.878808456509856,0.858497788351454,0.8633380657716531,0.07878505157310942
MSFT,2024-08-30,0.8721532197955366,0.8682002783597242,0.8668725402272619,0.8625174368841619,0.8650706316819788,0.14981579984528556
MSFT,2024-09-03,0.8522975794453107,0.8480721583775768,0.8731284678656794,0.8491185817163038,0.871134572312496,0.11074893719395734
MSFT,2024-09-04,0.8509051306277484,0.8466605558383435,0.8505129970898704,0.842130157959319,0.8396335487311098,0.06011174255204496
MSFT,2024-09-05,0.8495899957515232,0.845327451004598,0.8553816386654607,0.8467540967282097,0.8441224221603086,0.05091591534323231
MSFT,2024-09-06,0.8323388538399688,0.8278395343362943,0.8489686658033706,0.8327509513241689,0.8479025513989745,0.10386306892029468
MSFT,2024-09-09,0.8427050656050481,0.8383479360139197,0.8437336119994052,0.8362977188945571,0.8431248769290988,0.061669644577317606
MSFT,2024-09-10,0.8645720652402804,0.8605150019864745,0.8638361994352921,0.8508788566447092,0.8456450164957064,0.10371441787959071
MSFT,2024-09-11,0.8873673108956548,0.883623083135791,0.8838864650901488,0.8558179692119858,0.8648081071298849,0.1005125527002168
MSFT,2024-09-12,0.8975787352033613,0.8939746489506226,0.8927337187997431,0.8825368660539821,0.8853100169018705,0.08221282721565842
MSFT,2024-09-13,0.9068362219644959,0.9033590336868635,0.9044078664160227,0.8975382889863113,0.8919252030139132,0.06733696550415685
MSFT,2024-09-16,0.9087701875208158,0.9053195617458742,0.9088576941016258,0.9047894511145274,0.9044469111587113,0.047387409061258906
MSFT,2024-09-17,0.9185948825471377,0.9152790379037219,0.9306355370974608,0.9154296736491976,0.929726495400573,0.09667207482623963
MSFT,2024-09-18,0.9074035898043815,0.9039341251084703,0.9154015113565823,0.9105430766855696,0.9159972704496372,0.09690483106102613
MSFT,2024-09-19,0.9277234329520276,0.9245327526789984,0.9297193867056506,0.9275937306311128,0.9323515806990218,0.12437202270057865
MSFT,2024-09-20,0.9189043776745343,0.915592709629309,0.9238037503453835,0.9205527912704796,0.9218249630166434,0.45160479556081046
MSFT,2024-09-23,0.9143659934668922,0.9109920580305455,0.9165270287530953,0.910490561081921,0.914107205830304,0.060044262803304355
MSFT,2024-09-24,0.9031746209367868,0.8996471452352939,0.9083865584306086,0.8992197504209969,0.9107470998527395,0.07849752916543198
MSFT,2024-09-25,0.9107557754920432,0.9073323418344528,0.9077844984861432,0.9057089953255901,0.9024255442077086,0.0431009780651698
MSFT,2024-09-26,0.9086927937921294,0.9052411438144774,0.9134906879611255,0.9071802339926929,0.9162335185131479,0.05381558860433297
MSFT,2024-09-27,0.9002090049558118,0.8966409383922047,0.9044602680776346,0.9028190335950335,0.9068619447709868,0.05776755475883813
MSFT,2024-09-30,0.9060883751408073,0.9026009405006339,0.9007172237791392,0.8973018485051514,0.8981729188420208,0.07645846719261751
MSFT,2024-10-01,0.8813075415142055,0.8774800792627391,0.8956392151988464,0.8800672696820966,0.8988029937892955,0.09881088947110547
MSFT,2024-10-02,0.8721275282691066,0.868174112457895,0.8808240033479549,0.8745500845922145,0.8833936757939543,0.07425804060324939
MSFT,2024-10-03,0.8706060633079504,0.8666318399576973,0.8722646392548994,0.868192248961484,0.8703995516333801,0.04593708344702205
MSFT,2024-10-04,0.8693682423730624,0.8653770732812578,0.8727881765875287,0.8699787416034666,0.8720008152120359,0.09956196841360979
MSFT,2024-10-07,0.8525555319451492,0.8483335780735966,0.8658778672236154,0.8542942149412345,0.8661206497791091,0.1166773754094016
MSFT,2024-10-08,0.8658871203291563,0.8618481068202202,0.8620825011440896,0.8521136548306518,0.8527326987347711,0.10014483696794907
MSFT,2024-10-09,0.8729783805605624,0.8690367097032596,0.8744372313166708,0.8682184666750612,0.8657530993839285,0.0585323252445652
MSFT,2024-10-10,0.8688011138952243,0.8648019818596508,0.8665061279988868,0.865197175847136,0.864099362939352,0.04752139059136709
MSFT,2024-10-11,0.8700387752554137,0.8660567485360906,0.8659302688852273,0.8654599142183672,0.8664882001742898,0.05042106385246775
