Symbol,Date,Adj Close,Close,High,Low,Open,Volume
NFLX,2018-01-02,0.061533572288570426,0.061533572288570426,0.0524701491005235,0.058432624789610366,0.056293144936519324,0.07427888705304987
NFLX,2018-01-03,0.06859128984450841,0.06859128984450841,0.060556104728235305,0.06929383704137204,0.06671454358896783,0.05631581136312938
NFLX,2018-01-04,0.0696198145354428,0.0696198145354428,0.06204561841994055,0.0737597974835223,0.07398327463583015,0.036943970781172605
NFLX,2018-01-05,0.07735142225357544,0.07735142225357544,0.06731215191199746,0.0766001554118253,0.0758223390908801,0.04453300162200789
NFLX,2018-01-08,0.08100441157236227,0.08100441157236227,0.07170976859538963,0.08169134759007063,0.08067399490701077,0.033545694117291205
NFLX,2018-01-09,0.07614556338675332,0.07614556338675332,0.07256092893974597,0.08195929431337595,0.08433461846244322,0.0376721729234329
NFLX,2018-01-10,0.08183787881673088,0.08183787881673088,0.07373126595777679,0.07895818198011945,0.07638281110472883,0.03635339355053367
NFLX,2018-01-11,0.0902078625096307,0.0902078625096307,0.08101926299038409,0.09046247999684348,0.08815289043137936,0.04926896217961563
NFLX,2018-01-12,0.09728330333624674,0.09728330333624674,0.08953079879027409,0.09519642123487321,0.0932147107250163,0.05335158249743843
NFLX,2018-01-16,0.09781530586390985,0.09781530586390985,0.09577261876766285,0.09734006316646376,0.10558027277485055,0.093555448850038
NFLX,2018-01-17,0.09066890430851021,0.09066890430851021,0.08704827597076537,0.0957680568117924,0.09990543099619698,0.060336424852639264
NFLX,2018-01-18,0.0956873633993287,0.0956873633993287,0.0860375442004902,0.0961789379837581,0.0987494428519991,0.0535474333332073
NFLX,2018-01-19,0.09591786738725067,0.09591786738725067,0.0911976741940434,0.09966238167702346,0.10297053842128023,0.07111578262825773
NFLX,2018-01-22,0.10854376983234837,0.10854376983234837,0.09882257054279686,0.10448562713196352,0.10165693527074399,0.12521825269294898
NFLX,2018-01-23,0.1488154378075719,0.1488154378075719,0.15187787124141733,0.1523964365811606,0.15954390266114127,0.20085145961805304
NFLX,2018-01-24,0.16833948072643357,0.16833948072643357,0.15897081774132565,0.15470086699027885,0.15224016090494397,0.12256481414965574
NFLX,2018-01-25,0.1832352132706439,0.1832352132706439,0.17774941177907022,0.17420819937416854,0.1734683098626838,0.10732020855467377
NFLX,2018-01-26,0.19192438495092734,0.19192438495092734,0.1818278517887879,0.18944603377859598,0.188338540730918,0.07469403033041322
NFLX,2018-01-29,0.20963967339259149,0.20963967339259149,0.20347910353327597,0.19866378948764318,0.19308509760471287,0.12390552276671445
NFLX,2018-01-30,0.19937225122303248,0.19937225122303248,0.1962443082499205,0.1964844054257439,0.1979893028920115,0.08574258848260974
NFLX,2018-01-31,0.18429921832597013,0.18429921832597013,0.19546407229728774,0.19091088188748973,0.20664169191524545,0.07978539587957065
NFLX,2018-02-01,0.1750248404829537,0.1750248404829537,0.17712878107419305,0.17983528499902446,0.17944094311367742,0.06446441602044713
NFLX,2018-02-02,0.17920983232940363,0.17920983232940363,0.17477038439565978,0.17863841768601013,0.1734683098626838,0.06034020575680468
NFLX,2018-02-05,0.1558554659158674,0.1558554659158674,0.16994718754008947,0.15598707259277772,0.17171683899530216,0.08130531935407033
NFLX,2018-02-06,0.17617749571470592,0.17617749571470592,0.16781928667919854,0.14700155554930133,0.14667041806862618,0.08659631664316204
NFLX,2018-02-07,0.17412044633283713,0.17412044633283713,0.1780154205253296,0.18153237177348902,0.179738701178852,0.05926567279299172
NFLX,2018-02-08,0.14847852654951021,0.14847852654951021,0.16945064915435093,0.15593347643360184,0.18061443661254278,0.06172477286218227
NFLX,2018-02-09,0.14736135168214975,0.14736135168214975,0.14849098632830038,0.13112060130733738,0.15744212425741716,0.11919602853826465
NFLX,2018-02-12,0.16239893803785604,0.16239893803785604,0.1544313522744864,0.15414708544222688,0.1544470716581693,0.05588856919243668
NFLX,2018-02-13,0.16296638710687528,0.16296638710687528,0.15843886789248052,0.1643294697987176,0.16346727357241325,0.04318699973911762
NFLX,2018-02-14,0.17667401787797726,0.17667401787797726,0.17345819859418182,0.17438684188056347,0.1690370498158964,0.07431745227553717
NFLX,2018-02-15,0.2019790264032425,0.2019790264032425,0.1922899605593415,0.18742743819422442,0.18578135584851557,0.07271208036689894
NFLX,2018-02-16,0.1988757290597612,0.1988757290597612,0.19487888687735394,0.20182569029842734,0.20101936620059435,0.05420606683882384
NFLX,2018-02-20,0.19892893269483108,0.19892893269483108,0.20170585845283967,0.2034691468411418,0.1992854006878802,0.05009698019184308
NFLX,2018-02-21,0.20334446235223858,0.20334446235223858,0.20317764950207323,0.20954285576827214,0.20686939515458458,0.06221175331868864
NFLX,2018-02-22,0.1982018727206022,0.1982018727206022,0.1993829408810866,0.1996105641062194,0.21003960152200368,0.05858511004321573
NFLX,2018-02-23,0.2120159107618439,0.2120159107618439,0.20204279159082267,0.20561282284530658,0.20499528658303423,0.04656410333967265
NFLX,2018-02-26,0.22661017858934873,0.22661017858934873,0.21915454404663465,0.22204755863532244,0.21856938624823435,0.06899847629562134
NFLX,2018-02-27,0.22031496754899582,0.22031496754899582,0.22218677317929697,0.22844281044493397,0.22911338919768615,0.06255505941690896
NFLX,2018-02-28,0.2216804034979919,0.2216804034979919,0.21933187193686193,0.2287822073562824,0.22618839142427366,0.04922359132963057
NFLX,2018-03-01,0.21992481883282855,0.21992481883282855,0.2184452324857254,0.21636684277871654,0.22557536993925703,0.08157754445398073
NFLX,2018-03-02,0.23882820904760116,0.23882820904760116,0.22896054300553087,0.21529502181292126,0.21138824878904033,0.09226389198712981
NFLX,2018-03-05,0.26356576850384716,0.26356576850384716,0.2568535809055709,0.2409653673408516,0.24326549963856786,0.13491854041975596
NFLX,2018-03-06,0.28168889510932094,0.28168889510932094,0.27259991198881633,0.27472801738028374,0.2730935215555392,0.13143784004506837
NFLX,2018-03-07,0.27448932374188706,0.27448932374188706,0.2689648086155853,0.2712445736870184,0.2733036860330454,0.12089970395520384
NFLX,2018-03-08,0.26711238437552987,0.26711238437552987,0.2675107402088234,0.2704942956037043,0.277157002118482,0.07710095392212094
NFLX,2018-03-09,0.2927188576175006,0.2927188576175006,0.28261875176655676,0.2813912159132005,0.2756331676761086,0.10099702442842182
NFLX,2018-03-12,0.27473758482352273,0.27473758482352273,0.2871227381266159,0.2784794418694285,0.2970539757566873,0.14537727752214663
NFLX,2018-03-13,0.265126261899409,0.265126261899409,0.2726885928448484,0.2689758513356346,0.28008199989189436,0.08902668184069538
NFLX,2018-03-14,0.2751808695286885,0.2751808695286885,0.2692130608975362,0.2768716933844485,0.2700809301944584,0.07055998971594067
NFLX,2018-03-15,0.2743651932010692,0.2743651932010692,0.2683619005531798,0.27765767952549714,0.2788559569218611,0.034019819499635146
NFLX,2018-03-16,0.26968364536831235,0.26968364536831235,0.26962088460540584,0.2780685606974628,0.275790782682447,0.046805325025426586
NFLX,2018-03-19,0.26087034314721114,0.26087034314721114,0.2570131861533265,0.258364731778311,0.26594739480568014,0.06640175131480942
NFLX,2018-03-20,0.26799902143193266,0.26799902143193266,0.2614462819434988,0.2681184150065429,0.2614985959970599,0.03665889060709979
NFLX,2018-03-21,0.26619026695473524,0.26619026695473524,0.2612689540532715,0.27117312349897527,0.26691072382703934,0.03115389414224518
NFLX,2018-03-22,0.2488473701355245,0.2488473701355245,0.25190625790902516,0.2553636194450545,0.2611657938153849,0.05232242038361054
NFLX,2018-03-23,0.23863315160103538,0.23863315160103538,0.2434833691433304,0.24589577104156923,0.25125231770561723,0.0634125684816267
NFLX,2018-03-26,0.27305292706410744,0.27305292706410744,0.2641593344024867,0.24882546725935684,0.2546677660742083,0.08200251808217417
NFLX,2018-03-27,0.23818983307283392,0.23818983307283392,0.26747529492388006,0.23989354637505622,0.2776649246611628,0.08260973129114096
NFLX,2018-03-28,0.2117321693158165,0.2117321693158165,0.22474022039052927,0.21240106772544232,0.23545383533968972,0.13481872454978883
NFLX,2018-03-29,0.22872039778325182,0.22872039778325182,0.21862256037595268,0.20220082934008438,0.2155042788231511,0.13612389266769254
NFLX,2018-04-02,0.20201447294459862,0.20201447294459862,0.21422494369256057,0.20068238507201475,0.22415666784638505,0.09272138139114589
NFLX,2018-04-03,0.20800825309128168,0.20800825309128168,0.21135228598581707,0.20597010785809639,0.21278944552724488,0.08734569184874871
NFLX,2018-04-04,0.21735352401701036,0.21735352401701036,0.20968544440388454,0.19384054403270307,0.19208675787401874,0.08900248405403668
NFLX,2018-04-05,0.22627323350825146,0.22627323350825146,0.2253786075597149,0.22579894905189313,0.22627598501194207,0.07192187139632572
NFLX,2018-04-06,0.2171939469348364,0.2171939469348364,0.22482890124656124,0.21961808187898524,0.21918240773325098,0.07789267525436033
NFLX,2018-04-09,0.2191091086821737,0.2191091086821737,0.2260701626563157,0.22581683715333456,0.22385890978121042,0.06586032583832098
NFLX,2018-04-10,0.23354376560446888,0.23354376560446888,0.22500622913678864,0.23040784394270375,0.2342102536078235,0.0719619489804792
NFLX,2018-04-11,0.2434742765159662,0.2434742765159662,0.24750860740379627,0.24850389030430142,0.2433180491097357,0.10384933853081627
NFLX,2018-04-12,0.2533692732400361,0.2533692732400361,0.24660427913202482,0.25731076484138293,0.25529829291389255,0.06885328957566912
NFLX,2018-04-13,0.2576252258152696,0.2576252258152696,0.2578820691401546,0.2599546262344238,0.2685571291592505,0.08244337150786239
NFLX,2018-04-16,0.2507625318828618,0.2507625318828618,0.2554172689631175,0.25239821516953254,0.2662801969873551,0.14491373867146587
NFLX,2018-04-17,0.30091147331147705,0.30091147331147705,0.29535057635961165,0.2877150175347688,0.29022314583383574,0.24744127310605055
NFLX,2018-04-18,0.2981806014134849,0.2981806014134849,0.2957052321400662,0.30080924408017984,0.3018531155088155,0.07620109873075047
NFLX,2018-04-19,0.2949532073522215,0.2949532073522215,0.2894811348051492,0.2930741564363194,0.295862943495989,0.05516187941184256
NFLX,2018-04-20,0.28621083203686815,0.28621083203686815,0.29160906948787685,0.29169864661691025,0.29470698875895646,0.06060562522921732
NFLX,2018-04-23,0.27010924062583574,0.27010924062583574,0.2822286507011588,0.27576413028834457,0.28932990504547745,0.05916358838052532
NFLX,2018-04-24,0.24941481920454378,0.24941481920454378,0.2627762242092852,0.2493792488074088,0.27193753341134125,0.09640700677159936
NFLX,2018-04-25,0.24718046946982286,0.24718046946982286,0.24456502530532914,0.23206915451428556,0.24943075860523473,0.10416920302321098
NFLX,2018-04-26,0.26175701402664964,0.26175701402664964,0.2563570763416691,0.25522071906896826,0.2557887101019058,0.061422300528948495
NFLX,2018-04-27,0.25782028326183537,0.25782028326183537,0.257811144748431,0.25686417561168273,0.2667355700588681,0.044844548125238665
NFLX,2018-04-30,0.2590615886700136,0.2590615886700136,0.2585736242367553,0.26333087760933727,0.25766281867345625,0.03739162983435859
NFLX,2018-05-01,0.2605511551598275,0.2605511551598275,0.2507713661759377,0.25720360659560537,0.25641923694159,0.03699690343948851
NFLX,2018-05-02,0.2606575624299673,0.2606575624299673,0.25719048022171703,0.26383109707078756,0.2586786971659833,0.0344296695111669
NFLX,2018-05-03,0.25769615272101754,0.25769615272101754,0.24919320545003726,0.2554886657922735,0.26032510249819446,0.03774703482590827
NFLX,2018-05-04,0.2725918514421922,0.2725918514421922,0.2640706535464547,0.2589542554566716,0.253529283284678,0.053427956761579964
NFLX,2018-05-07,0.2835331299509103,0.2835331299509103,0.27832750475983165,0.2798013555296619,0.2767891892274719,0.045172730606797315
NFLX,2018-05-08,0.2846503048182707,0.2846503048182707,0.27536620001889284,0.2864288460048441,0.28363752450499097,0.02715974698189325
NFLX,2018-05-09,0.29069725477698793,0.29069725477698793,0.2835230800383282,0.294396104169127,0.28869937820579333,0.03394798232049212
NFLX,2018-05-10,0.2894559493688097,0.2894559493688097,0.28371816439286407,0.2940924493880872,0.2934459350795882,0.03144426758214959
NFLX,2018-05-11,0.2838877983026856,0.2838877983026856,0.28229954127104556,0.2896800510325387,0.29020564047916825,0.02605572296558999
NFLX,2018-05-14,0.28755854471518616,0.28755854471518616,0.28095187636278746,0.29355648779632826,0.2860020168573893,0.022275574981000957
NFLX,2018-05-15,0.2833025921399527,0.2833025921399527,0.274639165815512,0.28532128290874015,0.2837076127379918,0.027238389788534028
NFLX,2018-05-16,0.28695561528177516,0.28695561528177516,0.279568766169586,0.29016238239254755,0.28430306205401007,0.019113982917874982
NFLX,2018-05-17,0.28168889510932094,0.28168889510932094,0.2808631955067555,0.28664323064154773,0.28649243404540253,0.028672108648062095
NFLX,2018-05-18,0.2798446602677317,0.2798446602677317,0.2737170472575952,0.2859822227025698,0.28188605363760927,0.018403172934775624
NFLX,2018-05-21,0.29339268013362396,0.29339268013362396,0.28339895389735287,0.2907161298680253,0.2857568082633826,0.04169051787044353
NFLX,2018-05-22,0.29303801178184863,0.29303801178184863,0.29182180884121073,0.3008985823696644,0.2979122058357106,0.03645094087800156
NFLX,2018-05-23,0.31626828147760255,0.31626828147760255,0.3066638454745216,0.2954321830046136,0.28913721251547336,0.06733865936700102
NFLX,2018-05-24,0.3243722808181887,0.3243722808181887,0.3226230173766113,0.3187087939065153,0.3159351043095309,0.10295099570111196
NFLX,2018-05-25,0.3279188966898714,0.3279188966898714,0.32326137072396016,0.3324818142746231,0.3256734934654582,0.05046297171505594
NFLX,2018-05-29,0.3251525106044518,0.3251525106044518,0.3263468016058743,0.32869471580031806,0.3284758869418673,0.06483418844782542
NFLX,2018-05-30,0.33190879726671985,0.33190879726671985,0.3226230173766113,0.3332499463868045,0.3299996545699097,0.03434195253452911
NFLX,2018-05-31,0.3284685886651769,0.3284685886651769,0.3253360698355991,0.33494703316126906,0.33250432338830965,0.04368985999311875
NFLX,2018-06-01,0.3432401906685695,0.3432401906685695,0.33324469757308367,0.3396095242112557,0.33264443303998054,0.04513114066097766
NFLX,2018-06-04,0.34657399199997263,0.34657399199997263,0.3385821216350274,0.3444148474921801,0.34805763056739597,0.04943910286705963
NFLX,2018-06-05,0.35364950047265997,0.35364950047265997,0.35069338316687865,0.3549545168614606,0.34917857459509344,0.05455088529871034
NFLX,2018-06-06,0.3565753959941823,0.3565753959941823,0.3504273405987825,0.3583843984681243,0.3569902388939716,0.049668225659484214
NFLX,2018-06-07,0.3458469320257438,0.3458469320257438,0.34868957462512634,0.3485056688926733,0.35832138080634074,0.0539459406322428
NFLX,2018-06-08,0.34437508880660794,0.34437508880660794,0.33750043165119187,0.3457367952249877,0.33996568015084533,0.03086503306400693
NFLX,2018-06-11,0.3459356160252055,0.3459356160252055,0.34331670527823926,0.35406133840206033,0.346656400422026,0.02486625051514819
NFLX,2018-06-12,0.35015605441301156,0.35015605441301156,0.34386637776955603,0.3560085178709629,0.3496689917831068,0.023797010817166817
NFLX,2018-06-13,0.378706214093254,0.378706214093254,0.37626343585149197,0.3597777623164007,0.3565523377699607,0.12914661212082257
NFLX,2018-06-14,0.40165270851994483,0.40165270851994483,0.3953789292053827,0.3939691816292401,0.3858724037370858,0.10173883782567764
NFLX,2018-06-15,0.4000745256767406,0.4000745256767406,0.40217048931776184,0.401579154780733,0.397152065875723,0.09409989904985878
NFLX,2018-06-18,0.3972726930499648,0.3972726930499648,0.3920630363276629,0.399774943833065,0.3919150918139149,0.042957120765859946
NFLX,2018-06-19,0.42312742737357123,0.42312742737357123,0.4135723716450302,0.4033476576706666,0.39503278211733134,0.11760956115045353
NFLX,2018-06-20,0.4440168724183934,0.4440168724183934,0.4387168779793022,0.4410403747056385,0.43995867132754524,0.11607829496345756
NFLX,2018-06-21,0.4416761154135328,0.4416761154135328,0.44534879902208896,0.43527038870469625,0.45087052057517246,0.13041019029290662
NFLX,2018-06-22,0.4339622986121495,0.4339622986121495,0.44054332480899033,0.44112971299512305,0.44841843463510583,0.07020836562855641
NFLX,2018-06-25,0.3867747668924839,0.3867747668924839,0.4148136330547845,0.3859304392043399,0.42163804819571565,0.16142116625769884
NFLX,2018-06-26,0.41321463973275196,0.41321463973275196,0.41266804337325874,0.40433017441955155,0.4016534141555112,0.10622223398503518
NFLX,2018-06-27,0.39725496977928676,0.39725496977928676,0.424743791976493,0.4060272611940161,0.4266648243728522,0.11643218759334108
NFLX,2018-06-28,0.40617464544749216,0.40617464544749216,0.3986948897267761,0.4008467307262862,0.404666005516592,0.0837538328915977
NFLX,2018-06-29,0.399099204620876,0.399099204620876,0.4065503495368455,0.40700977794290094,0.41200475798212427,0.0613149228506505
NFLX,2018-07-02,0.41106897399749276,0.41106897399749276,0.40131932897340544,0.3881634194254151,0.3879391714314749,0.0529213156034134
NFLX,2018-07-03,0.39748543994417307,0.39748543994417307,0.4041565075733688,0.4051340827346157,0.41253025269380345,0.03127790779887102
NFLX,2018-07-05,0.41144136561994626,0.41144136561994626,0.40284428795005406,0.4075635254183788,0.4025642271128678,0.055238253675984075
NFLX,2018-07-06,0.4289261162506529,0.4289261162506529,0.4195304940555247,0.41588806859545147,0.4089571559117085,0.05660467244136763
NFLX,2018-07-09,0.4479358799125296,0.4479358799125296,0.43809624727442503,0.443719978228988,0.4413599014729152,0.07549331347098345
NFLX,2018-07-10,0.4420130604946301,0.4420130604946301,0.43866371005188703,0.44725698400885505,0.44361929488297763,0.06230098265699259
NFLX,2018-07-11,0.4473684646665459,0.4473684646665459,0.43924889547182083,0.4428267997695876,0.43328545641103205,0.06480394121450204
NFLX,2018-07-12,0.43823590681198976,0.43823590681198976,0.4339646393372922,0.43782487773567846,0.4399761766822127,0.08771168337196157
NFLX,2018-07-13,0.4068485356096867,0.4068485356096867,0.4219243360190014,0.41510208245440283,0.42951973391326387,0.11021335642205476
NFLX,2018-07-16,0.41514755857380303,0.41514755857380303,0.41015000762513304,0.4091534198744916,0.4116369450911143,0.16496841054569789
NFLX,2018-07-17,0.3779082610363128,0.3779082610363128,0.3775933781172784,0.3238536163165108,0.32050654082232005,0.43303754059745847
NFLX,2018-07-18,0.37019437658885823,0.37019437658885823,0.374277417595885,0.3745154454045263,0.3805654082566076,0.15579064377455223
NFLX,2018-07-19,0.35086539111656234,0.35086539111656234,0.36119093722237555,0.3577948747897637,0.36273513549846054,0.11898278554333484
NFLX,2018-07-20,0.3452262793216546,0.3452262793216546,0.35188140900554427,0.3526858285826511,0.35198096807150253,0.1055076430977704
NFLX,2018-07-23,0.3480812817604646,0.3480812817604646,0.3401780388252364,0.34100288805953205,0.34187483283889614,0.07834940847754332
NFLX,2018-07-24,0.3386118464708825,0.3386118464708825,0.34638441351768173,0.34271782886286395,0.35551898732993154,0.08852987103335892
NFLX,2018-07-25,0.3484536733829181,0.3484536733829181,0.3390786261989292,0.3446649401866182,0.339107450071822,0.055381171853437036
NFLX,2018-07-26,0.34884378827604967,0.34884378827604967,0.34308617563876004,0.34641558904768444,0.3401933833901845,0.04423431019293954
NFLX,2018-07-27,0.3348702069756696,0.3348702069756696,0.3456751019567725,0.3375194443662668,0.35536137232359327,0.059023694926404704
NFLX,2018-07-30,0.29896083119974803,0.29896083119974803,0.31912969514315376,0.3060254826056442,0.3292290180785548,0.12943320465656155
NFLX,2018-07-31,0.3033763608571556,0.3033763608571556,0.3022307496843492,0.29527142859966005,0.2934634404342557,0.09786038633278762
NFLX,2018-08-01,0.30502557207521475,0.30502557207521475,0.305617668419303,0.3060254826056442,0.301099984372128,0.05025955907095622
NFLX,2018-08-02,0.315878166584471,0.315878166584471,0.3066638454745216,0.30725809204896715,0.3034819820791938,0.04527481501926371
NFLX,2018-08-03,0.31337776485136515,0.31337776485136515,0.3117352946120427,0.313992740769927,0.3219077709676899,0.05825919610415635
NFLX,2018-08-06,0.3272627297983548,0.3272627297983548,0.31904108193079533,0.31981635700261923,0.313360414072461,0.05334175214660834
NFLX,2018-08-07,0.32887642682898655,0.32887642682898655,0.3284923912874001,0.3328033912296785,0.3315059836576156,0.051623709293840525
NFLX,2018-08-08,0.3213931478385609,0.3213931478385609,0.3195907544221121,0.328516039221349,0.32971943526656805,0.032142978671919606
NFLX,2018-08-09,0.32449641135900653,0.32449641135900653,0.3198567293465347,0.32710482134420527,0.3222755838587,0.027799475966682672
NFLX,2018-08-10,0.3183076075887933,0.3183076075887933,0.3139341198646572,0.32460389439982484,0.32043651940365,0.02407982244874039
NFLX,2018-08-13,0.3102213315188853,0.3102213315188853,0.31054726877337707,0.31504674177942926,0.3081409453653204,0.043441832679867065
NFLX,2018-08-14,0.3034473215859391,0.3034473215859391,0.3020711782584304,0.31000911168778555,0.31199426145075687,0.03524710099173116
NFLX,2018-08-15,0.28378139103254585,0.28378139103254585,0.2898180679431321,0.28276672573260975,0.2978771951263756,0.08046142154434811
NFLX,2018-08-16,0.2767591200179641,0.2767591200179641,0.28213996984512674,0.2831418647742667,0.2906435416031791,0.04193552046036289
NFLX,2018-08-17,0.2667222356593627,0.2667222356593627,0.2700819438843642,0.2684042157587154,0.2715696871131658,0.07005183619610794
NFLX,2018-08-20,0.2861398713080846,0.2861398713080846,0.28290244933345104,0.26477787168936384,0.2639156712277914,0.09412258447485132
NFLX,2018-08-21,0.3043871284543762,0.3043871284543762,0.3004575384257498,0.2983083171357994,0.2925701328315666,0.10313701618605073
NFLX,2018-08-22,0.3157717593143313,0.3157717593143313,0.30880943515604736,0.3120813375039072,0.30568885942525376,0.05888153292978483
NFLX,2018-08-23,0.30642645456556694,0.30642645456556694,0.31567188583831324,0.312510038632166,0.32253829780737414,0.07707297523129682
NFLX,2018-08-24,0.3412718252861623,0.3412718252861623,0.3317551838813784,0.3248182108913801,0.3188425967282759,0.10272792235535207
NFLX,2018-08-27,0.3514860438206514,0.3514860438206514,0.3589566666848177,0.352435735888213,0.3558868002209416,0.12313119359363599
NFLX,2018-08-28,0.35841963083577155,0.35841963083577155,0.3509770807337728,0.35311452971090984,0.3560269098726124,0.06108882478155826
NFLX,2018-08-29,0.35762167777883036,0.35762167777883036,0.3507465510942937,0.35763412038481013,0.3559743938086099,0.052741344565139306
NFLX,2018-08-30,0.3628351604931791,0.3628351604931791,0.36307055197947885,0.3587595375097813,0.3521210777231733,0.07438550855051478
NFLX,2018-08-31,0.35698330180406324,0.35698330180406324,0.36163420621518866,0.3650833391313496,0.36203458724010645,0.051415759564742314
NFLX,2018-09-04,0.34974821624920194,0.34974821624920194,0.34900878512063754,0.3546865701381554,0.3546957679602433,0.04885835598725079
NFLX,2018-09-05,0.3099907937079277,0.3099907937079277,0.33927371055346495,0.3092588336044715,0.34336358975760356,0.09035453538359163
NFLX,2018-09-06,0.31935382172737015,0.31935382172737015,0.32616943989381025,0.32026298030489364,0.32136477090134336,0.09003240234869767
NFLX,2018-09-07,0.3232905524921844,0.3232905524921844,0.32572617090099715,0.31894103257208606,0.3121869539807611,0.06020560556851566
NFLX,2018-09-10,0.32281175359959113,0.32281175359959113,0.31996313284503847,0.3222100916286479,0.32982453420890395,0.03484632515019642
NFLX,2018-09-11,0.3361469589252041,0.3361469589252041,0.3264354824619064,0.3236749397375417,0.31651311508521257,0.03821813548491987
NFLX,2018-09-12,0.3610086489222678,0.3610086489222678,0.3517572828645689,0.34571894119612034,0.34175222854189274,0.07060309202342649
NFLX,2018-09-13,0.35781670140236055,0.35781670140236055,0.35824735512390854,0.36465456985794253,0.3642239592314988,0.054612135946190174
NFLX,2018-09-14,0.3514505972792953,0.3514505972792953,0.3529276537044364,0.35861663713369507,0.35833888616100823,0.027316276414341725
NFLX,2018-09-17,0.32625196220113417,0.32625196220113417,0.3462602873767063,0.33380376200743067,0.35075492510146916,0.04482564360441156
NFLX,2018-09-18,0.35693006434595764,0.35693006434595764,0.3477142881397946,0.33735862181616494,0.33227662014897047,0.07009796322692609
NFLX,2018-09-19,0.35570648220845746,0.35570648220845746,0.36448917510129725,0.35095303375045206,0.3677969891992629,0.08115937645328504
NFLX,2018-09-20,0.35286920304032565,0.35286920304032565,0.35145586265520296,0.35809859771595176,0.3613339721674214,0.04252836623350108
NFLX,2018-09-21,0.3454745404032903,0.3454745404032903,0.35493139460251516,0.35375768362102056,0.3549059658449149,0.08156620174148446
NFLX,2018-09-24,0.3604057194888568,0.3604057194888568,0.3574493627069672,0.342306913618324,0.34161211889022197,0.0618442494338096
NFLX,2018-09-25,0.3600865653245089,0.3600865653245089,0.3533709226972495,0.36045662428424585,0.3612813892890881,0.04276807555758884
NFLX,2018-09-26,0.3750709142221096,0.3750709142221096,0.37227367669780637,0.37187161808405955,0.3671664623595788,0.09569997769266543
NFLX,2018-09-27,0.38008937331292814,0.38008937331292814,0.37440154373686046,0.3810178554599153,0.37816583838054346,0.04674861146294525
NFLX,2018-09-28,0.36842103482998123,0.36842103482998123,0.37014580965875216,0.37696281026230494,0.3770623997075135,0.045150801362637855
NFLX,2018-10-01,0.3813661929085338,0.3813661929085338,0.37956167373041366,0.38028543140546844,0.3711248105730203,0.054691534933664035
NFLX,2018-10-02,0.373758715731219,0.373758715731219,0.3807852124976963,0.3771414186961257,0.38606509626709,0.056673484897178314
NFLX,2018-10-03,0.37359913864904504,0.37359913864904504,0.37037627165455783,0.37901711390441095,0.37581885138281274,0.035197193056747594
NFLX,2018-10-04,0.34983690024866354,0.34983690024866354,0.3614923574317415,0.3531503059137927,0.37117739345135364,0.05996816478692715
NFLX,2018-10-05,0.32802523631393987,0.32802523631393987,0.33946872726432714,0.32206719125256167,0.3429607661572586,0.09360762532752083
NFLX,2018-10-08,0.3240353357370913,0.3240353357370913,0.32076105761830614,0.3133318009760975,0.3174064226879017,0.08493045026787706
NFLX,2018-10-09,0.3357568440320725,0.3357568440320725,0.3309927043930541,0.3293735096230148,0.32318633000172575,0.0575529232060555
NFLX,2018-10-10,0.282877030705465,0.282877030705465,0.3246622035596333,0.29060900569482184,0.3320139062002963,0.12128459999924383
NFLX,2018-10-11,0.2743829164717473,0.2743829164717473,0.2875128391920139,0.2734954079369608,0.28195607505627934,0.11295904902698431
NFLX,2018-10-12,0.30711806799843966,0.30711806799843966,0.3001028826452951,0.29687917708464007,0.30758050675863696,0.10379943059583269
NFLX,2018-10-15,0.2957157138678065,0.2957157138678065,0.2963968210585038,0.29336002533364036,0.30418259715187873,0.07615497169993232
NFLX,2018-10-16,0.31924741445723037,0.31924741445723037,0.3118948660379615,0.2998445813601621,0.3034994874338613,0.14376812470934297
NFLX,2018-10-17,0.35169885836093095,0.35169885836093095,0.36872718653693376,0.346183418527262,0.37546854384647027,0.23794666656584254
NFLX,2018-10-18,0.3197971740786072,0.3197971740786072,0.33716356615688253,0.3275156684435968,0.34453711666363435,0.13094783486522965
NFLX,2018-10-19,0.29489996989411593,0.29489996989411593,0.32581485175702923,0.3027742775779496,0.32760008469384566,0.1177615534979035
NFLX,2018-10-22,0.2893495420986699,0.2893495420986699,0.29035008543565083,0.2815877465210368,0.2962483285559973,0.12063504066362431
NFLX,2018-10-23,0.2957689513259121,0.2957689513259121,0.2917331956288523,0.2752103487402926,0.26980067748395137,0.1040754365999085
NFLX,2018-10-24,0.240211402090311,0.240211402090311,0.2853849721529598,0.24655674490797297,0.29481208770129236,0.13532082862295688
NFLX,2018-10-25,0.25978864864424256,0.25978864864424256,0.2622264840742948,0.25463119539060763,0.2507443951629364,0.09227599088045915
NFLX,2018-10-26,0.2366647862186282,0.2366647862186282,0.25167572826954593,0.23149751893736636,0.23916700836629007,0.13968172348735475
NFLX,2018-10-29,0.21008299192079294,0.21008299192079294,0.24085896371853782,0.20130765088068403,0.24748659520784894,0.15543145787883714
NFLX,2018-10-30,0.21180309622156446,0.21180309622156446,0.2100578228268109,0.19382269000383584,0.1954846340736116,0.17045601485139156
NFLX,2018-10-31,0.24012271809084929,0.24012271809084929,0.24726035512184535,0.23641006860921676,0.23436790202132723,0.1453099774280021
NFLX,2018-11-01,0.2677862407146888,0.2677862407146888,0.2595843560070305,0.2393040226966956,0.24631310170898363,0.10569517594437534
NFLX,2018-11-02,0.2531032888877224,0.2531032888877224,0.2656665707366636,0.26013326874081866,0.26980067748395137,0.09271230722114887
NFLX,2018-11-05,0.2643460321131459,0.2643460321131459,0.2579529935318781,0.251933771910965,0.2577153681446241,0.0691073663355855
NFLX,2018-11-06,0.25618882913748997,0.25618882913748997,0.2627229886381966,0.2547205336800922,0.26412583570529774,0.06477747488534408
NFLX,2018-11-07,0.285732033144275,0.285732033144275,0.27751178970041873,0.26490291803658284,0.26086806915737565,0.09213534124550546
NFLX,2018-11-08,0.26874380467683967,0.26874380467683967,0.2837004417503924,0.27492451391554595,0.28731565341509085,0.074709910127908
NFLX,2018-11-09,0.24311960816419076,0.24311960816419076,0.24988476054663805,0.24169779139529846,0.25766281867345625,0.0932885170159592
NFLX,2018-11-12,0.22645056768413907,0.22645056768413907,0.23128349439912071,0.22851426063297708,0.2382737341707663,0.07396053492232132
NFLX,2018-11-13,0.22703577384687212,0.22703577384687212,0.233163109156224,0.2257810950230259,0.22951624620519656,0.08384684313406708
NFLX,2018-11-14,0.21343455034590986,0.21343455034590986,0.2301308800235617,0.20648814727583975,0.23897434924345123,0.11879298415423063
NFLX,2018-11-15,0.2193396464931313,0.2193396464931313,0.21356883388090325,0.21338358447432726,0.21289454446958073,0.0667185910838718
NFLX,2018-11-16,0.21251243292511524,0.21251243292511524,0.21218572368770178,0.2113113927307798,0.21574948741715766,0.060157966176031336
NFLX,2018-11-19,0.1848311870305976,0.1848311870305976,0.20042915175814197,0.19014274977530837,0.20988195310849994,0.08960591635883805
NFLX,2018-11-20,0.1784118454494268,0.1784118454494268,0.1849133164925389,0.15593347643360184,0.1588082768791213,0.11758460718296172
NFLX,2018-11-21,0.16981132394556941,0.16981132394556941,0.1831400714121026,0.17649474168184537,0.19347041585039038,0.07470310450041023
NFLX,2018-11-23,0.16394170816273979,0.16394170816273979,0.16569138581830767,0.1681523444759055,0.16840648956904686,0.031011732145625307
NFLX,2018-11-26,0.16857001853739112,0.16857001853739112,0.1670213280840941,0.16272172131373758,0.16917715946756723,0.08586130887340399
NFLX,2018-11-27,0.17779119274533767,0.17779119274533767,0.17203960929420015,0.16690188100371528,0.16688268853383897,0.07565967325426202
NFLX,2018-11-28,0.20619946479104856,0.20619946479104856,0.19849630142995006,0.17976383481098135,0.1891967708099413,0.10327388491683902
NFLX,2018-11-29,0.21701661275894868,0.21701661275894868,0.21000462107755896,0.20148625931450476,0.20730726287143003,0.10803933652693705
NFLX,2018-11-30,0.21237057911361934,0.21237057911361934,0.2105720500331843,0.21499133295930728,0.21725574969053268,0.08103309425415994
NFLX,2018-12-03,0.2197652417506546,0.2197652417506546,0.22459837160708213,0.21770664454039124,0.2263460398377774,0.09810236419937464
NFLX,2018-12-04,0.19321892781721112,0.19321892781721112,0.21931411547255347,0.20009289546622827,0.21748345292987187,0.08814497498931895
NFLX,2018-12-06,0.20660733677789378,0.20660733677789378,0.19711319123674859,0.18655211376369124,0.18280380860393525,0.09021464192947101
NFLX,2018-12-07,0.17514897102377153,0.17514897102377153,0.19886867985287632,0.17983528499902446,0.2075874821747717,0.08562008718765006
NFLX,2018-12-10,0.1832352132706439,0.1832352132706439,0.17576339352346326,0.17488702726943955,0.17555261631890584,0.0639849973722716
NFLX,2018-12-11,0.17546815901115514,0.17546815901115514,0.1816505577203974,0.17872772190292052,0.1928749331272066,0.0657816830316802
NFLX,2018-12-12,0.19242094093723427,0.19242094093723427,0.19454198756120783,0.1853731004795442,0.18163031510506983,0.07798266077349737
NFLX,2018-12-13,0.19444247613167565,0.19444247613167565,0.19019753880523077,0.19496596115767428,0.19911024691970897,0.05471195181615732
NFLX,2018-12-14,0.17816358436779117,0.17816358436779117,0.18727171317107216,0.18272923908650335,0.18889901274476673,0.06632688941233407
NFLX,2018-12-17,0.17099945954171342,0.17099945954171342,0.1789552279038812,0.17572660956966402,0.17961606347468323,0.06420504599469917
NFLX,2018-12-18,0.1854341164640086,0.1854341164640086,0.18386710561548353,0.17967453059407096,0.17399377116719755,0.06961476367458515
NFLX,2018-12-19,0.17803945382697334,0.17803945382697334,0.1929460703709988,0.18053200099573685,0.18565875155151224,0.09561452925852688
NFLX,2018-12-20,0.16706272877689915,0.16706272877689915,0.17349364387912525,0.15929187377964815,0.1763407915720937,0.1183339823885484
NFLX,2018-12-21,0.1418995740631298,0.1418995740631298,0.1639181745597082,0.14037406507411904,0.1749220560720563,0.15315384120958683
NFLX,2018-12-24,0.11971558615202393,0.11971558615202393,0.1393588198235332,0.12677968721240612,0.13668688713302307,0.06354641248908265
NFLX,2018-12-26,0.15480921795425495,0.15480921795425495,0.146185791399019,0.12240303098716626,0.12253477669214136,0.1002597481161645
NFLX,2018-12-27,0.15817846582701434,0.15817846582701434,0.14811860790537407,0.1382482771713957,0.15089151363790732,0.08386952855905962
NFLX,2018-12-28,0.1590828599771309,0.1590828599771309,0.15932547352178028,0.15557619142081197,0.16460575636194363,0.07447473788881874
NFLX,2018-12-31,0.1796177043162489,0.1796177043162489,0.17384829965957982,0.17379731820220284,0.16849408315671516,0.09350100383005593
NFLX,2019-01-02,0.1796177043162489,0.1796177043162489,0.17322766895470265,0.16768790121733806,0.16695274335967442,0.07966743166960948
NFLX,2019-01-03,0.18589519208592375,0.18589519208592375,0.1839380300072071,0.18171101427988395,0.18607911391369014,0.1045465372589201
NFLX,2019-01-04,0.23265712854806597,0.23265712854806597,0.22296700913192974,0.20691688247667267,0.2065365929729096,0.1375198024855664
NFLX,2019-01-07,0.26416869793725817,0.26416869793725817,0.25665853037287184,0.24820023552326165,0.2419518630808662,0.13215091857066696
NFLX,2019-01-08,0.27291107325261155,0.27291107325261155,0.26337906462801713,0.25956163316389946,0.27326864191654493,0.10749261778461701
NFLX,2019-01-09,0.2723613474542703,0.2723613474542703,0.26827321969714774,0.26936887847873314,0.26929275494127053,0.09224801218963503
NFLX,2019-01-10,0.28069585078277837,0.28069585078277837,0.2718551551429637,0.26758248748735813,0.26379306693078813,0.0932257540068132
NFLX,2019-01-11,0.30362462193879114,0.30362462193879114,0.29973050422236885,0.2962003832619433,0.2925001114128965,0.13880757844430916
NFLX,2019-01-14,0.2953787687867092,0.2953787687867092,0.2897826226581887,0.2972900241840316,0.29824500801738557,0.07074525402004636
NFLX,2019-01-15,0.333859439378449,0.333859439378449,0.3283328198614813,0.32921275521806137,0.32514799875377903,0.15151746588679216
NFLX,2019-01-16,0.3280961970427234,0.3280961970427234,0.3312231663888597,0.3311956427446985,0.3328546309246521,0.10769149334371822
NFLX,2019-01-17,0.3312881445626308,0.3312881445626308,0.325797061470884,0.3281587542085591,0.32497287839277317,0.13404968864254196
NFLX,2019-01-18,0.3063023240247491,0.3063023240247491,0.32084973847433823,0.3108665820894515,0.3292990394972248,0.19265219084491864
NFLX,2019-01-22,0.28158248783918116,0.28158248783918116,0.2922651454776974,0.2828203559643597,0.29938345739975053,0.127018719256523
NFLX,2019-01-23,0.2759611669610229,0.2759611669610229,0.28316842425787364,0.2784794418694285,0.2877535545391016,0.09328322375012761
NFLX,2019-01-24,0.28426018992513913,0.28426018992513913,0.2832571051139057,0.27919397782243405,0.2743546086420729,0.07552431688513991
NFLX,2019-01-25,0.3044403659124817,0.3044403659124817,0.29779765389417695,0.2961825292330761,0.28857677390878994,0.0756853834025869
NFLX,2019-01-28,0.3002022042539976,0.3002022042539976,0.2912366910649506,0.2968434690269056,0.2990507220324064,0.05677481312881162
NFLX,2019-01-29,0.28821464396063146,0.28821464396063146,0.2946412647987024,0.29553937532296537,0.301099984372128,0.049236446403793
NFLX,2019-01-30,0.3090687101101687,0.3090687101101687,0.3009540429896515,0.3002733506335693,0.2956353070709807,0.061178810300695316
NFLX,2019-01-31,0.3070116607282999,0.3070116607282999,0.3084193340906493,0.3132960247732146,0.3077731324743103,0.055893106277435184
NFLX,2019-02-01,0.30763231343238906,0.30763231343238906,0.30992657042482624,0.31045573499005996,0.3033943884915255,0.0656652311833852
NFLX,2019-02-04,0.3280075130432618,0.3280075130432618,0.3190765272157387,0.3190303708615706,0.31288750223911527,0.05979424319531773
NFLX,2019-02-05,0.3359342120309958,0.3359342120309958,0.33326242021555535,0.3397524245873419,0.33145340077928226,0.059757946515329674
NFLX,2019-02-06,0.3295148704498251,0.3295148704498251,0.32801360936597007,0.3295521862019839,0.33810911034112784,0.042147251093626534
NFLX,2019-02-07,0.3162505582069245,0.3162505582069245,0.31331348915978,0.3149574034899447,0.3221704849163641,0.050819132887438695
NFLX,2019-02-08,0.32132218710977734,0.32132218710977734,0.3119835468939936,0.31313527036826105,0.30483062934623045,0.04852714878235981
NFLX,2019-02-11,0.3180593465071576,0.3180593465071576,0.320619208834859,0.32530054225138894,0.3258486138264641,0.03259819953343643
NFLX,2019-02-12,0.343311151397353,0.343311151397353,0.33326242021555535,0.3283552848163954,0.3225032202837083,0.0702144150752211
NFLX,2019-02-13,0.32877001955884677,0.32877001955884677,0.3325531086546461,0.33507207950848805,0.33863453823847617,0.07119518161573159
NFLX,2019-02-14,0.34171517763739934,0.34171517763739934,0.33406034498882303,0.3315886358152228,0.32891372125154733,0.061638568247210646
NFLX,2019-02-15,0.3378138934139413,0.3378138934139413,0.34106464445453616,0.3443969934633129,0.34068380057819786,0.06114478216320651
NFLX,2019-02-19,0.3467690832695741,0.3467690832695741,0.3421286117959,0.34407548465340587,0.3360073319374038,0.04728096276943668
NFLX,2019-02-20,0.34320474412721325,0.34320474412721325,0.3451608747503991,0.34654063539490343,0.35185836377449914,0.05268085009849255
NFLX,2019-02-21,0.3379911937667933,0.3379911937667933,0.3383161467106048,0.34150307344840813,0.34341610582160614,0.03844347737317902
NFLX,2019-02-22,0.34871965773523184,0.34871965773523184,0.3441323526939786,0.3525250741776975,0.3439591058879527,0.044948901080204315
NFLX,2019-02-25,0.35029790822450746,0.35029790822450746,0.3536368976216721,0.3592061608120557,0.3556415916269349,0.048586887068173476
NFLX,2019-02-26,0.3521776572535241,0.3521776572535241,0.3433698732056543,0.3512388345026245,0.3485830584647443,0.028739408742206613
NFLX,2019-02-27,0.3484536733829181,0.3484536733829181,0.3475015487864606,0.3520784508754232,0.3494938046077701,0.03392151599133417
NFLX,2019-02-28,0.33999507333662793,0.33999507333662793,0.34459341197293697,0.34834491448771987,0.3476898176763859,0.03813268705078132
NFLX,2019-03-01,0.3386118464708825,0.3386118464708825,0.33835159199554826,0.3429500675284347,0.34732200478537595,0.03313962500992487
NFLX,2019-03-04,0.32747554433863435,0.32747554433863435,0.33725217936924096,0.3310705963974794,0.3428731725695902,0.04796455024254501
NFLX,2019-03-05,0.33325650994503786,0.33325650994503786,0.32647092774684977,0.33144573543913647,0.3284057987088665,0.03624979677640111
NFLX,2019-03-06,0.3426727077765146,0.3426727077765146,0.3330496132185479,0.3376087145106029,0.3321540158519672,0.03832248843988552
NFLX,2019-03-07,0.3302418627779826,0.3302418627779826,0.3383338693530766,0.33546507257901237,0.3436438090609452,0.037864242855036354
NFLX,2019-03-08,0.3249219727934942,0.3249219727934942,0.31538818827141907,0.3211204507065595,0.3184047624185959,0.04351669458234242
NFLX,2019-03-11,0.34134278601494594,0.34134278601494594,0.3314536960283389,0.33462545620621376,0.3293516223755581,0.032087021290271356
NFLX,2019-03-12,0.3367498883586151,0.3367498883586151,0.3334929498550346,0.3413601730723219,0.3422601510845736,0.030403006574992345
NFLX,2019-03-13,0.3455099869446464,0.3455099869446464,0.33766007072078424,0.33952018592177113,0.3360248372920713,0.040078340334307544
NFLX,2019-03-14,0.3412718252861623,0.3412718252861623,0.3400716353267326,0.34904163048443226,0.34423932519129435,0.03121060770472651
NFLX,2019-03-15,0.34595333929588357,0.34595333929588357,0.34035540053730046,0.350452848361576,0.345150138148651,0.05520498171932836
NFLX,2019-03-18,0.34946450862621004,0.34946450862621004,0.352714846707429,0.3557584251765249,0.3476898176763859,0.045754233667439234
NFLX,2019-03-19,0.34120086455737875,0.34120086455737875,0.3456041437432122,0.3467193119738725,0.35457316366323993,0.04837591261574292
NFLX,2019-03-20,0.3703539536710322,0.3703539536710322,0.36145691214679815,0.3470944510155296,0.34145443706955275,0.07390306517900691
NFLX,2019-03-21,0.3750531909514315,0.3750531909514315,0.36695397527833423,0.3713892867240507,0.3678845827869312,0.05595738164824736
NFLX,2019-03-22,0.3451553862389424,0.3451553862389424,0.3623967533471865,0.3525072201488303,0.37129999774835704,0.05684438176545539
NFLX,2019-03-25,0.35441200698824504,0.35441200698824504,0.34574599252665933,0.347862583127711,0.34161211889022197,0.055426542703422094
NFLX,2019-03-26,0.343311151397353,0.343311151397353,0.3481221794913378,0.34889866196319763,0.35714785390030984,0.04932189483793155
NFLX,2019-03-27,0.33160736637305,0.33160736637305,0.33764234807831256,0.3352328339134416,0.34511506062498526,0.05072763500663549
NFLX,2019-03-28,0.3338062019203434,0.3338062019203434,0.32606310403898003,0.33314275406845273,0.33371286100367553,0.02432633740032591
NFLX,2019-03-29,0.3372641337925645,0.3372641337925645,0.3301592666911694,0.34119935052222006,0.3383893296444695,0.026932136551134838
NFLX,2019-04-01,0.35570648220845746,0.35570648220845746,0.3480334986353058,0.3497740545388791,0.34161211889022197,0.04455493086616734
NFLX,2019-04-02,0.3570541948867755,0.3570541948867755,0.34819307006122463,0.3564015109414872,0.35431044971456577,0.030358391905840363
NFLX,2019-04-03,0.36065398057049247,0.36065398057049247,0.3570415389990976,0.3634934446752369,0.359582434485709,0.03194788401698383
NFLX,2019-04-04,0.35733790250976727,0.35733790250976727,0.3546299743931492,0.3567230878965425,0.36100116998574644,0.026340046958829733
NFLX,2019-04-05,0.35309974085128315,0.35309974085128315,0.35064014759578993,0.3607602790652856,0.35912709482136146,0.020881933705626365
NFLX,2019-04-08,0.34586465529642185,0.34586465529642185,0.3437954871996693,0.352310689540994,0.3523137702531775,0.02654043487959711
NFLX,2019-04-09,0.351716581631609,0.351716581631609,0.34521404267781414,0.3506493789694123,0.34430941342429516,0.03247947914264217
NFLX,2019-04-10,0.3503156314951855,0.3503156314951855,0.34895554954954894,0.3564550730280889,0.35350473569954505,0.025722247218199757
NFLX,2019-04-11,0.35693006434595764,0.35693006434595764,0.35120761037325204,0.35388272996823955,0.3521210777231733,0.040704458064101445
NFLX,2019-04-12,0.32765284469148637,0.32765284469148637,0.3363655737399413,0.3334286229657736,0.34457212737296933,0.1096628567755693
NFLX,2019-04-15,0.3236274975732817,0.3236274975732817,0.31944890563866496,0.3207631656937697,0.3270921621511648,0.0582130690733382
NFLX,2019-04-16,0.34240672342420087,0.34240672342420087,0.34120656088165685,0.3394308476322866,0.3346061017920338,0.13305909175120137
NFLX,2019-04-17,0.334036739731301,0.334036739731301,0.3487959781236301,0.33564374915798145,0.3522086713108417,0.12787093505540914
NFLX,2019-04-18,0.3439849739134764,0.3439849739134764,0.3339894544189363,0.33750159033739957,0.3346061017920338,0.054514588618722284
NFLX,2019-04-22,0.37411338408299444,0.37411338408299444,0.3646310238847444,0.3506493789694123,0.34283816186025523,0.08194353597719359
NFLX,2019-04-23,0.38218186923615305,0.38218186923615305,0.3772387223368237,0.3787134591233712,0.3704241955003354,0.06764642496606639
NFLX,2019-04-24,0.36859840282890455,0.36859840282890455,0.3720963149857422,0.37614104791837355,0.3802676167842676,0.04081788518906411
NFLX,2019-04-25,0.35813592321277976,0.35813592321277976,0.3594354486062477,0.36261812024470375,0.3687428128659546,0.03865218328311032
NFLX,2019-04-26,0.3696978544255869,0.3696978544255869,0.36010924723854004,0.36358278296472146,0.35798857862466565,0.03386102152468741
NFLX,2019-04-29,0.36434245025367107,0.36434245025367107,0.3591162381107365,0.3687275372295685,0.36732407736591716,0.020248254167501617
NFLX,2019-04-30,0.36205493070691597,0.36205493070691597,0.35897438932728937,0.36735202741015927,0.36010792919738815,0.02061424569071448
NFLX,2019-05-01,0.37672012544016875,0.37672012544016875,0.3793488667334061,0.37596243948455277,0.3678845827869312,0.06135121953063856
NFLX,2019-05-02,0.3771634101453345,0.3771634101453345,0.37493349358570555,0.3783561741105814,0.3748905330707886,0.03216944500107756
NFLX,2019-05-03,0.3877500203022771,0.3877500203022771,0.37764654604469344,0.38507296880267405,0.38107333079928846,0.030143636549244384
NFLX,2019-05-06,0.3764718643585331,0.3764718643585331,0.37112102850041045,0.3810178554599153,0.3743475998187728,0.03515560311092794
NFLX,2019-05-07,0.36191307689542007,0.36191307689542007,0.36856761511101493,0.36281465085254005,0.3731390622034069,0.04409214819631967
NFLX,2019-05-08,0.351113652198198,0.351113652198198,0.3492215921176451,0.3548652467171245,0.35723544748797825,0.04104549561982253
NFLX,2019-05-09,0.34824092648870986,0.34824092648870986,0.3407099886740815,0.33948447786403657,0.3449399402639794,0.03583238495653851
NFLX,2019-05-10,0.34520855605097656,0.34520855605097656,0.3425896710748583,0.34003822533951444,0.34620099394334763,0.034127197177933125
NFLX,2019-05-13,0.317225879262789,0.317225879262789,0.3230840090118961,0.32224586783153075,0.32985954491823893,0.05204565819870163
NFLX,2019-05-14,0.3178465319668782,0.3178465319668782,0.3154413561988341,0.32117401279316127,0.3235891536020708,0.0318276512645234
NFLX,2019-05-15,0.33448009208253804,0.33448009208253804,0.32705611316678357,0.31919112526652416,0.31418363344214933,0.03929191226789974
NFLX,2019-05-16,0.34214073907188713,0.34214073907188713,0.34035540053730046,0.34161026576676,0.33700567166809786,0.04005867963264735
NFLX,2019-05-17,0.3335224942973516,0.3335224942973516,0.33258862158326313,0.3413423190434547,0.33704068237743295,0.027081860356085553
NFLX,2019-05-20,0.3222797848949638,0.3222797848949638,0.3198212840615913,0.3263545432608911,0.32800297510852144,0.02629618847051084
NFLX,2019-05-21,0.3332032724869324,0.3332032724869324,0.3269319870258081,0.334446847772393,0.3275125579205081,0.02179615633282543
NFLX,2019-05-22,0.34288552231679403,0.34288552231679403,0.3518105184356575,0.3476124904332729,0.33987808656317703,0.03845482008567529
NFLX,2019-05-23,0.3295503169911812,0.3295503169911812,0.32868747564193596,0.3304632186902515,0.3354818372257246,0.033925296895499585
NFLX,2019-05-24,0.3334160870272118,0.3334160870272118,0.3322694110877518,0.3413423190434547,0.33532422221938624,0.020318578984978467
NFLX,2019-05-28,0.3346042226233559,0.3346042226233559,0.33539028725460945,0.3410922263490166,0.3335376738283388,0.02701909734693955
NFLX,2019-05-29,0.3241949128192654,0.3241949128192654,0.32235697480851516,0.3272477217202915,0.3321540158519672,0.034140808432928646
NFLX,2019-05-30,0.32891194101641397,0.32891194101641397,0.32299539579953757,0.331535073728621,0.32681194284782317,0.0216570190595379
NFLX,2019-05-31,0.31371470993246253,0.31371470993246253,0.3143596662149986,0.32192429087647534,0.3209794526556658,0.029335279238677136
NFLX,2019-06-03,0.3019222409086978,0.3019222409086978,0.3113806388315881,0.3035781177478655,0.3145689516878268,0.05070646194330912
NFLX,2019-06-04,0.3316605361850843,0.3316605361850843,0.32193142845817374,0.32251381455483596,0.3170911258608942,0.05102405789320458
NFLX,2019-06-05,0.33579235821949993,0.33579235821949993,0.3295031230576753,0.33226742963791955,0.33352016847367133,0.029310325271185354
NFLX,2019-06-06,0.3382749690358564,0.3382749690358564,0.3300883084776091,0.3383054305073153,0.33432588248869216,0.019403600176946315
NFLX,2019-06-07,0.3449071251573067,0.3449071251573067,0.3423945867203226,0.3447364244472355,0.33879215324481454,0.02747431820845637
NFLX,2019-06-10,0.32919564863940576,0.32919564863940576,0.345852396025163,0.3333035766185546,0.3497565853707751,0.050409282875906944
NFLX,2019-06-11,0.327883382502444,0.327883382502444,0.32897117320883024,0.33189229059626246,0.3346061017920338,0.03215810228858129
NFLX,2019-06-12,0.31775784796741646,0.31775784796741646,0.32193142845817374,0.3224781064971015,0.3290363255485506,0.02601791392393577
NFLX,2019-06-13,0.31398069428477626,0.31398069428477626,0.31287015252329337,0.31536825058933626,0.3209969580103333,0.038302827738225326
NFLX,2019-06-14,0.3074194988921095,0.3074194988921095,0.3038266668745582,0.3098483572828321,0.31118854743573604,0.02930200728202142
NFLX,2019-06-17,0.32673076109372734,0.32673076109372734,0.3186686358641954,0.32038802665211263,0.3130451840597844,0.03186697266784379
NFLX,2019-06-18,0.33825724576517835,0.33825724576517835,0.3359223047471282,0.3412708347828374,0.335604441522728,0.03239856779350214
NFLX,2019-06-19,0.34960636243770604,0.34960636243770604,0.34166755251694164,0.3455045565594168,0.34637618111868435,0.03420357144207466
NFLX,2019-06-20,0.3526032186880119,0.3526032186880119,0.35120761037325204,0.3546151540226864,0.35371493358421663,0.03596017951732977
NFLX,2019-06-21,0.3596964504313773,0.3596964504313773,0.35356600705178537,0.3613676567725135,0.3521210777231733,0.04767266444097441
NFLX,2019-06-24,0.3629415677633189,0.3629415677633189,0.35986099495658913,0.37065686266960385,0.3613514775220889,0.027874337869158033
NFLX,2019-06-25,0.3438962899140148,0.3438962899140148,0.35276801463484403,0.3493809933232065,0.3621922022464447,0.0348327138952009
NFLX,2019-06-26,0.34726560543284535,0.34726560543284535,0.3453027235338462,0.35529394784538326,0.34616598323401265,0.019098859301213293
NFLX,2019-06-27,0.36113277946308564,0.36113277946308564,0.35250203971042143,0.35815215980255344,0.34896837671042175,0.022644591227546158
NFLX,2019-06-28,0.3563448581832247,0.3563448581832247,0.3537255784777042,0.3611354181069427,0.3613339721674214,0.026078408390582525
NFLX,2019-07-01,0.36925450207434984,0.36925450207434984,0.36280457705505625,0.3738723596395639,0.3670087805389097,0.029102375542087135
NFLX,2019-07-02,0.3707263452934857,0.3707263452934857,0.36163420621518866,0.37085332513229186,0.3694433611243087,0.018760846468824557
NFLX,2019-07-03,0.3818804383424832,0.3818804383424832,0.37225595405533457,0.38073205470774274,0.37259606213706037,0.020076601118391452
NFLX,2019-07-05,0.37980566568993634,0.37980566568993634,0.37120970935644243,0.38023186931886666,0.37539845561346946,0.01957147232189106
NFLX,2019-07-08,0.3720208881597694,0.3720208881597694,0.3656240330125478,0.3798745843060769,0.3752233352524636,0.014892225326764642
NFLX,2019-07-09,0.378706214093254,0.378706214093254,0.37716783176693697,0.3836974589832648,0.3767471028805061,0.04377379606559112
NFLX,2019-07-10,0.38060361874687754,0.38060361874687754,0.3764230072774108,0.3572232732854186,0.3832451974360133,0.0358036500848813
NFLX,2019-07-11,0.37794370757766893,0.37794370757766893,0.37677766305786536,0.38601977749382443,0.38032019966260094,0.024139560734554064
NFLX,2019-07-12,0.36686057525745497,0.36686057525745497,0.3682661272579754,0.3752835775167076,0.3760815653314869,0.04153625698049432
NFLX,2019-07-15,0.35506810623369034,0.35506810623369034,0.3575203209205276,0.3565444113175734,0.366027946162883,0.0514255899155724
NFLX,2019-07-16,0.35398637790768606,0.35398637790768606,0.3533709226972495,0.36122475639642726,0.3610361806950814,0.03568568587492013
NFLX,2019-07-17,0.34769116686733303,0.34769116686733303,0.3447884963274727,0.3555618945686885,0.35431044971456577,0.09448857599806418
NFLX,2019-07-18,0.2816711718386429,0.2816711718386429,0.2797992958090652,0.2815162622604195,0.27988930736189027,0.22793634469747093
NFLX,2019-07-19,0.2637431026797349,0.2637431026797349,0.2727063154873201,0.2706729381100992,0.27925878052220604,0.11462567158310238
NFLX,2019-07-22,0.2557987142443584,0.2557987142443584,0.2526510147548778,0.2556315661683598,0.2592917186509999,0.1253294112754124
NFLX,2019-07-23,0.249911341367815,0.249911341367815,0.25080684528271796,0.25597099715228233,0.25831085086780786,0.06069939165251978
NFLX,2019-07-24,0.2687792850412315,0.2687792850412315,0.26231516493032686,0.25820397737335743,0.25668198429742956,0.0818021301614068
NFLX,2019-07-25,0.2838877983026856,0.2838877983026856,0.2759691080812983,0.274370732367494,0.27130697316449165,0.0730054785301357
NFLX,2019-07-26,0.3004149511482058,0.3004149511482058,0.29070467357243185,0.29437825014025976,0.28869937820579333,0.07337600713834706
NFLX,2019-07-29,0.2949532073522215,0.2949532073522215,0.2914139851333411,0.2966469384190693,0.30129261008780134,0.03507771648512026
NFLX,2019-07-30,0.28294792378817724,0.28294792378817724,0.2794446400286105,0.2867504229598995,0.289417431818815,0.03694170223867335
NFLX,2019-07-31,0.2777344410738286,0.2777344410738286,0.283203869542817,0.27835439552220953,0.2823413933019568,0.038682430516433705
NFLX,2019-08-01,0.27154563730361536,0.27154563730361536,0.27754730262903565,0.2787295345638666,0.2807475374409136,0.0409789517065111
NFLX,2019-08-02,0.2703575017074714,0.2703575017074714,0.2612866766957432,0.266332024015168,0.26890743669559297,0.03883971612971526
NFLX,2019-08-05,0.25049654753054806,0.25049654753054806,0.25066496267743404,0.25361297058398824,0.2574701595506174,0.057080310185377736
NFLX,2019-08-06,0.2548765968235637,0.2548765968235637,0.24793418757597446,0.2547205336800922,0.25680458859443295,0.03807446112663382
NFLX,2019-08-07,0.24457372811264855,0.24457372811264855,0.23573431283176477,0.2395541153911337,0.24275757709588702,0.061843493252976514
NFLX,2019-08-08,0.26516174226380085,0.26516174226380085,0.25587829442023907,0.2570964142772535,0.2575927638476208,0.03600857509064717
NFLX,2019-08-09,0.2528018241710168,0.2528018241710168,0.2563747989841409,0.25539936157536314,0.2623393207214157,0.031798160212033105
NFLX,2019-08-12,0.2561711058668118,0.2561711058668118,0.24972515529888234,0.2510405593789905,0.2478369027441915,0.0407407547440895
NFLX,2019-08-13,0.25874240068263,0.25874240068263,0.2560024205612145,0.2598295798872048,0.2553858530943955,0.0313467202546817
NFLX,2019-08-14,0.23538800044605823,0.23538800044605823,0.24178104845461773,0.24169779139529846,0.25230324031464463,0.04697244098953823
NFLX,2019-08-15,0.22944745775748066,0.22944745775748066,0.22798525652019902,0.22381606152525602,0.2373979987370755,0.06416345604887953
NFLX,2019-08-16,0.2419315063910824,0.2419315063910824,0.233163109156224,0.23858948674369018,0.23627702130221256,0.043569627240658326
NFLX,2019-08-19,0.2535998110509937,0.2535998110509937,0.24770365793649524,0.25373801693120723,0.2492205941277285,0.028721260402212585
NFLX,2019-08-20,0.2351752197288144,0.2351752197288144,0.23573431283176477,0.24110826771693783,0.24627809099964854,0.04692782632038625
NFLX,2019-08-21,0.23308272380558936,0.23308272380558936,0.2319750494957215,0.2384644403964712,0.2410936330018429,0.03434119635369602
NFLX,2019-08-22,0.2315222304100275,0.2315222304100275,0.22745330667135394,0.23301596320543594,0.2359092084112026,0.0289632382687996
NFLX,2019-08-23,0.22178677694509596,0.22178677694509596,0.22511259881345552,0.22796047908492512,0.22951624620519656,0.03917697278127091
NFLX,2019-08-26,0.22806426471477081,0.22806426471477081,0.22145973897591603,0.23185480395015612,0.22993660856737447,0.026857274648659477
NFLX,2019-08-27,0.22105975079390272,0.22105975079390272,0.2211405623022416,0.22238695554667087,0.2287105655973411,0.03905976475214283
NFLX,2019-08-28,0.2223719831078289,0.2223719831078289,0.2141362628365286,0.22336947229555582,0.21983047333476807,0.021261536483834744
NFLX,2019-08-29,0.23125621223467818,0.23125621223467818,0.22674399511044468,0.2363029103634392,0.22951624620519656,0.02453428712942413
NFLX,2019-08-30,0.2258831186151199,0.2258831186151199,0.22498847267248018,0.2289072537035014,0.2361369116505418,0.024972115831780013
NFLX,2019-09-03,0.21797421054413524,0.21797421054413524,0.21605135670041192,0.22392325384360778,0.22219499909433166,0.01919791899034735
NFLX,2019-09-04,0.22192866457962757,0.22192866457962757,0.2133560607057325,0.22115434610334794,0.22294813023101917,0.026530604528767012
NFLX,2019-09-05,0.224996481558717,0.224996481558717,0.21617548284138738,0.21450900159929842,0.2125617422879057,0.05915451421052831
NFLX,2019-09-06,0.21953470393969698,0.21953470393969698,0.21507607021508018,0.222083266693057,0.22662625914111906,0.03041813019165403
NFLX,2019-09-09,0.22692936657673235,0.22692936657673235,0.22961665281718818,0.2284606644738012,0.22918347743068695,0.05360339071485555
NFLX,2019-09-10,0.21566890008063078,0.21566890008063078,0.22184984004131408,0.21427679700630187,0.22279048181751543,0.08451228226718138
NFLX,2019-09-11,0.216165422243902,0.216165422243902,0.21383480880532585,0.21776024069956712,0.21322731324409033,0.04735128758691354
NFLX,2019-09-12,0.21721167020551446,0.21721167020551446,0.21397669141060977,0.2213151345808756,0.21743090345870392,0.029240756634541582
NFLX,2019-09-13,0.22659245531867067,0.22659245531867067,0.220874587377819,0.22746029369604903,0.2218271862033217,0.041129431692294896
NFLX,2019-09-16,0.22684071640030634,0.22684071640030634,0.22231089932027243,0.2269958504374816,0.2281675989381599,0.0314828328046369
NFLX,2019-09-17,0.23448364011897727,0.23448364011897727,0.2253608849172432,0.23058648644909874,0.22864051077150566,0.0274728058467902
NFLX,2019-09-18,0.2219995914853755,0.2219995914853755,0.21986382178570713,0.22283357884894528,0.22949874085052907,0.050415332322571615
NFLX,2019-09-19,0.21320401253495225,0.21320401253495225,0.2158917852744931,0.21559871066653513,0.22349109689020047,0.05533202009928655
NFLX,2019-09-20,0.1850972052059469,0.1850972052059469,0.195836450720214,0.1845156300778783,0.2036991553800001,0.17156835685685873
NFLX,2019-09-23,0.17653213024344572,0.17653213024344572,0.17968226210726213,0.17717356957711639,0.18283881931327023,0.09327188103763134
NFLX,2019-09-24,0.15644063825556476,0.15644063825556476,0.16480478018900796,0.16000644380522777,0.172592574428993,0.11489562814051352
NFLX,2019-09-25,0.17445739141393446,0.17445739141393446,0.16764195878897126,0.16254311287991685,0.16069989080533914,0.07939747511219833
NFLX,2019-09-26,0.17190381986879433,0.17190381986879433,0.170213162464512,0.17415460321499265,0.1794584484683449,0.04945422648372132
NFLX,2019-09-27,0.1714959817049847,0.1714959817049847,0.1691314724806765,0.1744940001263411,0.179038086106167,0.04676449126044002
NFLX,2019-09-30,0.1795467435874653,0.1795467435874653,0.17168495351374558,0.17876346403322918,0.17521981413723087,0.042219088272769545
NFLX,2019-10-01,0.18302243255340006,0.18302243255340006,0.17757208388884294,0.18099644425430428,0.18108734844588859,0.056761201873816114
NFLX,2019-10-02,0.1802738035616942,0.1802738035616942,0.17251835739379345,0.17770949709630113,0.1745367378263788,0.0492659374562833
NFLX,2019-10-03,0.1804866181019737,0.1804866181019737,0.171614029122022,0.16845603332951942,0.1818404795825761,0.05903503763890097
NFLX,2019-10-04,0.18871471416034197,0.18871471416034197,0.1833883236940535,0.18535521237810276,0.18257610536459606,0.06613860038489605
NFLX,2019-10-07,0.19167612386929167,0.19167612386929167,0.1855161907331076,0.1939477363510549,0.18921427616460884,0.040694627713271356
NFLX,2019-10-08,0.18504400157087708,0.18504400157087708,0.18347697072824876,0.1928044311246423,0.1910358352649913,0.038810225077224966
NFLX,2019-10-09,0.17938716650529135,0.17938716650529135,0.17544421684978884,0.181961106974322,0.18576385049384808,0.04272724179260229
NFLX,2019-10-10,0.20235141802569595,0.20235141802569595,0.19234316230859333,0.18278283524567923,0.178670273215157,0.07308563369844265
NFLX,2019-10-11,0.2066959869543199,0.2066959869543199,0.20535875211221594,0.21370512735680847,0.2116509627377145,0.05778809544514475
NFLX,2019-10-14,0.21130657405829312,0.21130657405829312,0.2036919105302834,0.2130977837221547,0.21012716170250662,0.03303905295912464
NFLX,2019-10-15,0.20903674395918048,0.20903674395918048,0.20181226195134344,0.20845318077360958,0.2099345025796679,0.049466325377050674
NFLX,2019-10-16,0.21263656346593307,0.21263656346593307,0.20589070196106113,0.21084691539963818,0.20870845960963458,0.1136683466484175
NFLX,2019-10-17,0.225173781911569,0.225173781911569,0.2423839565170232,0.22435198904444076,0.2461379479408124,0.28065576001845083
NFLX,2019-10-18,0.19316572418214123,0.19316572418214123,0.2107316552809399,0.19766341870989101,0.21963781421192924,0.1685217042803616
NFLX,2019-10-21,0.19804229563842823,0.19804229563842823,0.19129695143153802,0.1898747689794289,0.19079062667098462,0.08662202679148692
NFLX,2019-10-22,0.17789760001547744,0.17789760001547744,0.18326419755307805,0.18415834506508844,0.18776052995523634,0.08059677791347022
NFLX,2019-10-23,0.1860193226267416,0.1860193226267416,0.18062206948581372,0.18564104720284946,0.1823308967705894,0.04529145099759156
NFLX,2019-10-24,0.18642716079055122,0.18642716079055122,0.180799397376041,0.1895174839666391,0.18889901274476673,0.02785316480583167
NFLX,2019-10-25,0.1958611157157416,0.1958611157157416,0.1874490410612995,0.191982702853285,0.18691983863804595,0.027251244862696467
NFLX,2019-10-28,0.2047985823006963,0.2047985823006963,0.20159948877617279,0.20479109457394934,0.19982836734706144,0.03859849444396132
NFLX,2019-10-29,0.20364592706894408,0.20364592706894408,0.199223335633331,0.205148345514165,0.20651908761824211,0.02429004072033786
NFLX,2019-10-30,0.22180453403880973,0.22180453403880973,0.21532435631886787,0.2148841406409555,0.2108452821298591,0.0620189272062521
NFLX,2019-10-31,0.21464037538969638,0.21464037538969638,0.21170694176627175,0.2180639295531811,0.22251026251417377,0.029838895673511365
NFLX,2019-11-01,0.21357640415740575,0.21357640415740575,0.20757530000730212,0.21491988277126417,0.21848182606773142,0.03365231561475611
NFLX,2019-11-04,0.22430486812584427,0.22430486812584427,0.2186934847676763,0.22231550535862776,0.21725574969053268,0.03343982880065939
NFLX,2019-11-05,0.21573982698637872,0.21573982698637872,0.2112458824873133,0.22079709516313228,0.22074125288495922,0.022068381432735824
NFLX,2019-11-06,0.2167328713129213,0.2167328713129213,0.21012874721853442,0.21995747879033367,0.21758855187220766,0.017349056853455936
NFLX,2019-11-07,0.21847073270740647,0.21847073270740647,0.22365856422853053,0.22429839288526487,0.22198480120966008,0.03617947195892425
NFLX,2019-11-08,0.22201731475605357,0.22201731475605357,0.21621096194816752,0.22294073709472284,0.2185343421317339,0.025445485033290863
NFLX,2019-11-11,0.22664562513070485,0.22664562513070485,0.22041352809886067,0.22470927405723062,0.21928750667558677,0.02117533186886312
NFLX,2019-11-12,0.2227975783653523,0.2227975783653523,0.21862256037595268,0.22506655907002038,0.23007671821904524,0.035002098401811815
NFLX,2019-11-13,0.2070152087647391,0.2070152087647391,0.21518247371358395,0.2115614854252178,0.22256281198534172,0.060607137590883486
NFLX,2019-11-14,0.21855938288383248,0.21855938288383248,0.21025287335950987,0.21527716778405404,0.2089361628489737,0.04072033786159622
NFLX,2019-11-15,0.22815294871423253,0.22815294871423253,0.2194559980778374,0.2230479294130746,0.22179214208682135,0.03924427287541543
NFLX,2019-11-18,0.2415236344042372,0.2415236344042372,0.23571659018929308,0.2332481677984326,0.23126775047974352,0.05650636893306665
NFLX,2019-11-19,0.24157683803930707,0.24157683803930707,0.23692237249226727,0.24260882388356608,0.24529722321645658,0.03610007297145039
NFLX,2019-11-20,0.24611649823753234,0.24611649823753234,0.24149735088772345,0.24703907626798183,0.24004274379998086,0.030003743095123766
NFLX,2019-11-21,0.25769615272101754,0.25769615272101754,0.24937049951842777,0.25286269250067406,0.24878272641088311,0.047975136774208185
NFLX,2019-11-22,0.25555045316272273,0.25555045316272273,0.24708302723161807,0.2531306392239794,0.25421235959553007,0.03649404318548738
NFLX,2019-11-25,0.2645410895597117,0.2645410895597117,0.2547611591514602,0.25463119539060763,0.2537394477621842,0.05089021388574863
NFLX,2019-11-26,0.2591147923050835,0.2591147923050835,0.25612654670219,0.2661355274799059,0.26454619806747565,0.03158567339793639
NFLX,2019-11-27,0.2652149458988706,0.2652149458988706,0.2566939756578153,0.26802907671705833,0.2626720894959253,0.02232926382014995
NFLX,2019-11-29,0.26296283907043605,0.26296283907043605,0.2563393536991974,0.2690830436539864,0.2659123506891798,0.009586104421011241
NFLX,2019-12-02,0.2546815393769979,0.2546815393769979,0.2523850060086184,0.25195162593983234,0.26347777010378065,0.03837466491736834
NFLX,2019-12-03,0.24788977235033804,0.24788977235033804,0.23991915633998612,0.2486110826226532,0.24216206096553788,0.029103887903753307
NFLX,2019-12-04,0.24462689792468284,0.24462689792468284,0.24181652756139788,0.2510941555381664,0.25303886609666465,0.01790711830827224
NFLX,2019-12-05,0.24203787983818648,0.24203787983818648,0.23835871825655736,0.2431268973738836,0.2475041339696819,0.026250817620525776
NFLX,2019-12-06,0.2500000253672767,0.2500000253672767,0.2407880393268142,0.24989728822515211,0.24650576083182235,0.025058320446751634
NFLX,2019-12-09,0.24139950386341935,0.24139950386341935,0.24724263247937367,0.24961145340040536,0.2511472521704468,0.034817590278539215
NFLX,2019-12-10,0.22476594374775938,0.22476594374775938,0.22498847267248018,0.23099733354849028,0.23147791495724984,0.07056755152427152
NFLX,2019-12-11,0.23506881245867461,0.23506881245867461,0.22585738948114492,0.23489165841372128,0.2286229720096728,0.03361828747726732
NFLX,2019-12-12,0.23419989867294977,0.23419989867294977,0.22539633020218658,0.2364279567106582,0.23068973970406187,0.02739340685931634
NFLX,2019-12-13,0.23430630594308954,0.23430630594308954,0.23005995563183806,0.24034013560475642,0.23564649446252844,0.020686839050690582
NFLX,2019-12-16,0.24443184047811706,0.24443184047811706,0.2369932968839908,0.2428053544914024,0.23976249108947373,0.026579000102084412
NFLX,2019-12-17,0.26441695901889384,0.26441695901889384,0.25665853037287184,0.2570428181180776,0.2511647575251143,0.07019702291606014
NFLX,2019-12-18,0.2738509477671198,0.2738509477671198,0.271837432500492,0.2731202688953037,0.2667530754135356,0.07609750195661791
NFLX,2019-12-19,0.29410201683717474,0.29410201683717474,0.28508355194359386,0.28844744158921565,0.28118543856492434,0.06562364123756555
NFLX,2019-12-20,0.30240103980129096,0.30240103980129096,0.29425116373330434,0.29991606562077944,0.29957614992975473,0.06632386468900173
NFLX,2019-12-23,0.2956625440557723,0.2956625440557723,0.29416248287727237,0.3006663437040935,0.3044103003912179,0.034945384839330476
NFLX,2019-12-24,0.2958398444086243,0.2958398444086243,0.29017272372358666,0.30170242253958024,0.2978421844170405,0.006618850831987962
NFLX,2019-12-26,0.2948290768114037,0.2948290768114037,0.29152038863184476,0.3024348465940271,0.2988755348570697,0.01849542699641192
NFLX,2019-12-27,0.28855158904172884,0.28855158904172884,0.2868390405597216,0.2917165687909258,0.29600311996199064,0.02943131420447886
NFLX,2019-12-30,0.2783019239658835,0.2783019239658835,0.2786289249691976,0.28608941502092156,0.28920730074847417,0.02395202788794912
NFLX,2019-12-31,0.2787629319417274,0.2787629319417274,0.27105723036969603,0.2829275482827116,0.2768066945821394,0.0194285541444381
NFLX,2020-01-02,0.2898283409912632,0.2898283409912632,0.2800298254485443,0.28951929662758513,0.28398783204133343,0.025270051080015277
NFLX,2020-01-03,0.28289475397614305,0.28289475397614305,0.2798170184515369,0.29085909838925994,0.2851788643020317,0.02013633940420512
NFLX,2020-01-06,0.3005036351476674,0.3005036351476674,0.29134309456345425,0.2831240107453995,0.2787683633341927,0.034172568027918196
NFLX,2020-01-07,0.2914952754800004,0.2914952754800004,0.2919459349821862,0.2993801040290205,0.30215084016682464,0.02691398821114081
NFLX,2020-01-08,0.3065860316477409,0.3065860316477409,0.3025854054648039,0.3007199057906953,0.2934283629105899,0.04507215855599708
NFLX,2020-01-09,0.3002022042539976,0.3002022042539976,0.3038621121595016,0.30707941546999806,0.3118366464444185,0.026960115241958963
NFLX,2020-01-10,0.2884806283129452,0.2884806283129452,0.2951377693626041,0.2939674030408682,0.30330686171818794,0.027028171516936563
NFLX,2020-01-13,0.3059831022143299,0.3059831022143299,0.2993048902283539,0.3015416681346267,0.29397136297693655,0.03891306567052445
NFLX,2020-01-14,0.30557526405052027,0.30557526405052027,0.3073376441068138,0.3087050179838453,0.3160402032518668,0.0457897741665942
NFLX,2020-01-15,0.3062491542127149,0.3062491542127149,0.3034188431666885,0.31063434342388074,0.30602166160692873,0.030353098640008774
NFLX,2020-01-16,0.30545113350970243,0.30545113350970243,0.3041103644414525,0.30929454166220594,0.314463852745491,0.029279321857028893
NFLX,2020-01-17,0.30731309162196985,0.30731309162196985,0.30058166456672514,0.3120277072721571,0.3100851087627062,0.037223001508580766
NFLX,2020-01-21,0.30454677318262147,0.30454677318262147,0.2995708651527765,0.3034709254295137,0.3083336378953245,0.09986350935962826
NFLX,2020-01-22,0.28307205432899507,0.28307205432899507,0.2912366910649506,0.287411362753729,0.2952849995346381,0.15566738629875948
NFLX,2020-01-23,0.3249219727934942,0.3249219727934942,0.31531723005785867,0.2899301437269767,0.28388273309899764,0.12897647143337856
NFLX,2020-01-24,0.3312349747505965,0.3312349747505965,0.33299644529113276,0.32721201366255703,0.32315131929239077,0.12700586418236057
NFLX,2020-01-27,0.31300537322891164,0.31300537322891164,0.31889916550367464,0.3185301854726945,0.31875506995493835,0.04964705259615784
NFLX,2020-01-28,0.3230068448691926,0.3230068448691926,0.31978583877664796,0.32167419818203735,0.31863246565793507,0.042932922979201246
NFLX,2020-01-29,0.3135019630382543,0.3135019630382543,0.31446606971350227,0.314117787117146,0.3240971429590824,0.04914797324632213
NFLX,2020-01-30,0.3216236180034472,0.3216236180034472,0.3123382026744482,0.31536825058933626,0.3102602959380428,0.03163936223708538
NFLX,2020-01-31,0.31692438072304785,0.31692438072304785,0.3109018569101581,0.3184587012120773,0.32127717731367494,0.030897548839829553
NFLX,2020-02-03,0.3398177053377046,0.3398177053377046,0.3326063442257348,0.32792651554298835,0.3210144633650008,0.041791089921243765
NFLX,2020-02-04,0.3593417820796019,0.3593417820796019,0.3502323238879202,0.34546884850168236,0.34511506062498526,0.045503181630855205
NFLX,2020-02-05,0.3605121267589966,0.3605121267589966,0.3603043315930758,0.3565444113175734,0.3698637568936521,0.04002465149515855
NFLX,2020-02-06,0.3556887589377794,0.3556887589377794,0.3537433011201759,0.3569195503592305,0.3601779506160581,0.020994604649755944
NFLX,2020-02-07,0.3553695371273602,0.3553695371273602,0.35418663775666254,0.3588130995963831,0.3521911659561741,0.024509333161932347
NFLX,2020-02-10,0.36299473757535305,0.36299473757535305,0.35950633917613456,0.35693740438809773,0.3521210777231733,0.03138226075383667
NFLX,2020-02-11,0.3676408050437181,0.3676408050437181,0.365375780730597,0.3697993922679379,0.36744668166292044,0.027441046251800657
NFLX,2020-02-12,0.3788480679047499,0.3788480679047499,0.36982659916324095,0.38080353896836006,0.37345429221608367,0.026321142438002623
NFLX,2020-02-13,0.3813129554504283,0.3813129554504283,0.3782494541070989,0.38192895609333133,0.3730689739704061,0.025267026356682935
NFLX,2020-02-14,0.3795396813376226,0.3795396813376226,0.377859353041701,0.3871451946187956,0.38096823185695255,0.01960247573604752
NFLX,2020-02-18,0.3926266255815998,0.3926266255815998,0.38564385463821,0.3867164253453885,0.3771674986498494,0.030473331392469192
NFLX,2020-02-19,0.3898070696841459,0.3898070696841459,0.39169059026106295,0.3969167318758948,0.3926157068865998,0.02837492958065992
NFLX,2020-02-20,0.38947012460304864,0.38947012460304864,0.3859276198487778,0.382232610874371,0.3898833348288607,0.022196932174360178
NFLX,2020-02-21,0.37895447517488956,0.37895447517488956,0.38170726341193945,0.3844120290088444,0.38772904036113404,0.021067954190565133
NFLX,2020-02-24,0.35879202245822506,0.35879202245822506,0.355995361943879,0.3542220928070138,0.3517007487681609,0.04380101857558216
NFLX,2020-02-25,0.34352389829156127,0.34352389829156127,0.3610135755103115,0.3483627685165871,0.3643815742378372,0.04035888342338187
NFLX,2020-02-26,0.3774826319557538,0.3774826319557538,0.37227367669780637,0.3613676567725135,0.35441554865690167,0.0589072430781097
NFLX,2020-02-27,0.3641297033594628,0.3641297033594628,0.38922579008402597,0.37137143269518347,0.3634357505711456,0.07428493649971454
NFLX,2020-02-28,0.359377228620958,0.359377228620958,0.36299959376591845,0.3467193119738725,0.35073741974680167,0.07580410379338115
NFLX,2020-03-02,0.38069230274633914,0.38069230274633914,0.3711388187865557,0.3604744783131132,0.36632573763522297,0.04426606978792909
NFLX,2020-03-03,0.3589161529990429,0.3589161529990429,0.3927013896750117,0.365655008780843,0.38019759536559766,0.054600793233693906
NFLX,2020-03-04,0.38555118475498373,0.38555118475498373,0.37583788950115055,0.3712106101450816,0.3744877094704436,0.032843202123355786
NFLX,2020-03-05,0.36602710801308636,0.36602710801308636,0.3889420925171317,0.3678700668279026,0.38014501248726434,0.05749242873940874
NFLX,2020-03-06,0.35927082135081834,0.35927082135081834,0.35331775476983446,0.34680865026335705,0.3568501292423007,0.05295685610256837
NFLX,2020-03-09,0.31940699153940433,0.31940699153940433,0.32877615649796793,0.3197806489448848,0.31509444639950596,0.047348262863581195
NFLX,2020-03-10,0.350688023117639,0.350688023117639,0.34131289673648696,0.33073116541355685,0.33711077061043376,0.048852306540586116
NFLX,2020-03-11,0.3254894556855491,0.3254894556855491,0.338546676350084,0.3252648341936545,0.34147194242422035,0.03699236635449002
NFLX,2020-03-12,0.2640090870320486,0.2640090870320486,0.29020816900853014,0.25832902372057653,0.28468844711401836,0.0826324167161335
NFLX,2020-03-13,0.30133710239203615,0.30133710239203615,0.29144943041828447,0.2584540700677955,0.2917119027525433,0.06287038682430517
NFLX,2020-03-16,0.23490923537650066,0.23490923537650066,0.2877788817601101,0.23587417516260623,0.2498861650839131,0.07120123106239626
NFLX,2020-03-17,0.2719889558318168,0.2719889558318168,0.26747529492388006,0.22783543273770612,0.24911549518539272,0.06707248371375531
NFLX,2020-03-18,0.2643992357482158,0.2643992357482158,0.2828670040485077,0.24525268527660693,0.2424773243853799,0.0865796806648342
NFLX,2020-03-19,0.29376507175607747,0.29376507175607747,0.3128879428094386,0.27529965295720293,0.28088764709258435,0.07162544850975662
NFLX,2020-03-20,0.295183745163179,0.295183745163179,0.3163989200416942,0.30241699256515986,0.31237957969643443,0.07342364653083139
NFLX,2020-03-23,0.3438431201019805,0.3438431201019805,0.34409690740903526,0.31828009277825653,0.3221529795616966,0.09305107623437069
NFLX,2020-03-24,0.3386118464708825,0.3386118464708825,0.3561903786547412,0.33998466325291266,0.36086106033407567,0.07935890988971103
NFLX,2020-03-25,0.3121364594431869,0.3121364594431869,0.33680891037642796,0.31522535021324993,0.345150138148651,0.057645177267691805
NFLX,2020-03-26,0.34866648792319765,0.34866648792319765,0.3400716353267326,0.319798502973752,0.31533965499351263,0.046018140778185695
NFLX,2020-03-27,0.33825724576517835,0.33825724576517835,0.34844132234317554,0.3399310330211627,0.34176973389656023,0.051456593329728864
NFLX,2020-03-30,0.362799713951823,0.362799713951823,0.3648260405956066,0.35452581573320185,0.3486180691740793,0.05654720269805322
NFLX,2020-03-31,0.37085047583430353,0.37085047583430353,0.37406461059887747,0.3639400679775112,0.35725295284264574,0.06217696900036675
NFLX,2020-04-01,0.3505994067642486,0.3505994067642486,0.3691350102448035,0.35425786900989664,0.3714751181093629,0.041805457357072376
NFLX,2020-04-02,0.3612391867332254,0.3612391867332254,0.35275029199237234,0.35254292820656485,0.3505097165074626,0.026076896028916354
NFLX,2020-04-03,0.346485308000511,0.346485308000511,0.3525907205664535,0.34798762947493,0.35644730564195576,0.028105729204081862
NFLX,2020-04-06,0.3787593839052882,0.3787593839052882,0.36924141374330716,0.35549047845321957,0.35250639596885086,0.05323437446831035
NFLX,2020-04-07,0.36514047095668356,0.36514047095668356,0.3710855832154671,0.36912053030009284,0.37839354161988265,0.044632817491975035
NFLX,2020-04-08,0.36308342157481477,0.36308342157481477,0.3658722852944987,0.36728061129469036,0.3679020881415988,0.04359306884648395
NFLX,2020-04-09,0.3623740848712639,0.3623740848712639,0.3547185876055076,0.35784850502151366,0.36273513549846054,0.049660663851153364
NFLX,2020-04-13,0.4084799559109965,0.4084799559109965,0.4050962811300836,0.36619090222745365,0.3631730366224714,0.07976875990124278
NFLX,2020-04-14,0.4383245908114515,0.4383245908114515,0.4357910861669803,0.4146912353550113,0.4090447494993769,0.07892259354902131
NFLX,2020-04-15,0.46173216086005753,0.46173216086005753,0.466219848635781,0.445774281871094,0.43619294882977705,0.09389648640575908
NFLX,2020-04-16,0.48375657168898945,0.48375657168898945,0.49200270831740184,0.48035869425445765,0.4782289177902443,0.11331142929520166
NFLX,2020-04-17,0.45501138838521693,0.45501138838521693,0.4609355925012523,0.4501509721689081,0.467719892142962,0.08675133371394435
NFLX,2020-04-20,0.4807774387093616,0.4807774387093616,0.48308334880964215,0.4784829990461723,0.4750236338991593,0.0870500251430127
NFLX,2020-04-21,0.4742871363994072,0.4742871363994072,0.4875341672422861,0.4696225624224891,0.4918380615719447,0.1666138600384896
NFLX,2020-04-22,0.4522804488411535,0.4522804488411535,0.46270880375985185,0.4471140836327687,0.46549550944223456,0.15078850756369877
NFLX,2020-04-23,0.4616434768605958,0.4616434768605958,0.4723020295435773,0.45829683876701166,0.44715731414140675,0.09685390964395225
NFLX,2020-04-24,0.4586111740689338,0.4586111740689338,0.45237082113027366,0.4522589060427642,0.45721093331001067,0.056826233425461364
NFLX,2020-04-27,0.45220955575844113,0.45220955575844113,0.4556158910817803,0.4611193426664474,0.45721093331001067,0.03881854306638889
NFLX,2020-04-28,0.4210881012623805,0.4210881012623805,0.4414299304382901,0.42908948745921427,0.4484359399897733,0.06773262958103801
NFLX,2020-04-29,0.4353809043731798,0.4353809043731798,0.43231548657599456,0.4124582551339362,0.4126002741124734,0.06464665560122047
NFLX,2020-04-30,0.44949640713112704,0.44949640713112704,0.44752990163223166,0.4381821627484682,0.43148140266531715,0.051495914733049264
NFLX,2020-05-01,0.44137468451986284,0.44137468451986284,0.45378944425209217,0.44484539535395917,0.43987107773987694,0.05411154423468828
NFLX,2020-05-04,0.464214771676414,0.464214771676414,0.4548001760223673,0.45045462694994787,0.44456511854966924,0.05032459062260149
NFLX,2020-05-05,0.458061414447557,0.458061414447557,0.45916231359897924,0.4624055141963721,0.4616947762351314,0.03888508697970032
NFLX,2020-05-06,0.4750496429149923,0.4750496429149923,0.47471366179319924,0.47103378029963283,0.46474237830554704,0.04171622801876841
NFLX,2020-05-07,0.4790750576792683,0.4790750576792683,0.473135467245462,0.4786616756251414,0.4780362252602401,0.034012257691304296
NFLX,2020-05-08,0.4773372301078187,0.4773372301078187,0.4786679756619416,0.48398503832380924,0.47321964696777524,0.029531130074446004
NFLX,2020-05-11,0.4861504985058843,0.4861504985058843,0.48379259272687775,0.4874149199304728,0.4770553908842134,0.03283337177252568
NFLX,2020-05-12,0.47072279725704647,0.47072279725704647,0.48251588603218004,0.47991213909733155,0.48698640575581403,0.026119998336402165
NFLX,2020-05-13,0.48216059792903576,0.48216059792903576,0.4875341672422861,0.4726058207268784,0.4759344468565159,0.044392351987054185
NFLX,2020-05-14,0.4886863467803463,0.4886863467803463,0.49707415745492295,0.48252025836006374,0.4920657648112839,0.05946227980959366
NFLX,2020-05-15,0.510391535798859,0.510391535798859,0.5017200602421028,0.4908983636237382,0.48470944017675327,0.04612703081814985
NFLX,2020-05-18,0.507536533360049,0.507536533360049,0.5041316924917247,0.5013308406746669,0.5030301301229136,0.05013100832933187
NFLX,2020-05-19,0.5048056614620569,0.5048056614620569,0.5087598049927593,0.5140499281784209,0.5069534676270202,0.0277253702450404
NFLX,2020-05-20,0.49882960458605186,0.49882960458605186,0.5031564060063929,0.502492034002521,0.5084422245457276,0.03375061912305709
NFLX,2020-05-21,0.47857853551599694,0.47857853551599694,0.4910096991895983,0.47792925157069455,0.49847619896479206,0.06029256636432037
NFLX,2020-05-22,0.46628954432896097,0.46628954432896097,0.47350784566838827,0.47244499817677654,0.4782289177902443,0.032351684581850906
NFLX,2020-05-26,0.44048804746346004,0.44048804746346004,0.454729217808807,0.4473641763272068,0.46206258912614134,0.050944658905730716
NFLX,2020-05-27,0.4495673002138394,0.4495673002138394,0.43969216446463394,0.4200682282854292,0.43160400696232043,0.07034220963601236
NFLX,2020-05-28,0.4381295671879213,0.4381295671879213,0.4438592853303837,0.44443454825456763,0.44361929488297763,0.03411207356127144
NFLX,2020-05-29,0.4492835925908476,0.4492835925908476,0.44018866902853576,0.4450597799906627,0.4440046131286552,0.03108583786726758
NFLX,2020-06-01,0.4602603176409217,0.4602603176409217,0.451572896357006,0.45243751447658487,0.44640418300471923,0.019658433117695766
NFLX,2020-06-02,0.4627252051866001,0.4627252051866001,0.4531155779761263,0.4586541237798014,0.4587347677523839,0.017776299024148637
NFLX,2020-06-03,0.453255769897018,0.453255769897018,0.4522466949892982,0.45613534280655377,0.4606263482714364,0.023986056025437925
NFLX,2020-06-04,0.4397077500311256,0.4397077500311256,0.45510159623173324,0.4418085068178198,0.45263949679722154,0.03226245524354694
NFLX,2020-06-05,0.44905305477989,0.44905305477989,0.440082265530032,0.4314832220852428,0.42619191253950645,0.029911489033487466
NFLX,2020-06-08,0.4488580311563598,0.4488580311563598,0.44107534230150897,0.4355026273702671,0.44144742824625266,0.035597212717449256
NFLX,2020-06-09,0.4746772512925388,0.4746772512925388,0.4657765119992943,0.4601725339752969,0.4513434324085183,0.04274690249426248
NFLX,2020-06-10,0.47543982545419516,0.47543982545419516,0.4745718130097521,0.4784651450173051,0.47647738010853186,0.028378710484825345
NFLX,2020-06-11,0.45962194166615455,0.45962194166615455,0.4849984088516887,0.4670501512174914,0.46281572026282886,0.04778231066177166
NFLX,2020-06-12,0.4463399061525759,0.4463399061525759,0.46458841851695504,0.4461315668838838,0.4642169504081987,0.040206891075931894
NFLX,2020-06-15,0.4595155343960148,0.4595155343960148,0.4511650050054627,0.4514371436988327,0.45090553128450744,0.025134694710893166
NFLX,2020-06-16,0.4783657209757174,0.4783657209757174,0.47150410477030963,0.46887228433917494,0.4585420752223797,0.032998975374971165
NFLX,2020-06-17,0.4990069725849752,0.4990069725849752,0.49366958372117115,0.49395310618874466,0.48667110892880655,0.04072487494659473
NFLX,2020-06-18,0.50273088880951,0.50273088880951,0.49774802373088883,0.500348323925782,0.49877399043713205,0.023695682585533503
NFLX,2020-06-19,0.5095581362005617,0.5095581362005617,0.4998936134124146,0.5053502459596911,0.49945703334081876,0.03622484280890932
NFLX,2020-06-22,0.534951794902253,0.534951794902253,0.5258183895211561,0.520731014812779,0.5097733664580968,0.03877770930140234
NFLX,2020-06-23,0.5317952939237017,0.5317952939237017,0.5354293379473534,0.5391128959991234,0.529898110149972,0.03632995194470806
NFLX,2020-06-24,0.5168818381088134,0.5168818381088134,0.532503478491358,0.520355875771122,0.5334711401177361,0.027844090635834654
NFLX,2020-06-25,0.5311746412196127,0.5311746412196127,0.5230166562061362,0.520355875771122,0.5165166696076107,0.022613587813389697
NFLX,2020-06-26,0.4912576415961645,0.4912576415961645,0.5248253803933527,0.4993479531480298,0.5297054176199678,0.042805128418409985
NFLX,2020-06-29,0.4980670980704668,0.4980670980704668,0.48872219308095183,0.48130550294560803,0.4926437087726347,0.027978690824123683
NFLX,2020-06-30,0.5118988932054223,0.5118988932054223,0.506312727458194,0.5078511729040716,0.5010333838471945,0.023097543546563726
NFLX,2020-07-01,0.5661618657517039,0.5661618657517039,0.5606448024951858,0.520355875771122,0.5080043902360476,0.06474344674785529
NFLX,2020-07-02,0.5506454805034044,0.5506454805034044,0.5678263960292893,0.5588167249182752,0.5634217329245454,0.039378116882871364
NFLX,2020-07-06,0.5806497601321047,0.5806497601321047,0.5806291788359044,0.5664445520986354,0.5548919481983148,0.05062630677500217
NFLX,2020-07-07,0.579497138723388,0.579497138723388,0.5900627655500377,0.5861483810177872,0.5838617066290974,0.03422398832456794
NFLX,2020-07-08,0.5965562602735357,0.5965562602735357,0.5905592701139393,0.5914718118616035,0.5860861561441555,0.034388835746180346
NFLX,2020-07-09,0.6053873195883506,0.6053873195883506,0.5992481676258934,0.5949909636126032,0.6032858352482877,0.03551403282580996
NFLX,2020-07-10,0.6780394707384911,0.6780394707384911,0.6806043637542605,0.6226799047249051,0.6231302928224904,0.15472669734240244
NFLX,2020-07-13,0.6368456515194373,0.6368456515194373,0.7151647341601939,0.6399721449891611,0.707640065053105,0.13047900274871732
NFLX,2020-07-14,0.6357461999227549,0.6357461999227549,0.6267333479962269,0.5855410033105594,0.6184888348910313,0.1054063148661371
NFLX,2020-07-15,0.6328734742132669,0.6328734742132669,0.6329397226886724,0.6207149393722836,0.6171226822693272,0.06747174719362388
NFLX,2020-07-16,0.6401971761215186,0.6401971761215186,0.6445366893704765,0.6103181703790893,0.6349528882131434,0.17660603356686716
NFLX,2020-07-17,0.5791956401836469,0.5791956401836469,0.5878817305835684,0.574197493771363,0.5795880615886484,0.18032946798897487
NFLX,2020-07-20,0.5959001610280904,0.5959001610280904,0.5894953704162491,0.5743046179445664,0.5695520145890427,0.08163955128229365
NFLX,2020-07-21,0.5740707738226886,0.5740707738226886,0.5925453560132199,0.5821826059645131,0.5990822116265087,0.06026534385432933
NFLX,2020-07-22,0.5735742516594173,0.5735742516594173,0.5765507388261868,0.5796638249912655,0.5748940875931867,0.04393486258303811
NFLX,2020-07-23,0.5518690626409046,0.5518690626409046,0.5671525297533235,0.5525464853833085,0.5730374509691385,0.0497415752002934
NFLX,2020-07-24,0.5569584148144354,0.5569584148144354,0.5587651200944088,0.5445435191612913,0.5338739637180812,0.049924570961899825
NFLX,2020-07-27,0.5839126007347243,0.5839126007347243,0.576054234262285,0.570928366569653,0.5614425588178247,0.050808546355775516
NFLX,2020-07-28,0.571251285571306,0.571251285571306,0.5775969158814054,0.5806641957690176,0.5816023132190349,0.03661956920377939
NFLX,2020-07-29,0.5641048840159064,0.5641048840159064,0.5725077441014124,0.5741795715973474,0.5749991197211917,0.04134645559139012
NFLX,2020-07-30,0.566445641020767,0.566445641020767,0.5608575418485195,0.5623537306981422,0.5547868492559789,0.04132225780473142
NFLX,2020-07-31,0.5719073848167513,0.5719073848167513,0.572294937104405,0.5748405795363254,0.5680631908560045,0.03608721789728796
NFLX,2020-08-03,0.5891793209071784,0.5891793209071784,0.5869950573105951,0.5850765259794178,0.5725645391357927,0.035760547777395485
NFLX,2020-08-04,0.6087211209197538,0.6087211209197538,0.6000283697566895,0.6001179319937314,0.586208760441159,0.033755912388888684
NFLX,2020-08-05,0.5953681246773916,0.5953681246773916,0.599425461694284,0.6046731625802179,0.6037762524363011,0.02392707392045734
NFLX,2020-08-06,0.6077280765932113,0.6077280765932113,0.6007022360326553,0.6002072021380676,0.5957718956074187,0.019523832929406737
NFLX,2020-08-07,0.5822811804334145,0.5822811804334145,0.5962159046713942,0.5787348703289822,0.5981188826051496,0.036041847047302886
NFLX,2020-08-10,0.5621542419041774,0.5621542419041774,0.5770117304614715,0.5643544722536465,0.5769257777639101,0.02682324651117068
NFLX,2020-08-11,0.5329834295198458,0.5329834295198458,0.5476823806189781,0.5427749481262094,0.5531053998072673,0.04677129688793778
NFLX,2020-08-12,0.5481274231456917,0.5481274231456917,0.5504663912915264,0.5492595722978796,0.5383753119978694,0.03247947914264217
NFLX,2020-08-13,0.558518942033033,0.558518942033033,0.5539419232388385,0.5604601814609896,0.550740907454869,0.014102016356191419
NFLX,2020-08-14,0.560912936495999,0.560912936495999,0.5608220965635762,0.5671769761530823,0.5584825503350772,0.013607474091354207
NFLX,2020-08-17,0.5603277303332661,0.5603277303332661,0.5571160349767847,0.5651940886264452,0.5608820533968104,0.009675333759315202
NFLX,2020-08-18,0.5772095515305616,0.5772095515305616,0.5731815427337048,0.571803691000186,0.5611623395144829,0.01785721037328867
NFLX,2020-08-19,0.5641935003692968,0.5641935003692968,0.5717629872555599,0.5730541544723763,0.5779416896636025,0.015215870723324778
NFLX,2020-08-20,0.587902568957644,0.587902568957644,0.579636169708101,0.5737508704690887,0.5617578556448322,0.03016027252757224
NFLX,2020-08-21,0.5779897813168248,0.5779897813168248,0.5781998239438109,0.5846656788800263,0.5823729497103898,0.021001410277253704
NFLX,2020-08-24,0.5717832542759335,0.5717832542759335,0.5832889957238037,0.5724468449102967,0.5805864013193425,0.027360134902660625
NFLX,2020-08-25,0.5749219643377353,0.5749219643377353,0.5681633291672723,0.5758945124006792,0.5678880704949987,0.03466106084609073
NFLX,2020-08-26,0.6759114606278387,0.6759114606278387,0.6684753795799374,0.5883813612388624,0.5754370208452027,0.14541130565963542
NFLX,2020-08-27,0.6382110874684334,0.6382110874684334,0.6542185283665605,0.6404901844069044,0.6547448297233438,0.05988120399112244
NFLX,2020-08-28,0.6339906490806273,0.6339906490806273,0.6506721058493614,0.6418299861685792,0.64462118913607,0.024753579571018616
NFLX,2020-08-31,0.6440452905329425,0.6440452905329425,0.6382417014656727,0.6339341441197653,0.6256349616408905,0.028715210955547913
NFLX,2020-09-01,0.6919066447687314,0.6919066447687314,0.6832819032846313,0.660497668107096,0.6456720449307667,0.06373621387818683
NFLX,2020-09-02,0.6853277261053866,0.6853277261053866,0.6817037763805676,0.6692866886153103,0.6827687644874347,0.035864900732361135
NFLX,2020-09-03,0.6372890038706743,0.6372890038706743,0.6772706805903954,0.6406152307541234,0.6673906444836852,0.059943210819435364
NFLX,2020-09-04,0.6200879608629596,0.6200879608629596,0.6300315858751486,0.577484406856792,0.6239185014828439,0.05388620234642913
NFLX,2020-09-08,0.6040750534513888,0.6040750534513888,0.6205270409474553,0.5935975997643268,0.5857708593171482,0.03348898055480988
NFLX,2020-09-09,0.5919634302632761,0.5919634302632761,0.6169805507865826,0.5892566856693955,0.6222195466794647,0.04313331089996862
NFLX,2020-09-10,0.5573485973536383,0.5573485973536383,0.5926694821541953,0.5647296112953036,0.5944407536950496,0.0385364876156484
NFLX,2020-09-11,0.5597602474412112,0.5597602474412112,0.5703975997048301,0.561103267225952,0.5649104898432529,0.0294245085769811
NFLX,2020-09-14,0.549528305636044,0.549528305636044,0.5619923997597702,0.5512603138533839,0.5546292342496406,0.04699739495703002
NFLX,2020-09-15,0.5845155301681353,0.5845155301681353,0.5770295207476168,0.5697136111551971,0.5605493180294663,0.03170666233122989
NFLX,2020-09-16,0.5630054324192241,0.5630054324192241,0.5897790679831434,0.5727147916336021,0.5885557474388896,0.024582682702741537
NFLX,2020-09-17,0.5387821183969275,0.5387821183969275,0.5432138395438624,0.5369156238357827,0.5450660322690499,0.0320265268236246
NFLX,2020-09-18,0.5383564893163685,0.5383564893163685,0.5449870508024619,0.5285732266298427,0.5404245743375911,0.042147251093626534
NFLX,2020-09-21,0.5691942361894372,0.5691942361894372,0.5598468100782443,0.5423641010268179,0.5319823831990287,0.03261786023509662
NFLX,2020-09-22,0.5759682461223834,0.5759682461223834,0.5670106809698763,0.5654798893786177,0.5693243113497035,0.017681776420013083
NFLX,2020-09-23,0.5395091783711563,0.5395091783711563,0.5656275707766749,0.5471516384240235,0.5728798359628002,0.019527613833572162
NFLX,2020-09-24,0.5438891938411363,0.5438891938411363,0.5407313167243537,0.5450437045501674,0.5369566433121626,0.019533663280236837
NFLX,2020-09-25,0.5612675372017032,0.5612675372017032,0.5546866800846912,0.5454188435918244,0.5437173850020134,0.019852771591798463
NFLX,2020-09-28,0.5750460948785531,0.5750460948785531,0.5673298914653875,0.5630146704919718,0.5694994317107094,0.027445583336799164
NFLX,2020-09-29,0.5800645539693716,0.5800645539693716,0.5749370989935061,0.578466923605677,0.5701825414287269,0.018129435473199063
NFLX,2020-09-30,0.591679654994213,0.591679654994213,0.5897259000557282,0.5833615851760859,0.5755596251422059,0.026391467255479476
NFLX,2020-10-01,0.640409990661798,0.640409990661798,0.633915009174004,0.6089605145885474,0.599134794504842,0.053006007856718856
NFLX,2020-10-02,0.5970527824368069,0.5970527824368069,0.6282760972590209,0.6073527661035674,0.6173503855086664,0.037258542007735734
NFLX,2020-10-05,0.6282451300155799,0.6282451300155799,0.6187360394027104,0.6055663410396183,0.6004834417718785,0.02226271990683852
NFLX,2020-10-06,0.6020357949862694,0.6020357949862694,0.6202078304519438,0.6099608853662996,0.6213613166004412,0.023101324450729144
NFLX,2020-10-07,0.6530890967419656,0.6530890967419656,0.6462212197730439,0.6307901314104226,0.6201001961067423,0.05175830948212956
NFLX,2020-10-08,0.6479997445684348,0.6479997445684348,0.6435791255276164,0.6456707148746343,0.6472133847278074,0.032080971843606684
NFLX,2020-10-09,0.6615654877050052,0.6615654877050052,0.6600348019936078,0.6650529668387308,0.6548324233110121,0.02750456544177975
NFLX,2020-10-12,0.6622215869504504,0.6622215869504504,0.6733872572915398,0.6708408750136886,0.6740638594001984,0.03211575616192856
NFLX,2020-10-13,0.6875443525694295,0.6875443525694295,0.6837429625635896,0.6689830338342705,0.6596139908941421,0.03371432244306903
NFLX,2020-10-14,0.665129826847366,0.665129826847366,0.7100578397377293,0.6757712446418321,0.6982345448931835,0.06317890860420361
NFLX,2020-10-15,0.6659987406330907,0.6659987406330907,0.6723410802363212,0.6652315752725516,0.668301390626711,0.030013573445953862
NFLX,2020-10-16,0.6462264028095578,0.6462264028095578,0.6778557983666555,0.656174608041032,0.6752723970155641,0.0393471134687149
NFLX,2020-10-19,0.64610227226874,0.64610227226874,0.655637151488379,0.6478679188928266,0.6535012813986429,0.04857327581317797
NFLX,2020-10-20,0.6367037977079414,0.6367037977079414,0.6414157455599454,0.6422944634997207,0.6378603806318885,0.06732429193117243
NFLX,2020-10-21,0.5722088157104213,0.5722088157104213,0.5936624912819988,0.5815395201995508,0.5903773065392721,0.12296785853368976
NFLX,2020-10-22,0.5654348057774751,0.5654348057774751,0.5728978451668105,0.5703746190941751,0.5792728315759716,0.04426606978792909
NFLX,2020-10-23,0.5708433797614251,0.5708433797614251,0.5638898048030188,0.5692134257663211,0.5677479608433278,0.02861312654308151
NFLX,2020-10-26,0.5707724866787128,0.5707724866787128,0.575876872550221,0.5648368036136554,0.5658563135099446,0.038127393784949726
NFLX,2020-10-27,0.571996068816213,0.571996068816213,0.5646522842913431,0.5720359296657569,0.5710757822170851,0.018777482447152414
NFLX,2020-10-28,0.5672258708070301,0.5672258708070301,0.5708763816262601,0.572661161401852,0.5646828534182444,0.03666494005376446
NFLX,2020-10-29,0.5990921085479977,0.5990921085479977,0.6061637862355744,0.565622789754704,0.5684310037470144,0.07544189317433371
NFLX,2020-10-30,0.548606222038285,0.548606222038285,0.5919424479508144,0.5528859163672312,0.5920937666973187,0.050391134535912915
NFLX,2020-11-02,0.5634664403950679,0.5634664403950679,0.5572224384752886,0.5578699162271247,0.5515641268245572,0.024683254753541762
NFLX,2020-11-03,0.5689636983784797,0.5689636983784797,0.5731992653761764,0.5645867109192173,0.5621781845998446,0.0192538763719956
NFLX,2020-11-04,0.5862179111982287,0.5862179111982287,0.5952228955435908,0.5917754666426431,0.5804462916676716,0.0301965692075603
NFLX,2020-11-05,0.6160270995573275,0.6160270995573275,0.6147285576065531,0.6086925678652421,0.6000630460025353,0.03197737506947411
NFLX,2020-11-06,0.6177472038580989,0.6177472038580989,0.6084867376291643,0.6070133351196447,0.6148457166902666,0.023383379901469634
NFLX,2020-11-09,0.5393140871015549,0.5393140871015549,0.5741568292190364,0.5440433337724152,0.5632466125635396,0.0701410655344119
NFLX,2020-11-10,0.556586023191982,0.556586023191982,0.5542078981632612,0.5371657165302207,0.5376922690941828,0.054158427446339516
NFLX,2020-11-11,0.5752411861481546,0.5752411861481546,0.5667624286879254,0.563693532459817,0.5587977803477537,0.03264054566008916
NFLX,2020-11-12,0.5681656776754672,0.5681656776754672,0.5753449227013758,0.5675699692236066,0.5728097477297993,0.02964002011441016
NFLX,2020-11-13,0.561196644118991,0.561196644118991,0.5619037865474117,0.5628717701158855,0.5654009070312662,0.014055133144540186
NFLX,2020-11-16,0.5545644879975407,0.5545644879975407,0.5559456641369174,0.5619785916564851,0.5535433009312782,0.021245656686339973
NFLX,2020-11-17,0.5572776366248547,0.5572776366248547,0.5593680281568143,0.5647474653241709,0.5537534988159498,0.01931361465780927
NFLX,2020-11-18,0.5593346860067235,0.5593346860067235,0.561318601127478,0.5627288697397993,0.5569587158927038,0.0187926060638141
NFLX,2020-11-19,0.5644417614509324,0.5644417614509324,0.5598822553631879,0.5676414534842239,0.5570463094803721,0.008398900513068696
NFLX,2020-11-20,0.5707724866787128,0.5707724866787128,0.5722240465345181,0.5696064869819938,0.5626861071425253,0.023512686823927074
NFLX,2020-11-23,0.5501666816108112,0.5501666816108112,0.5658226551312107,0.5593704723937529,0.5718639908774386,0.03230858227436509
NFLX,2020-11-24,0.5612675372017032,0.5612675372017032,0.5532326116779294,0.5594598106832375,0.5515115439462239,0.01819749174817666
NFLX,2020-11-25,0.5650269676136654,0.5650269676136654,0.5582863381729788,0.5648725116713899,0.562528492136187,0.018561214728890267
NFLX,2020-11-27,0.5763051912034808,0.5763051912034808,0.5695464393604737,0.5701066723708699,0.5650681716639221,0.012566213084196955
NFLX,2020-11-30,0.5751347788780148,0.5751347788780148,0.5683051779507193,0.5690705253902348,0.5711983865140886,0.018049280304892112
NFLX,2020-12-01,0.599748207793443,0.599748207793443,0.5983083264255049,0.5882027528050416,0.5751568015418609,0.029556840222770876
NFLX,2020-12-02,0.5976202653288618,0.5976202653288618,0.5935738104259667,0.5909179962409773,0.5914106569793014,0.014249471618642883
NFLX,2020-12-03,0.5872286787954494,0.5872286787954494,0.5970670650157506,0.5954554409437448,0.5938102268553653,0.012719717793313094
NFLX,2020-12-04,0.5886296289318729,0.5886296289318729,0.5894953704162491,0.5911680889354153,0.5841945088107723,0.019072392972055336
NFLX,2020-12-07,0.6196091619703663,0.6196091619703663,0.6130085142753687,0.5985458915664859,0.5885907581482248,0.023784155743004385
NFLX,2020-12-08,0.6140764574455984,0.6140764574455984,0.6196226450320101,0.6124439582818128,0.6199250757457364,0.023328178700654473
NFLX,2020-12-09,0.5802773685096512,0.5802773685096512,0.6072277535769381,0.5869701433617187,0.6070165470367208,0.022948575922446094
NFLX,2020-12-10,0.5935594040232298,0.5935594040232298,0.5882008734354061,0.5898640633766233,0.5790451283366325,0.014172341173668272
NFLX,2020-12-11,0.5973364900597987,0.5973364900597987,0.5874383939470817,0.5933296530410215,0.5798157648279874,0.015629501639021957
NFLX,2020-12-14,0.631383907723453,0.631383907723453,0.6243572286752219,0.6046374545224834,0.598101377250482,0.03498395006181779
NFLX,2020-12-15,0.6267023937137317,0.6267023937137317,0.625314792518082,0.6267528720965311,0.6209759315404331,0.017020874371897296
NFLX,2020-12-16,0.6356575835693645,0.6356575835693645,0.630067031160092,0.6341306747276017,0.6237958971858404,0.019194894267015015
NFLX,2020-12-17,0.6499681099508419,0.6499681099508419,0.6444480085144444,0.6497615362751276,0.6393667097195943,0.015497169993232182
NFLX,2020-12-18,0.6527167051195122,0.6527167051195122,0.6460084804197099,0.6490112581918134,0.6467229675397941,0.025397845640806545
NFLX,2020-12-21,0.6428926014781545,0.6428926014781545,0.6393588367344516,0.6403115759730837,0.6412057741746442,0.020794972909821654
NFLX,2020-12-22,0.6400908364974501,0.6400908364974501,0.635422245508181,0.6391503826452297,0.637072238785866,0.005766635033101817
NFLX,2020-12-23,0.6173039191529331,0.6173039191529331,0.6281874164029888,0.6278961432503695,0.6319403636663936,0.009446210966890623
NFLX,2020-12-24,0.616399491179781,0.616399491179781,0.6158279702328602,0.6243412834416352,0.6150559145749381,0.0
NFLX,2020-12-28,0.6255319813882658,0.6255319813882658,0.6234706230459222,0.6152664621812485,0.6173503855086664,0.013217284781482645
NFLX,2020-12-29,0.646368324267125,0.646368324267125,0.6463276232715476,0.6301827537031947,0.6234280842948305,0.021765909099502056
NFLX,2020-12-30,0.6352319544888055,0.6352319544888055,0.6404936946457023,0.644848952530703,0.6413458838263151,0.0055375122406772365
NFLX,2020-12-31,0.6638530748978315,0.6638530748978315,0.6621981143176054,0.6438842898106852,0.6332890109334302,0.03212483033192558
NFLX,2021-01-04,0.632164137509716,0.632164137509716,0.6538639402297795,0.6294860377064823,0.6568816856507338,0.024956992215118327
NFLX,2021-01-05,0.6285111820139649,0.6285111820139649,0.6290031314624018,0.6309151777576416,0.6263180045445771,0.015047242397546949
NFLX,2021-01-06,0.5924953989679036,0.5924953989679036,0.6047452307574295,0.6016363421892269,0.6095386543954575,0.03177623096787366
NFLX,2021-01-07,0.6073911315121139,0.6073911315121139,0.6106678402393071,0.6139980765350427,0.6030756373636159,0.01922514150033839
NFLX,2021-01-08,0.6100688335980718,0.6100688335980718,0.6049934830393804,0.6105861171023946,0.608382699658425,0.013837353064611872
NFLX,2021-01-11,0.5900305114222252,0.5900305114222252,0.6005426646067364,0.5988674003763929,0.602305000872261,0.02013104613837353
NFLX,2021-01-12,0.5814299899183677,0.5814299899183677,0.583448634793396,0.5769306593813143,0.5885732527935572,0.03664754789460352
NFLX,2021-01-13,0.6054404894003849,0.6054404894003849,0.603415288491643,0.5900426718104441,0.5806915002616784,0.029401066971155482
NFLX,2021-01-14,0.5931514982133489,0.5931514982133489,0.6072277535769381,0.6017792425653131,0.6014467707932376,0.022937989390782915
NFLX,2021-01-15,0.5880444227691399,0.5880444227691399,0.5927226500816103,0.5937762081981475,0.5885732527935572,0.03593220082650565
NFLX,2021-01-19,0.5947651952439805,0.5947651952439805,0.597918225360107,0.5909894805015946,0.5903247236609388,0.08447901031052567
NFLX,2021-01-20,0.7447332882833048,0.7447332882833048,0.7469411615372525,0.7041033396642447,0.7031562221279843,0.238147810667443
NFLX,2021-01-21,0.733206871257925,0.733206871257925,0.7388906850163208,0.728290983054414,0.7329842106377902,0.08059450937097097
NFLX,2021-01-22,0.7071924922060734,0.7071924922060734,0.7304500397863176,0.7174833669618281,0.7323711891527735,0.04844699361405286
NFLX,2021-01-25,0.6923145505786124,0.6923145505786124,0.7051991299535421,0.6894371408367365,0.7059236048950583,0.04584951245240787
NFLX,2021-01-26,0.7014470407870972,0.7014470407870972,0.7020782537866843,0.6991014176303355,0.684432708581479,0.02933830396200947
NFLX,2021-01-27,0.632908920754623,0.632908920754623,0.681561859953447,0.6306293770054691,0.6773916807739557,0.056912438040432986
NFLX,2021-01-28,0.6600759212151913,0.6600759212151913,0.6757633766125448,0.6574429936872378,0.6514170083495865,0.036485725196323454
NFLX,2021-01-29,0.6490636819776897,0.6490636819776897,0.6542185283665605,0.6564426229094856,0.6551301479690212,0.02405638084291477
NFLX,2021-02-01,0.6608561510014543,0.6608561510014543,0.6614179121868093,0.6592114965771714,0.6530108642106298,0.018174806323184127
NFLX,2021-02-02,0.6770287031412704,0.6770287031412704,0.6798950521933511,0.6720734844570115,0.6621536704218769,0.019839160336802945
NFLX,2021-02-03,0.6615832109756833,0.6615832109756833,0.6710288606130066,0.6708408750136886,0.676445857107264,0.015337615837451368
NFLX,2021-02-04,0.6841218672385646,0.6841218672385646,0.6869880325150963,0.6695367813097484,0.6583003543364405,0.030402250394159256
NFLX,2021-02-05,0.6816924262342423,0.6816924262342423,0.6780508827211913,0.6837742790089978,0.6801065474770274,0.00931766022526627
NFLX,2021-02-08,0.6766030740607114,0.6766030740607114,0.6790438918489947,0.6805944900967722,0.6849056204148247,0.01245959158673205
NFLX,2021-02-09,0.6963754118842445,0.6963754118842445,0.6985494862682835,0.6793440266245819,0.6691421153510668,0.01935444842279583
NFLX,2021-02-10,0.7043907272253689,0.7043907272253689,0.6997021344656795,0.6980296307371144,0.6980418523631793,0.0215307368604128
NFLX,2021-02-11,0.6937508796103207,0.6937508796103207,0.698425360127308,0.6993872865276564,0.7014397619699375,0.011997565097717468
NFLX,2021-02-12,0.6918534749566971,0.6918534749566971,0.6901266313244256,0.6933671396871278,0.688303530021583,0.007963340353212067
NFLX,2021-02-16,0.6932011876350151,0.6932011876350151,0.6943469201175905,0.6967255370331742,0.6889165515065996,0.011192232510482559
NFLX,2021-02-17,0.6826677472901068,0.6826677472901068,0.6794872284854814,0.679397656856332,0.6778820979619691,0.006999209791029429
NFLX,2021-02-18,0.6771350427653389,0.6771350427653389,0.6701777002686502,0.6708230209848214,0.6743966615818733,0.00992260489173381
NFLX,2021-02-19,0.6629486469246794,0.6629486469246794,0.6683866987239055,0.671859099820308,0.672645123900161,0.012836169641608094
NFLX,2021-02-22,0.6515285695233681,0.6515285695233681,0.6556194288459072,0.657532263831574,0.6498581631978781,0.014629074396851263
NFLX,2021-02-23,0.6734643639989096,0.6734643639989096,0.6675887739506376,0.6351846075919555,0.632360692621406,0.022628711430051383
NFLX,2021-02-24,0.6863384937026074,0.6863384937026074,0.6823244070854448,0.6723235771514496,0.6582828489817729,0.015887359303103744
NFLX,2021-02-25,0.6744396174087028,0.6744396174087028,0.6816682634519506,0.6663927686004055,0.6766210442826008,0.02350890591976165
NFLX,2021-02-26,0.6605192059203571,0.6605192059203571,0.6756569731140412,0.6704121057402814,0.670035422953756,0.019748418636832812
NFLX,2021-03-01,0.6814264418819286,0.6814264418819286,0.6739724427114737,0.6775576697057812,0.6683889842143793,0.014347775126943858
NFLX,2021-03-02,0.6764257737078594,0.6764257737078594,0.6825726593673958,0.6847389417290154,0.6819981279960798,0.014353824573608533
NFLX,2021-03-03,0.6283338140150415,0.6283338140150415,0.6666489327502494,0.6343449912191569,0.6690195110540635,0.03189873226283334
NFLX,2021-03-04,0.6116470840873475,0.6116470840873475,0.6373728184788445,0.6162489789301334,0.6262304777712395,0.029421483853648765
NFLX,2021-03-05,0.6206908902963706,0.6206908902963706,0.6130085142753687,0.6003680246881694,0.6095562265644558,0.02968765950689448
NFLX,2021-03-08,0.5797985696170579,0.5797985696170579,0.6149235743174153,0.5897568710582716,0.6138998930235748,0.02145889968126978
NFLX,2021-03-09,0.60304656258349,0.60304656258349,0.6047629533999013,0.6093535076590717,0.6013766825602369,0.017588766177543697
NFLX,2021-03-10,0.5996772470646594,0.5996772470646594,0.6151541039568944,0.610121639771253,0.6122184435748632,0.019868651389293238
NFLX,2021-03-11,0.6325188058614915,0.6325188058614915,0.6351384802976132,0.6216616799182857,0.6099415448101333,0.02699943664527935
NFLX,2021-03-12,0.6235813392765367,0.6235813392765367,0.6285243495409718,0.6143017994612308,0.6104669727074816,0.021458143500436695
NFLX,2021-03-15,0.6275358609581003,0.6275358609581003,0.6182750477674257,0.6168742106662285,0.6171576929786624,0.017696900036674772
NFLX,2021-03-16,0.634238910162263,0.634238910162263,0.6407773922125966,0.643991482129037,0.6314323743093819,0.015841232272285594
NFLX,2021-03-17,0.6349659701364918,0.6349659701364918,0.6318225874198933,0.6280748198293385,0.6271062132049303,0.012653930060834748
NFLX,2021-03-18,0.6001205994158965,0.6001205994158965,0.6132567665573194,0.6094070697456734,0.6172978026303331,0.022311115480155925
NFLX,2021-03-19,0.6132252669305517,0.6132252669305517,0.6049048021833483,0.6054412946923993,0.5972606525261261,0.024518407331929355
NFLX,2021-03-22,0.6326074898609532,0.6326074898609532,0.6334893951799891,0.61883917601885,0.6045643942823236,0.01676150434614934
NFLX,2021-03-23,0.6538516032575507,0.6538516032575507,0.6579778255244406,0.6550491909160608,0.6408904773476367,0.033570648084782995
NFLX,2021-03-24,0.628528905284643,0.628528905284643,0.6425506711148694,0.6382572041858293,0.6477388126251558,0.022369341404303425
NFLX,2021-03-25,0.5966981140850316,0.5966981140850316,0.6143739018260985,0.5971703817470766,0.6183312198846931,0.028604808553917584
NFLX,2021-03-26,0.6059015650223,0.6059015650223,0.596978451803392,0.5965987120975832,0.5935125021973562,0.01757213019921584
NFLX,2021-03-29,0.6163640446384248,0.6163640446384248,0.61343406062571,0.6103895864945583,0.5984867623104904,0.016530113011225506
NFLX,2021-03-30,0.6153710003118822,0.6153710003118822,0.6070681821510193,0.6148734691107242,0.6069814695130551,0.009634499994328645
NFLX,2021-03-31,0.630036195045135,0.630036195045135,0.6313969734258784,0.6301112694425774,0.6160192435962972,0.017839062033294644
NFLX,2021-04-01,0.661530041163649,0.661530041163649,0.6533319227372607,0.6508154691394814,0.6409955762899726,0.021132229561377308
NFLX,2021-04-05,0.6637466676276919,0.6637466676276919,0.6574990436030104,0.6547455361350211,0.658650661872783,0.01672596384699437
NFLX,2021-04-06,0.6705915706433503,0.6705915706433503,0.6775721007997613,0.6798799882163409,0.6670578423020102,0.017620525772533244
NFLX,2021-04-07,0.6749539304887235,0.6749539304887235,0.6695393469213013,0.6765751529568963,0.6647633713682819,0.0076170095316594015
NFLX,2021-04-08,0.6884132663551542,0.6884132663551542,0.6824130202978034,0.6875078153967011,0.6781273065559756,0.02393917281378669
NFLX,2021-04-09,0.6897077415753667,0.6897077415753667,0.6824130202978034,0.6866860530527698,0.6808596786137149,0.013233164578977417
NFLX,2021-04-12,0.685221318835247,0.685221318835247,0.6843281479835235,0.6910984514083183,0.677987196904305,0.013612011176352714
NFLX,2021-04-13,0.6869059765946622,0.6869059765946622,0.6874667467928528,0.6923846229382429,0.6884086289639189,0.011919678471909775
NFLX,2021-04-14,0.6625939785729039,0.6625939785729039,0.6788133622095156,0.6713589144314319,0.6846779171754855,0.019632722969370894
NFLX,2021-04-15,0.6789083845242159,0.6789083845242159,0.6763662846749503,0.6787366489173541,0.6659368982743128,0.015086563800867338
NFLX,2021-04-16,0.674155909785711,0.674155909785711,0.6736887451445794,0.6731095632924982,0.6770939561159466,0.015615890384026436
NFLX,2021-04-19,0.6881650052735185,0.6881650052735185,0.6815973728820639,0.6838636172984823,0.6707184658574425,0.023779618658005878
NFLX,2021-04-20,0.679529037228305,0.679529037228305,0.694222793976615,0.6852391271178915,0.683889775329463,0.07647710473482629
NFLX,2021-04-21,0.6074088547827919,0.6074088547827919,0.6089300742656509,0.6089605145885474,0.6025852201756028,0.16449504134418705
NFLX,2021-04-22,0.6071960402425125,0.6071960402425125,0.6062701897340781,0.6035120373975122,0.6127789489958775,0.05986759273612692
NFLX,2021-04-23,0.6014683120942145,0.6014683120942145,0.5987162177770482,0.6037799841208175,0.6043542632119827,0.04660871800882463
NFLX,2021-04-26,0.6098914655991485,0.6098914655991485,0.6000993279702498,0.6078886595501779,0.6004133535388778,0.024536555671923383
NFLX,2021-04-27,0.6014683120942145,0.6014683120942145,0.6045501464028937,0.6107111634496136,0.6106771705921532,0.019791520944318623
NFLX,2021-04-28,0.6031884163949859,0.6031884163949859,0.5964109890259301,0.6084960372574058,0.5976810482954695,0.015494145269899843
NFLX,2021-04-29,0.6075862227817154,0.6075862227817154,0.5979891835736673,0.6007431637298265,0.6018846051029176,0.030124732028417273
NFLX,2021-04-30,0.6155128541233781,0.6155128541233781,0.6073164344329702,0.6114614415329278,0.5973307407591271,0.024721063795195983
NFLX,2021-05-03,0.6077812464052454,0.6077812464052454,0.615118658671951,0.6118187265457176,0.6107296866561558,0.02229145477849573
NFLX,2021-05-04,0.5972655969770865,0.5972655969770865,0.6021385141532718,0.5967952427054196,0.6074543813464008,0.024239376604521207
NFLX,2021-05-05,0.5846751748963805,0.5846751748963805,0.5953115763996228,0.5929366599704972,0.5973132354044595,0.015013214260058149
NFLX,2021-05-06,0.5908285321252376,0.5908285321252376,0.5807178596919365,0.5871130437378049,0.5815497303407016,0.019960905450929534
NFLX,2021-05-07,0.5984359416564811,0.5984359416564811,0.5966769639503526,0.6045302622041316,0.5966652032101079,0.01503892440838302
NFLX,2021-05-10,0.5680238238639713,0.5680238238639713,0.5871014608090988,0.5777166455223628,0.5920762613426513,0.03015346690007448
NFLX,2021-05-11,0.5829018331375035,0.5829018331375035,0.57795157166186,0.5643544722536465,0.5531053998072673,0.024628809733559683
NFLX,2021-05-12,0.5649915210723092,0.5649915210723092,0.5700606665668471,0.5716250825663654,0.5655060059736019,0.022515284305088718
NFLX,2021-05-13,0.567970654051937,0.567970654051937,0.5651665114977165,0.5716429365952326,0.5695344424200444,0.011860696366929189
NFLX,2021-05-14,0.5798695303458415,0.5798695303458415,0.5723836179604369,0.5785741159240287,0.567310059719317,0.01314620378317271
NFLX,2021-05-17,0.5720137920868911,0.5720137920868911,0.5685888755176136,0.5718215450290532,0.5633341393368771,0.011805495166114024
NFLX,2021-05-18,0.5672967638897424,0.5672967638897424,0.5699542630683434,0.5778595458984491,0.5682558833860085,0.009123321751163573
NFLX,2021-05-19,0.5698148888935264,0.5698148888935264,0.5612476429139177,0.5641937178486931,0.5563982104716898,0.016680592997009306
NFLX,2021-05-20,0.5945878948911285,0.5945878948911285,0.5863035360358311,0.5828435457583426,0.5702701350163952,0.01948829243025177
NFLX,2021-05-21,0.587884845686966,0.587884845686966,0.591091287606458,0.5976348590782182,0.5940379300947045,0.01647642417207651
NFLX,2021-05-24,0.5967690748138151,0.5967690748138151,0.5890520337797625,0.6016541962180941,0.5904123172486071,0.009592910048509002
NFLX,2021-05-25,0.5940026887283956,0.5940026887283956,0.5928113309376424,0.6011361568003508,0.5990822116265087,0.011762392858628214
NFLX,2021-05-26,0.5958114770286287,0.5958114770286287,0.5888570170689003,0.6034226991080277,0.5926717774730004,0.009991417347544492
NFLX,2021-05-27,0.5984714558439086,0.5984714558439086,0.5905592701139393,0.5999214013858951,0.5917259538063089,0.015953903216415172
NFLX,2021-05-28,0.5966094300855699,0.5966094300855699,0.6023690437927509,0.6070490431773793,0.5962798181500994,0.013356422054770178
NFLX,2021-06-01,0.589995064880869,0.589995064880869,0.5911090102489298,0.5984922613347358,0.5955967752464129,0.010122236631668096
NFLX,2021-06-02,0.5902787725038607,0.5902787725038607,0.5872255869500742,0.5950624478732205,0.5882579559665497,0.008507034372199768
NFLX,2021-06-03,0.5728827058726158,0.5728827058726158,0.5755931749833267,0.5797530951356016,0.5801485670096624,0.020745064974838082
NFLX,2021-06-04,0.5822989037040925,0.5822989037040925,0.5848140223441258,0.5863627656544909,0.5745612854115116,0.015248386499147407
NFLX,2021-06-07,0.5821570498925966,0.5821570498925966,0.5756640655532135,0.5856481956289111,0.5761726466272226,0.012461103948398219
NFLX,2021-06-08,0.5781316351283207,0.5781316351283207,0.5794233627110934,0.583540261755055,0.5833187733770815,0.009301024246938412
NFLX,2021-06-09,0.5664633642914451,0.5664633642914451,0.5745824432130515,0.5751085262596306,0.5789400293942966,0.01445061572024334
NFLX,2021-06-10,0.5690523823779413,0.5690523823779413,0.5641557797274412,0.5706247117886132,0.5661015221039511,0.0244919410027714
NFLX,2021-06-11,0.5717122935471499,0.5717122935471499,0.5662836467664953,0.5806999038267521,0.5710582768624177,0.014972380495071592
NFLX,2021-06-14,0.5914313939125774,0.5914313939125774,0.587722091513976,0.5791457855735221,0.5704977714414035,0.02462276028689501
NFLX,2021-06-15,0.5772627213425959,0.5772627213425959,0.583696887075347,0.5853802489056059,0.5907276140756146,0.014821900509287791
NFLX,2021-06-16,0.5781671493157481,0.5781671493157481,0.575238519202872,0.5780203003034026,0.5798157648279874,0.018066672464053055
NFLX,2021-06-17,0.5886827987439072,0.5886827987439072,0.5847076188456222,0.5849336256033315,0.5714961779864285,0.015534222854053318
NFLX,2021-06-18,0.5929919211311748,0.5929919211311748,0.5894776477737773,0.5940263008925856,0.5822678507680541,0.030652546249910203
NFLX,2021-06-21,0.5863065951976904,0.5863065951976904,0.5851509554821088,0.5887386462516522,0.5914457345029671,0.03125522237387848
NFLX,2021-06-22,0.607267000971296,0.607267000971296,0.6055431555306972,0.595026739815486,0.5860160679111548,0.03527810440588762
NFLX,2021-06-23,0.6142183112570943,0.6142183112570943,0.6110047057336163,0.6171778654472683,0.6034259448999586,0.021179112773028544
NFLX,2021-06-24,0.6236523000053203,0.6236523000053203,0.6186828714752952,0.6282534282631593,0.6200301746880723,0.016766041431147845
NFLX,2021-06-25,0.6396297608755349,0.6396297608755349,0.6401390388652475,0.6471891250701298,0.6390864236019218,0.03142006979549089
NFLX,2021-06-28,0.6501986477617995,0.6501986477617995,0.6416995107705132,0.6464031389290812,0.6378253699225533,0.012675103124161112
NFLX,2021-06-29,0.6510320473600968,0.6510320473600968,0.6455828664256951,0.6535664887782998,0.6473359890248107,0.008851852832086265
NFLX,2021-06-30,0.6416512960699763,0.6416512960699763,0.6424797129013091,0.6504403300978243,0.6482292298131691,0.0123212104942776
NFLX,2021-07-01,0.6511030080888804,0.6511030080888804,0.6471965062583758,0.6484752966000545,0.6336217463007745,0.012563188360864619
NFLX,2021-07-02,0.6518832378751435,0.6518832378751435,0.6498563907899486,0.6550313368871936,0.6507514039862365,0.0062876436270969845
NFLX,2021-07-06,0.6654667719284633,0.6654667719284633,0.6575167662454822,0.6614801848559809,0.6463726600034516,0.012334065568440036
NFLX,2021-07-07,0.65539440720547,0.65539440720547,0.6606731553409568,0.6590864502299524,0.6660595025713161,0.011936314450237632
NFLX,2021-07-08,0.6461732329975235,0.6461732329975235,0.6444657311569162,0.6544954434405831,0.6427470471573542,0.016068842703044005
NFLX,2021-07-09,0.6554298537468263,0.6554298537468263,0.6493598862260468,0.6535844109523155,0.6428696514543575,0.012349945365934811
NFLX,2021-07-12,0.6577883340223649,0.6577883340223649,0.6535978976616834,0.6613372844798947,0.6591585844154637,0.004814603364248528
NFLX,2021-07-13,0.6637643908983699,0.6637643908983699,0.6618966941082394,0.6664106226292729,0.6512068104649147,0.012156363072665197
NFLX,2021-07-14,0.6766562438727457,0.6766562438727457,0.6774479746587858,0.6757891668158477,0.6604021995544953,0.02658353718708292
NFLX,2021-07-15,0.6677897380165745,0.6677897380165745,0.6835479458527274,0.6707693907530713,0.6831015666691098,0.03455670789112508
NFLX,2021-07-16,0.6453752122945111,0.6453752122945111,0.6596446332845363,0.6508512453423643,0.6618033628855344,0.017377791725113143
NFLX,2021-07-19,0.6488686583541595,0.6488686583541595,0.6434195541016976,0.642258687296838,0.6341997570764561,0.020732966081508732
NFLX,2021-07-20,0.6466874784314729,0.6466874784314729,0.6464872623411402,0.6387930976324399,0.6342347677857911,0.043755647725597105
NFLX,2021-07-21,0.6157965617463699,0.6157965617463699,0.6364684225633996,0.6125511506001645,0.6343398667281268,0.08138623070321037
NFLX,2021-07-22,0.6124982069563228,0.6124982069563228,0.6057736851701765,0.6150342235156776,0.6064560416157068,0.024077553906241136
NFLX,2021-07-23,0.618953062724921,0.618953062724921,0.6123878835704915,0.6108540638257,0.6098714565771326,0.020239179997504603
NFLX,2021-07-26,0.6208681906492226,0.6208681906492226,0.6189842916846613,0.6186248595272947,0.6137597833719042,0.008397388151402528
NFLX,2021-07-27,0.6251595897658123,0.6251595897658123,0.6204383600914232,0.6240554826894626,0.6202403057584132,0.012212320454313447
NFLX,2021-07-28,0.625851203198685,0.625851203198685,0.6249069011665389,0.6328623572265442,0.6267909163779228,0.009425794084397345
NFLX,2021-07-29,0.6168960133430522,0.6168960133430522,0.618363660979784,0.6271637873410709,0.6235331164228355,0.00447659053185979
NFLX,2021-07-30,0.6227833862195955,0.6227833862195955,0.6166081723636563,0.6221083032205601,0.6107997748891567,0.010534355185699108
NFLX,2021-08-02,0.6184919871030059,0.6184919871030059,0.6167145758621599,0.6213043949054959,0.6218517337884546,0.007203378615962222
NFLX,2021-08-03,0.6108136168429787,0.6108136168429787,0.609231494475017,0.6121223813267573,0.6137772887265716,0.010854219678093819
NFLX,2021-08-04,0.622393271326464,0.622393271326464,0.6133986153407667,0.6210543022110578,0.6113427081411724,0.006770843179437932
NFLX,2021-08-05,0.635763923193433,0.635763923193433,0.6265737765703081,0.6275746344404625,0.6185764284786999,0.010682566628983654
NFLX,2021-08-06,0.6280678296627278,0.6280678296627278,0.6291094673172319,0.6371674951185926,0.6306092217540245,0.00586645090306896
NFLX,2021-08-09,0.6270393387948291,0.6270393387948291,0.6217150667861209,0.6346665681742122,0.6256174562862229,0.001692332704442941
NFLX,2021-08-10,0.6197155692405061,0.6197155692405061,0.6183813836222558,0.6256989392321772,0.6236032046558364,0.006174216502134322
NFLX,2021-08-11,0.6136154494697545,0.6136154494697545,0.6162180712982583,0.6199825153178368,0.6183487252393607,0.004007002234514362
NFLX,2021-08-12,0.6106362488440554,0.6106362488440554,0.6045678690453655,0.6153915085284675,0.6093460286797843,0.0040962315728183245
NFLX,2021-08-13,0.619857423052002,0.619857423052002,0.6195340318196516,0.623090819969445,0.6107121813014884,0.007816641271593691
NFLX,2021-08-16,0.6234040389236847,0.6234040389236847,0.6229741184820206,0.6245020378465888,0.615266045645279,0.00672093524445436
NFLX,2021-08-17,0.6251595897658123,0.6251595897658123,0.6183813836222558,0.6278961432503695,0.6156689360599548,0.008815556152098215
NFLX,2021-08-18,0.6304085866675885,0.6304085866675885,0.6282938199014925,0.6358456155309334,0.6236032046558364,0.010873880379754015
NFLX,2021-08-19,0.6691374506948925,0.6691374506948925,0.6673227990262152,0.6415977475030084,0.6284022775936338,0.0480424368683527
NFLX,2021-08-20,0.6747588392191222,0.6747588392191222,0.6726425004456873,0.6723771392380513,0.6675482594900235,0.019905704250114373
NFLX,2021-08-23,0.6861966398911115,0.6861966398911115,0.6800191783343266,0.6806659743573895,0.6691071046417318,0.011025116546370901
NFLX,2021-08-24,0.6863384937026074,0.6863384937026074,0.6795935643403117,0.6905446357876921,0.6787403280409925,0.007300925943430112
NFLX,2021-08-25,0.6760001446273004,0.6760001446273004,0.675213704121228,0.6837206487772477,0.6764283517525966,0.00696896255770605
NFLX,2021-08-26,0.6805043582841696,0.6805043582841696,0.674788090127213,0.6845245570923119,0.6694224014687393,0.003414156461376175
NFLX,2021-08-27,0.6961093598858594,0.6961093598858594,0.6953044839604505,0.6905089277299576,0.6789505259256641,0.01594482904641816
NFLX,2021-08-30,0.7089835572356283,0.7089835572356283,0.7006064627374509,0.7033709156097978,0.6888464632735989,0.009760782193453742
NFLX,2021-08-31,0.7143211704907949,0.7143211704907949,0.7047204156757856,0.7125886372462709,0.7043822650980176,0.009738852949294295
NFLX,2021-09-01,0.7371613252934174,0.7371613252934174,0.7428804441700065,0.7257900561100337,0.7094266134441525,0.03389353730051005
NFLX,2021-09-02,0.748652295777441,0.748652295777441,0.7566407908194819,0.7520141491134418,0.7351385719198475,0.038080510573298504
NFLX,2021-09-03,0.7521634651077674,0.7521634651077674,0.7444409160752721,0.7510494863934241,0.7388517783536133,0.011624011766173763
NFLX,2021-09-07,0.7808554785995058,0.7808554785995058,0.7833989369864345,0.7704317383575205,0.7544225908873672,0.03536960228669084
NFLX,2021-09-08,0.7796850662740399,0.7796850662740399,0.786502158154494,0.7735043349513944,0.7704487430854685,0.03236832056017876
NFLX,2021-09-09,0.7645943101062994,0.7645943101062994,0.7755789901049819,0.7750048911180227,0.7750551903075924,0.01368838544049424
NFLX,2021-09-10,0.7666868060295243,0.7666868060295243,0.7755967127474537,0.7698601368531754,0.7605002896735311,0.02122448362301361
NFLX,2021-09-13,0.7499645619144027,0.7499645619144027,0.7563038576814989,0.7504064006284616,0.7612183432865529,0.014510354006057009
NFLX,2021-09-14,0.7295184015747463,0.7295184015747463,0.7362840360558367,0.737508704690887,0.7372578556782392,0.017490462669242722
NFLX,2021-09-15,0.7385799310544477,0.7385799310544477,0.7315672426987703,0.7371692737069644,0.7254878431659195,0.012186610305988575
NFLX,2021-09-16,0.7450170635523677,0.7450170635523677,0.7366386918362913,0.7413672874258095,0.7362245052382101,0.005202524131620836
NFLX,2021-09-17,0.7500709691845425,0.7500709691845425,0.7416037374753088,0.746958664992931,0.742442313676045,0.02269374298169664
NFLX,2021-09-20,0.7253865795403306,0.7253865795403306,0.743820285370395,0.7241465314221709,0.7405857438663275,0.01957147232189106
NFLX,2021-09-21,0.7213257182346987,0.7213257182346987,0.726708532914583,0.7264509959038632,0.7257330517599263,0.008370165641411489
NFLX,2021-09-22,0.7523762120019756,0.7523762120019756,0.751126005045474,0.7448865073219577,0.7281501269906578,0.02176137201450355
NFLX,2021-09-23,0.7570045561996627,0.7570045561996627,0.7576337999472853,0.7617499101676581,0.7475916941501848,0.010451931474892907
NFLX,2021-09-24,0.7554617522517432,0.7554617522517432,0.7463914890459358,0.7519426648528245,0.750586780156598,0.007427208142555212
NFLX,2021-09-27,0.7559051046029802,0.7559051046029802,0.7474554563872995,0.7399560695486658,0.7426174340370508,0.010289352595779757
NFLX,2021-09-28,0.7403177586258972,0.7403177586258972,0.7580239010126832,0.7457260555496079,0.7444565653064315,0.024856420164318094
NFLX,2021-09-29,0.767289667816864,0.767289667816864,0.776359192235778,0.7597491686121538,0.744474070661099,0.0383913008956962
NFLX,2021-09-30,0.7872925434513546,0.7872925434513546,0.7925311711348753,0.7955483364099731,0.7778225730746666,0.04135250503805481
NFLX,2021-10-01,0.7922754883547457,0.7922754883547457,0.7854204681706585,0.7767198319213544,0.7711493581581534,0.0222831367893318
NFLX,2021-10-04,0.7748971449941789,0.7748971449941789,0.805174314871898,0.7716643478008436,0.7871755771705855,0.029127329509578918
NFLX,2021-10-05,0.8306851982177018,0.8306851982177018,0.8304607376332906,0.7934761105938515,0.7758784096772808,0.06344584043828241
NFLX,2021-10-06,0.8382926753950167,0.8382926753950167,0.829538619075374,0.8282570535850515,0.8130802281762848,0.025985398148113143
NFLX,2021-10-07,0.8254362689619971,0.8254362689619971,0.8418980652455024,0.8355633038103563,0.8376887479789499,0.018245887321494063
NFLX,2021-10-08,0.8268725979937054,0.8268725979937054,0.83650740561247,0.8362957278648033,0.8235716816545686,0.016092284308869623
NFLX,2021-10-11,0.8169066405408519,0.8169066405408519,0.8287406943021063,0.8290073316683655,0.8218727268511896,0.012994967616555823
NFLX,2021-10-12,0.8131827243163171,0.8131827243163171,0.825619750491575,0.8204505498257222,0.8215574300241821,0.0157535152956478
NFLX,2021-10-13,0.8217300760081404,0.8217300760081404,0.8159023985668741,0.8206470122884102,0.8200861784601421,0.009651135972656502
NFLX,2021-10-14,0.828894200834218,0.828894200834218,0.8242366402983736,0.8290251856972328,0.8201737720478104,0.011552174587030742
NFLX,2021-10-15,0.8191232670048948,0.8191232670048948,0.8287406943021063,0.8261133435083126,0.8302799072804168,0.022480499986766836
NFLX,2021-10-18,0.8362888634712534,0.8362888634712534,0.8269496927573614,0.8179495547361935,0.8199460688084712,0.026656130547059027
NFLX,2021-10-19,0.8381153750421645,0.8381153750421645,0.8315423599734526,0.838868139069801,0.8284758535347019,0.04906933043968134
NFLX,2021-10-20,0.8135373926680926,0.8135373926680926,0.8251587588562903,0.8118044296935942,0.8085087916634957,0.07167081935974169
NFLX,2021-10-21,0.8632253261208641,0.8632253261208641,0.8546122348397591,0.8323478749855446,0.8143237765009856,0.05514902433768011
NFLX,2021-10-22,0.8838309958966232,0.8838309958966232,0.8749157540323156,0.8737204981764699,0.8544680981280695,0.03812663760411665
NFLX,2021-10-25,0.8960313707302686,0.8960313707302686,0.8933928940388574,0.883116896391912,0.8753634783112998,0.020337483505805578
NFLX,2021-10-26,0.8904631520180734,0.8904631520180734,0.8944746516663664,0.8932992807484026,0.8929134649517745,0.013314832108950535
NFLX,2021-10-27,0.8805327087526472,0.8805327087526472,0.8854665436589011,0.8916557560605398,0.884576372755548,0.00856677265801344
NFLX,2021-10-28,0.900269532388753,0.900269532388753,0.8950243241576832,0.9026956789638447,0.8879917877169736,0.012971526010730206
NFLX,2021-10-29,0.9291033996919872,0.9291033996919872,0.9201511078494835,0.9084299569070524,0.891687421981741,0.020275476677492656
NFLX,2021-11-01,0.9128954010108149,0.9128954010108149,0.918377896590884,0.9178977712379635,0.9197113567458322,0.014873320805937531
NFLX,2021-11-02,0.9067776256154566,0.9067776256154566,0.9143171115799644,0.9130388858704372,0.909289924686218,0.020754139144835097
NFLX,2021-11-03,0.9255214049250194,0.9255214049250194,0.9173494421781372,0.9192017967967554,0.8990611851566084,0.009005357541202404
NFLX,2021-11-04,0.8902503374777938,0.8902503374777938,0.9112317483417238,0.8981761564350927,0.9141590858570163,0.028137488799071412
NFLX,2021-11-05,0.8500319069606758,0.8500319069606758,0.8752350321715003,0.8615730803222093,0.8757663687259756,0.03130210558552972
NFLX,2021-11-08,0.8601928880370594,0.8601928880370594,0.8581409347144864,0.8593936621877358,0.8518058143033314,0.013184012824826931
NFLX,2021-11-09,0.8682437175656114,0.8682437175656114,0.8661205883092047,0.8714161018399258,0.8577784809614903,0.009615595473501534
NFLX,2021-11-10,0.8521421938006503,0.8521421938006503,0.8658190328124917,0.8563925498544793,0.8565699433461245,0.009541489751859259
NFLX,2021-11-11,0.8710633411091365,0.8710633411091365,0.875554175023338,0.8699691077598992,0.8517182875299938,0.01303882610487472
NFLX,2021-11-12,0.9154490402020262,0.9154490402020262,0.9066212908394875,0.8773112023332352,0.8688303730464575,0.023096787365730644
NFLX,2021-11-15,0.9096325604081953,0.9096325604081953,0.9100259322169129,0.9088765802093268,0.9060146861907941,0.013068317157365013
NFLX,2021-11-16,0.9239430867896726,0.9239430867896726,0.9155229277047754,0.9185409251480743,0.9008127896526517,0.007058191896010011
NFLX,2021-11-17,0.9315505639669875,0.9315505639669875,0.9379189362951161,0.9349577728366487,0.9213577954852086,0.012014201076045325
NFLX,2021-11-18,0.9144028260634495,0.9144028260634495,0.9215165630438868,0.923614195152304,0.9241777611306161,0.00657045525867056
NFLX,2021-11-19,0.9086926858936869,0.9086926858936869,0.9258077424069384,0.9151467515991452,0.9254738255193193,0.011113589703841777
NFLX,2021-11-22,0.8739359991725532,0.8739359991725532,0.8997765627996932,0.8820451094986907,0.896871813165216,0.012253154219300004
NFLX,2021-11-23,0.8648212322347465,0.8648212322347465,0.8766357973635,0.8634309896467758,0.8656251559697035,0.008894198958738993
NFLX,2021-11-24,0.8723223697879928,0.8723223697879928,0.867787328425627,0.8724521806754124,0.8653274313116943,0.005469455965699638
NFLX,2021-11-26,0.8853561442199357,0.8853561442199357,0.8943327352392456,0.8895478903318321,0.8950853315884992,0.013070585699864266
NFLX,2021-11-29,0.8821641967000283,0.8821641967000283,0.87940215303725,0.8852963145263852,0.8744176546446083,0.010476129261551607
NFLX,2021-11-30,0.8432579646738009,0.8432579646738009,0.8925063560532311,0.8526411594379089,0.8831751426101779,0.033762718016386445
NFLX,2021-12-01,0.8004681716947936,0.8004681716947936,0.855516630755204,0.8116615293175078,0.8503870788032939,0.0207102806565162
NFLX,2021-12-02,0.7981628612312891,0.7981628612312891,0.8038089273211682,0.8041765343680856,0.7936736049117619,0.016538431000389434
NFLX,2021-12-03,0.7727337559882416,0.7727337559882416,0.8040571796031191,0.7704496605315361,0.8035696090740274,0.027867532241660272
NFLX,2021-12-06,0.7914598120271265,0.7914598120271265,0.789498908180376,0.7829542952534383,0.7742495431069025,0.014607145152691816
NFLX,2021-12-07,0.8143176224543557,0.8143176224543557,0.8100684699410285,0.8015327070476188,0.7984552393092226,0.014981454665068606
NFLX,2021-12-08,0.8187508753824412,0.8187508753824412,0.8163989031307759,0.8226120457861799,0.8162679398983714,0.008138774306487653
NFLX,2021-12-09,0.7884628881307493,0.7884628881307493,0.8124623119045054,0.7998177662442871,0.8120293055672574,0.009318416406099355
NFLX,2021-12-10,0.7896333004562152,0.7896333004562152,0.7902968329536437,0.7916718996461836,0.7931131663050786,0.012135190009338832
NFLX,2021-12-13,0.7770428783755093,0.7770428783755093,0.7812533473049086,0.7803104679329715,0.7847409965851864,0.0103891684657469
NFLX,2021-12-14,0.7653922631632405,0.7653922631632405,0.7629003334393423,0.7599635532488573,0.7614635518805595,0.013917508232918822
NFLX,2021-12-15,0.7778940688905561,0.7778940688905561,0.7689293464197235,0.7534968512512028,0.7605353003828661,0.013022946307379948
NFLX,2021-12-16,0.7531032719762044,0.7531032719762044,0.7638578972822023,0.7597313145832865,0.7586261476948153,0.015117567215023803
NFLX,2021-12-17,0.7454249017161775,0.7454249017161775,0.7468702709673658,0.7485485594490437,0.7490279350048898,0.02452218823609478
NFLX,2021-12-20,0.7578557467147092,0.7578557467147092,0.7639465104945609,0.7530502279489284,0.7399552170266432,0.01674486836782148
NFLX,2021-12-21,0.7776812543502766,0.7776812543502766,0.7727063662200753,0.7701995678370981,0.7594143563551687,0.008888149512074318
NFLX,2021-12-22,0.7942084071957968,0.7942084071957968,0.7851189803176188,0.7858661374423586,0.7696080183611127,0.00901140698786708
NFLX,2021-12-23,0.7939424228434829,0.7939424228434829,0.7887718739769951,0.7946908660083072,0.7924475619417286,0.003607738754645786
NFLX,2021-12-27,0.7922223185427114,0.7922223185427114,0.78543819081313,0.7976919783415637,0.7899954760016621,0.006937959143549589
NFLX,2021-12-28,0.7879486426968,0.7879486426968,0.7914849264359831,0.7984780326277607,0.7899078824139938,0.005586663994827724
NFLX,2021-12-29,0.78764721180313,0.78764721180313,0.7836294666259136,0.7895281895694446,0.7824815363607931,0.001082850952976895
NFLX,2021-12-30,0.7903958069718003,0.7903958069718003,0.7953860723773103,0.8012469062954464,0.7864749620979006,0.003637985987969163
NFLX,2021-12-31,0.7732834479635472,0.7732834479635472,0.7838068283379778,0.7848300586068719,0.7812554933907598,0.006441904517046208
NFLX,2022-01-03,0.7642928115665583,0.7642928115665583,0.7765542765903137,0.7643044673437887,0.7735489280342174,0.014545138324378891
NFLX,2022-01-04,0.7532629167044497,0.7532629167044497,0.7595666502754772,0.7482984667546055,0.7635653970986145,0.024569071447746015
NFLX,2022-01-05,0.711359760781845,0.711359760781845,0.7461432367639849,0.7220028894905801,0.7497110447229072,0.022720965491687683
NFLX,2022-01-06,0.6861256791623278,0.6861256791623278,0.6938681381961602,0.6775755237346485,0.6837495988634614,0.03454082809363031
NFLX,2022-01-07,0.6644382134144933,0.6644382134144933,0.6762598811764466,0.6708050988108057,0.6752023087825634,0.016930132671927164
NFLX,2022-01-10,0.6622925476792341,0.6622925476792341,0.6589885572947156,0.6495471516384239,0.6559883780480447,0.02527231962251453
NFLX,2022-01-11,0.6640480985213617,0.6640480985213617,0.6593786583601138,0.6562460923016493,0.6533611717469723,0.014623024950186587
NFLX,2022-01-12,0.657628756940191,0.657628756940191,0.6600170117074626,0.6597295359949147,0.6661120186353187,0.01998888414175366
NFLX,2022-01-13,0.6256738351997617,0.6256738351997617,0.6538461499436341,0.635148899534221,0.6534837760439756,0.025189139730875245
NFLX,2022-01-14,0.6371825966005346,0.6371825966005346,0.6495549705805825,0.6237517597632746,0.6193995810340573,0.05079342273911383
NFLX,2022-01-18,0.6107781703016226,0.6107781703016226,0.6200837043109686,0.6180353358489341,0.6237433143075071,0.027941637963302544
NFLX,2022-01-19,0.6197510157818622,0.6197510157818622,0.6226726306289809,0.6213043949054959,0.6148457166902666,0.02426962383784458
NFLX,2022-01-20,0.6062562333740754,0.6062562333740754,0.6287548791804509,0.6149091771684586,0.6196623617970622,0.0870742229296714
NFLX,2022-01-21,0.40986311513067075,0.40986311513067075,0.4204170996848245,0.38814556539654776,0.41417662461884924,0.43677231773206243
NFLX,2022-01-24,0.39150945071423937,0.39150945071423937,0.3816009275571092,0.33718001338234416,0.3852418768974017,0.2359435435390019
NFLX,2022-01-25,0.354748884423271,0.354748884423271,0.382398852330377,0.36159989543808435,0.37688727934650773,0.10587892788681486
NFLX,2022-01-26,0.34283235250475985,0.34283235250475985,0.3734439798940003,0.3463977350188172,0.37536344490413437,0.08726326813794251
NFLX,2022-01-27,0.3907114300112269,0.3907114300112269,0.39497110549751296,0.3847693140216343,0.38200164911131257,0.17528801037480102
NFLX,2022-01-28,0.38656195235220436,0.38656195235220436,0.3811398682781509,0.3740152600156502,0.39023364236520325,0.08183842684139485
NFLX,2022-01-31,0.46242377429293025,0.46242377429293025,0.45331066233066203,0.4206756059926571,0.41687391915292255,0.14294464378211405
NFLX,2022-02-01,0.5156050861592789,0.5156050861592789,0.5078909220059311,0.46951537010413735,0.47115287927338606,0.16200493786084003
NFLX,2022-02-02,0.46657331959802406,0.46657331959802406,0.49636491353768736,0.4711945347045863,0.49793326571277624,0.09983099358380564
NFLX,2022-02-03,0.4242268789702536,0.4242268789702536,0.4560768827170651,0.4315368523169929,0.45097561951750825,0.06625051514819254
NFLX,2022-02-04,0.4323308106647684,0.4323308106647684,0.4268362137306037,0.4178888782961041,0.4262269232488414,0.05025426580512464
NFLX,2022-02-07,0.4180202842832911,0.4180202842832911,0.4260914568847511,0.41236891684445165,0.4312361940713105,0.053604903076521715
NFLX,2022-02-08,0.42055613255775304,0.42055613255775304,0.41591304568109183,0.41644188421607764,0.4102357817600752,0.042909481373375635
NFLX,2022-02-09,0.4371542461320568,0.4371542461320568,0.4272085921535301,0.4217296070021592,0.428573977060903,0.04986407649525307
NFLX,2022-02-10,0.42541494692032633,0.42541494692032633,0.4183778458581288,0.417388692907228,0.4171016223922616,0.05526850090930746
NFLX,2022-02-11,0.39888639008059656,0.39888639008059656,0.42477923726143635,0.4018292474751711,0.4227589922234131,0.048508244261532704
NFLX,2022-02-14,0.4082139715586828,0.4082139715586828,0.42078947810775075,0.4004715916846291,0.3916873885745757,0.04581094722992056
NFLX,2022-02-15,0.4275251661142294,0.4275251661142294,0.4204348223272962,0.42569538205543345,0.42006169768933993,0.03212483033192558
NFLX,2022-02-16,0.41089160599856944,0.41089160599856944,0.4069581732447151,0.40670605501671286,0.41610328266156754,0.031258247097210826
NFLX,2022-02-17,0.3906582601991926,0.3906582601991926,0.40261375831057494,0.39834580378190576,0.4033348636042228,0.02665688672789211
NFLX,2022-02-18,0.39885094353924044,0.39885094353924044,0.40928112463830507,0.40433017441955155,0.40033977759780964,0.04278244299341745
NFLX,2022-02-22,0.3741842771657067,0.3741842771657067,0.39075081670434814,0.37569442461609914,0.39406945309597224,0.04199450256534347
NFLX,2022-02-23,0.35659311926486037,0.35659311926486037,0.3793665893758778,0.36433306104803553,0.383157603848345,0.02624174345052876
NFLX,2022-02-24,0.3966165261584482,0.3966165261584482,0.38775406667846596,0.3430036296150364,0.3347637167983722,0.04480144581775286
NFLX,2022-02-25,0.3979820297535156,0.3979820297535156,0.3887470758062695,0.3802675773766012,0.3899709284165291,0.027960542484129654
NFLX,2022-02-28,0.40457867168753847,0.40457867168753847,0.40020219370462656,0.39196844007373577,0.39123204891022817,0.02942299621531493
NFLX,2022-03-01,0.3898957536836076,0.3898957536836076,0.39532576127796754,0.3947908758280231,0.39871091102743134,0.016230665401324073
NFLX,2022-03-02,0.378883514446106,0.378883514446106,0.38507645950442143,0.3796066375827716,0.39403444238663726,0.03185638613618061
NFLX,2022-03-03,0.35767484759086465,0.35767484759086465,0.37957939637288535,0.3607424250364184,0.3889025004528341,0.03730088813438846
NFLX,2022-03-04,0.34643213818847673,0.34643213818847673,0.35954178446107793,0.34738025176770215,0.357375557139649,0.031619701535425176
NFLX,2022-03-07,0.3260923851189602,0.3260923851189602,0.33680891037642796,0.33492917913240183,0.3440817101849561,0.03451511794530544
NFLX,2022-03-08,0.3110192845758265,0.3110192845758265,0.331240956675005,0.31790495373659944,0.3254983062901215,0.03996188848601255
NFLX,2022-03-09,0.3412186554741281,0.3412186554741281,0.34060365281925137,0.3354829266078796,0.3393176479564937,0.04065379394828479
NFLX,2022-03-10,0.337636525415018,0.337636525415018,0.34571054724171585,0.3404669946129215,0.33670788019575787,0.027704953362547118
NFLX,2022-03-11,0.3084657806767577,0.3084657806767577,0.33922047498237623,0.31670805235101096,0.34544786280666023,0.027796451243350336
NFLX,2022-03-14,0.29195635110191565,0.29195635110191565,0.3001383279302386,0.29852263362735465,0.30609174983992954,0.03602294252647578
NFLX,2022-03-15,0.31454817717683115,0.31454817717683115,0.30730219882187043,0.30306007833012216,0.2997512702907606,0.03264130184092223
NFLX,2022-03-16,0.3389842380933359,0.3389842380933359,0.33324469757308367,0.32217438357091344,0.3226959128137124,0.04414961793963408
NFLX,2022-03-17,0.363579943738086,0.363579943738086,0.35686424493070695,0.34328943036720894,0.34283816186025523,0.03534616068086523
NFLX,2022-03-18,0.37989434968939795,0.37989434968939795,0.3719190209173517,0.3675664120468628,0.3643815742378372,0.05429983326212631
NFLX,2022-03-21,0.3692367788036718,0.3692367788036718,0.37195446620229505,0.3684060284196615,0.3749255437801236,0.02814883151156768
NFLX,2022-03-22,0.38400838080706434,0.38400838080706434,0.3805369602157454,0.3645116694818563,0.3628752451501314,0.023432531655620124
NFLX,2022-03-23,0.36905947845081977,0.36905947845081977,0.37308932411354573,0.37832046605284697,0.3779907180195377,0.019547274535232355
NFLX,2022-03-24,0.37122286745675703,0.37122286745675703,0.36830164018659234,0.3683345441590442,0.3779732126648701,0.02075338296400201
NFLX,2022-03-25,0.3679245126667099,0.3679245126667099,0.3645423430287123,0.363922213948644,0.3732616665004103,0.01837897514811692
NFLX,2022-03-28,0.3761881567355413,0.3761881567355413,0.36922369110083547,0.3644581073952545,0.37003887725465795,0.024042013407086168
NFLX,2022-03-29,0.39979075040767753,0.39979075040767753,0.3979856458095404,0.3887529431037757,0.3860826016217575,0.0358180175207099
NFLX,2022-03-30,0.38143708599124615,0.38143708599124615,0.39124732126824985,0.38571605456763636,0.39512037570499975,0.021772714726999817
NFLX,2022-03-31,0.3692367788036718,0.3692367788036718,0.37582016685867886,0.3767484256256014,0.38468143829071827,0.02261510017505586
NFLX,2022-04-01,0.36725069015058653,0.36725069015058653,0.3702699357997276,0.3676199741334646,0.37278875466706446,0.026467841519621
NFLX,2022-04-04,0.39922333516169384,0.39922333516169384,0.397134485465184,0.37589095522393545,0.367096374126578,0.04429556084041937
NFLX,2022-04-05,0.37909632898638546,0.37909632898638546,0.3864595696976229,0.38335802799934227,0.3946824745809889,0.02336976864647412
NFLX,2022-04-06,0.358171369754136,0.358171369754136,0.36246764391707337,0.3573125434297548,0.36814729673560537,0.024280210369507765
NFLX,2022-04-07,0.34717692143338374,0.34717692143338374,0.34840587705823206,0.3411636424644856,0.3521210777231733,0.02877192451802924
NFLX,2022-04-08,0.33605834257181366,0.33605834257181366,0.3376955160057276,0.3432715763383417,0.3467965100736968,0.02178708216282842
NFLX,2022-04-11,0.3220846936253623,0.3220846936253623,0.3240061275698128,0.32599725824810133,0.3258486138264641,0.019910997515945963
NFLX,2022-04-12,0.3151688298809202,0.3151688298809202,0.33221624316033677,0.32072738949088686,0.33619995765307714,0.02026791486916181
NFLX,2022-04-13,0.32639381601263007,0.32639381601263007,0.3190765272157387,0.3187802781671326,0.315199478527511,0.015781493986471926
NFLX,2022-04-14,0.3099021097084661,0.3099021097084661,0.3190765272157387,0.316457959656573,0.3275125579205081,0.024196274297035397
NFLX,2022-04-18,0.3041034208313844,0.3041034208313844,0.3019824974023984,0.3017381305973147,0.3083336378953245,0.02995232279847403
NFLX,2022-04-19,0.3231664219513666,0.3231664219513666,0.3185090644382766,0.30459634255448487,0.29645845962633816,0.14944326186164159
NFLX,2022-04-20,0.1060788822866699,0.1060788822866699,0.1359010105186927,0.08896192383021523,0.14229167408584126,0.9999999999999999
NFLX,2022-04-21,0.09194569008108022,0.09194569008108022,0.09862752001009784,0.08719342094028171,0.09815392672164991,0.3959181358630103
NFLX,2022-04-22,0.08715776880121928,0.08715776880121928,0.09612727454811743,0.08456741357610814,0.09846919014149202,0.2750312869819689
NFLX,2022-04-25,0.0772095346190439,0.0772095346190439,0.07908644648402902,0.07467086404436407,0.08731216570702355,0.20422931939944117
NFLX,2022-04-26,0.05679885464377937,0.05679885464377937,0.06576943647104039,0.06354167099672292,0.07853713897962089,0.1449908691164405
NFLX,2022-04-27,0.039314104013072726,0.039314104013072726,0.04988118896067423,0.04476679673985429,0.05263248797392156,0.15996551815401133
NFLX,2022-04-28,0.05878494329686457,0.05878494329686457,0.05216869506932076,0.04089032590349051,0.04834133757880499,0.1528937150030058
NFLX,2022-04-29,0.042541498074336215,0.042541498074336215,0.057896254018499294,0.048750425821995735,0.06081199857097508,0.11530169724787986
NFLX,2022-05-02,0.05867853602672479,0.05867853602672479,0.04991666806745443,0.04876827985086296,0.04860405152747915,0.10168817370986098
NFLX,2022-05-03,0.05940559600095369,0.05940559600095369,0.055218646844454766,0.05727146553433049,0.06012892226012301,0.08087656482171146
NFLX,2022-05-04,0.06674705500291911,0.06674705500291911,0.057311068598565496,0.050554670842237914,0.05900794482526012,0.08374551490243377
NFLX,2022-05-05,0.038923989119941216,0.038923989119941216,0.05080327369675419,0.04160489592907013,0.06391215011255874,0.09699758400223829
NFLX,2022-05-06,0.025890214687998236,0.025890214687998236,0.026864583487293148,0.023401623176546538,0.039916618387744796,0.12130274833923783
NFLX,2022-05-09,0.011934322835260636,0.011934322835260636,0.01975388052307636,0.017131417714154107,0.023995531724813945,0.09745129250208895
NFLX,2022-05-10,0.020020598905168663,0.020020598905168663,0.01739548384454309,0.014040967091413059,0.021105544660736497,0.09633668195412251
NFLX,2022-05-11,0.0,0.0,0.0157108857983021,0.005073338149378104,0.021245654312407325,0.08712337468382189
NFLX,2022-05-12,0.014080022393555436,0.014080022393555436,0.009788276316424538,0.0,0.0,0.1249067061897182
NFLX,2022-05-13,0.0377181302531191,0.0377181302531191,0.027857592615096682,0.023758908189336347,0.02311976288395773,0.09068347404598336
NFLX,2022-05-16,0.03571428450632014,0.03571428450632014,0.042256292611920765,0.04106896840988539,0.0513889396492207,0.11343468677099441
NFLX,2022-05-17,0.042896166426111604,0.042896166426111604,0.03429442930334764,0.04012219379130916,0.04415525271885884,0.06603500361076348
NFLX,2022-05-18,0.019187131660799994,0.019187131660799994,0.027733466474121227,0.02422338552047798,0.03986410232374227,0.06443870587212226
NFLX,2022-05-19,0.03034119088676185,0.03034119088676185,0.025250909832775725,0.023222980670151605,0.024678608035666016,0.07035884561434022
NFLX,2022-05-20,0.035430576883328346,0.035430576883328346,0.032148805799985025,0.03047570288142898,0.03837531199786942,0.0702144150752211
NFLX,2022-05-23,0.03736346190134371,0.03736346190134371,0.027662542082397656,0.027117305535382663,0.038865729185882714,0.06395777486228056
NFLX,2022-05-24,0.024773039820637777,0.024773039820637777,0.021172469823058038,0.025831099932883794,0.031597031546185816,0.04962361099033223
NFLX,2022-05-25,0.038055075334216426,0.038055075334216426,0.02980813176392344,0.031190272907008598,0.028584440185105087,0.055791778045801876
NFLX,2022-05-26,0.04438573291592551,0.04438573291592551,0.03596127088528017,0.03640651143247298,0.03946124531623185,0.05222109215197722
NFLX,2022-05-27,0.051106539213801816,0.051106539213801816,0.04112140087883337,0.04941139968839947,0.051196280526381976,0.05627497759814282
NFLX,2022-05-31,0.05509647361368597,0.05509647361368597,0.04945564261033286,0.05017953180058082,0.05643325458819015,0.07754256352864224
NFLX,2022-06-01,0.047063435001883425,0.047063435001883425,0.05440296560687857,0.051715830097517734,0.06084704268747548,0.054990982543565464
NFLX,2022-06-02,0.068662250573292,0.068662250573292,0.0592439189267574,0.0518230224158695,0.049147018186660396,0.06411732901806139
NFLX,2022-06-03,0.05782737933471377,0.05782737933471377,0.054775344029804884,0.06313082389733138,0.0633691834533775,0.04573230442327979
NFLX,2022-06-06,0.05456450490905851,0.05456450490905851,0.05640670650495727,0.0583611746015672,0.06678459841480322,0.03197132562280944
NFLX,2022-06-07,0.05717124626623282,0.05717124626623282,0.04883497808361892,0.05410956472354633,0.0541387836544619,0.02794466268663488
NFLX,2022-06-08,0.06465459290272979,0.06465459290272979,0.0626308038398743,0.06239839984288453,0.05953340612977387,0.04612778699898294
NFLX,2022-06-09,0.04681517392024781,0.04681517392024781,0.05254107349224707,0.0532878364521891,0.0642624576489012,0.0438962973605508
NFLX,2022-06-10,0.02938362692461105,0.02938362692461105,0.024470707701979733,0.03240499424889015,0.032717975573883284,0.09014885419699267
NFLX,2022-06-13,0.00588737287654334,0.00588737287654334,0.012465883490469065,0.011164901105375602,0.022962147877619354,0.06864912075073633
NFLX,2022-06-14,0.002074772652546908,0.002074772652546908,0.0,0.002804615797994292,0.0101411793491068,0.07872825507491862
NFLX,2022-06-15,0.024365167833792556,0.024365167833792556,0.02090649489863544,0.01039676899319425,0.009282949270083496,0.08508546733865936
NFLX,2022-06-16,0.012377641363462033,0.012377641363462033,0.007465358744671413,0.015809504053920787,0.01758503075697493,0.05336594993326704
NFLX,2022-06-17,0.016207998681172175,0.016207998681172175,0.013458892618272544,0.01898925889357217,0.016936998562623262,0.08309973647097967
NFLX,2022-06-21,0.008050795705516256,0.008050795705516256,0.011632445788584411,0.012665457272003855,0.0238904327824781,0.08343396839920299
NFLX,2022-06-22,0.02220174500481964,0.02220174500481964,0.01908004806894731,0.013380027297583474,0.01189268362365381,0.08203352149633064
NFLX,2022-06-23,0.027202447001924424,0.027202447001924424,0.018973644570443593,0.023508815494898305,0.02896975843078259,0.06347533149077271
NFLX,2022-06-24,0.043410411860061004,0.043410411860061004,0.03392205088042133,0.03417353121139788,0.03422427125442368,0.085297197971923
NFLX,2022-06-27,0.0403780752453633,0.0403780752453633,0.03496826175747669,0.03515604796028282,0.048709150469814944,0.054595499967862324
NFLX,2022-06-28,0.02346077368367594,0.02346077368367594,0.035713018603329316,0.02976116692842351,0.044207802190026735,0.045683908849962374
NFLX,2022-06-29,0.021261904313346902,0.021261904313346902,0.015267582983652217,0.0221333056754891,0.027305847743903877,0.034956727551826744
NFLX,2022-06-30,0.01507306672009806,0.01507306672009806,0.013104236837817917,0.013558669803978407,0.022962147877619354,0.0510474994990302
NFLX,2022-07-01,0.02408146021080071,0.02408146021080071,0.014256851213376998,0.020650603537728074,0.02194626938509231,0.03068279348323358
NFLX,2022-07-05,0.03459710963895973,0.03459710963895973,0.024577077378646672,0.017810245609425124,0.021578456494082354,0.04680986211042509
NFLX,2022-07-06,0.0313697155776963,0.0313697155776963,0.025109061049328585,0.032351432162288474,0.037201818499004,0.034855399320193436
NFLX,2022-07-07,0.04060861305632085,0.04060861305632085,0.032184284906765226,0.03713893548691988,0.03557291852146033,0.039249566141247014
NFLX,2022-07-08,0.036547751750688806,0.036547751750688806,0.03165230123608331,0.035799133725245125,0.038638025946543586,0.035477736145821906
NFLX,2022-07-11,0.019453116013113725,0.019453116013113725,0.0229279922610226,0.02533091454400771,0.03637859912931568,0.03701353941781638
NFLX,2022-07-12,0.014328283475191106,0.014328283475191106,0.013689422257751716,0.019132159269658444,0.023417520949132298,0.04311213783664225
NFLX,2022-07-13,0.01806995679343959,0.01806995679343959,0.01262545491638789,0.012486814765608922,0.011454782499643046,0.08764438327781705
NFLX,2022-07-14,0.014913489637924049,0.014913489637924049,0.009681906639757598,0.016273947312488213,0.020317369407548636,0.05970425767618068
NFLX,2022-07-15,0.04032487161029341,0.04032487161029341,0.03042879629063744,0.021168642955471384,0.02035241352404904,0.11475119760139439
NFLX,2022-07-18,0.043534542400878784,0.043534542400878784,0.04895910422459432,0.04839314080920587,0.04998774291101615,0.11477917629221852
NFLX,2022-07-19,0.06252661661511305,0.06252661661511305,0.05303757805614878,0.045892213864825504,0.05089852246120741,0.20443121968187472
NFLX,2022-07-20,0.08878918910252909,0.08878918910252909,0.07963615279718261,0.06679291009699162,0.07743370030659091,0.39908426501113475
NFLX,2022-07-21,0.10198257443968167,0.10198257443968167,0.09266943142144018,0.08715767880997305,0.08817039578604685,0.16852321664202777
NFLX,2022-07-22,0.09588242084589449,0.09588242084589449,0.10158882475103664,0.09955518935867169,0.10232250622692857,0.12599106950436126
NFLX,2022-07-25,0.09245993551502962,0.09245993551502962,0.09428310507595761,0.09582165297096829,0.10044839765537822,0.07403917772896211
NFLX,2022-07-26,0.0843027663624093,0.0843027663624093,0.08392736598207101,0.08740777150441109,0.0923039311748251,0.06325074578334663
NFLX,2022-07-27,0.10707192661321252,0.10707192661321252,0.09880484790032518,0.09265975216018413,0.09198866775498299,0.07081179793335779
NFLX,2022-07-28,0.1057774175699644,0.1057774175699644,0.09937227685595046,0.10175242744943813,0.10621079961453472,0.05919912887968029
NFLX,2022-07-29,0.1037913289168792,0.1037913289168792,0.10407138139238215,0.10662926906355413,0.10391636208797184,0.05989632760778413
NFLX,2022-08-01,0.10611436265106172,0.10611436265106172,0.09988653788416069,0.10412834211917371,0.10358355990629686,0.033128282297428605
NFLX,2022-08-02,0.09762024841734407,0.09762024841734407,0.0995496047461778,0.10391395748247012,0.10298804377594772,0.03945222260451364
NFLX,2022-08-03,0.10703648007185634,0.10703648007185634,0.09937227685595046,0.10666501119386274,0.1065436017962097,0.03975015785274891
NFLX,2022-08-04,0.11267555804372836,0.11267555804372836,0.10641205542844373,0.11136317622900965,0.1116054220898467,0.04536101963423533
NFLX,2022-08-05,0.10712513024828241,0.10712513024828241,0.10029436159203042,0.10746888543635275,0.1074368759917334,0.033239440879892015
NFLX,2022-08-08,0.11902400654218687,0.11902400654218687,0.12394935423459713,0.11379268705792112,0.11127265331533709,0.0743938265396787
NFLX,2022-08-09,0.11272876167879825,0.11272876167879825,0.10664255124608613,0.11064864027600418,0.118506340245699,0.03809034092412859
NFLX,2022-08-10,0.13785643602817582,0.13785643602817582,0.12852433263005336,0.1319959257378705,0.12791186040562041,0.061332315009811456
NFLX,2022-08-11,0.13535610194114123,0.13535610194114123,0.14107886315471763,0.14076705814464335,0.14138089453565006,0.057742724595159695
NFLX,2022-08-12,0.14705988696544425,0.14705988696544425,0.13715999457091876,0.1447864293570934,0.1416085977749892,0.03746497937516778
NFLX,2022-08-15,0.14672294188434692,0.14672294188434692,0.14173493914453822,0.1514853700203188,0.14738853849597866,0.04070823896826688
NFLX,2022-08-16,0.14065826865495157,0.14065826865495157,0.13694722139574805,0.14526876071710226,0.14572459440193453,0.030192788303394873
NFLX,2022-08-17,0.13260747294943537,0.13260747294943537,0.12799234895937145,0.13371086654120234,0.13525064627831812,0.033901099108840885
NFLX,2022-08-18,0.1397361512341569,0.1397361512341569,0.13196441929242214,0.13678342906250196,0.13661679890002226,0.03127866397970411
NFLX,2022-08-19,0.13262519622011343,0.13262519622011343,0.12630778473496718,0.13035246919515603,0.13484778927080776,0.04809839425000094
NFLX,2022-08-22,0.10669953499075902,0.10669953499075902,0.10891230089042414,0.11054144795765242,0.12013520681607731,0.05660845334553305
NFLX,2022-08-23,0.10317067621279008,0.10317067621279008,0.10256411123636844,0.11002340853990905,0.10946859956962213,0.031252197650546154
NFLX,2022-08-24,0.1121435893391009,0.1121435893391009,0.11001171351673134,0.10938028870237254,0.10806740283141758,0.03238193181517428
NFLX,2022-08-25,0.1198929203279116,0.1198929203279116,0.1101181170152351,0.11841940190502487,0.11608926501496736,0.019833867070971352
NFLX,2022-08-26,0.10091856938435545,0.10091856938435545,0.11506544001178082,0.10796907082522883,0.12202685414946057,0.0318034534778647
NFLX,2022-08-29,0.10320615657718185,0.10320615657718185,0.10251090948711655,0.10505726270888271,0.10153433097374065,0.045109211416818215
NFLX,2022-08-30,0.096254812468348,0.096254812468348,0.10236906070366941,0.10009111687785638,0.10981890710596465,0.03475709581189246
NFLX,2022-08-31,0.10141512537066244,0.10141512537066244,0.10962161245133334,0.10846925621410491,0.11041442323631379,0.05650107566723507
NFLX,2022-09-01,0.11290609585468597,0.11290609585468597,0.10339754893825309,0.10139517650922247,0.09941501380818363,0.04649680324552813
NFLX,2022-09-02,0.105937028475174,0.105937028475174,0.10962161245133334,0.11134532220014243,0.11747295639850441,0.053090700110024314
NFLX,2022-09-06,0.09224715479778578,0.09224715479778578,0.09715572896086433,0.09285624869544629,0.10794479853441424,0.047828437692589806
NFLX,2022-09-07,0.11099093410734873,0.11099093410734873,0.10155337946609322,0.09925150050505771,0.09852173961265992,0.05297273590006314
NFLX,2022-09-08,0.1082955087507127,0.1082955087507127,0.10050716858903785,0.10466423556578425,0.10544016312317972,0.042296218717744166
NFLX,2022-09-09,0.11916586035368276,0.11916586035368276,0.1112175296415423,0.1195269650011288,0.11500333169660493,0.042010382362838244
NFLX,2022-09-12,0.12441482343242322,0.12441482343242322,0.1195694601936767,0.12622590566435415,0.12199181003296017,0.03707857096946164
NFLX,2022-09-13,0.09178607917587062,0.09178607917587062,0.09864524265256958,0.09826898375617282,0.10953865439545757,0.05184451409710118
NFLX,2022-09-14,0.10240816969720501,0.10240816969720501,0.09919494896572317,0.0948391362220834,0.09783866330180785,0.05358524237486152
NFLX,2022-09-15,0.12237553114426813,0.12237553114426813,0.12453453965453093,0.11859804441141975,0.11649212202247777,0.13845746671859108
NFLX,2022-09-16,0.13079871847223784,0.13079871847223784,0.12288542071507008,0.11632935613261014,0.11780572517301402,0.13437484640076827
NFLX,2022-09-19,0.13700527933616474,0.13700527933616474,0.12978331668227938,0.13047751554237502,0.14202892673000173,0.1267994268149285
NFLX,2022-09-20,0.13562208629345496,0.13562208629345496,0.1390750884348022,0.13746225695777292,0.13383194418544608,0.11262103619459558
NFLX,2022-09-21,0.12501775286583428,0.12501775286583428,0.1351916989577835,0.13213882611395678,0.1378603806318885,0.060666875876697154
NFLX,2022-09-22,0.1253369408532179,0.1253369408532179,0.12136042791658469,0.12317119717192182,0.12503941210337588,0.06710348712791177
NFLX,2022-09-23,0.10646903100283711,0.10646903100283711,0.11417883438248111,0.10489647423135506,0.12467159921236592,0.07609598959495174
NFLX,2022-09-26,0.10231948569774335,0.10231948569774335,0.10752919069722261,0.10771897813079079,0.10796230388908179,0.05361548960818491
NFLX,2022-09-27,0.1028337649547284,0.1028337649547284,0.10387629703784634,0.10362815673029763,0.11326936618389077,0.05004555989519334
NFLX,2022-09-28,0.13978935486922678,0.13978935486922678,0.13226587332362488,0.11552548189012013,0.11512593599360826,0.12428361318325663
NFLX,2022-09-29,0.13005393522733089,0.13005393522733089,0.1328510249217219,0.13035246919515603,0.13600377741500563,0.13498508433306738
NFLX,2022-09-30,0.12248193841440791,0.12248193841440791,0.12480051457895347,0.126029409129092,0.12792939916745333,0.08094613345835523
NFLX,2022-10-03,0.12886579963118683,0.12886579963118683,0.12320459738874451,0.12529698507464515,0.1294181560861608,0.056814890712965097
NFLX,2022-10-04,0.13188041297520647,0.13188041297520647,0.13075860316761118,0.12601155510022477,0.14166111383899171,0.09665427790401797
NFLX,2022-10-05,0.1247694917841986,0.1247694917841986,0.12329327824477654,0.11552548189012013,0.13101201194720408,0.07321040353590158
NFLX,2022-10-06,0.13060366102567206,0.13060366102567206,0.12806327335109502,0.12719056838437187,0.12736889374643917,0.060833991840808815
NFLX,2022-10-07,0.10352534456456547,0.10352534456456547,0.11573927246590987,0.1099876664096004,0.1257750378853959,0.06550113994260588
NFLX,2022-10-10,0.1127996885845462,0.1127996885845462,0.10953293159530131,0.10989836219269006,0.10803235871491718,0.06690007448381206
NFLX,2022-10-11,0.0849766227015683,0.0849766227015683,0.10352167507922849,0.09108774580551277,0.10875047914226965,0.10691187090480818
NFLX,2022-10-12,0.09664492736147956,0.09664492736147956,0.09151685086771782,0.08919416249578604,0.08817039578604685,0.08929436985560728
NFLX,2022-10-13,0.11728614514770164,0.11728614514770164,0.1106678233283887,0.0875685599819388,0.08535046354780484,0.12371874610094259
NFLX,2022-10-14,0.11283516894893802,0.11283516894893802,0.11834592142639405,0.11933046846586665,0.12933059590565787,0.10699505079644746
NFLX,2022-10-17,0.1396120206933391,0.1396120206933391,0.138064356664527,0.128065892814905,0.12339300677116471,0.15058433873876598
NFLX,2022-10-18,0.13209322751548597,0.13209322751548597,0.1388623152596315,0.13401455539481627,0.15034854697872607,0.18626775607118684
NFLX,2022-10-19,0.18798768800914872,0.18798768800914872,0.1901620935202874,0.1785491134690998,0.17697131841177788,0.3443745817374767
NFLX,2022-10-20,0.18050434137265176,0.18050434137265176,0.18853069722329824,0.18519445797314926,0.19059796754814584,0.12146608339918409
NFLX,2022-10-21,0.21847073270740647,0.21847073270740647,0.2104656803565173,0.18394399450095905,0.18388974192229768,0.1795558949967295
NFLX,2022-10-24,0.20584483026230882,0.20584483026230882,0.21000462107755896,0.21016808750436722,0.22116161524713712,0.09212097380967685
NFLX,2022-10-25,0.22104199370018907,0.22104199370018907,0.22259463070900348,0.21943943937259036,0.21541668523548269,0.10553789033109377
NFLX,2022-10-26,0.2345190866603334,0.2345190866603334,0.23685144810054365,0.22388754578587333,0.22082881306546215,0.11017630356123363
NFLX,2022-10-27,0.23153995368070557,0.23153995368070557,0.23610669125469103,0.2359277713217821,0.23534873639735382,0.1018469716848087
NFLX,2022-10-28,0.2293765308517327,0.2293765308517327,0.22897826564800255,0.23147966490849914,0.23424529772432384,0.06666868314888823
NFLX,2022-10-31,0.2225670405543947,0.2225670405543947,0.22264779863641854,0.22649566504860552,0.22974394944453563,0.04810141897333328
NFLX,2022-11-01,0.21346999688726598,0.21346999688726598,0.22633613758073817,0.2209935916983944,0.23156550854491814,0.043649782408965276
NFLX,2022-11-02,0.18908710578279542,0.18908710578279542,0.20440118826935588,0.19673449812018196,0.2144533562141236,0.06974709532037492
NFLX,2022-11-03,0.18210031513260538,0.18210031513260538,0.18482463563650686,0.1895174839666391,0.18791817836874009,0.044715997383614314
NFLX,2022-11-04,0.16743512039935265,0.16743512039935265,0.18248396160044528,0.16543703289482153,0.18926682563577674,0.0754721404076571
NFLX,2022-11-07,0.16355159326960828,0.16355159326960828,0.15797780861352217,0.1596670128213052,0.170070433663091,0.05129174590811647
NFLX,2022-11-08,0.1721698380441437,0.1721698380441437,0.16671987405289135,0.16822379466394866,0.16807372079453725,0.04945271412205515
NFLX,2022-11-09,0.1565647687963826,0.1565647687963826,0.1575345057988723,0.16347203346962585,0.16761831431585894,0.046293390601428425
NFLX,2022-11-10,0.1925805180194083,0.1925805180194083,0.18317551669704601,0.1739581066797305,0.1787053173316574,0.0644515609462847
NFLX,2022-11-11,0.21946377703394904,0.21946377703394904,0.2103060751087617,0.19444792173993097,0.19355800943805868,0.06374453186735077
NFLX,2022-11-14,0.23567174189208562,0.23567174189208562,0.2463737494925456,0.22415549250917866,0.2207587582396267,0.12729699380309806
NFLX,2022-11-15,0.2550539309994514,0.2550539309994514,0.2494059786252079,0.24980794993566757,0.2543875133637013,0.10195510554393977
NFLX,2022-11-16,0.24764151126870237,0.24764151126870237,0.24546938739893737,0.25170153324539424,0.25568361115957,0.05213564371783869
NFLX,2022-11-17,0.22859626724243398,0.22859626724243398,0.22654894457774571,0.22917523449938082,0.2290258290171832,0.06574387399002597
NFLX,2022-11-18,0.2156511768099526,0.2156511768099526,0.22332163109054753,0.2220297046064552,0.23359723212280686,0.054869237429438875
NFLX,2022-11-21,0.21045538354324644,0.21045538354324644,0.21245169861212426,0.21427679700630187,0.22251026251417377,0.0462215534222854
NFLX,2022-11-22,0.2133636234401619,0.2133636234401619,0.20378055756447871,0.2047732064725079,0.21198376491938947,0.03857354047646955
NFLX,2022-11-23,0.22189318421523574,0.22189318421523574,0.21351563213165142,0.21624179643149755,0.2135951261351003,0.03610763477978124
NFLX,2022-11-25,0.21132433115200688,0.21132433115200688,0.20773487143322095,0.2169742204859444,0.21900725396507975,0.015819303028126147
NFLX,2022-11-28,0.20357500016319613,0.20357500016319613,0.20833777949562643,0.2104717763579812,0.21024976599950995,0.02691550057280698
NFLX,2022-11-29,0.20320260854074268,0.20320260854074268,0.19665213195779024,0.20227227952812754,0.2076225262912721,0.03510871989927672
NFLX,2022-11-30,0.24677259748297764,0.24677259748297764,0.24151507353019513,0.21025742579385176,0.2056433187773859,0.11286830732701418
NFLX,2022-12-01,0.26702370037606815,0.26702370037606815,0.261978231792344,0.2506654203373334,0.2452622125071215,0.10224245426051186
NFLX,2022-12-02,0.2731593343342471,0.2731593343342471,0.26586165509119936,0.26311652704520794,0.2566469401809292,0.08731317607292609
NFLX,2022-12-05,0.2592921264809712,0.2592921264809712,0.26724476528440094,0.2647599835879224,0.26710338294987807,0.05504240284021521
NFLX,2022-12-06,0.24682580111804753,0.24682580111804753,0.25031034071881614,0.2508440628437284,0.25754021437645286,0.04575952693327082
NFLX,2022-12-07,0.25189743002090026,0.25189743002090026,0.2439089493155086,0.2490040756931775,0.2496584618445739,0.05049473131004549
NFLX,2022-12-08,0.2551603044465556,0.2551603044465556,0.2488208270271109,0.253845209249559,0.25422986495019756,0.045834388835746184
NFLX,2022-12-09,0.27244999763069633,0.27244999763069633,0.2782920594748883,0.280122898412143,0.2758433655607803,0.09996710613376084
NFLX,2022-12-12,0.2638849564912308,0.2638849564912308,0.26797179948778177,0.2610621893305277,0.2733036860330454,0.06809105929592003
NFLX,2022-12-13,0.27303520379342927,0.27303520379342927,0.284888467589058,0.275978480852474,0.28731565341509085,0.07268712639940715
NFLX,2022-12-14,0.2685842275946657,0.2685842275946657,0.27068485194676967,0.2710123350214476,0.2714996322873305,0.04839028005157153
NFLX,2022-12-15,0.21996029919722038,0.21996029919722038,0.23287941158932973,0.22122583036396526,0.24198690719736665,0.12537931921039597
NFLX,2022-12-16,0.22049226790184784,0.22049226790184784,0.2175054251071738,0.22506655907002038,0.21858689160290184,0.09781955256780106
NFLX,2022-12-19,0.2162186258789719,0.2162186258789719,0.21312553106625337,0.22047555228065108,0.22028584640628096,0.037958009278338825
NFLX,2022-12-20,0.2160235684324061,0.2160235684324061,0.2078589975741964,0.21097196174685717,0.20541564894521214,0.04366263748312771
NFLX,2022-12-21,0.2333487081579031,0.2333487081579031,0.22803845826945096,0.22113649207448072,0.22074125288495922,0.03956489354864322
NFLX,2022-12-22,0.2329763165354496,0.2329763165354496,0.22488210299581318,0.2288358035154583,0.2349283740351759,0.0507563698782927
NFLX,2022-12-23,0.2280288181734147,0.2280288181734147,0.22413734614996056,0.23080083701322807,0.23158301389958563,0.023495294664766134
NFLX,2022-12-27,0.2088948901476846,0.2088948901476846,0.2154662051023149,0.21332998831515138,0.2263460398377774,0.03504217598596529
NFLX,2022-12-28,0.19596752298588133,0.19596752298588133,0.20060644582653248,0.19775272292680135,0.20660664779874505,0.03645094087800156
NFLX,2022-12-29,0.22121932787607668,0.22121932787607668,0.21888853530037528,0.21132924675964704,0.20881355855197037,0.06385569044981416
NFLX,2022-12-30,0.2278869643619188,0.2278869643619188,0.2180196523135472,0.21527716778405404,0.2129295551789157,0.04856873872817946
NFLX,2023-01-03,0.22801109490273663,0.22801109490273663,0.2240132200089851,0.22506655907002038,0.23487582456400807,0.04249736281934462
NFLX,2023-01-04,0.2536530146860635,0.2536530146860635,0.2466220017744965,0.23723183095314815,0.2351910879838502,0.06201514630208668
NFLX,2023-01-05,0.2541672601200129,0.2541672601200129,0.25201262758569215,0.25338073191841737,0.2505342306854302,0.05432705577211734
NFLX,2023-01-06,0.2645410895597117,0.2645410895597117,0.25660532862362,0.25184443362148046,0.25853855410714704,0.0591015815522124
NFLX,2023-01-09,0.2638672332205527,0.2638672332205527,0.2653473602411524,0.26886869308985706,0.26775144855139515,0.04251702352100481
NFLX,2023-01-10,0.2858029938730585,0.2858029938730585,0.27891269017976544,0.26502796438380194,0.25766281867345625,0.09019951831280933
NFLX,2023-01-11,0.2853064717097873,0.2853064717097873,0.27807925247788073,0.2833919574687048,0.28468844711401836,0.06378914653650274
NFLX,2023-01-12,0.2903958238833181,0.2903958238833181,0.28529629129692774,0.28658960040979764,0.2951974059469698,0.07344179487082542
NFLX,2023-01-13,0.29516602189250096,0.29516602189250096,0.29185732176982776,0.29686132305577284,0.2907661459001824,0.054012484545554226
NFLX,2023-01-17,0.28346223686819794,0.28346223686819794,0.28449836652366006,0.287411362753729,0.2927103092975682,0.06127333290483086
NFLX,2023-01-18,0.2836572604917281,0.2836572604917281,0.28020711951693483,0.28321334903488404,0.2851262814236984,0.05043801774756415
NFLX,2023-01-19,0.2649489277235213,0.2649489277235213,0.2710039947986073,0.26917238194347093,0.2778050343128336,0.1275238480530234
NFLX,2023-01-20,0.3123315507127883,0.3123315507127883,0.30489063421592205,0.303542409690131,0.3027113455878388,0.2063337706579151
NFLX,2023-01-23,0.3387892144698058,0.3387892144698058,0.33725217936924096,0.3178334694759821,0.31134622925640526,0.1096681500414009
NFLX,2023-01-24,0.35015605441301156,0.35015605441301156,0.34328119234962223,0.34375390769835057,0.3390373618388212,0.08055216324431824
NFLX,2023-01-25,0.35747982396733446,0.35747982396733446,0.349044230405581,0.34975613236486347,0.34436192948829775,0.05008110039434831
NFLX,2023-01-26,0.3520002892546008,0.3520002892546008,0.34925703740258845,0.35547255627920393,0.3587242044066857,0.0537856302956289
NFLX,2023-01-27,0.3447297571583834,0.3447297571583834,0.34375997427105237,0.35348966875256693,0.34896837671042175,0.04203987341532854
NFLX,2023-01-30,0.3311462907511349,0.3311462907511349,0.33494701826179635,0.3396809403267246,0.3406312845141953,0.03012321966675111
NFLX,2023-01-31,0.33247628015877484,0.33247628015877484,0.3260808266814517,0.33226742963791955,0.325813603117129,0.03415441968792417
NFLX,2023-02-01,0.34689321381039195,0.34689321381039195,0.34282020071433744,0.3344111397146585,0.33260942233064555,0.05188307931958848
NFLX,2023-02-02,0.35558235166763963,0.35558235166763963,0.3480157759928341,0.3496310860176445,0.35240129702651507,0.05076241932495737
NFLX,2023-02-03,0.3538268008255121,0.3538268008255121,0.36771645476665854,0.3506493789694123,0.34175222854189274,0.062445413196111715
NFLX,2023-02-06,0.3459887858372397,0.3459887858372397,0.34824630563231324,0.3536504913026688,0.34973901320177675,0.029119767701248075
NFLX,2023-02-07,0.348595527194414,0.348595527194414,0.3406745433891381,0.3420389668950188,0.34075388881119867,0.038908528585525945
NFLX,2023-02-08,0.35547594439749997,0.35547594439749997,0.3477852463533549,0.34941676952608924,0.34339860046693854,0.03863479112394938
NFLX,2023-02-09,0.3477975741374728,0.3477975741374728,0.3577862958449501,0.35554404053982125,0.3650996946651897,0.04353408674150336
NFLX,2023-02-10,0.32094979548732383,0.32094979548732383,0.33705716265837876,0.32946284791249936,0.3418923381935636,0.04648319199053262
NFLX,2023-02-13,0.34082847293492524,0.34082847293492524,0.33273047036671016,0.32430017147363677,0.32497287839277317,0.04529825662508932
NFLX,2023-02-14,0.34329336048060366,0.34329336048060366,0.3399120639008138,0.3406456030467423,0.33907243936248704,0.026321142438002623
NFLX,2023-02-15,0.3458823785670999,0.3458823785670999,0.33836931463801995,0.34214615921337055,0.3374610113324454,0.02133942310964244
NFLX,2023-02-16,0.3268903381759013,0.3268903381759013,0.3359223047471282,0.33512564159508984,0.3346061017920338,0.030789414980698485
NFLX,2023-02-17,0.32201380054265005,0.32201380054265005,0.3137568257962667,0.3210668204748095,0.32218799027103157,0.031386797838835176
NFLX,2023-02-21,0.3034650448566172,0.3034650448566172,0.3051210962117277,0.31031276646882533,0.31332540336312603,0.03452948538113404
NFLX,2023-02-22,0.29881897738825214,0.29881897738825214,0.3011845726291306,0.30388184067405355,0.30395489391253955,0.025726784303198264
NFLX,2023-02-23,0.2789048533992946,0.2789048533992946,0.28233498655598904,0.2707979844573183,0.29297302324624236,0.09145780321906181
NFLX,2023-02-24,0.2673783687278436,0.2673783687278436,0.2649927721043714,0.2711909775278425,0.27207764306301213,0.04300173543501193
NFLX,2023-02-27,0.27780540180261215,0.27780540180261215,0.2800652707334878,0.2847675354332624,0.28008199989189436,0.037798455122558014
NFLX,2023-02-28,0.2762094280426586,0.2762094280426586,0.275844981940323,0.2830704486587978,0.27978420841955437,0.019147254874530697
NFLX,2023-03-01,0.26087034314721114,0.26087034314721114,0.2740362577531065,0.26733239479292015,0.2760184859217862,0.028487600524789495
NFLX,2023-03-02,0.2580330639790792,0.2580330639790792,0.25447742776272914,0.2637953549404789,0.2574701595506174,0.02848533198229025
NFLX,2023-03-03,0.2638849564912308,0.2638849564912308,0.2578820691401546,0.26458137515410174,0.2653343733206635,0.03636700480552919
NFLX,2023-03-06,0.25829904833139294,0.25829904833139294,0.2681846064847893,0.2664034742032111,0.26804920661656967,0.03415441968792417
NFLX,2023-03-07,0.251986114020362,0.251986114020362,0.2522254345826996,0.25707856024838627,0.26048271750453283,0.02577896078068109
NFLX,2023-03-08,0.25787348689690526,0.25787348689690526,0.24784554054177915,0.25552440792258213,0.25454516177720504,0.01766060335668672
NFLX,2023-03-09,0.23302952017051948,0.23302952017051948,0.24905132284475334,0.236106413828177,0.2594318283026707,0.04763485539932019
NFLX,2023-03-10,0.22412753394995655,0.22412753394995655,0.22472249774805758,0.2256024525166309,0.23459560526066642,0.03490001398934542
NFLX,2023-03-13,0.2254575233575965,0.2254575233575965,0.22552045634316203,0.21904644630206604,0.21609976154633476,0.03893121401051848
NFLX,2023-03-14,0.22799333780902287,0.22799333780902287,0.22234637842705257,0.2279426250560579,0.23121520100857568,0.03639271495385406
NFLX,2023-03-15,0.24368705723321005,0.24368705723321005,0.23805726422535461,0.2314618108796318,0.22515500757707912,0.0610336235807431
NFLX,2023-03-16,0.2548056699178157,0.2548056699178157,0.25630387459241727,0.24830739376903932,0.24659335441949065,0.051115555774007795
NFLX,2023-03-17,0.24317281179926065,0.24317281179926065,0.2459481693203674,0.24525268527660693,0.2558938090442417,0.043667930748959305
NFLX,2023-03-20,0.24606329460246246,0.24606329460246246,0.24016740862193703,0.23810715538368132,0.23790592127975635,0.030015841988453116
NFLX,2023-03-21,0.24723367310489275,0.24723367310489275,0.24091216546778965,0.24602081738878823,0.2493431984247318,0.028298555316518394
NFLX,2023-03-22,0.22614910296743362,0.22614910296743362,0.23830551650730553,0.23371264512957424,0.2493256930700643,0.03526827405505753
NFLX,2023-03-23,0.27308837360546356,0.27308837360546356,0.2672624879268726,0.2526483078639705,0.24647075012248737,0.1097165456147183
NFLX,2023-03-24,0.2873102836335505,0.2873102836335505,0.2833102730413208,0.2821057859387801,0.27440712470607537,0.08959003656134328
NFLX,2023-03-27,0.28601574076726677,0.28601574076726677,0.2914849433469014,0.2888583568337556,0.28652751156906836,0.056575937569710424
NFLX,2023-03-28,0.278674315588337,0.278674315588337,0.28595243493042194,0.28326691112148583,0.2839177438083326,0.04042089025169479
NFLX,2023-03-29,0.29376507175607747,0.29376507175607747,0.28511899722853723,0.2912163834020497,0.2843206342230084,0.03889264878803117
NFLX,2023-03-30,0.30511418842860505,0.30511418842860505,0.3036315825200225,0.308312024913321,0.30880654972867033,0.045276327380929876
NFLX,2023-03-31,0.31761599415592057,0.31761599415592057,0.3081533591662268,0.3117061984622501,0.3084212314829928,0.033772548367216534
NFLX,2023-04-03,0.32258121578863364,0.32258121578863364,0.31301206895041406,0.3174226223765906,0.3115388549720786,0.02472484469936141
NFLX,2023-04-04,0.31986806716131955,0.31986806716131955,0.3151753812744115,0.32376427802702623,0.32320383535639324,0.016288891325471573
NFLX,2023-04-05,0.31206556636047456,0.31206556636047456,0.3074263249628459,0.31000911168778555,0.31761655375824255,0.023150476204879634
NFLX,2023-04-06,0.30671016218855873,0.30671016218855873,0.29864881423853334,0.303542409690131,0.3071776163439612,0.026591098995413762
NFLX,2023-04-10,0.30610723275514773,0.30610723275514773,0.2975848468971695,0.30484643524892296,0.3000490617631005,0.011447821632065092
NFLX,2023-04-11,0.3047240735354735,0.3047240735354735,0.310458587917345,0.31249218460329875,0.3143763259721534,0.021935293606112967
NFLX,2023-04-12,0.29199179764327177,0.29199179764327177,0.3027626995331944,0.29891569484302727,0.30975237339536194,0.021334886024643934
NFLX,2023-04-13,0.318875022834777,0.318875022834777,0.30919960386511897,0.31447507212993586,0.308316132540657,0.047355068491078955
NFLX,2023-04-14,0.3054688567803805,0.3054688567803805,0.306397870550099,0.3102949124399581,0.3134830183694644,0.031808746743696284
NFLX,2023-04-17,0.29498865389357765,0.29498865389357765,0.2949427526517419,0.29437825014025976,0.30483062934623045,0.037748547187574436
NFLX,2023-04-18,0.2967264814650272,0.2967264814650272,0.2928148856126878,0.29973738904181035,0.29957614992975473,0.1270421608623486
NFLX,2023-04-19,0.2779649788847862,0.2779649788847862,0.2725290214189296,0.2740134814272783,0.2806775160222435,0.15867925455693474
NFLX,2023-04-20,0.28191943292027855,0.28191943292027855,0.2826010291240851,0.27799711050941966,0.27398679575106283,0.0665726481830865
NFLX,2023-04-21,0.28658322365932165,0.28658322365932165,0.2770330077789886,0.28008719035440854,0.2785581654495211,0.03935165055371341
NFLX,2023-04-24,0.288427458500911,0.288427458500911,0.28832855425142684,0.29303844837858495,0.29116896950052745,0.033594089690608606
NFLX,2023-04-25,0.2769542112875655,0.2769542112875655,0.2776891514124828,0.28294540231157883,0.28819138884878165,0.03238420035767353
NFLX,2023-04-26,0.274471600471209,0.274471600471209,0.2727949963433521,0.28181998518660756,0.27568575055444194,0.026309043544673272
NFLX,2023-04-27,0.28280606997668134,0.28280606997668134,0.27554349408728346,0.27640721605330687,0.2808351310285819,0.0338375799188618
NFLX,2023-04-28,0.29004115553154264,0.29004115553154264,0.2815016164977779,0.28812593277930865,0.2824815029536277,0.023323641615655966
NFLX,2023-05-01,0.2797382529975919,0.2797382529975919,0.2822463733436305,0.2775683753085867,0.2898378275881583,0.03174069046871869
NFLX,2023-05-02,0.2680876716083588,0.2680876716083588,0.27309641655271805,0.2731560110256124,0.28206117399861513,0.024005716727098118
NFLX,2023-05-03,0.27119096895184003,0.27119096895184003,0.27052528052085084,0.2735668581250039,0.2690125022307634,0.029643044837742497
NFLX,2023-05-04,0.2738154335796924,0.2738154335796924,0.2687342789761061,0.2773182826141487,0.2715696871131658,0.020686839050690582
NFLX,2023-05-05,0.277326602910019,0.277326602910019,0.26969184281896624,0.2799799980360568,0.2796265934132161,0.02152544359458121
NFLX,2023-05-08,0.2923109518076197,0.2923109518076197,0.28460477002216383,0.28460671288316053,0.2785406600948536,0.032853032474185875
NFLX,2023-05-09,0.29396016302567884,0.29396016302567884,0.29127213634989396,0.2983797332512683,0.2919921888702158,0.0332787622832124
NFLX,2023-05-10,0.2997765751734386,0.2997765751734386,0.2926729691855671,0.2979688861518768,0.2999439628207647,0.023788692828002892
NFLX,2023-05-11,0.3163392422063862,0.3163392422063862,0.3074972831764062,0.302131123667839,0.29954113922041975,0.052097078495351376
NFLX,2023-05-12,0.3077032065151013,0.3077032065151013,0.3122850347470331,0.31199199921442267,0.3166707969058818,0.03734323426104119
NFLX,2023-05-15,0.3006100424178072,0.3006100424178072,0.3011667823429854,0.3087407941867282,0.30941957121368696,0.018972577102088193
NFLX,2023-05-16,0.29681516546448883,0.29681516546448883,0.2892328825231983,0.3022562381602063,0.29782467906237303,0.016546748989553363
NFLX,2023-05-17,0.30782733705591914,0.30782733705591914,0.30024473142874225,0.2981654167597132,0.29390127474393574,0.021284978089660362
NFLX,2023-05-18,0.3633849201145559,0.3633849201145559,0.361403744219383,0.3280873380930902,0.3210319687196684,0.14958164295409604
NFLX,2023-05-19,0.35286920304032565,0.35286920304032565,0.3509770807337728,0.35924186886979015,0.3606333570947365,0.05078283620745065
NFLX,2023-05-22,0.3487019344645538,0.3487019344645538,0.3545590161795888,0.3569016963303633,0.35275160456285753,0.03223145182939048
NFLX,2023-05-23,0.33625336619534374,0.33625336619534374,0.3406568207466664,0.34227120556058954,0.3437839187126161,0.04326942344992381
NFLX,2023-05-24,0.3519648427132447,0.3519648427132447,0.3459410768811951,0.34641558904768444,0.33798650604412456,0.051641857633834554
NFLX,2023-05-25,0.3415910470965816,0.3415910470965816,0.34647302673004027,0.34782687506997645,0.3426804800395861,0.038709653026424734
NFLX,2023-05-26,0.3768442559809866,0.3768442559809866,0.3753945528646639,0.3452901719227133,0.34529024780032186,0.0621308419695486
NFLX,2023-05-30,0.4018477997895463,0.4018477997895463,0.41325322879319254,0.3985065581868593,0.4090097387900418,0.07350833878413685
NFLX,2023-05-31,0.40583770036639477,0.40583770036639477,0.3975600318155254,0.40408008172511345,0.3992188335701122,0.04419120788545372
NFLX,2023-06-01,0.41984679585420226,0.41984679585420226,0.4175266855137724,0.4115293004716529,0.40888713449303854,0.045492595099192026
NFLX,2023-06-02,0.41512983530312486,0.41512983530312486,0.41585987775367667,0.41656693056329663,0.4184853471829641,0.03598210876148922
NFLX,2023-06-05,0.4205738558284311,0.4205738558284311,0.4287690640587956,0.42415904968592233,0.41424671285185005,0.04615274096647472
NFLX,2023-06-06,0.41303733937989995,0.41303733937989995,0.4132709514356642,0.4184069177138474,0.4221809814477316,0.029094057552923203
NFLX,2023-06-07,0.4138885298949466,0.4138885298949466,0.43779482706505907,0.42251559314320786,0.43169160054998884,0.08157981299647998
NFLX,2023-06-08,0.43091220490373805,0.43091220490373805,0.4211086209595884,0.41735291670434516,0.4130206698818168,0.0366528411604351
NFLX,2023-06-09,0.4497978380247969,0.4497978380247969,0.4501188279502441,0.45025816448725986,0.45633519787631976,0.08483592766374151
NFLX,2023-06-12,0.4568023857687007,0.4568023857687007,0.44799096091119,0.4534915154860871,0.44640418300471923,0.03641388801718043
NFLX,2023-06-13,0.4776564519182379,0.4776564519182379,0.470280566003027,0.47462441631124996,0.4659859266302479,0.05048641332088155
NFLX,2023-06-14,0.4867534279392953,0.4867534279392953,0.4881193526622199,0.48373494562937114,0.47470840388648267,0.05496754093773985
NFLX,2023-06-15,0.4945737196568897,0.4945737196568897,0.49046002669828154,0.49445329157762075,0.4906645346659139,0.045037374237675204
NFLX,2023-06-16,0.47097105833868214,0.47097105833868214,0.48843849551405755,0.47909037675340016,0.49425513680267635,0.057543092855225395
NFLX,2023-06-20,0.47582994034732673,0.47582994034732673,0.475121485501069,0.47748262826842014,0.4662837181025879,0.02731325169100939
NFLX,2023-06-21,0.45765357628374737,0.45765357628374737,0.46545736914745667,0.46415623120258664,0.4706098792070394,0.03026538166337098
NFLX,2023-06-22,0.45416019787017015,0.45416019787017015,0.4480086835536617,0.45726075993152493,0.45358532046391326,0.02817151693656021
NFLX,2023-06-23,0.4568910697681623,0.4568910697681623,0.44997697916679696,0.45556367315706037,0.4459838540497067,0.05410171388385819
NFLX,2023-06-26,0.4425628201160069,0.4425628201160069,0.4590914230290925,0.45050825718169785,0.45272709038488995,0.02643608192463146
NFLX,2023-06-27,0.44458435531044826,0.44458435531044826,0.4412171910849561,0.44443454825456763,0.4438820088316518,0.027782839988354815
NFLX,2023-06-28,0.4672116955727912,0.4672116955727912,0.47031601128797035,0.46478146293868183,0.45388311193625325,0.057978653015082024
NFLX,2023-06-29,0.46437441640465926,0.46437441640465926,0.4713090204157739,0.47060507917137406,0.47355238233511937,0.028646398499737224
NFLX,2023-06-30,0.48609732869385003,0.48609732869385003,0.48242720517614796,0.47944766176619,0.4678950793182987,0.0469013599912283
NFLX,2023-07-03,0.4877819864532654,0.4877819864532654,0.47786998324500024,0.4803765482833249,0.4830630682517075,0.0195790341302219
NFLX,2023-07-05,0.4956908945242501,0.4956908945242501,0.4945739119929426,0.4946676762143244,0.4920832701659514,0.043295133598248686
NFLX,2023-07-06,0.4831713655262565,0.4831713655262565,0.4800865311400864,0.47876879979834486,0.4834833972067199,0.028695550253887713
NFLX,2023-07-07,0.4818591670353659,0.4818591670353659,0.47925316108187527,0.4879151053193489,0.4810313112666534,0.022844979148313526
NFLX,2023-07-10,0.4882607853458586,0.4882607853458586,0.482941500026195,0.48966575418041514,0.4808912016149825,0.02349983174976464
NFLX,2023-07-11,0.4856008065305788,0.4856008065305788,0.47654010862288737,0.47934046944783826,0.4811189048543217,0.025900705894807686
NFLX,2023-07-12,0.4924102630048811,0.4924102630048811,0.48471471128479454,0.49132713289714525,0.49145274332626726,0.034691308079414104
NFLX,2023-07-13,0.5036352491365909,0.5036352491365909,0.49581517340269693,0.49745440391087725,0.4957438937213838,0.03791112606668759
NFLX,2023-07-14,0.48861545369763404,0.48861545369763404,0.5043444318450587,0.4948105765904106,0.5058850396633252,0.04576330783743625
NFLX,2023-07-17,0.5030501106199292,0.5030501106199292,0.5046990876255133,0.504474921529158,0.49323922490298383,0.04346300574319342
NFLX,2023-07-18,0.5469392875495478,0.5469392875495478,0.5427705029073757,0.5110308936711487,0.5027498440052411,0.08996888315871858
NFLX,2023-07-19,0.5518867859115827,0.5518867859115827,0.5549172097241704,0.5489379953428242,0.5480436129207957,0.15012079988808522
NFLX,2023-07-20,0.4806533081685438,0.4806533081685438,0.4901939841301854,0.48105541025117005,0.4957438937213838,0.1727548045839682
NFLX,2023-07-21,0.4630621502676975,0.4630621502676975,0.47200060933421134,0.46531735638529237,0.4788769499845959,0.12247104772635327
NFLX,2023-07-24,0.46460495421561687,0.46460495421561687,0.4549774700907579,0.45817179241979256,0.45721093331001067,0.05384310003894331
NFLX,2023-07-25,0.4634168186194728,0.4634168186194728,0.45894957424564536,0.4705693029684912,0.46102917187178133,0.02809816739575102
NFLX,2023-07-26,0.45449707530519623,0.45449707530519623,0.44898397003899354,0.4517407984798725,0.4558097031646407,0.03678970989122339
NFLX,2023-07-27,0.4376507682953281,0.4376507682953281,0.4529914518351508,0.4451133420772644,0.4605387546837681,0.04121563630726652
NFLX,2023-07-28,0.460012056559286,0.460012056559286,0.4529028386227924,0.44847173942331076,0.44067679175489777,0.03992786034852375
NFLX,2023-07-31,0.483401903337214,0.483401903337214,0.4735787362382751,0.4708730258946793,0.4598557117800814,0.0411634598297837
NFLX,2023-08-01,0.48278125063312494,0.48278125063312494,0.48443101371790026,0.47998355521280056,0.4788769499845959,0.034538559551131054
NFLX,2023-08-02,0.4669634344911556,0.4669634344911556,0.4672483030485279,0.4713374350806726,0.4751287328414952,0.028494406152287256
NFLX,2023-08-03,0.4692686773085888,0.4692686773085888,0.4785438495209661,0.47246292035079207,0.4621151051901438,0.038564466306472533
NFLX,2023-08-04,0.4703326823639149,0.4703326823639149,0.4689151784522972,0.4708193956629292,0.4713279996343919,0.03249913984430236
NFLX,2023-08-07,0.4865761275864433,0.4865761275864433,0.47708978111420425,0.4755354487995175,0.4772830941235526,0.02750456544177975
NFLX,2023-08-08,0.48221383538714135,0.48221383538714135,0.4814519186908162,0.4865931575865414,0.48411392404640413,0.019836135613470605
NFLX,2023-08-09,0.46554476108405396,0.46554476108405396,0.47622089812737617,0.4731774222312234,0.48302799072804165,0.02043654319493964
NFLX,2023-08-10,0.46745995665442686,0.46745995665442686,0.4717878023372039,0.4751424557289933,0.4679300900276337,0.03269423449923815
NFLX,2023-08-11,0.45270607792171247,0.45270607792171247,0.4585062376091587,0.46199466709698056,0.464181872884533,0.021051318212237276
NFLX,2023-08-14,0.4635586724309688,0.4635586724309688,0.45534984851368415,0.4574393683653457,0.45193894853886746,0.02133942310964244
NFLX,2023-08-15,0.4563235868761074,0.4563235868761074,0.4558286304351142,0.46147662767923714,0.4561775828699815,0.016817461727797585
NFLX,2023-08-16,0.44169383868421086,0.44169383868421086,0.4476540277732071,0.45113348891779304,0.4549865506092831,0.021346984917973284
NFLX,2023-08-17,0.41961625804324465,0.41961625804324465,0.43121607394968736,0.42671360686205284,0.43969595737887107,0.036958338217001216
NFLX,2023-08-18,0.42232940667055874,0.42232940667055874,0.415753474255173,0.42058626770317253,0.41224996657613094,0.023957321153780717
NFLX,2023-08-21,0.42899700933336515,0.42899700933336515,0.42123274710056385,0.4229979245032167,0.4173293256316008,0.020549970319902303
NFLX,2023-08-22,0.4376507682953281,0.4376507682953281,0.4321027472226607,0.43711037585524715,0.42918699854591963,0.018569532718054196
NFLX,2023-08-23,0.4631508342671591,0.4631508342671591,0.4698372293665403,0.4555279650993259,0.4456510518680317,0.05316480583166658
NFLX,2023-08-24,0.42658535924579233,0.42658535924579233,0.4531155779761263,0.4349131036919065,0.4579290537373631,0.03435934469369005
NFLX,2023-08-25,0.44272239719818085,0.44272239719818085,0.43832677691390415,0.4373961766074196,0.43444147796239535,0.0321142438002624
NFLX,2023-08-28,0.44632218288189784,0.44632218288189784,0.4393552989703246,0.4475964149927776,0.4450205250283476,0.013494803147224628
NFLX,2023-08-29,0.4674776799251049,0.4674776799251049,0.4612370127106183,0.4497936871561182,0.44144742824625266,0.025276856707513038
NFLX,2023-08-30,0.47577670288922114,0.47577670288922114,0.4718587605507642,0.4745350780217654,0.46745717819428784,0.018763871192156893
NFLX,2023-08-31,0.4740211520470935,0.4740211520470935,0.47006775900601955,0.4796799004317608,0.4681227825576378,0.02010684835171483
NFLX,2023-09-01,0.48501560036784575,0.48501560036784575,0.48487428271071337,0.48807585972430234,0.47950747682428,0.02759606332258296
NFLX,2023-09-05,0.5006206696156069,0.5006206696156069,0.4989715624981715,0.49177368805427124,0.4806634983756433,0.03789902717335823
NFLX,2023-09-06,0.4954426334426144,0.4954426334426144,0.4953186688387952,0.4962217944675543,0.49856379255246036,0.020555263585733893
NFLX,2023-09-07,0.49079656597424937,0.49079656597424937,0.48327836552050435,0.4894513695437116,0.4854976488371065,0.013450188478072646
NFLX,2023-09-08,0.49019363654083825,0.49019363654083825,0.4871972341043032,0.4932920982497667,0.4897187109992223,0.011747269241966524
NFLX,2023-09-11,0.49473329673906363,0.49473329673906363,0.4926587843072224,0.5002590537814458,0.488860480920199,0.013382888383928131
NFLX,2023-09-12,0.47581221707664867,0.47581221707664867,0.4847678792122096,0.4848425087254751,0.48847516267452146,0.014972380495071592
NFLX,2023-09-13,0.43600155707726895,0.43600155707726895,0.4722843069011056,0.44298755417454105,0.47560164467484095,0.0809037873317025
NFLX,2023-09-14,0.4151652818444811,0.4151652818444811,0.4243891361960384,0.4238911029626171,0.43163908448598626,0.07232869668452514
NFLX,2023-09-15,0.40887007080412807,0.40887007080412807,0.4125261945898116,0.4150127441649183,0.41517496434954343,0.060288029279321864
NFLX,2023-09-18,0.4043658571472589,0.4043658571472589,0.4032521116579238,0.4106718300699871,0.4055417409502828,0.026925330923637077
NFLX,2023-09-19,0.4075578046671663,0.4075578046671663,0.40105335404898285,0.4064738844962904,0.4008827776641562,0.02217727147269998
NFLX,2023-09-20,0.3900021609537474,0.3900021609537474,0.4006277400549679,0.39909608186521994,0.4082566076533544,0.02058777936155652
NFLX,2023-09-21,0.38618956072975097,0.38618956072975097,0.39692167846817655,0.39427283641027977,0.3897783027008557,0.03330144770820494
NFLX,2023-09-22,0.37849339955297445,0.37849339955297445,0.38092706128114345,0.3852337232076275,0.3871510295854524,0.019273537073655794
NFLX,2023-09-25,0.3873421821384675,0.3873421821384675,0.3804660020021851,0.38961041350544157,0.3834729006753525,0.019761273710995248
NFLX,2023-09-26,0.3775003552264319,0.3775003552264319,0.3768131759864824,0.3834473662888268,0.3834378231516867,0.022272550257668618
NFLX,2023-09-27,0.3745566687881602,0.3745566687881602,0.3762102679240769,0.3814644787621897,0.3825971652416617,0.02041310158911402
NFLX,2023-09-28,0.37237555651154486,0.37237555651154486,0.36688301706477394,0.37226461115458387,0.3706869762633403,0.02439363749447043
NFLX,2023-09-29,0.37457439205883825,0.37457439205883825,0.37330213111055316,0.3798567302772097,0.37839354161988265,0.02314896384321347
NFLX,2023-10-02,0.3794155507968048,0.3794155507968048,0.3772564449792955,0.38244699551107464,0.37397978692776274,0.014806776892626102
NFLX,2023-10-03,0.3730671022983463,0.3730671022983463,0.395148467209577,0.37539076983505937,0.3733316879190803,0.058483781811582425
NFLX,2023-10-04,0.37333308665066,0.37333308665066,0.3691172876023318,0.3766948635389996,0.37226332676971613,0.023893045782968542
NFLX,2023-10-05,0.3656901629319891,0.3656901629319891,0.3662446637174251,0.36536913988352215,0.3749080384254561,0.029421483853648765
NFLX,2023-10-06,0.3815080467200297,0.3815080467200297,0.3731957276120495,0.36631594857467265,0.35812868827633654,0.027480367655121043
NFLX,2023-10-09,0.3893815082496582,0.3893815082496582,0.38144128848751685,0.3841619363144064,0.3749781266584569,0.01630174639963401
NFLX,2023-10-10,0.3669847057982728,0.3669847057982728,0.38415434094650475,0.3743189147966899,0.38816687467081407,0.04646655601220476
NFLX,2023-10-11,0.3538799706375463,0.3538799706375463,0.36484376323807827,0.36197503447974144,0.3657477268595413,0.06055042402840216
NFLX,2023-10-12,0.34549226367396835,0.34549226367396835,0.34892010426460557,0.3507386491137484,0.3547132733149108,0.04712594569865437
NFLX,2023-10-13,0.3357036742200382,0.3357036742200382,0.33136508281598037,0.3382340143918464,0.3357270458197313,0.03908396253880153
NFLX,2023-10-16,0.344818441157845,0.344818441157845,0.3387239704184745,0.34309296790452093,0.33672538555042547,0.030133050017581205
NFLX,2023-10-17,0.33577456730275057,0.33577456730275057,0.3380501717861823,0.34152092747727547,0.34529024780032186,0.03602747961147429
NFLX,2023-10-18,0.318875022834777,0.318875022834777,0.32402385021228447,0.3251576418753026,0.32760008469384566,0.0777777357677315
NFLX,2023-10-19,0.417435078120558,0.417435078120558,0.4200624439043698,0.41006452050790754,0.4217255749690532,0.20364252307296765
NFLX,2023-10-20,0.4159987490888497,0.4159987490888497,0.423059193930252,0.42033617500873444,0.42328442012076145,0.088011130981863
NFLX,2023-10-23,0.42642571451754696,0.42642571451754696,0.41756219844238945,0.4212472756421505,0.4192384783196516,0.04723105483445311
NFLX,2023-10-24,0.4386438126218707,0.4386438126218707,0.4337872776252281,0.4388788787451806,0.43037796399228717,0.0401925236401033
NFLX,2023-10-25,0.4342460062351413,0.4342460062351413,0.4375997427105232,0.44195147533905443,0.4414825057699185,0.03898565903050055
NFLX,2023-10-26,0.4205738558284311,0.4205738558284311,0.4348866902515353,0.4266421226014355,0.43342556606270294,0.043145409793297965
NFLX,2023-10-27,0.41051921437611605,0.41051921437611605,0.4222967144419277,0.41606674517442055,0.4246680780971332,0.029140184583741357
NFLX,2023-10-30,0.43217123358259446,0.43217123358259446,0.4269248945866358,0.42283717009826316,0.4175395235162725,0.03155618234544609
NFLX,2023-10-31,0.43502623602140444,0.43502623602140444,0.42639287709411705,0.432162084053088,0.42960732750093217,0.02067095925319581
NFLX,2023-11-01,0.45009933656453815,0.45009933656453815,0.4407206865210544,0.4492220175066248,0.439293133778526,0.027692098288384686
NFLX,2023-11-02,0.4581146519056625,0.4581146519056625,0.4515196607859174,0.4544382560320892,0.4505027076841625,0.025195945358373
NFLX,2023-11-03,0.4716803950422329,0.4716803950422329,0.46593608342521314,0.4694975160752701,0.46379655463885544,0.019079198599553097
NFLX,2023-11-06,0.47590083343003897,0.47590083343003897,0.4663084618481395,0.47678591227170775,0.47363997592278767,0.014058914048705608
NFLX,2023-11-07,0.4756702956190815,0.4756702956190815,0.4709366419928475,0.47926898518722094,0.47679267693553923,0.016235958667155662
NFLX,2023-11-08,0.4792878722195477,0.4792878722195477,0.4716991214811718,0.48405652258442655,0.47472590924115016,0.009170961143647894
NFLX,2023-11-09,0.4766278934042679,0.4766278934042679,0.4757952841333612,0.48525342397001503,0.4800329715359592,0.012034617958538607
NFLX,2023-11-10,0.4980670980704668,0.4980670980704668,0.4883853275866425,0.48732558164098827,0.4790696425146,0.024928257343461113
NFLX,2023-11-13,0.49342109824817304,0.49342109824817304,0.49006985798920993,0.4999910389129921,0.4961817280310638,0.013249044376472192
NFLX,2023-11-14,0.5005674998035727,0.5005674998035727,0.5000886977669503,0.50542166207516,0.4988615172104695,0.02205703872023956
NFLX,2023-11-15,0.5241346469343527,0.5241346469343527,0.5154626842491064,0.5175869339582879,0.5059200503726602,0.029425264757814183
NFLX,2023-11-16,0.5330188760612019,0.5330188760612019,0.5234954381275663,0.5304489218381281,0.5237678284854748,0.018995262527080725
NFLX,2023-11-17,0.5311746412196127,0.5311746412196127,0.5241515141173869,0.5360045913475151,0.5306862519959945,0.012511011883381794
NFLX,2023-11-20,0.5463540813868147,0.5463540813868147,0.5403057027303388,0.5407206444841034,0.5279714521072538,0.018704889087176307
NFLX,2023-11-21,0.5472052719018615,0.5472052719018615,0.5407667620092971,0.5510994913032821,0.5406347722222626,0.014017324102885965
NFLX,2023-11-22,0.5526138458858115,0.5526138458858115,0.5508387697144528,0.5606566439236776,0.5479385139784598,0.01283692582244118
NFLX,2023-11-24,0.5553802319712312,0.5553802319712312,0.546760329704735,0.5582272012399145,0.5484814472304758,0.0019713634318510934
NFLX,2023-11-27,0.5546886185383585,0.5546886185383585,0.5495975083046984,0.5584951479632199,0.551844346127899,0.018767652096322314
NFLX,2023-11-28,0.5543871876446885,0.5543871876446885,0.5469376237731256,0.5595670030015893,0.5502329849121883,0.01320442970732021
NFLX,2023-11-29,0.5511775168541032,0.5511775168541032,0.5478065067599536,0.5569588837388572,0.5517918300638964,0.012942034958239913
NFLX,2023-11-30,0.5454674443304119,0.5454674443304119,0.5435507726818454,0.5496882734261384,0.5453287462177241,0.023769032126342692
NFLX,2023-12-01,0.5308732103259428,0.5308732103259428,0.5375926502713508,0.539291504432944,0.5415805958889544,0.02417888213787445
NFLX,2023-12-04,0.5098772903649096,0.5098772903649096,0.5127141188615014,0.5153539537372127,0.5202473145817132,0.03035083009750952
NFLX,2023-12-05,0.5120939168289523,0.5120939168289523,0.5041848604191399,0.5124600337223081,0.5022244161078928,0.016913496693599307
NFLX,2023-12-06,0.49716273774338593,0.49716273774338593,0.5114728574517471,0.5055824846252619,0.518513349068999,0.022948575922446094
NFLX,2023-12-07,0.5065080424921502,0.5065080424921502,0.49797855337036795,0.5102091994723656,0.502487130056567,0.01786628454328568
NFLX,2023-12-08,0.5096290292832739,0.5096290292832739,0.5026066658714026,0.5145679675961642,0.5023295150502287,0.017501049200905904
NFLX,2023-12-11,0.5204993470632083,0.5204993470632083,0.5294712155368588,0.5260901537143297,0.5173924050413015,0.02862673779807703
NFLX,2023-12-12,0.5260143283172982,0.5260143283172982,0.5205341333866276,0.5296450135230639,0.5276736606349137,0.01632367564379346
NFLX,2023-12-13,0.5561250152161381,0.5561250152161381,0.548267566038912,0.5346112274992386,0.5219813469087582,0.03536052811669382
NFLX,2023-12-14,0.5381260191514822,0.5381260191514822,0.5473986830520838,0.5395773733302649,0.5541738277709622,0.030492235913296303
NFLX,2023-12-15,0.5420804731869745,0.5420804731869745,0.5336383364026087,0.5441147498878841,0.5312992734810111,0.050641430391663855
NFLX,2023-12-18,0.5670130562667506,0.5670130562667506,0.5674007820352742,0.5580485246609455,0.547062778544769,0.03982577593605735
NFLX,2023-12-19,0.5827954258673638,0.5827954258673638,0.57467105642541,0.5740545252501285,0.5682558833860085,0.020454691534933664
NFLX,2023-12-20,0.5725989306035527,0.5725989306035527,0.5830939790129415,0.5817896128939888,0.5745612854115116,0.02585911594898804
NFLX,2023-12-21,0.5767484759086465,0.5767484759086465,0.5715856255434957,0.5788956247339357,0.5757172401485442,0.012191147390987082
NFLX,2023-12-22,0.5681479544047892,0.5681479544047892,0.5744583170720761,0.5765375981656415,0.5780642939606058,0.011786590645286914
NFLX,2023-12-26,0.5760036926637395,0.5760036926637395,0.5664077729074708,0.5781989768823717,0.5699898488987227,0.006733790318616794
NFLX,2023-12-27,0.5770676977190657,0.5770676977190657,0.5709118269112035,0.5833258771183515,0.5732301434991427,0.01071735094730554
NFLX,2023-12-28,0.5747978337969175,0.5747978337969175,0.5689080860131248,0.5830043683084445,0.5745612854115116,0.004283764419423262
NFLX,2023-12-29,0.5683607689450686,0.5683607689450686,0.5677377151732572,0.5702674267758233,0.5717063090567693,0.01207318318102591
NFLX,2024-01-02,0.5357674712298722,0.5357674712298722,0.5542965790192933,0.5343968428625351,0.5591305825294288,0.029531886255279086
NFLX,2024-01-03,0.5388885256670671,0.5388885256670671,0.5372735074195132,0.5413815842779329,0.5313342841903461,0.017389890618442493
NFLX,2024-01-04,0.5467087497385902,0.5467087497385902,0.5473632377671405,0.542739240068475,0.5412477937072793,0.018847807264629264
NFLX,2024-01-05,0.5456270214125859,0.5456270214125859,0.5452530933705582,0.5521534923127842,0.5474130860811115,0.011246677530464638
NFLX,2024-01-08,0.5650801374256996,0.5650801374256996,0.5553427560745119,0.5554583275722289,0.5428416495683226,0.019144986332031443
NFLX,2024-01-09,0.559866654711351,0.559866654711351,0.5550767811500892,0.5557262742955341,0.5457141312777325,0.01801827689073565
NFLX,2024-01-10,0.5531990520485446,0.5531990520485446,0.558463699885043,0.5542077959548903,0.5563456944076872,0.02418568776537221
NFLX,2024-01-11,0.5778479275053289,0.5778479275053289,0.5875625200880572,0.5736258241218697,0.5755071090782033,0.05179309380045144
NFLX,2024-01-12,0.577723796964511,0.577723796964511,0.5829166173008773,0.585755387947263,0.5894664935819156,0.029186311614559503
NFLX,2024-01-16,0.558359364950859,0.558359364950859,0.5711423565506826,0.5632647631864098,0.5710582768624177,0.02673099244953438
NFLX,2024-01-17,0.5567456679202273,0.5567456679202273,0.5570627994056963,0.5583343935582663,0.5614250534631571,0.028361318325664398
NFLX,2024-01-18,0.565576659588971,0.565576659588971,0.5562825972749001,0.5632647631864098,0.5535958169952806,0.02200788696608907
NFLX,2024-01-19,0.561391667742521,0.561391667742521,0.5561053032065097,0.5597634654642772,0.5622657781875129,0.03424289284539504
NFLX,2024-01-22,0.5662859962925217,0.5662859962925217,0.5634287455240603,0.5666232286776045,0.5667671264673011,0.030763704832373614
NFLX,2024-01-23,0.5777770344226165,0.5777770344226165,0.5796716149930443,0.5693027640558056,0.5745612854115116,0.10860269124758495
NFLX,2024-01-24,0.6711945000767613,0.6711945000767613,0.6923431792195116,0.6687507951686997,0.6546923136593412,0.19122905851705374
NFLX,2024-01-25,0.701571171327915,0.701571171327915,0.6940454999082244,0.6890977098528139,0.6795635474106807,0.06282274743182086
NFLX,2024-01-26,0.7165023504134814,0.7165023504134814,0.7227364964033689,0.7069079213896649,0.6968333147478136,0.08791812073939362
NFLX,2024-01-29,0.7260249555150978,0.7260249555150978,0.720803646075177,0.714500108657439,0.7135425766639323,0.043566602517326
NFLX,2024-01-30,0.703078461088407,0.703078461088407,0.7072029384952943,0.7111774193691272,0.7064840435017417,0.0380948780091271
NFLX,2024-01-31,0.7053128108231278,0.7053128108231278,0.7094549316753238,0.7133567693584522,0.6986548738481961,0.028081531417423162
NFLX,2024-02-01,0.7113420375111671,0.7113420375111671,0.7103592599470951,0.7165544122995451,0.7059586156043933,0.015350470911613803
NFLX,2024-02-02,0.7062526853376362,0.7062526853376362,0.7017413206487015,0.7139462930368128,0.7015798716216084,0.021844551906142835
NFLX,2024-02-05,0.7016775785980548,0.7016775785980548,0.7158386004361597,0.7047107173714726,0.6979893362991769,0.022678619365034954
NFLX,2024-02-06,0.6907185768186587,0.6907185768186587,0.699152394330689,0.6996552332509617,0.7008792565489235,0.01282709547161108
NFLX,2024-02-07,0.6967832500480541,0.6967832500480541,0.7017413206487015,0.7007449423181984,0.690440385948973,0.024421616185294554
NFLX,2024-02-08,0.695417814099058,0.695417814099058,0.6944710462585657,0.7021025981087404,0.6946264374017537,0.015361813624110071
NFLX,2024-02-09,0.7003653124610929,0.7003653124610929,0.6985494862682835,0.7063184658564526,0.7024205963459642,0.01445590898607493
NFLX,2024-02-12,0.6942119552322359,0.6942119552322359,0.7028762462036258,0.7043534323586828,0.6942936352200786,0.018636076631365624
NFLX,2024-02-13,0.6883068590850144,0.6883068590850144,0.686491460307521,0.6900623725728317,0.677549362594625,0.017902581223273734
NFLX,2024-02-14,0.7323024432847728,0.7323024432847728,0.7255913976458039,0.7174654447878126,0.7063790113737367,0.03395403176715679
NFLX,2024-02-15,0.7573592245514381,0.7573592245514381,0.7477923218816089,0.7460119244469288,0.7320384537854294,0.03082873638401887
NFLX,2024-02-16,0.7404951266248206,0.7404951266248206,0.7535199146526241,0.740902810094668,0.7583809391008087,0.024059405566247114
NFLX,2024-02-20,0.7248546108357034,0.7248546108357034,0.734014252589662,0.7269690353216065,0.729008357069681,0.01497389285673776
NFLX,2024-02-21,0.7216981098571521,0.7216981098571521,0.7158917683635748,0.7227888756316287,0.7173258713306989,0.008519133265529118
NFLX,2024-02-22,0.7485104419659451,0.7485104419659451,0.742614469245584,0.7434573672707983,0.7335097053494692,0.018016764529069484
NFLX,2024-02-23,0.7398035131919479,0.7398035131919479,0.7454162025606039,0.7451186778423802,0.7399026341483099,0.010774820690619955
NFLX,2024-02-26,0.7470563220174872,0.7470563220174872,0.7424371751771934,0.7512817250589949,0.734928374035176,0.009449991871056045
NFLX,2024-02-27,0.7719180120145511,0.7719180120145511,0.7683441609997896,0.7674664022271469,0.7549655241393829,0.025297273590006313
NFLX,2024-02-28,0.7627145610772826,0.7627145610772826,0.7555946137642633,0.7633219505949036,0.7563491821157546,0.011049314333029601
NFLX,2024-02-29,0.7741346384785938,0.7741346384785938,0.7668546473080846,0.7725218182025095,0.7711668635128208,0.018360826808122895
NFLX,2024-03-01,0.8032522134048198,0.8032522134048198,0.7948008869573764,0.7802747598752371,0.7633902099232777,0.023640481384718342
NFLX,2024-03-04,0.7970279630932505,0.7970279630932505,0.8021421195610723,0.8081066013636253,0.80148526921064,0.014188220971163044
NFLX,2024-03-05,0.7662966234903213,0.7662966234903213,0.7781856390654662,0.7668768785487863,0.7814131083970981,0.02045922861993217
NFLX,2024-03-06,0.764860294458613,0.764860294458613,0.7729013829309375,0.7696636062453392,0.7689599861667609,0.010023933123367124
NFLX,2024-03-07,0.7840474261194131,0.7840474261194131,0.7775118404331738,0.773843765935317,0.7625669905535895,0.012089819159353768
NFLX,2024-03-08,0.7775038863513531,0.7775038863513531,0.787371041141322,0.7826684945012656,0.7782078913203441,0.012349945365934811
NFLX,2024-03-11,0.7706057458775891,0.7706057458775891,0.778345210491385,0.781828878128467,0.777875089138669,0.010260617724122546
NFLX,2024-03-12,0.7886048095883164,0.7886048095883164,0.7859701406619752,0.7745047057291465,0.7640908249959628,0.012685689655824294
NFLX,2024-03-13,0.785714292962079,0.785714292962079,0.7851722158887076,0.794047780243345,0.7871405664612505,0.007925531311557845
NFLX,2024-03-14,0.79202722727311,0.79202722727311,0.7957230055152931,0.794297872937783,0.7899954760016621,0.014945914165913638
NFLX,2024-03-15,0.7793836353803699,0.7793836353803699,0.7994822350294997,0.7879919253450818,0.8038673337320368,0.041798651729574615
NFLX,2024-03-18,0.8015676232914758,0.8015676232914758,0.8074440983380728,0.7998356202731542,0.7874733018285947,0.01663749068952349
NFLX,2024-03-19,0.8057348918672477,0.8057348918672477,0.7965740982159759,0.7954589981204887,0.7910814093200245,0.0075512217991810585
NFLX,2024-03-20,0.8180593295956399,0.8180593295956399,0.8111678825673359,0.8139302175963175,0.7986653703795634,0.01130868435877756
NFLX,2024-03-21,0.8092282702808248,0.8092282702808248,0.8197680992232579,0.8210579275329499,0.8174063892807364,0.01031203802077229
NFLX,2024-03-22,0.8186267448416235,0.8186267448416235,0.8103521675079228,0.8186819787906403,0.8060392003687615,0.00749904532169823
NFLX,2024-03-25,0.817651423785759,0.817651423785759,0.8128524806135768,0.822540629670711,0.8125898109882714,0.004985500232525607
NFLX,2024-03-26,0.82080792476431,0.82080792476431,0.819821267150673,0.8154307737629458,0.807860759469144,0.012556382733366858
NFLX,2024-03-27,0.7929493785169403,0.7929493785169403,0.8144306075176406,0.8003358738071786,0.8145339743856572,0.011223992105472102
NFLX,2024-03-28,0.781954930196188,0.781954930196188,0.78543819081313,0.7840082962629404,0.7899779706469945,0.0193945260069493
NFLX,2024-04-01,0.7943325377366145,0.7943325377366145,0.7856332751676658,0.7911180840255574,0.7777349794869981,0.007349321516747515
NFLX,2024-04-02,0.7941552373837625,0.7941552373837625,0.7854913587405452,0.7910108917072056,0.7829894589034738,0.006693712734463321
NFLX,2024-04-03,0.822297491254124,0.822297491254124,0.8127637997575448,0.8017113836265879,0.7860546331428879,0.013514463848884824
NFLX,2024-04-04,0.7993509968274329,0.7993509968274329,0.8262226585539805,0.8107862048869747,0.821890232205857,0.01452094053772019
NFLX,2024-04-05,0.8331146392220242,0.8331146392220242,0.8260630871280616,0.8217367213556468,0.8073703422811307,0.016899129257770703
NFLX,2024-04-08,0.8193360815451741,0.8193360815451741,0.8279959374562536,0.8313832122655269,0.8274600084493402,0.007574663405006673
NFLX,2024-04-09,0.8012306782103785,0.8012306782103785,0.8155655330725646,0.8090891181125102,0.819753443092798,0.007558783607511901
NFLX,2024-04-10,0.8019045683725731,0.8019045683725731,0.7945526346754255,0.7978527327465172,0.7829369428394715,0.012569237807529294
NFLX,2024-04-11,0.8199921807906195,0.8199921807906195,0.8149803476526309,0.8119651840985476,0.8064946068474399,0.011484118312053145
NFLX,2024-04-12,0.8094410848211043,0.8094410848211043,0.8175692739706435,0.8149662964318041,0.8131678217639531,0.013726950662981546
NFLX,2024-04-15,0.7816357083857689,0.7816357083857689,0.8123381857635299,0.7880812636345664,0.8165656645563806,0.014680494693501005
NFLX,2024-04-16,0.8000248193435563,0.8000248193435563,0.7986487973276148,0.7945658196610883,0.7768592440533073,0.01796005096658815
NFLX,2024-04-17,0.793233086139932,0.793233086139932,0.7960244257246591,0.7949409587027452,0.800451918770611,0.016395512822936477
NFLX,2024-04-18,0.7876826583444861,0.7876826583444861,0.796662779072008,0.7908679913311194,0.7849161169461922,0.05538570893843554
NFLX,2024-04-19,0.6892290103288448,0.6892290103288448,0.7216016384921184,0.6957073122265548,0.7074648778777683,0.11573876976940266
NFLX,2024-04-22,0.6884487128965103,0.6884487128965103,0.6854452832523024,0.6775755237346485,0.6773041540006182,0.056363450755613706
NFLX,2024-04-23,0.7295006783040684,0.7295006783040684,0.7219740169150446,0.7012808357648089,0.6875153213612297,0.028973068619629696
NFLX,2024-04-24,0.6893708641403407,0.6893708641403407,0.717895576905327,0.694171048002192,0.718727034661738,0.03184504342368434
NFLX,2024-04-25,0.706536392960628,0.706536392960628,0.6995070501111436,0.6841851261083893,0.6752023087825634,0.020137851765871292
NFLX,2024-04-26,0.700205735378919,0.700205735378919,0.6930879360653643,0.6975472993771056,0.6905279127223105,0.02411158204372994
NFLX,2024-04-29,0.6971201951291514,0.6971201951291514,0.6872717300819906,0.6994229945853909,0.6922268675256895,0.0103211121907693
NFLX,2024-04-30,0.6814264418819286,0.6814264418819286,0.6879100834293395,0.6907411663955284,0.6936631083803946,0.0167683099736471
NFLX,2024-05-01,0.6833239141816234,0.6833239141816234,0.688601672347777,0.6815770068456571,0.6723649045968192,0.0176129639642024
NFLX,2024-05-02,0.707157045664717,0.707157045664717,0.697591990069097,0.7018345832402868,0.6866921688058722,0.014550431590210484
NFLX,2024-05-03,0.7323201665554507,0.7323201665554507,0.7238359090296762,0.7189302928967065,0.7041720672133458,0.01635997232378151
NFLX,2024-05-06,0.7635834748630074,0.7635834748630074,0.7541228227150296,0.7458868780997099,0.7318807719647602,0.019224385319505308
NFLX,2024-05-07,0.7795963822745781,0.7795963822745781,0.7695676997670724,0.7656621231343306,0.7572074121947778,0.018678422758018353
NFLX,2024-05-08,0.7857497395034351,0.7857497395034351,0.7911479932980001,0.7840797123784093,0.7665779216453643,0.01474477006431318
NFLX,2024-05-09,0.7903958069718003,0.7903958069718003,0.7867148975078277,0.7914396609806127,0.7889445533926347,0.006967450196039882
NFLX,2024-05-10,0.788232417965863,0.788232417965863,0.8013618497866029,0.7902070515372897,0.7970014930998501,0.011415305856242463
NFLX,2024-05-13,0.7983756757715684,0.7983756757715684,0.7911479932980001,0.7933689182754997,0.7887694330316288,0.007124735809321443
NFLX,2024-05-14,0.793179916327898,0.793179916327898,0.7969287539964305,0.7961735681460682,0.7902932006596712,0.012464884852563644
NFLX,2024-05-15,0.7929316552462623,0.7929316552462623,0.8015746567836104,0.7974240316182584,0.7962482951488319,0.03422928159039952
NFLX,2024-05-16,0.7876116976157025,0.7876116976157025,0.7913608002950077,0.7974061775893913,0.7913091125593636,0.014461202251906523
NFLX,2024-05-17,0.8063732678420149,0.8063732678420149,0.8045714068094925,0.8074456615697956,0.7934984845507562,0.01995334364259869
NFLX,2024-05-20,0.841342769103428,0.841342769103428,0.8375181373827452,0.8160381514701736,0.7994535790399169,0.02052199162907818
NFLX,2024-05-21,0.8587033215472456,0.8587033215472456,0.8490619361371343,0.8422980206764645,0.8281080406436918,0.013431283957245535
NFLX,2024-05-22,0.8407220487532677,0.8407220487532677,0.8461716572534295,0.8492649080629953,0.8462885541238507,0.007805298559097423
NFLX,2024-05-23,0.8322102788949431,0.8322102788949431,0.8345746905716251,0.8347594636404405,0.8378814405089541,0.008846559566254675
NFLX,2024-05-24,0.8518584861776582,0.8518584861776582,0.8510479543927412,0.848335953400712,0.8327319932204835,0.011125688597171127
NFLX,2024-05-28,0.8558483867545069,0.8558483867545069,0.8470581952390557,0.8580360745423423,0.846131005931843,0.01108183010885223
NFLX,2024-05-29,0.865814276561289,0.865814276561289,0.8727702319944632,0.8595723387667049,0.8410166361670381,0.01929697867948141
NFLX,2024-05-30,0.8534721155622188,0.8534721155622188,0.8590098853449879,0.8610728949333333,0.8574631173201519,0.009413695191067991
NFLX,2024-05-31,0.8427614425105298,0.8427614425105298,0.8449835637710901,0.8317226432494496,0.8408064382823666,0.022133412984381085
NFLX,2024-06-03,0.8288764775635399,0.8288764775635399,0.8417917293906723,0.8298826560988988,0.842925788855089,0.00891915292623078
NFLX,2024-06-04,0.8250283631521161,0.8250283631521161,0.8213107808423781,0.8283999539611377,0.8228885719365513,0.01409672309035983
NFLX,2024-06-05,0.8581004597599057,0.8581004597599057,0.8497180797706285,0.8316333049599649,0.8233089677058945,0.011634598297836946
NFLX,2024-06-06,0.8549971285933889,0.8549971285933889,0.8616697698765607,0.8601976386479484,0.8423477112650766,0.010002003879207674
NFLX,2024-06-07,0.8424954581582159,0.8424954581582159,0.8482108434364515,0.8530520746824486,0.8502120252566188,0.00553978078317649
NFLX,2024-06-10,0.8478684503086672,0.8478684503086672,0.8382628942285979,0.8447453173890949,0.8355518920515601,0.006959888387709038
NFLX,2024-06-11,0.8550504336975656,0.8550504336975656,0.8478383973698516,0.8535522600713248,0.8350439695088792,0.007738754645785995
NFLX,2024-06-12,0.8577280004913811,0.8577280004913811,0.857750901292762,0.8581789067732801,0.8551687132007546,0.007186742637634365
NFLX,2024-06-13,0.8634025588276449,0.8634025588276449,0.8568110600923735,0.8568213191278864,0.840788932927699,0.005441477274875515
NFLX,2024-06-14,0.8919883003413861,0.8919883003413861,0.8928609441900122,0.8752032003142309,0.8601429064995578,0.024977409097611602
NFLX,2024-06-17,0.903426033367304,0.903426033367304,0.905504223214382,0.8974794404383803,0.884769065285552,0.01880772968047579
NFLX,2024-06-18,0.9208753374566544,0.9208753374566544,0.9132177665973307,0.9145035976890343,0.8961888370758602,0.01360974263385346
NFLX,2024-06-20,0.9091005917035678,0.9091005917035678,0.9182182575212916,0.9128602092914682,0.9069955205668208,0.010897321985579633
NFLX,2024-06-21,0.9216732905135957,0.9216732905135957,0.9129340690304366,0.9206844989345164,0.9095526386348922,0.025425824331630664
NFLX,2024-06-24,0.8913498567205475,0.8913498567205475,0.9104515462109277,0.8963896632259953,0.9126003075196389,0.020963601235599483
NFLX,2024-06-25,0.8973612924918374,0.8973612924918374,0.8894740254550584,0.8924597325207524,0.892353026345091,0.008519133265529118
NFLX,2024-06-26,0.9067243205112797,0.9067243205112797,0.9059474245635215,0.906250538772579,0.8905489057850453,0.01816195124902169
NFLX,2024-06-27,0.9185167895350445,0.9185167895350445,0.9158953737713753,0.9207560513402822,0.9027043033573734,0.009533927943528416
NFLX,2024-06-28,0.9017413756078886,0.9017413756078886,0.9131112954551535,0.9117168699924814,0.9020913486866875,0.01715320601768707
NFLX,2024-07-01,0.8994893026024898,0.8994893026024898,0.8918679350622087,0.8951034916960707,0.8948926390584953,0.008082060744006324
NFLX,2024-07-02,0.9100759127594323,0.9100759127594323,0.9037841798831976,0.9063399452072118,0.8925280798917661,0.009583835878511988
NFLX,2024-07-03,0.915271672203103,0.915271672203103,0.9073483250428684,0.9160399982036938,0.8994290648619492,0.001962289261854081
NFLX,2024-07-05,0.9297063967714695,0.9297063967714695,0.9317126292463442,0.9191303806812865,0.9082390688915214,0.011456895802062106
NFLX,2024-07-08,0.9209994003514009,0.9209994003514009,0.9164096009777487,0.9267404219779278,0.9161032492544021,0.005949630794708248
NFLX,2024-07-09,0.9209994003514009,0.9209994003514009,0.9277760380200737,0.93251040797887,0.9213577954852086,0.01098050187721892
NFLX,2024-07-10,0.9066534274285675,0.9066534274285675,0.913501464164225,0.911859838513716,0.9126353182289739,0.011402450782080027
NFLX,2024-07-11,0.8624982661466353,0.8624982661466353,0.8873816713446212,0.8659140625622888,0.8906890822510469,0.02996442169180338
NFLX,2024-07-12,0.8533657759381504,0.8533657759381504,0.8579991535747129,0.859250829956798,0.8561145368674461,0.01672067058116278
NFLX,2024-07-15,0.8690593938932306,0.8690593938932306,0.8786040929766352,0.8644670684822624,0.8469191477778655,0.015613621841527182
NFLX,2024-07-16,0.8688289913744155,0.8688289913744155,0.8717593649368409,0.8689330289244126,0.8719655687045416,0.011658039903662563
NFLX,2024-07-17,0.8531175148565148,0.8531175148565148,0.84829945664881,0.8516764967178911,0.8512978917606504,0.02172734387701475
NFLX,2024-07-18,0.8452794998682424,0.8452794998682424,0.8599851718303198,0.8511406032712805,0.8628578400169602,0.048636038822323965
NFLX,2024-07-19,0.8280784568605276,0.8280784568605276,0.8988723021715952,0.833187423213195,0.8699338785338182,0.0655729771217489
NFLX,2024-07-22,0.853188407939227,0.853188407939227,0.8586551619208598,0.8394040325164116,0.8329071803958201,0.030815125129023357
NFLX,2024-07-23,0.844782977704971,0.844782977704971,0.84734189280595,0.8544096623278423,0.8469191477778655,0.009978562273382056
NFLX,2024-07-24,0.8327776941409267,0.8327776941409267,0.8517927112385939,0.8395290788636305,0.8263215590669752,0.028312922752346998
NFLX,2024-07-25,0.8294084462681673,0.8294084462681673,0.847466086590599,0.8199324422628305,0.8355343866968925,0.025789547312344275
NFLX,2024-07-26,0.8245850784469503,0.8245850784469503,0.8421640401699251,0.834348616541049,0.8425404037950808,0.014947426527579806
NFLX,2024-07-29,0.816764786729356,0.816764786729356,0.820211368216071,0.8239161394901202,0.8243423181459237,0.009501412167705784
NFLX,2024-07-30,0.8089977324698673,0.8089977324698673,0.8203532846431916,0.8115364829702889,0.8165656645563806,0.017789910279144155
NFLX,2024-07-31,0.8192296742750346,0.8192296742750346,0.8184204343149997,0.8215044826900759,0.8102603293452082,0.015054804205877795
NFLX,2024-08-01,0.8130231472341433,0.8130231472341433,0.8416675356060233,0.8126261920375255,0.8149543033406697,0.019483755345253265
NFLX,2024-08-02,0.7931444021404704,0.7931444021404704,0.8036493558952493,0.7960842298565838,0.8004694241252786,0.017989542019078444
NFLX,2024-08-05,0.7663853074897832,0.7663853074897832,0.7669256055216449,0.7580163737799548,0.7410235781760075,0.02193075652111446
NFLX,2024-08-06,0.7859271075023585,0.7859271075023585,0.7986487973276148,0.7822755014307414,0.7648089454233151,0.024009497631263543
NFLX,2024-08-07,0.7893140786457961,0.7893140786457961,0.8155832557150364,0.8001750512570769,0.791869551166047,0.015454823866579454
NFLX,2024-08-08,0.8227762901467172,0.8227762901467172,0.8160974829214098,0.8097858341092226,0.8022384671616585,0.016178488923841248
NFLX,2024-08-09,0.8291424619158537,0.8291424619158537,0.8237755810194152,0.822236906744523,0.8039899380290401,0.0063277212112504595
NFLX,2024-08-12,0.8277237885087522,0.8277237885087522,0.8279959374562536,0.8295253710861088,0.818019410765753,0.0089811597545437
NFLX,2024-08-13,0.8541105591830572,0.8541105591830572,0.8492215752067267,0.8445845629841413,0.8312607416564435,0.011309440539610641
NFLX,2024-08-14,0.8783338055592825,0.8783338055592825,0.8715644158696523,0.8681648968122313,0.8490209929959205,0.021704658452022216
NFLX,2024-08-15,0.8810646774572747,0.8810646774572747,0.8886229327543755,0.887993772078602,0.8836830651528589,0.015624208373190365
NFLX,2024-08-16,0.9003049789301091,0.9003049789301091,0.9011065727091532,0.8979260637406548,0.8853295038922353,0.017898800319108312
NFLX,2024-08-19,0.9259468987134359,0.9259468987134359,0.9163741556928053,0.9114132152114418,0.8934563982037902,0.014157217557006583
NFLX,2024-08-20,0.9436976336964563,0.9436976336964563,0.9562542951618844,0.9388162874264228,0.9193611160238204,0.027745030946700593
NFLX,2024-08-21,0.9411795763387435,0.9411795763387435,0.9379366589375877,0.9444077331386926,0.9336182251855416,0.008252201431450317
NFLX,2024-08-22,0.9267095405211635,0.9267095405211635,0.938823332210561,0.935225719559954,0.9231092663525904,0.011988490927720457
NFLX,2024-08-23,0.9227549511935286,0.9227549511935286,0.9291946611418922,0.9216313076256668,0.928591515822736,0.009153568984486951
NFLX,2024-08-26,0.9257873892773333,0.9257873892773333,0.9194772415735177,0.9270083687012332,0.9165586557330805,0.0015894921111434604
NFLX,2024-08-27,0.938696965522387,0.938696965522387,0.9501543239679426,0.9364404749744097,0.9187830384338078,0.015281658455803121
NFLX,2024-08-28,0.917630220124713,0.917630220124713,0.9302585608395824,0.9188981420157156,0.9315690296601509,0.009729022598464199
NFLX,2024-08-29,0.9329515141034109,0.9329515141034109,0.9358088595422072,0.9349220647789143,0.9213577954852086,0.007886966089070541
NFLX,2024-08-30,0.9486807138919898,0.9486807138919898,0.9394616179142363,0.9386556011666176,0.9395033650703632,0.016051450543883065
NFLX,2024-09-03,0.9025216053941517,0.9025216053941517,0.9430081757187825,0.9080190416625127,0.9390479585916849,0.015252167403312828
NFLX,2024-09-04,0.9102532807583558,0.9102532807583558,0.9089441745894038,0.9116811619347469,0.892125323105752,0.00484938768257041
NFLX,2024-09-05,0.91724003758551,0.91724003758551,0.9136611032338173,0.9095374518580082,0.8918275984477426,0.005036920529175348
NFLX,2024-09-06,0.8855866820308932,0.8855866820308932,0.9062844253451781,0.8925311486362213,0.9071005526948257,0.013968928529568561
NFLX,2024-09-09,0.9026989733930751,0.9026989733930751,0.9069049884063818,0.9100376372468841,0.8933338607211176,0.011638379202002367
NFLX,2024-09-10,0.8995070258731678,0.8995070258731678,0.9017448584128285,0.8987299039105705,0.8983605700839234,0.0070718031510055325
NFLX,2024-09-11,0.913427505007585,0.913427505007585,0.9059651472059933,0.8897801289974028,0.8993940541526142,0.009436380616060527
NFLX,2024-09-12,0.9228791493804177,0.9228791493804177,0.9270844491016361,0.9280087394789853,0.9124601310536373,0.010874636560587101
NFLX,2024-09-13,0.9410732367146751,0.9410732367146751,0.9355250266879658,0.9240786724834456,0.9038603249087367,0.0085637479346811
NFLX,2024-09-16,0.9400801923881325,0.9400801923881325,0.9415186620270772,0.9394951493942678,0.9388727714163483,0.0052909972890917145
NFLX,2024-09-17,0.9585402640747037,0.9585402640747037,0.9496932646889844,0.9568945138317273,0.9403090122710531,0.008730863898792757
NFLX,2024-09-18,0.929387107314979,0.929387107314979,0.9495513482618636,0.9383698004144452,0.9520965301380404,0.013916752052085736
NFLX,2024-09-19,0.9539473664183727,0.9539473664183727,0.9639323932598898,0.9515354430753251,0.9476302593819179,0.023324397796489055
NFLX,2024-09-20,0.9481131633538636,0.9481131633538636,0.9479909440002716,0.9532145395306257,0.948593588403277,0.02158215715706254
NFLX,2024-09-23,0.9558093921767116,0.9558093921767116,0.9578855899933632,0.9583057998540194,0.943058822869129,0.01573082987065527
NFLX,2024-09-24,0.9857603667012348,0.9857603667012348,0.9759549739357087,0.9677557601560631,0.9504852357366604,0.01831243123480549
NFLX,2024-09-25,0.9845190612930567,0.9845190612930567,0.9807072125777188,0.9887636827791553,0.9756541941460088,0.008437465735556003
NFLX,2024-09-26,0.9665555117697567,0.9665555117697567,0.9809554648596697,0.962878884469373,0.9821872994108511,0.01277189427079592
NFLX,2024-09-27,0.9593204938609668,0.9593204938609668,0.9551548148919036,0.9620393362417228,0.9535152656380779,0.009464359306884648
NFLX,2024-09-30,0.9627252559211535,0.9627252559211535,0.9560414881648769,0.9648439179671429,0.9511332011166813,0.004279227334424755
NFLX,2024-10-01,0.9571570372089583,0.9571570372089583,0.9676561774891528,0.9572875750473999,0.9627631707916608,0.012624439008344455
NFLX,2024-10-02,0.965952649982417,0.965952649982417,0.9649076797452214,0.9681845294294704,0.9496094334886387,0.004644462676804531
NFLX,2024-10-03,0.9583451728051023,0.9583451728051023,0.9517856187994216,0.9598063560206476,0.9463341949932147,0.008411755587231132
NFLX,2024-10-04,0.9812207741490809,0.9812207741490809,0.9734191479014378,0.9755623320605409,0.9622027321849775,0.008204562038966
NFLX,2024-10-07,0.9496914814892107,0.9496914814892107,0.9643224266816142,0.9534289241673293,0.9647248395437142,0.016760748165316253
NFLX,2024-10-08,0.9848737972909033,0.9848737972909033,0.9806007414355415,0.9661480798162316,0.9456685906298647,0.015451799143247118
NFLX,2024-10-09,0.994928303451076,0.994928303451076,0.9868603516990755,0.9935154439734781,0.9725891535352564,0.006329989753749713
NFLX,2024-10-10,0.9999999999999999,0.9999999999999999,0.9961876025583785,1.0,0.9796651920521147,0.012279620548457958
NFLX,2024-10-11,0.9867002412157432,0.9867002412157432,1.0,0.997713457692323,1.0,0.008737669526290518
