Symbol,Date,Adj Close,Close,High,Low,Open,Volume
NVDA,2018-01-02,0.01343162968107944,0.013645837302384469,0.012639036469081079,0.01341264064430727,0.012677680206448477,0.10678128174660388
NVDA,2018-01-03,0.01588205588073714,0.016123123045471154,0.015220657751443607,0.015184011459154663,0.014199954823263614,0.33841776169145077
NVDA,2018-01-04,0.01609123134779426,0.016334597691454605,0.01601150551113114,0.016896017102312262,0.01633333366718998,0.20110007938204638
NVDA,2018-01-05,0.016429312454248054,0.016676360455076724,0.015804248019851183,0.016587703920602062,0.016046078526216163,0.19979748463319363
NVDA,2018-01-08,0.017661978717217645,0.017922555478061267,0.017275044882253156,0.018023951711851414,0.01718229504807391,0.32454330464641845
NVDA,2018-01-09,0.017650772824220656,0.01791122545019574,0.01706051574581912,0.018035442687679634,0.017515290875606878,0.1653582715595175
NVDA,2018-01-10,0.017975750934453628,0.018239767447036443,0.01706051574581912,0.017529883582042008,0.01677976863085569,0.20084983535268663
NVDA,2018-01-11,0.018050470112187345,0.018315296164263365,0.017505937821015324,0.01891059409183296,0.01802393484809257,0.12766920059461961
NVDA,2018-01-12,0.01784501311171532,0.018107595793296783,0.017273227837875126,0.018552492769145487,0.01776778421152875,0.10856282036621805
NVDA,2018-01-16,0.01730896964452165,0.017565688411556746,0.017731372691359507,0.017662018846365528,0.017850118843251505,0.250436269806152
NVDA,2018-01-17,0.0181699912219483,0.018436137790137485,0.017296859817715393,0.017702233609197295,0.01723718247602862,0.18251407415509496
NVDA,2018-01-18,0.018117694650188924,0.018383269128641622,0.017573203139422004,0.0188091002121957,0.017829989730558046,0.12874640999252585
NVDA,2018-01-19,0.019176685801675707,0.019453863125340285,0.0183822317458157,0.01963638107305446,0.018589298388644638,0.21191857622748012
NVDA,2018-01-22,0.019845324521570177,0.020129829298328423,0.018867649603180305,0.0198470282653588,0.01901743637972855,0.18770788069823058
NVDA,2018-01-23,0.020820255245608984,0.021115458890257986,0.01997120237798678,0.021187527664885,0.020009109261043555,0.1563378857859734
NVDA,2018-01-24,0.02023940623972795,0.02052823499846328,0.02009119319213392,0.020890701806436006,0.020592769774177424,0.19973450931454678
NVDA,2018-01-25,0.020342123919983596,0.020632085183946564,0.01995665908767863,0.021312003496178705,0.02040248544707553,0.12926512774874838
NVDA,2018-01-26,0.021645780074121445,0.021950031047733704,0.020609335186512853,0.021666276928634785,0.02042444321008997,0.17337768121562253
NVDA,2018-01-29,0.022303209294358802,0.022614667192856302,0.021476543889423057,0.02224269218179043,0.021269743800541262,0.14800525678186177
NVDA,2018-01-30,0.021531852894208687,0.021834850834384887,0.021169293475080155,0.021821390492047732,0.020971509778060237,0.19594770396959948
NVDA,2018-01-31,0.02210710797024153,0.022416409712246826,0.02168743546945908,0.022978048888590424,0.021824128459586114,0.15772500004143114
NVDA,2018-02-01,0.021117216820019418,0.02141567581743486,0.021256560152212972,0.021754365887328125,0.02049762761062648,0.17456592604377447
NVDA,2018-02-02,0.019813564272541693,0.02009772995364772,0.01963304833864954,0.020434934494342666,0.020219522700838915,0.25711331082794314
NVDA,2018-02-05,0.016111796523806118,0.01635537060967723,0.018771294236515378,0.015423386091029556,0.018389867320147187,0.4422027440666478
NVDA,2018-02-06,0.018330617437112114,0.018598521651049405,0.017402307341554374,0.015231885655016243,0.014254845741009017,0.42131979695431476
NVDA,2018-02-07,0.01893202440568476,0.019206511258251815,0.01908763334039039,0.01957892984648036,0.018861917347469285,0.29210935829807544
NVDA,2018-02-08,0.01682524438904807,0.017076653292720022,0.01913308372333483,0.017819046354894175,0.019648669719533236,0.43341768711541556
NVDA,2018-02-09,0.019544622840613913,0.019825834494727215,0.019800306580119158,0.017820963952576888,0.020448229623425376,0.6532529237948926
NVDA,2018-02-12,0.018788194406706007,0.019061122439138194,0.01918035461829925,0.01925912568894194,0.019919456538246224,0.41235907200896244
NVDA,2018-02-13,0.01964735134084993,0.019929684680210506,0.019002187175277546,0.019301254396889407,0.018309361338745406,0.21860721796586408
NVDA,2018-02-14,0.021289052534840352,0.021589389706212308,0.02047298403767952,0.020316204150963073,0.019121728774465743,0.26810250393181434
NVDA,2018-02-15,0.02223784579297983,0.02254858136598648,0.021523811316745536,0.02241695615406141,0.021644823013991444,0.24900772442000563
NVDA,2018-02-16,0.02174103196792593,0.022046329081775787,0.021820152529536348,0.022790379995375525,0.021756433499803215,0.22363364274101732
NVDA,2018-02-20,0.0227197100118308,0.023035732948722226,0.02216012708089357,0.02300677267559397,0.02163750492291686,0.243762543274816
NVDA,2018-02-21,0.021305855964345654,0.021606381146603144,0.022178307927599734,0.022386314769375158,0.022907286203810124,0.32913221668149906
NVDA,2018-02-22,0.021453509023053024,0.021727226373884728,0.021025667213450804,0.022030127391803385,0.02126791515022029,0.18083859923004386
NVDA,2018-02-23,0.02215993472103873,0.02244095690548632,0.0210802097535693,0.02260845659007473,0.021604571768185896,0.13150903778684842
NVDA,2018-02-26,0.02228141785390569,0.022563689270276337,0.021452908441940845,0.022903364850841004,0.022195550372394342,0.15388682009442983
NVDA,2018-02-27,0.02218422197029581,0.022465504098725813,0.021621987195430438,0.023108270207798244,0.021774726982594323,0.14813783640006561
NVDA,2018-02-28,0.021425460027289397,0.02169890490562836,0.021474723377403082,0.02241887009917711,0.02195769321862163,0.17617842565017872
NVDA,2018-03-01,0.01959584823431725,0.019850381687966708,0.020745689802988125,0.019850859808157213,0.021117882068923944,0.39037902855599255
NVDA,2018-03-02,0.02040506735242115,0.020667958803644134,0.019420336246593534,0.018650155105984334,0.01854721500272743,0.33788910046386295
NVDA,2018-03-05,0.020238742614265625,0.02049991353020691,0.01950214832295031,0.020118958227035647,0.019763937505986953,0.21664006788076456
NVDA,2018-03-06,0.021455377272995877,0.021729113511393162,0.02053661526733013,0.021620316677888905,0.02060374865568464,0.22328230675277716
NVDA,2018-03-07,0.021395568028203766,0.0216686926984561,0.020720237311127883,0.021733301533354392,0.02040248544707553,0.20024659808985917
NVDA,2018-03-08,0.021272227465374317,0.021544073196157646,0.02053843231170816,0.02200905938526264,0.021308166396025837,0.13010535107911525
NVDA,2018-03-09,0.022047796444546155,0.022327667431053393,0.021065662995619204,0.02259505166913081,0.021335610110003195,0.1688898611394224
NVDA,2018-03-12,0.022875708882058945,0.023164126726037546,0.022365564060153553,0.023403178468564524,0.022049178081530636,0.2101287513817282
NVDA,2018-03-13,0.022492591410670035,0.022777051053768222,0.022638273293104097,0.02328253418006923,0.022870692258646522,0.21622409932865
NVDA,2018-03-14,0.022685075254685615,0.02297153425936083,0.021920145452599286,0.023317003454986884,0.02249744169551732,0.16887826042282955
NVDA,2018-03-15,0.022797206317857945,0.023084823733793756,0.0222964782297269,0.02358893341666373,0.02246816933121899,0.12597881046252057
NVDA,2018-03-16,0.02301025173122526,0.02330007625620153,0.022047407911900505,0.02374979246799079,0.022598073299821875,0.1249446894405306
NVDA,2018-03-19,0.021238577326442253,0.02151008671396851,0.02170197875976724,0.0215513781280536,0.022265077472288907,0.2551693621760293
NVDA,2018-03-20,0.02284205874312688,0.023130140243848418,0.02202922706519434,0.022340354518629278,0.02097333842838121,0.18926237672167062
NVDA,2018-03-21,0.022651435935733915,0.0229375477771717,0.022183762528375776,0.02352956824497393,0.02247365528218191,0.1411989506323219
NVDA,2018-03-22,0.021397432671486496,0.021670579835964533,0.02143472759523468,0.022190986443130445,0.021866211845503327,0.1878122871475661
NVDA,2018-03-23,0.019737885723215703,0.019993883369571894,0.020456620235351393,0.020693459535075592,0.021207534791721282,0.26422123560889677
NVDA,2018-03-26,0.021888944706162036,0.022167170707649914,0.020825681367324926,0.021340727283182245,0.02040248544707553,0.21276542853875718
NVDA,2018-03-27,0.018345588683275783,0.018587191623183872,0.021820152529536348,0.01826715788652472,0.0221864001412081,0.5432101834404742
NVDA,2018-03-28,0.01756626517091763,0.01779982311327125,0.018073164287094767,0.017721384018055328,0.017864755025400667,0.3513442744663256
NVDA,2018-03-29,0.019479984277919336,0.019733314337109457,0.019183988707055316,0.01842993088296748,0.017861094234968036,0.33921489664590143
NVDA,2018-04-02,0.017510203245991587,0.01774317657535106,0.019029456711515826,0.017817132409778474,0.018708226965530993,0.34147869362673205
NVDA,2018-04-03,0.01831381040094669,0.018555092278503178,0.018247697641360403,0.018554406714261187,0.0185362396110109,0.23597017621488509
NVDA,2018-04-04,0.01848014235242246,0.018723141153347857,0.017576840695820016,0.017146882710015375,0.016196108117721823,0.2864067774700826
NVDA,2018-04-05,0.017571877134066428,0.017805488127204016,0.018025896859772288,0.018006718900676094,0.018682611901874608,0.24997721287812125
NVDA,2018-04-06,0.016239371305618016,0.016459217193753057,0.01665690996481129,0.016968787194945982,0.016602291835581987,0.23412897676707917
NVDA,2018-04-09,0.016456182072152003,0.016678247592585165,0.016724178750859908,0.017261781510596562,0.016523617994291872,0.1664039932981003
NVDA,2018-04-10,0.01879225189934251,0.019038465984814592,0.018002261412290076,0.018757394473535714,0.017972704720779806,0.2750165310211448
NVDA,2018-04-11,0.01848014235242246,0.018723141153347857,0.01799862732353401,0.019238061334968207,0.018446586888213563,0.1501298451635784
NVDA,2018-04-12,0.020042511450383976,0.02030165244818997,0.019151264570040995,0.019868092619332527,0.018938762538438434,0.20551332342300688
NVDA,2018-04-13,0.019463162815113424,0.019716319295311164,0.01954941575027279,0.020124703714949753,0.020250623715458212,0.16785905460788747
NVDA,2018-04-16,0.019461290958510447,0.019714432157802723,0.018700391361710686,0.019766598739695267,0.019262611624575845,0.10478264400218094
NVDA,2018-04-17,0.02059195726658854,0.020856776995303982,0.019711222858608303,0.02046940376926032,0.019597439592220472,0.14473551194790946
NVDA,2018-04-18,0.020373299890072426,0.02063585945896344,0.0198657548541478,0.020741333730937173,0.019945071601902602,0.12159208234520087
NVDA,2018-04-19,0.01900342906276697,0.019251827768306477,0.018747658789033166,0.019598080255338393,0.019258950834143206,0.1549988316421146
NVDA,2018-04-20,0.01894174435471176,0.01918951981786098,0.01856585378961345,0.019722556086632106,0.01869907673434475,0.11945257875643632
NVDA,2018-04-23,0.01803909470616465,0.018277531805649904,0.018456772177018396,0.018837827651766254,0.018834473633491926,0.1365669502213251
NVDA,2018-04-24,0.01753824142177485,0.017771501645014887,0.01796589971887775,0.018020123821620014,0.018009298665943408,0.1312173626268
NVDA,2018-04-25,0.01668977823489069,0.016914269431808102,0.016653275876055224,0.016438335845103222,0.017109107157746706,0.2032644416492242
NVDA,2018-04-26,0.018289512331709248,0.018530545085263684,0.0173750378053161,0.01839737555316552,0.017694596321201548,0.11515368463617666
NVDA,2018-04-27,0.01849696020856825,0.018740132593738693,0.018238608951828293,0.019180610108394107,0.018847281165320123,0.1255214107797173
NVDA,2018-04-30,0.0182297139068975,0.01847012427232662,0.018002261412290076,0.01908486171667096,0.01838803518003553,0.09527502813173773
NVDA,2018-05-01,0.018648338947180963,0.01889307716570097,0.017684105264037034,0.018717179710703948,0.017945261006802448,0.06459278998891303
NVDA,2018-05-02,0.018493227315342666,0.018736358318721825,0.01796589971887775,0.019301254396889407,0.018389867320147187,0.07058373148649925
NVDA,2018-05-03,0.019741618616441286,0.019997657644588763,0.01892037509892077,0.019400834331410967,0.0184996456658473,0.14304512181581047
NVDA,2018-05-04,0.02087602142440508,0.021143780358514348,0.019854849120237654,0.02042727506131286,0.01927359050608306,0.12544352025402256
NVDA,2018-05-07,0.022673865755028503,0.022960204231495304,0.022000140484578032,0.022679309085025738,0.021370375404845817,0.24433263563309254
NVDA,2018-05-08,0.022995312945002688,0.02328497195331913,0.021912873807445207,0.02341083790159433,0.02235838749572819,0.16934228908654303
NVDA,2018-05-09,0.024000752407007876,0.02430080654960604,0.02288734361093049,0.024061937192499404,0.02281946213133376,0.20668996753456598
NVDA,2018-05-10,0.02481370441833736,0.025122165143115247,0.023729096354338508,0.025419669403200923,0.02404716002630981,0.3713041359869144
NVDA,2018-05-11,0.023767152637609066,0.024064784710383095,0.023600016850659253,0.024144284315845643,0.023106717272307568,0.46260840455344704
NVDA,2018-05-14,0.02392226066278724,0.02422150355736225,0.023363672778762987,0.024883472565444056,0.023708674758023237,0.176188369121544
NVDA,2018-05-15,0.022090787833192484,0.022371093202192164,0.022347386681089328,0.022413124611262998,0.02310854592262854,0.35864609693890237
NVDA,2018-05-16,0.022174884327241674,0.02245606120836872,0.02155108085298381,0.022606538992392018,0.021500279373448703,0.18890275450729271
NVDA,2018-05-17,0.022492591410670035,0.022777051053768222,0.022092858294844947,0.02316571778180533,0.02188084802765249,0.17479794037563123
NVDA,2018-05-18,0.022161799364321468,0.022442844042994754,0.022251027846782456,0.02322508295349513,0.02256331149476994,0.15985456015883037
NVDA,2018-05-21,0.021844099494213346,0.022121854197595252,0.02182560713031239,0.022219710230133985,0.02257611902659813,0.22486331869985798
NVDA,2018-05-22,0.021556280803210492,0.02183107655936801,0.021056574306087095,0.022173749979388112,0.02164299436367047,0.17416818718916294
NVDA,2018-05-23,0.022489431976403743,0.022744951709087528,0.02138200556713616,0.022173749979388112,0.02081964804644292,0.14296723129011568
NVDA,2018-05-24,0.02251747375884713,0.02277327317734389,0.021711070916941293,0.023129334561771978,0.022120533831746173,0.1406537169524586
NVDA,2018-05-25,0.02281481042591019,0.023073493705928223,0.021809243327984257,0.023420414932306857,0.022268734772930853,0.08047085651405096
NVDA,2018-05-29,0.022685782160069393,0.022943209189697004,0.022063771714228637,0.023408923956478637,0.022332772432071813,0.10556652099481116
NVDA,2018-05-30,0.023508587566850373,0.023774007072155854,0.02242737824542613,0.023839799024366844,0.022588926558426318,0.12143961578426644
NVDA,2018-05-31,0.023358972485036992,0.023622953239109467,0.022765535752405315,0.024284079013198977,0.022909114854131097,0.16406064854634733
NVDA,2018-06-01,0.02437440239557828,0.024648230725753468,0.02325095360976992,0.02473984632529231,0.023329934754140424,0.13427166558117104
NVDA,2018-06-04,0.025726413041962878,0.02601338383851116,0.024681751222361555,0.02551542144749109,0.024244762444486288,0.22544335452949982
NVDA,2018-06-05,0.025767557820627073,0.02605492247214149,0.024836286685542996,0.026562922878799695,0.02533889558042682,0.12173626267999756
NVDA,2018-06-06,0.025782532673450865,0.026070026775023892,0.02459812210162675,0.026103324023907942,0.024689368757831027,0.1133025417170055
NVDA,2018-06-07,0.025361761670395205,0.025645190345548564,0.024634483795039082,0.025812243653373063,0.02534255637085946,0.11251203574346506
NVDA,2018-06-08,0.025245832794115106,0.025528122994691305,0.024365412118486543,0.025802670275227556,0.02442041058943901,0.10878654847193704
NVDA,2018-06-11,0.024935407557471718,0.025214685300733005,0.024265419195423604,0.025975020302382835,0.024751577766651007,0.0693921721678922
NVDA,2018-06-12,0.02530192357232212,0.025584765931204043,0.02419633336499695,0.025890759233920896,0.024736941584501845,0.0916771487427309
NVDA,2018-06-13,0.02526826622006981,0.025550779449014908,0.024669024976431433,0.026344612600898536,0.02491075758934291,0.09956895051631474
NVDA,2018-06-14,0.026111651229503135,0.026402346648288926,0.02531079534135551,0.026649097892377335,0.025199844870428385,0.13760604297899776
NVDA,2018-06-15,0.02580308702948236,0.02609079609183906,0.024998090326236566,0.02659739215371735,0.025269368480532257,0.1385357575516522
NVDA,2018-06-18,0.02577131235381339,0.026058700348565823,0.024692660423913645,0.026411640858185155,0.0250644479712812,0.10705141271869421
NVDA,2018-06-19,0.024851249750200467,0.025129717294556448,0.0242999638444579,0.02500220290882365,0.02459605524460105,0.20593260646557654
NVDA,2018-06-20,0.025251448363924022,0.025533788008624072,0.02444722419484332,0.02600948957730049,0.024762556648158223,0.11264958709735155
NVDA,2018-06-21,0.02427902066200943,0.02455193629311884,0.02442722630375912,0.025343071420335803,0.025086405734295634,0.10839709584346326
NVDA,2018-06-22,0.02312709669917618,0.023388818537394964,0.023363672778762987,0.024104069553013883,0.02405264946706342,0.13932294903473752
NVDA,2018-06-25,0.020914861547251747,0.02115511038637988,0.02123837930550681,0.02127178873334694,0.021985140422389676,0.23530064914295568
NVDA,2018-06-26,0.021451568639907746,0.021697014166712467,0.021029304769848815,0.0221086393197842,0.021445391945493993,0.15785260792395234
NVDA,2018-06-27,0.020279061467762042,0.02051313069558088,0.02117111051945819,0.02126412564775012,0.02145453868688955,0.14749813974223208
NVDA,2018-06-28,0.021240247210078434,0.021483652383220583,0.020245728655315362,0.021170291201142666,0.01991213844717164,0.09948774550016488
NVDA,2018-06-29,0.020499716933985373,0.020735935369429855,0.020729326000659992,0.02152265068848304,0.02140696935000942,0.12197987772844711
NVDA,2018-07-02,0.021498318168400508,0.02174422141568302,0.020436622344267193,0.02083516817754462,0.01968709231501781,0.10759167466287488
NVDA,2018-07-03,0.02048850022100802,0.02072460534156433,0.020707511065197762,0.021455626083763432,0.021434413063986777,0.05172593804222993
NVDA,2018-07-05,0.021589948975443165,0.021836741573300778,0.020534794755310157,0.021647126519776752,0.020598259214931035,0.0863143031863854
NVDA,2018-07-06,0.022450155447682394,0.022705300212965625,0.02139654885744432,0.022294394267883405,0.021086777564513954,0.0822275364552519
NVDA,2018-07-09,0.022809209282741754,0.023067828691995463,0.021951052545235578,0.023288279667983337,0.022658453658320882,0.08534647197349733
NVDA,2018-07-10,0.02355721255860622,0.023823101458634848,0.02257282155143351,0.023680853918155484,0.022552332613262716,0.10860425149690676
NVDA,2018-07-11,0.02248755651314065,0.022743064571579086,0.0219837766822499,0.02348552193934375,0.022506591926703564,0.11170827180810426
NVDA,2018-07-12,0.023179450977497493,0.023441687198890827,0.022396471152789837,0.023841712969482544,0.022480976863047186,0.10259342305658996
NVDA,2018-07-13,0.02282228703234172,0.023081045857369423,0.02218012497197777,0.023585101873865318,0.02296034498144386,0.06177547310208134
NVDA,2018-07-16,0.02261284827909574,0.02286957121138598,0.021881966714808923,0.02360042439249195,0.022268734772930853,0.041079794700461206
NVDA,2018-07-17,0.023639484082634016,0.023906178725895507,0.022601911599691764,0.023117843585943758,0.021904634440987895,0.10948259146750723
NVDA,2018-07-18,0.02326736331795506,0.02353043308149171,0.022538280370041158,0.023971934288690364,0.02321832775811934,0.0744749432807821
NVDA,2018-07-19,0.023329058845990628,0.023592741031937207,0.022436470402600182,0.024104069553013883,0.022770060654341968,0.05712027125789884
NVDA,2018-07-20,0.023115876379538703,0.023377492110936888,0.022456468293684383,0.02412704785210331,0.022951198240048303,0.05156849974561285
NVDA,2018-07-23,0.022839104888487508,0.023098040899167723,0.021800154638452147,0.022753993122775158,0.022565140145090912,0.08439521321288475
NVDA,2018-07-24,0.022708208372703858,0.02296586924542807,0.02270190452275471,0.023657871966499038,0.022845077194990137,0.10636862768494441
NVDA,2018-07-25,0.023299134386963908,0.02356253242617241,0.02225284835880243,0.023418497334624144,0.022431575386055395,0.09165726180000032
NVDA,2018-07-26,0.02385453840568891,0.024123318385811724,0.022970972731665297,0.02411364293115939,0.0227920184173564,0.09414810137700506
NVDA,2018-07-27,0.023327194202707898,0.023590853894428773,0.02302006067100775,0.02401023145383941,0.02375441544458239,0.0818413983172332
NVDA,2018-07-30,0.02185174200701046,0.022101084880780084,0.022334660435159207,0.022646753755223778,0.02307195546725563,0.10045226222259786
NVDA,2018-07-31,0.021988261305923264,0.022238921548452504,0.02143472759523468,0.02253568649744101,0.021447220595814966,0.07710499145690085
NVDA,2018-08-01,0.02228934168619227,0.022542916352053712,0.0215219942723675,0.02287080952103905,0.021889998258838732,0.07692600897232567
NVDA,2018-08-02,0.023065397564480488,0.023326510586949466,0.021961958279145717,0.022357590982371618,0.021425262832800534,0.07117205354227882
NVDA,2018-08-03,0.02334215823555132,0.023605958197311174,0.022376473261705637,0.024218968353595063,0.02289264653187027,0.04822749336687597
NVDA,2018-08-06,0.023703065893913047,0.023970377415256903,0.02257827615220956,0.023985339209634284,0.022888989231228323,0.04541846270618202
NVDA,2018-08-07,0.024249117842943427,0.02452172408594658,0.023220046517133636,0.024983052499965616,0.023695867226195048,0.06639255830603022
NVDA,2018-08-08,0.02452400665741129,0.024799284558799855,0.02368182892701603,0.025111356221490723,0.023878833462222356,0.0680365455717579
NVDA,2018-08-09,0.024157472609260284,0.024429203928328824,0.02350184097197435,0.025218595589042096,0.024270377508142666,0.04408106580755074
NVDA,2018-08-10,0.02384518633599429,0.02411387909686209,0.022929159905118866,0.024557922919991516,0.02317441572188116,0.06567331387727436
NVDA,2018-08-13,0.024093894404641377,0.024365005238967428,0.023820000587869337,0.025011776286969156,0.023538516053824118,0.11489846887113427
NVDA,2018-08-14,0.025086872855927343,0.025367626271287826,0.024001805587289052,0.02538520012828327,0.02449725578040816,0.15260576953353516
NVDA,2018-08-15,0.024647422960103287,0.02492390766250577,0.0242999638444579,0.025170721393180523,0.02484305913976932,0.2043598807446334
NVDA,2018-08-16,0.024340741436665852,0.02461424424356434,0.024001805587289052,0.025000285311140936,0.02477536417998642,0.2914166297929604
NVDA,2018-08-17,0.021980791912811975,0.02223136939701131,0.02236011292701945,0.022840168136352798,0.023135993126396585,0.4330812663342233
NVDA,2018-08-20,0.02254552636127088,0.022801598247007716,0.022401925753565886,0.021880755663737532,0.02135024978194305,0.31342816090525366
NVDA,2018-08-21,0.023570293914866303,0.02383631862400881,0.022456468293684383,0.02360042439249195,0.022323625690676255,0.23868640114283635
NVDA,2018-08-22,0.02534681206419227,0.025630082441258705,0.02418724467546484,0.024397063868664456,0.022964005771876492,0.2701193713737403
NVDA,2018-08-23,0.026098562659922806,0.02638912948291496,0.025361700325076002,0.026089919102964022,0.024658264253421037,0.25803308192923236
NVDA,2018-08-24,0.0271046296807891,0.027404967680609325,0.025967108996587746,0.027296369293051008,0.02574142199764504,0.17965698338280212
NVDA,2018-08-27,0.027792798465240607,0.02809981603290419,0.02707429586015029,0.028282591607554114,0.026883124470465706,0.1689942675887579
NVDA,2018-08-28,0.027508550367757876,0.027812812669693817,0.026652512700078235,0.027780860392147888,0.02729296897875851,0.1564025183498478
NVDA,2018-08-29,0.028305611434592755,0.02858885475314837,0.02718338094038729,0.028460687122623514,0.026974609333374703,0.1335010465503612
NVDA,2018-08-30,0.028178379285492394,0.028460457374425586,0.027586986721395118,0.02908114502884232,0.027580224119732318,0.10304916549416566
NVDA,2018-08-31,0.02871536769763786,0.02900236475616563,0.02749244839910822,0.029134764712618007,0.027538144223605798,0.08647008423777493
NVDA,2018-09-04,0.029280415925527315,0.029572593606162035,0.02822329901790121,0.02959436356750976,0.028114483155874396,0.12173957717045265
NVDA,2018-09-05,0.028292512045032064,0.028575633986366946,0.028077855711893827,0.028857089263027054,0.028634106009867304,0.1223345282071424
NVDA,2018-09-06,0.027226026253813148,0.027499374975735517,0.026885219215576496,0.028137051422286674,0.02767719493360424,0.09318358465457209
NVDA,2018-09-07,0.027065111505839626,0.02733699471623106,0.026716143929728847,0.02733275251308436,0.02607441782517801,0.0818413983172332
NVDA,2018-09-10,0.027602107131305332,0.027878898496563647,0.026534338930309133,0.02806236738453726,0.026764199383370043,0.05065204313477878
NVDA,2018-09-11,0.027240993893316693,0.027514482880025375,0.02661978509542197,0.028257695710781974,0.026780664215840178,0.06016960247658727
NVDA,2018-09-12,0.026380307735281324,0.026645920638953064,0.025816211089804322,0.026323548246924802,0.02647511210228457,0.133080106262564
NVDA,2018-09-13,0.02696782545572671,0.027238809544680536,0.026365260176819533,0.027901508333210194,0.026414735233576247,0.08603257149770223
NVDA,2018-09-14,0.027920182094066073,0.028199888341963148,0.027110657553562623,0.02854111664828704,0.027170383101230208,0.11975751187830518
NVDA,2018-09-17,0.027452419916289526,0.02772784466351726,0.026797956006085623,0.028474092043567434,0.027245399641878377,0.04459812631854573
NVDA,2018-09-18,0.026907958504372654,0.027178385130336016,0.02695430504600315,0.02801449318867568,0.027005713837784693,0.08354007467546995
NVDA,2018-09-19,0.02708757017841518,0.027359651170554663,0.025947111105503545,0.0275357439249259,0.026306785538197108,0.05260759250328549
NVDA,2018-09-20,0.0260210735672159,0.026283392159923234,0.025230800309376772,0.02674101839386909,0.025717635584309635,0.13784137180130956
NVDA,2018-09-21,0.025491561761501965,0.02574903692962439,0.025201713728760462,0.02635993511952517,0.025664576806675898,0.13972400237980415
NVDA,2018-09-24,0.02591254195084466,0.026173876960507183,0.024699932069067725,0.02570309034070599,0.02483025160794113,0.08121661686644759
NVDA,2018-09-25,0.02641959869064316,0.026685572135074966,0.02535079112352391,0.026896131957282042,0.02595915003872429,0.0756134707521076
NVDA,2018-09-26,0.026140825503224618,0.02640423378579736,0.025499871985929304,0.027158488540813375,0.02600306207496247,0.07070802487856535
NVDA,2018-09-27,0.026230627733585764,0.026494866805906684,0.02531079534135551,0.027129764753809835,0.02595366059797068,0.04828549694984016
NVDA,2018-09-28,0.028778989182178225,0.02906655984411956,0.027623344947165507,0.02817726618511844,0.02675688129229546,0.2533563358970917
NVDA,2018-10-01,0.03033943593029507,0.030641300465352263,0.029466840497939024,0.030283763676130893,0.02884817675030461,0.21717204359880748
NVDA,2018-10-02,0.029800564841566266,0.030097505946103786,0.029594102957240243,0.030854433441372432,0.029596506526883986,0.11852617867423697
NVDA,2018-10-03,0.02984734683000011,0.03014470959366688,0.029023238934762795,0.030270358755186973,0.029792276804948798,0.09225387008191764
NVDA,2018-10-04,0.028455298649608562,0.02873990858619475,0.028410558618096972,0.02905433518695448,0.029051268609234692,0.12153242151700915
NVDA,2018-10-05,0.026690906091610535,0.026959358332911364,0.027419725012283555,0.027399777117803968,0.02777416923726685,0.13620567076171963
NVDA,2018-10-08,0.025925652160385716,0.026187094125881143,0.025667130227398922,0.02597118875958443,0.02561700398000508,0.1287381237663881
NVDA,2018-10-09,0.02588262470513818,0.02614366835474238,0.025230800309376772,0.02649207038384869,0.025331577489352237,0.07275969447026985
NVDA,2018-10-10,0.022168605131970425,0.022395640395431658,0.024203608477792966,0.023198273111607284,0.024658264253421037,0.24322393857586289
NVDA,2018-10-11,0.020192790157659683,0.020401728358656387,0.021376550966360118,0.02102666861355794,0.021165451405804076,0.2600018892595594
NVDA,2018-10-12,0.022327637203360614,0.02255613351742768,0.021736523408801535,0.022058851178806925,0.02177655912270599,0.2114446040924014
NVDA,2018-10-15,0.0202395505061328,0.020448932006219483,0.021092935999499428,0.021233487915630872,0.021866211845503327,0.14578620542217496
NVDA,2018-10-16,0.022194800304431692,0.022422074726179585,0.021143840983219912,0.02173138758823869,0.02075561038730196,0.12877955489707676
NVDA,2018-10-17,0.021676519638335594,0.021899049523746276,0.02179833759407411,0.02233269508559947,0.02229434983658724,0.09603073195549965
NVDA,2018-10-18,0.021016039183635583,0.02123252263970778,0.021349277962479894,0.02156861093922892,0.02184059678184694,0.17655296307160462
NVDA,2018-10-19,0.0190776433080837,0.01927637496154597,0.020465708924883502,0.01977043028249368,0.021090438354946592,0.2136702844329984
NVDA,2018-10-22,0.019461211611987776,0.0196634506338153,0.019151264570040995,0.019649785993998387,0.019172958901778506,0.11226179171410532
NVDA,2018-10-23,0.017560242048514998,0.017745067314266953,0.017127784531867737,0.017665846736596928,0.01718778099903683,0.21898506987774502
NVDA,2018-10-24,0.013509432553216894,0.013657167330250002,0.01661873122702092,0.01424566334051313,0.017019454434949375,0.3258160689811754
NVDA,2018-10-25,0.015086718797440262,0.01524889939187354,0.014502529910938804,0.013255609483211604,0.012620964128172794,0.3537539090271805
NVDA,2018-10-26,0.013299889206827401,0.013445692684266552,0.013609868716168351,0.013148370115660231,0.013140583492375017,0.23487307987424827
NVDA,2018-10-29,0.010929263969014374,0.011053374947356424,0.013480789212489103,0.009871809307161167,0.01417982920036084,0.27350015163793834
NVDA,2018-10-30,0.014181140540874621,0.014335020640746567,0.013348072152411836,0.011712122324410879,0.01098891116565755,0.2938743244654141
NVDA,2018-10-31,0.015646151455520802,0.015813463227937186,0.015018854860939693,0.015233799600131936,0.015215414117914033,0.2684273239964137
NVDA,2018-11-01,0.017008275176885624,0.017188055629644507,0.016091500543109885,0.015842770183089543,0.01570027167706432,0.19416450810475777
NVDA,2018-11-02,0.0164114198133861,0.016585727434967407,0.01672963335163595,0.01642109938136089,0.016693776698490984,0.1471120016042134
NVDA,2018-11-05,0.01582203384299787,0.0159909513917315,0.015516998964234426,0.015477005774805243,0.01608266898158908,0.11660708870073631
NVDA,2018-11-06,0.015689200550729063,0.015856892600483407,0.015429732287101601,0.016296623550067182,0.015544752644805055,0.08332960453157136
NVDA,2018-11-07,0.016199979363772782,0.016372362050068066,0.015895148785740068,0.016606854329460095,0.015965572544814382,0.15989433404429154
NVDA,2018-11-08,0.014740580412275408,0.01489958807821767,0.014807959813261724,0.015199330325214283,0.015535602413618805,0.1713044674359599
NVDA,2018-11-09,0.014680706247601111,0.01483916366387315,0.014424351923338095,0.014665047432573117,0.0138889132689544,0.1306555564946612
NVDA,2018-11-12,0.011662703551308887,0.01179353980970595,0.013251716785746909,0.012294279412913625,0.01381206807798525,0.21512368849755809
NVDA,2018-11-13,0.013490721200507403,0.013638285150943268,0.013495332502797254,0.013171348414749665,0.012258692446550808,0.22655702332241212
NVDA,2018-11-14,0.013094060720362882,0.013237992313299977,0.013980750360161859,0.013092836486768851,0.014602477750691147,0.17761360001723536
NVDA,2018-11-15,0.014067011387995067,0.014219844028805207,0.013693501304545101,0.013604137427753571,0.012891750946885782,0.30776038222703933
NVDA,2018-11-16,0.006964534630832197,0.007052333708431925,0.0073957988723772836,0.007114212525243645,0.006738621800065656,0.7729540893354612
NVDA,2018-11-19,0.003272975533570064,0.003326964004148534,0.005788647393500032,0.0038625494398002273,0.006458684750166425,0.6628715750955816
NVDA,2018-11-20,0.004092493469650443,0.004153984010183052,0.004414207631583959,0.0016947728319822788,0.0013850490673469815,0.6604735412513195
NVDA,2018-11-21,0.0032748455868429754,0.003328851141656968,0.0046032842761577555,0.0036672192872720076,0.005146820083355954,0.3843201400040768
NVDA,2018-11-23,0.003329104181708356,0.003383608741364997,0.003565181509200894,0.003510189952459851,0.003077480643465892,0.13012855251230093
NVDA,2018-11-26,0.004835295941619945,0.004903589962185942,0.00427058310377558,0.00423214356459943,0.004281393870001884,0.2970396628500309
NVDA,2018-11-27,0.004962524484060191,0.005031985540204998,0.004914170513077694,0.004996227710969983,0.004667450220063932,0.2652321551977011
NVDA,2018-11-28,0.006148765817947946,0.006229087977414276,0.005508669983037354,0.00549029584077939,0.005853066474018124,0.2927689418986396
NVDA,2018-11-29,0.005671173688010702,0.005717392802846496,0.0057304707646254685,0.006066711093935036,0.006131174873596379,0.18697372106242677
NVDA,2018-11-30,0.006808023614866824,0.006863515516772077,0.006159529037493543,0.005986279741987999,0.005719501714982603,0.26171216633438904
NVDA,2018-12-03,0.008046020521495754,0.008111597677265058,0.008126652958812215,0.008211505750096541,0.008436541072042832,0.32851572145685115
NVDA,2018-12-04,0.005624346616325337,0.005670189155283396,0.006992193091369451,0.006135649643770346,0.007638809818471662,0.2959127360952983
NVDA,2018-12-06,0.005845353731910502,0.0058929938291323765,0.005183240455809257,0.0050460176782307666,0.004564989965438405,0.24627658428500643
NVDA,2018-12-07,0.00384508379864704,0.0038764217366260463,0.005252326286235912,0.004052134104414337,0.005849407428480832,0.24187162647018368
NVDA,2018-12-10,0.004641071884095821,0.004678896350124799,0.004159682712981522,0.004057877766044941,0.003533064093422505,0.220242919005454
NVDA,2018-12-11,0.003953707384851374,0.0039859369360421,0.004710548844374773,0.003933403761034741,0.005318807437876046,0.2378262908697389
NVDA,2018-12-12,0.004086684943525029,0.00411999752799392,0.004145137688852395,0.0038989344861170873,0.004012433956714526,0.23046149307851532
NVDA,2018-12-13,0.004084809480261936,0.004118108589781757,0.004254221035268419,0.00440066387523981,0.004446063133447396,0.15474527312229974
NVDA,2018-12-14,0.003627827609588064,0.0036573949392013985,0.003746986508620608,0.004029153979041401,0.0037910451252026432,0.15492591285210244
NVDA,2018-12-17,0.003090294591764277,0.003115487557461355,0.0033033832116234063,0.003213364094010858,0.003430603838796977,0.23407925941025276
NVDA,2018-12-18,0.003719593666385277,0.0037499150968191564,0.00369971734747716,0.0037897793471665074,0.003450729461699751,0.1932712529271094
NVDA,2018-12-19,0.0021407349183490097,0.0021581830351956183,0.003228844514241682,0.002292250612828152,0.0034928111027216144,0.26825828498320387
NVDA,2018-12-20,0.0015020675440628392,0.0015143162068881819,0.002148927186917414,0.0015760424886026823,0.00213703788946365,0.2700083359434946
NVDA,2018-12-21,0.00046635197366910047,0.00047015474023372195,0.0013671681167619944,0.000765998091486253,0.0017711054174090295,0.317302800247261
NVDA,2018-12-24,0.0,0.0,0.0,7.659433029810064e-06,0.0,0.1516197086231441
NVDA,2018-12-26,0.0011274888405111913,0.0011366816242722177,0.0005745015788754596,0.0,0.0004482653588820315,0.24743334145383494
NVDA,2018-12-27,0.0007660113298502969,0.0007722624063264925,0.000436329918022154,0.0001378789259541234,0.0008233445723322061,0.22338008422120248
NVDA,2018-12-28,0.0012304950535765476,0.0012405300090517768,0.0013471702256777976,0.001120273350225836,0.0010081394586804876,0.21993467139313005
NVDA,2018-12-31,0.0012024063845515846,0.0012122085407954113,0.0012235418551326434,0.0014936971915399458,0.0016302225672989307,0.15215831332209723
NVDA,2019-01-02,0.001711834503379861,0.0017257908528716288,0.0015453355597837004,0.0010704833829650526,0.0007593069131912496,0.17022725803805366
NVDA,2019-01-03,0.00017042731404354888,0.00017182314986155175,0.0009417456664709591,0.0006185439611031129,0.0013356475903551907,0.25176372323341806
NVDA,2019-01-04,0.0017062135235807602,0.0017201276396425942,0.0014089826771294008,0.001003458778245446,0.0008141960860413057,0.20207453957584465
NVDA,2019-01-07,0.0030565831396101514,0.0030815010752722263,0.0027107025198627524,0.002292250612828152,0.002197416503067314,0.2532585584286664
NVDA,2019-01-08,0.002387957043026103,0.0024074220397925263,0.0030543128937970156,0.0023822553429206986,0.0036959029616517,0.28510086823077474
NVDA,2019-01-09,0.002903004338323422,0.002926671166505239,0.002637980866859062,0.0029490953916473314,0.002819497866790411,0.21518334932574978
NVDA,2019-01-10,0.003399327657600825,0.0034270363132074926,0.0028361462009649646,0.0028533451736406715,0.0028012026391039564,0.1761949981024542
NVDA,2019-01-11,0.004073580143974156,0.004106780362619956,0.003594271557459148,0.003590619478123381,0.00326410418013515,0.32187016809438346
NVDA,2019-01-14,0.004375114963418449,0.0044107751662211606,0.003905156060558114,0.004080857891417881,0.0037013924024053083,0.2619624103637488
NVDA,2019-01-15,0.004268357823826903,0.004303150705721001,0.004248766434492377,0.004724297749293137,0.00462353818382575,0.21508060012164182
NVDA,2019-01-16,0.0040754429839268275,0.00410866750012839,0.004057871011719578,0.00462663358617078,0.004478996288178359,0.15421495464948437
NVDA,2019-01-17,0.004614851465013708,0.004652462019376868,0.004245130611915338,0.0042034179513123805,0.0038459360429480456,0.16388166606177218
NVDA,2019-01-18,0.00559063696750127,0.005636200872390536,0.005090520911721366,0.0052068767295578265,0.004983981215126762,0.2293014214192317
NVDA,2019-01-22,0.004062345397696194,0.004095450334754426,0.004763272606294267,0.00442172822921354,0.005346252896748747,0.23353402573038945
NVDA,2019-01-23,0.004159737844282689,0.004193635506304947,0.004472385994279498,0.0045136487307052935,0.004484485728931967,0.20431182063303455
NVDA,2019-01-24,0.005761071494865062,0.005808025822955816,0.005194147923540376,0.0053715673236833,0.004795527283241188,0.2531806679029716
NVDA,2019-01-25,0.006193708409719913,0.006244192280296677,0.005617751595632405,0.0051398521248382165,0.005296851419756957,0.4377977862518251
NVDA,2019-01-28,0.0020470843816384025,0.0020637739393656943,0.00211983713865916,0.0012524086145493524,0.001840632517303594,0.9999999999999999
NVDA,2019-01-29,0.0008465480503597293,0.0008534543367824492,0.0014762514631780181,0.0012543225596650526,0.0017674463718717406,0.4375326270154174
NVDA,2019-01-30,0.0019309661557019298,0.0019467083892121713,0.0014526160156958096,0.0013404975732426959,0.0014966578082634095,0.3630792279225934
NVDA,2019-01-31,0.0031221377939755525,0.003147586902142053,0.00276524332616028,0.0022826754083991353,0.001970538230801823,0.30864866566900506
NVDA,2019-02-01,0.003305684334210461,0.0033326272173775685,0.0030561299381750492,0.003469975189628084,0.00329520868454514,0.2184100057837859
NVDA,2019-02-04,0.004139127585019317,0.004172866189489782,0.003763348577127769,0.0038338238265131774,0.0034543885072370432,0.17844719436669204
NVDA,2019-02-05,0.004283339889970934,0.004318255008603403,0.003899701459782072,0.004565352643081777,0.004239310484084675,0.18417794836355322
NVDA,2019-02-06,0.004854578949958666,0.004894148872532578,0.004657826816276252,0.0050958076454915464,0.004537544506565704,0.25048432991775094
NVDA,2019-02-07,0.003809496883229818,0.0038405463162247515,0.003861522721991705,0.004065539025358261,0.004508270397372033,0.2234115718805259
NVDA,2019-02-08,0.003949967278305547,0.0039821608603215,0.003385195287980182,0.003766799221793571,0.003333631280029715,0.15069330854094476
NVDA,2019-02-11,0.003627827609588064,0.0036573949392013985,0.0033815594654031424,0.003837653543028084,0.003641013788801644,0.1646042249809831
NVDA,2019-02-12,0.004511834431967992,0.00454861183389358,0.003966970245830689,0.004396832332441397,0.003935588765745381,0.20432839308531003
NVDA,2019-02-13,0.004832107654072684,0.0048714906175052475,0.004699641376643655,0.005237516287960577,0.004733318274421205,0.21025801650947695
NVDA,2019-02-14,0.00514113891657917,0.005183039373251382,0.004670553062206373,0.005101551307122153,0.00482114234689757,0.30219038101725026
NVDA,2019-02-15,0.005667420958154451,0.0057136167271258954,0.006161346081871577,0.006120330777710726,0.006670923350492065,0.5878513981349361
NVDA,2019-02-19,0.00553631705941383,0.00558144327268251,0.0054377671082326655,0.006066711093935036,0.005565811333044311,0.18810064781715946
NVDA,2019-02-20,0.00589405266019884,0.005942084614203907,0.00568683742605906,0.006302256009295026,0.005732309246810795,0.18358299732686345
NVDA,2019-02-21,0.005373378975112236,0.0054171722742621595,0.0054668536888489785,0.005882870090951533,0.005959187519076287,0.14528406011822786
NVDA,2019-02-22,0.006013914599341256,0.006062928040781762,0.005448674575963784,0.0062907650334668025,0.005739629082780723,0.12589097646546055
NVDA,2019-02-25,0.005920264062630649,0.0059685207456555665,0.006417691512493991,0.006488009131110722,0.006599567600276527,0.23124205558069044
NVDA,2019-02-26,0.005622478366382484,0.005668300217071234,0.005595936660170171,0.005992025229902113,0.005856727264450759,0.16182171024392994
NVDA,2019-02-27,0.00530595426747392,0.005349199309883899,0.005019616303095709,0.005486466124264483,0.005494455582828774,0.1667072691747416
NVDA,2019-02-28,0.005120342914319547,0.005132057849263957,0.004712367622573779,0.005534342146409566,0.005216347183250519,0.0940735253417654
NVDA,2019-03-01,0.005530937725842858,0.005545569652984944,0.005121426270536682,0.0056415815139609395,0.005448713151374275,0.10743257912103028
NVDA,2019-03-04,0.005592804570234193,0.00560787940413417,0.005261416709588993,0.0057526505980272195,0.005765244146437105,0.1293098733698922
NVDA,2019-03-05,0.005544065968684519,0.005558786818358908,0.005105064202029521,0.0056492409469907495,0.005426757133255182,0.10980906877733419
NVDA,2019-03-06,0.0047060061929203555,0.004714771770526097,0.004821449235168831,0.00526241218473272,0.005428587528471501,0.12663010783694695
NVDA,2019-03-07,0.0041829214555426375,0.004187970492372184,0.0039106106613341594,0.004393002615926494,0.004502780956618421,0.1459287285117441
NVDA,2019-03-08,0.0044416524326669135,0.0044485395248346216,0.0038342531857534293,0.003895102943318674,0.003507449029766123,0.13445727704665644
NVDA,2019-03-11,0.006410243266754621,0.006431123334448088,0.005832280732066444,0.00483153711684451,0.0045924354243111025,0.31564058328403033
NVDA,2019-03-12,0.006668968833888716,0.006691692366910529,0.006255884404158474,0.006650783953836989,0.006544676682531128,0.19957044203701957
NVDA,2019-03-13,0.007812611905083377,0.00784347649336142,0.007239446364817808,0.0075201916963597085,0.006868525768668539,0.2780095159020966
NVDA,2019-03-14,0.00723891490622295,0.007265695491923806,0.007179452691565211,0.007811272066894588,0.007776035367939818,0.17463221585287642
NVDA,2019-03-15,0.008035719900189215,0.008068171906126288,0.007553968424314789,0.008177036475178888,0.0074668224639515696,0.23350585256152112
NVDA,2019-03-18,0.007874487766125014,0.007905788045214374,0.00786667343943373,0.008311085684618108,0.008158432672464574,0.16121184400019223
NVDA,2019-03-19,0.009141882559402948,0.009182191673963721,0.0086393403524151,0.009119216136618834,0.008465813436341157,0.31367011870847566
NVDA,2019-03-20,0.00889627261180009,0.0089348434082827,0.008917500718499748,0.009295394054005514,0.009219632653674145,0.25739669976185386
NVDA,2019-03-21,0.01068487307253253,0.010736159376973798,0.010002872646600054,0.009703290822804293,0.008936038303132967,0.3009673340393198
NVDA,2019-03-22,0.009477485890353379,0.009520176561161515,0.009966510953187721,0.01004990482223056,0.010310108488972732,0.26920291476290625
NVDA,2019-03-25,0.008780040776069798,0.00881777605742545,0.00881205319466076,0.008933461188519627,0.00903300911700489,0.17704682214941392
NVDA,2019-03-26,0.009359360558059384,0.009401222072795822,0.009412007265396462,0.009601793290600014,0.009697172121749847,0.250916870922141
NVDA,2019-03-27,0.009289993663945732,0.009331358369501667,0.009052034822955038,0.009429446916011747,0.009406259680134092,0.15598323530727815
NVDA,2019-03-28,0.009430606522096253,0.009472972913598419,0.00907567027043725,0.00969945928000588,0.009342218531202446,0.15842435752745643
NVDA,2019-03-29,0.009863694269466278,0.00990913937093928,0.009192026995828322,0.010235659770329766,0.009779506753472608,0.14874273090812068
NVDA,2019-04-01,0.010373661583982691,0.010422725284422955,0.009730166881291455,0.01070674960104974,0.010386953679941881,0.1598993057799742
NVDA,2019-04-02,0.01050864444568381,0.010558671213179483,0.00996469390880969,0.0109269738240666,0.010385125029620908,0.1421236934692937
NVDA,2019-04-03,0.011562304953511262,0.011619825920928504,0.01109369917547641,0.011555091163315219,0.01070531332532568,0.2840601182278746
NVDA,2019-04-04,0.011494806309340456,0.011551852956550247,0.010906439575280646,0.011733186678384612,0.011254208543616927,0.14894160033542642
NVDA,2019-04-05,0.011999136414087227,0.012059770254693698,0.011211872945245518,0.012269387168708498,0.011620141015671544,0.15903753826164918
NVDA,2019-04-08,0.012156628441605605,0.012218379840588742,0.011420947480903512,0.012311515876655958,0.01156891088835878,0.13519309392768775
NVDA,2019-04-09,0.01168229853574811,0.011740671148210088,0.01107370128439221,0.012083632220609292,0.011700646997073325,0.14173092635036483
NVDA,2019-04-10,0.01221474616280081,0.012276909914609908,0.011482758198534143,0.012368967103230058,0.011479258165561442,0.14371962062342253
NVDA,2019-04-11,0.012109752680008603,0.012171172591618182,0.011542755339428681,0.012464715494953212,0.012022663943099077,0.11464656759654697
NVDA,2019-04-12,0.011822900573918268,0.011882282090899383,0.011504576601638318,0.012485779848926945,0.012187333206544585,0.15487950998573113
NVDA,2019-04-15,0.010827365000606267,0.010879661058578984,0.010893713329350525,0.011229541517862686,0.011565250097926142,0.1417806437071913
NVDA,2019-04-16,0.011485428993024984,0.011542410066193148,0.010724634575860932,0.011585732548001472,0.01093950968866576,0.12308360304999412
NVDA,2019-04-17,0.011312944079382211,0.011368699778823165,0.010995523296791501,0.011859576454794019,0.01155061391577698,0.10487047799924097
NVDA,2019-04-18,0.011127345349538267,0.011181768724671751,0.010717362930706853,0.011627861255948939,0.011173706052005832,0.11729318822494121
NVDA,2019-04-22,0.01153418021788508,0.011591504452672142,0.010748270023343144,0.011417214063644605,0.01076935098446664,0.07542620204139468
NVDA,2019-04-23,0.011946652296001548,0.012006901593197835,0.011262777928966003,0.012284706034768118,0.011437174779644236,0.10315191469827366
NVDA,2019-04-24,0.012040389392555067,0.012101312489731484,0.011422764525281542,0.012290451522682232,0.011819572084168995,0.09128106713334692
NVDA,2019-04-25,0.011241694508685219,0.011296948938020569,0.010993706252413471,0.011344443971010885,0.01153780638394879,0.16630953032013007
NVDA,2019-04-26,0.009588094942954508,0.009631578898086,0.009255658225478934,0.009352845280579614,0.009920389603582703,0.31947710598580403
NVDA,2019-04-29,0.009820576647715708,0.00986571359980051,0.009175663193500189,0.0097741433177553,0.009499569703573376,0.12182243943183006
NVDA,2019-04-30,0.010133659992868516,0.010181038431267244,0.009462912249116953,0.01011118393903606,0.009430042603678811,0.10980741153210664
NVDA,2019-05-01,0.010034310933166191,0.010080966122208285,0.009968331465207703,0.01072398241222506,0.010359509965964523,0.10622776184060286
NVDA,2019-05-02,0.010544256607721885,0.010594548434284503,0.009979237199117842,0.010467374969174846,0.009947836807350754,0.12296759588406576
NVDA,2019-05-03,0.01051050908896654,0.010560561952095374,0.009808341401250219,0.01073738733316898,0.010436355156933672,0.09899554366758313
NVDA,2019-05-06,0.009918061064135297,0.009963898771351034,0.009155665302415995,0.009486894490018834,0.008967139317752271,0.13435784233300352
NVDA,2019-05-07,0.00865443523068415,0.008691269417618563,0.008712063739239759,0.008944952164347854,0.009406259680134092,0.18947947584647945
NVDA,2019-05-08,0.00880629004843288,0.008844210388173384,0.008575709122764487,0.00901197676906746,0.00832676272634272,0.13311159392188743
NVDA,2019-05-09,0.008106965864226084,0.00813991914552142,0.007553968424314789,0.007839999506465148,0.00816941155397179,0.23299376378620873
NVDA,2019-05-10,0.0078501103503649,0.00788124085197488,0.007564877625866877,0.007571897435019695,0.0077687172768652335,0.19539584130882598
NVDA,2019-05-13,0.005905902342027487,0.005923204235600908,0.006263159516954494,0.006386515251473459,0.006771554954796619,0.2316116212664337
NVDA,2019-05-14,0.00657897545054114,0.006601059346801205,0.0060868091183108215,0.006516734744397772,0.006140321614991933,0.17690927079552743
NVDA,2019-05-15,0.006117759360884822,0.006136567819796518,0.005648658688268693,0.006309915442324836,0.006094580928432781,0.1675624077121564
NVDA,2019-05-16,0.006232121143342203,0.006251744431737878,0.005805011195828165,0.006355875693070712,0.006014076691926343,0.28305914211043554
NVDA,2019-05-17,0.005545930611967252,0.005560673955867346,0.0061322595012552675,0.005836911666489163,0.005856727264450759,0.3828998808440682
NVDA,2019-05-20,0.004649758524998059,0.004658127033309634,0.004506928909492825,0.005034526702402543,0.004768081824368487,0.19645813549968427
NVDA,2019-05-21,0.005270327678795365,0.00528311168231034,0.004676005929161446,0.005396461394171936,0.005069974892386808,0.10936326981112375
NVDA,2019-05-22,0.004734125518556349,0.004743095039486191,0.004466931393503452,0.00522794108353156,0.004941899574104899,0.09445634898932899
NVDA,2019-05-23,0.003819202405616333,0.0038216659376217495,0.0035833623559070604,0.003916169123575914,0.004244799924838283,0.20465321314990942
NVDA,2019-05-24,0.0034123567172891535,0.003411932010325091,0.003548819440693733,0.003910423635661804,0.003950224947894546,0.10759664639855752
NVDA,2019-05-28,0.0030711414231899235,0.003068283909898259,0.003127034546800706,0.003598278911153191,0.0035440429749297245,0.1369182862095653
NVDA,2019-05-29,0.0025105672571809796,0.0025037200738346164,0.002334366275093199,0.0027729156479771415,0.0027298451439930725,0.19137702163202197
NVDA,2019-05-30,0.0023097303883243894,0.002271474310332273,0.0021398367635643324,0.0025105608907293117,0.0025285836802793095,0.12280850034222114
NVDA,2019-05-31,0.0016246290683060785,0.001582289171266446,0.0017944076114310668,0.0020930907437850255,0.0019485822126827333,0.12091095455667862
NVDA,2019-06-03,0.0013092951672375557,0.0012650772022912739,0.0013617135159859524,0.0015588078511438556,0.001723534335633558,0.15775317321029947
NVDA,2019-06-04,0.0030398734832680005,0.003005974158749033,0.002405270883718856,0.002108411436128152,0.0018058689673563118,0.22536546400380503
NVDA,2019-06-05,0.0027170323191569173,0.0026812082376289313,0.0029470483255799942,0.0029414359586175214,0.0035641685978324983,0.17141384562097806
NVDA,2019-06-06,0.003186276834243329,0.003153251916074816,0.0026888858505795463,0.0032344302742680978,0.002737164979963,0.1285425688295374
NVDA,2019-06-07,0.003509119801684474,0.0034780178371949175,0.00307249200668221,0.003598278911153191,0.003207386356964121,0.10398053731204769
NVDA,2019-06-10,0.004059077763626264,0.004031253446096762,0.003856069855036632,0.004461942992045307,0.0038916767295072013,0.126321860224623
NVDA,2019-06-11,0.004494533283365944,0.004469308841649786,0.004068780213271665,0.00473004323720725,0.00445520987484295,0.11848806203400335
NVDA,2019-06-12,0.0036405032165845,0.003610189490934574,0.0035033690577492872,0.004046388616500227,0.004118553256877346,0.10813856558796574
NVDA,2019-06-13,0.004027169641532807,0.003999154101416068,0.0034579169409838725,0.004197672463398271,0.0037690891070835536,0.0870865794624228
NVDA,2019-06-14,0.003347700121293963,0.003315633976283004,0.002819784132457804,0.0035197651568888676,0.0032970390797614595,0.12286153218950267
NVDA,2019-06-17,0.00342090450177672,0.00338927375529776,0.0030070437326535637,0.0036748787203018177,0.003308016216373333,0.07381204518976286
NVDA,2019-06-18,0.00489432975448597,0.0048714906175052475,0.004568741360944428,0.00432789378260609,0.0038441056477317263,0.20054158774036274
NVDA,2019-06-19,0.00493938234939164,0.004916807127559906,0.004505110131293819,0.0052873062552213565,0.005088271864968609,0.09684941109790839
NVDA,2019-06-20,0.0051233202122497115,0.005101847442795425,0.0049723471419522575,0.005564981704812316,0.005540196269387929,0.10452411374668345
NVDA,2019-06-21,0.004684115569313904,0.0046600141708180685,0.004636010146993046,0.005178151116270777,0.004941899574104899,0.13943398446498323
NVDA,2019-06-24,0.0048530352994267355,0.004829950183171186,0.004339668934202234,0.0050287812144884335,0.00478088935619668,0.07667410769773836
NVDA,2019-06-25,0.004631552104705554,0.004607145509322206,0.00470873179999674,0.00515325704578214,0.004824801392434859,0.08865599069291082
NVDA,2019-06-26,0.006091845507913023,0.006076145206155726,0.00577047001443581,0.006057135889506019,0.005510922160194255,0.20143318567278357
NVDA,2019-06-27,0.006837003128941758,0.006825751158158616,0.006184981529353789,0.007047187920524035,0.006627011314253882,0.14399638057642306
NVDA,2019-06-28,0.00702472257493705,0.007014569349818464,0.006434055314822124,0.007255924820279688,0.007046002563942239,0.12420390082381662
NVDA,2019-07-01,0.007388847374127008,0.007380875705272624,0.007993935898734948,0.0076982872114291015,0.00843105163128922,0.25350548796757105
NVDA,2019-07-02,0.006649312536227435,0.0066369329664987715,0.00661222275784383,0.0071314489889859785,0.007137483937060551,0.12526453776944735
NVDA,2019-07-03,0.0067469087591107875,0.006735118138049296,0.006075899916758734,0.006871010003137355,0.006711174596297612,0.06162963552205711
NVDA,2019-07-05,0.006273915120828245,0.006259300184586539,0.00556321252315585,0.006361619354701316,0.006204362763923579,0.12374152940533069
NVDA,2019-07-08,0.005707068972868299,0.005689069533886398,0.005201421302515424,0.0060399012520471924,0.005734139642027111,0.09608044931232611
NVDA,2019-07-09,0.005725832622149547,0.005707951713193129,0.0051741500324561755,0.005848400816033876,0.005309658951585146,0.10149632671595314
NVDA,2019-07-10,0.006242003392074664,0.0062272008399058415,0.005888640316562974,0.006518650515796979,0.005959187519076287,0.1467457504089253
NVDA,2019-07-11,0.007409484683341291,0.007401645022087792,0.006897654769082554,0.007093148171269912,0.006680070091887619,0.24223787766547183
NVDA,2019-07-12,0.007659123270299679,0.0076527711641931374,0.007361257690984925,0.008222996725924761,0.00748511943653337,0.1692494833538003
NVDA,2019-07-15,0.00759531063277288,0.007588572474831742,0.0071140009498946236,0.007979794203818474,0.0076790645540678985,0.07952954122480366
NVDA,2019-07-16,0.007559626337532387,0.007552698855134179,0.006943105152026997,0.007732756486346755,0.007351554677497853,0.10090966190540114
NVDA,2019-07-17,0.00805328794164024,0.00804928972681956,0.0072739910138521074,0.007949152819132221,0.007439378749974215,0.10371040633995733
NVDA,2019-07-18,0.008141510454868241,0.008138032008012986,0.0077684975607488285,0.008309171739502408,0.007984616667623508,0.14265069745165404
NVDA,2019-07-19,0.00781491656090091,0.007809490011172284,0.0076357805006715615,0.008376196344222014,0.008275532599029956,0.10233986453677511
NVDA,2019-07-22,0.00835548277988674,0.008353284530420762,0.007610328008811319,0.008529395962519268,0.00783275493600619,0.09034306633455473
NVDA,2019-07-23,0.009170090248211919,0.009172752385014086,0.008319363692142076,0.009155599356652187,0.008491431989788228,0.13684371017432562
NVDA,2019-07-24,0.00973319448629598,0.009739203358586159,0.008892048226639498,0.00955200514962274,0.009314774817225095,0.11118126782574399
NVDA,2019-07-25,0.008742145598174923,0.008742247340198527,0.0086393403524151,0.00918815468645414,0.009239758276576918,0.12214560225120193
NVDA,2019-07-26,0.009059351355846419,0.009061350048089594,0.008539347429352154,0.009576901046394887,0.008778687130762044,0.07303313993281528
NVDA,2019-07-29,0.009012432314327957,0.009014146400526498,0.008270279220441566,0.008964102573205887,0.008835406698828412,0.06226104595375291
NVDA,2019-07-30,0.009130673059745836,0.009133100888892184,0.00835572538555441,0.00917474976551022,0.008500578731183785,0.04138472782233005
NVDA,2019-07-31,0.007867469205528891,0.007862358672668147,0.008043023838077402,0.008150226633291041,0.008725624863337614,0.10835566471277454
NVDA,2019-08-01,0.007154216099933497,0.007144853866049683,0.00778122380667895,0.007345927724088725,0.007803479081917173,0.13395844623316444
NVDA,2019-08-02,0.006454105663820247,0.006440562623397726,0.006181347440597718,0.006668020417579322,0.006348902914675627,0.1369149717191102
NVDA,2019-08-05,0.004502040546408504,0.004476862793794719,0.004339668934202234,0.004680253269946467,0.004996788746954951,0.20353954435699712
NVDA,2019-08-06,0.004794849051689223,0.004771416507742557,0.004663279683231325,0.004973247585597047,0.004996788746954951,0.10912462649835684
NVDA,2019-08-07,0.005083908433773814,0.005062195946673526,0.004434207256489131,0.00473770267023706,0.0042832225203228574,0.11380137253049745
NVDA,2019-08-08,0.0059041549151987,0.00588732881519961,0.005150516318794936,0.005637751797446036,0.005437736014762402,0.08759203925682495
NVDA,2019-08-09,0.005138340148325014,0.005116953546381555,0.0048669013519342455,0.0053026269475644865,0.005510922160194255,0.10106378571156309
NVDA,2019-08-12,0.00462592030492609,0.004601482296093171,0.004399664341275804,0.00500005742748489,0.004682088147108441,0.07512126891952584
NVDA,2019-08-13,0.005489336704673307,0.005470040935758022,0.005075975887592239,0.004856433013616657,0.004555841479147504,0.10526490236339743
NVDA,2019-08-14,0.004366898991662045,0.004340913263630734,0.004176044781488683,0.004567268414480984,0.004758933338077587,0.13340658357239094
NVDA,2019-08-15,0.004122892204483121,0.004095450334754426,0.003936063153194402,0.004391088670810794,0.004453381224521977,0.1571549076831546
NVDA,2019-08-16,0.0061481562923874425,0.0061327917440759175,0.005737742409779548,0.006208419736404066,0.00601224804160537,0.3770547769265062
NVDA,2019-08-19,0.008254121203836711,0.008251321482445912,0.007533970533230589,0.007470403555382435,0.006884994090929367,0.2971556700159593
NVDA,2019-08-20,0.007707935808381843,0.007701865550672125,0.007381255582069125,0.008150226633291041,0.008063290508913627,0.15134957765105378
NVDA,2019-08-21,0.008338581970558156,0.008336289488622469,0.007903031665204119,0.008655785738928674,0.00805780106816002,0.13645757203630693
NVDA,2019-08-22,0.00838551183205698,0.008383496737593022,0.007881216729741888,0.008701745989674547,0.008257235626448155,0.08518406194119764
NVDA,2019-08-23,0.006688722511373275,0.006676584462620667,0.007383072626447159,0.007119958013157755,0.007668085672560679,0.19479757578168116
NVDA,2019-08-26,0.007253684179419823,0.007244926175108642,0.006654039052032205,0.007554664623844375,0.007157613049754014,0.09128272437857447
NVDA,2019-08-27,0.0065686063026922994,0.006555742836746543,0.006748573906677158,0.006924629686913042,0.007410102895885198,0.0799968843789722
NVDA,2019-08-28,0.006489692579237469,0.006446227637330489,0.006064990715206647,0.006614398907520129,0.006237295918654542,0.06534849381267495
NVDA,2019-08-29,0.0075756615484318425,0.007537594552251777,0.006966740599509205,0.007717437620287135,0.0070277055913604385,0.10775905643085724
NVDA,2019-08-30,0.0076714832945354965,0.0076338889848864035,0.007432160565789613,0.008104266382545168,0.007752248954604409,0.07985104679894799
NVDA,2019-09-03,0.00704393886006353,0.0070032393219529344,0.006532227725865088,0.007428274847434968,0.0069691573729730935,0.08213970245819184
NVDA,2019-09-04,0.00790632736167617,0.007869910824109348,0.007104912260362514,0.008071711052743215,0.007340575795990633,0.053795837331437446
NVDA,2019-09-05,0.009969297277818995,0.009943129454535866,0.009092034072765383,0.009257096888856467,0.008485942549034623,0.2476719847666019
NVDA,2019-09-06,0.009764507509469413,0.009737316221077725,0.009292016451249323,0.010084374097148213,0.009570925453788914,0.1156309712617105
NVDA,2019-09-09,0.010112088558682803,0.010086627534733595,0.009817433558424273,0.01060525206884546,0.009772188662398023,0.13243046613336518
NVDA,2019-09-10,0.010615617984882638,0.010592661296776069,0.009866518030124782,0.010404178254686633,0.009640452553683478,0.10561955284209269
NVDA,2019-09-11,0.010831685779431627,0.010809800956692286,0.010233765585362223,0.011133793126139532,0.010480267193171851,0.10922406121200974
NVDA,2019-09-12,0.010820411359892337,0.010798470928826753,0.010621007564041926,0.011392318166872459,0.01092487350651659,0.09527337088651018
NVDA,2019-09-13,0.010382645774344942,0.010358526595061566,0.009653809405710721,0.010670362728449373,0.010081401566386271,0.09392768776174117
NVDA,2019-09-16,0.010057602744229784,0.010031871735729298,0.009384737729158182,0.010348644625795253,0.009592883216803346,0.05549617093490175
NVDA,2019-09-17,0.010219188330985878,0.010194255596641211,0.00931928945512954,0.01036970897976898,0.00987830970745619,0.05185686041520622
NVDA,2019-09-18,0.010014391349316056,0.00998844236318307,0.009352013592143861,0.00996564375376862,0.009935029275522558,0.06640084453216796
NVDA,2019-09-19,0.009443229832520935,0.00941443923816979,0.009268384471409055,0.009967557698884313,0.009830736880785371,0.06114903440606817
NVDA,2019-09-20,0.00864470806833691,0.008611962823967308,0.008702971582065705,0.0091575169543349,0.009223293444106783,0.10455560140600685
NVDA,2019-09-23,0.009048664821906898,0.009017920675543366,0.00848844244563167,0.009209219040427874,0.008454838044624633,0.06290405710204156
NVDA,2019-09-24,0.008614660982866059,0.008581754218202505,0.008601161614624729,0.008931547243403934,0.00907692115324307,0.09089327175010069
NVDA,2019-09-25,0.009685597392674706,0.009658013228833934,0.00891568367412171,0.008856859553087494,0.008420072749782005,0.08723241704244701
NVDA,2019-09-26,0.009518378202809086,0.009489964353989255,0.00876478576733828,0.009733928554923534,0.009395280798626875,0.056628069425317076
NVDA,2019-09-27,0.008469990632079035,0.008436365399088885,0.008675702045827433,0.008590675079324761,0.008996415171841288,0.10944944656295626
NVDA,2019-09-30,0.008903998077779997,0.008872531856429746,0.008090291265399882,0.00901580465929886,0.008473135017206434,0.03658368839812333
NVDA,2019-10-01,0.008890851801637723,0.008859314691055779,0.009275656116563134,0.00945051126998548,0.00887565794463396,0.11108680484777374
NVDA,2019-10-02,0.008710475515649473,0.008678052252244595,0.007930304669084343,0.008745792295304727,0.008531683235593775,0.08099288876072859
NVDA,2019-10-03,0.010264282402482939,0.010239572106695873,0.00937746608400411,0.009103897270559214,0.008549980208175576,0.14612925518427738
NVDA,2019-10-04,0.010388297410755077,0.010364191608994325,0.009666535651640842,0.01040226430957094,0.010046636271543643,0.06945514748653903
NVDA,2019-10-07,0.010831685779431627,0.010809800956692286,0.010610098362489835,0.011445937850648145,0.010628468134356538,0.1587226616684151
NVDA,2019-10-08,0.009497708433653714,0.009469195037174086,0.009210204374892547,0.00996564375376862,0.009907582071754514,0.1435804120243085
NVDA,2019-10-09,0.010151549027070338,0.01012627903085549,0.009584723575284067,0.01047503440220466,0.009849033853367172,0.08059514990611706
NVDA,2019-10-10,0.01058744636267488,0.010564336227112243,0.010017415936908212,0.010714409034079546,0.009903924771112568,0.08751912046681283
NVDA,2019-10-11,0.011143568106764038,0.011123238650650586,0.01079190336190955,0.011717867812324992,0.010963296102001165,0.14439577667626213
NVDA,2019-10-14,0.011245030669297457,0.011225198097217979,0.010433747963846163,0.011476575582767386,0.010822409762100377,0.042324385866349803
NVDA,2019-10-15,0.013093811860814503,0.013083160603829264,0.012600857731290716,0.012474288873098718,0.011649416869760561,0.23459963441170284
NVDA,2019-10-16,0.012687986857301662,0.012675315614744765,0.012588131485360594,0.013269014404155531,0.012534968706017408,0.13716190125801486
NVDA,2019-10-17,0.012703004990046906,0.012690423519034624,0.012331786054738184,0.012953038136848505,0.012717934942044717,0.06859006547775894
NVDA,2019-10-18,0.01198905219238797,0.011972915111008706,0.011933634874506396,0.012072141244781072,0.012408722038056468,0.08682142022601509
NVDA,2019-10-21,0.013026176163559094,0.013015187639451,0.01210271362799599,0.012972188545706538,0.0121617181428882,0.06794042534856011
NVDA,2019-10-22,0.012951020579950696,0.012939662523631535,0.013189902600474333,0.013565840262604524,0.013138754842054044,0.09563796483657076
NVDA,2019-10-23,0.012853316157263702,0.01284147735208101,0.011940906519660469,0.012748136432458285,0.012042793055792537,0.07541791581525693
NVDA,2019-10-24,0.013185882680391971,0.013175684362854479,0.012404505973920898,0.013581159128664144,0.01285515700172218,0.05557406146059651
NVDA,2019-10-25,0.01462881722843545,0.014625801880381265,0.01370804459485326,0.014425672800698223,0.013468093368945066,0.13473735149011207
NVDA,2019-10-28,0.015051561074577478,0.015050641911264057,0.014347994447757362,0.01544636439011899,0.014602477750691147,0.09649641786444065
NVDA,2019-10-29,0.014324454787456028,0.014319916337864166,0.013909847485357174,0.014875698277444463,0.014589670218862958,0.046963015258256816
NVDA,2019-10-30,0.014339476526861395,0.014335020640746567,0.013498970059195266,0.014515675704507264,0.014181657850681813,0.04477710880312093
NVDA,2019-10-31,0.013967478388626563,0.013961162133851204,0.013275348765587176,0.014046503471470004,0.013845001232716213,0.04633989105269874
NVDA,2019-11-01,0.01426244908665002,0.014257608387418668,0.01343715587392269,0.014195871546968844,0.013376608506036069,0.07696081112210418
NVDA,2019-11-04,0.015748609456247713,0.015751151676084225,0.01472978529330296,0.015408067224969936,0.014520143118968393,0.11552325032191989
NVDA,2019-11-05,0.01558138665972197,0.015583106402647002,0.014827957704345925,0.015936604629696996,0.015369104499852324,0.08409856631715365
NVDA,2019-11-06,0.015209381308166892,0.015209247895751645,0.014487983152988701,0.01525295000898997,0.015030619231565751,0.07090026532496094
NVDA,2019-11-07,0.015342784452734872,0.015343306686999732,0.014857047752604179,0.015718294351795836,0.015482543635985068,0.07559358380937703
NVDA,2019-11-08,0.015237567357015137,0.015237569364008007,0.014375267451637579,0.015643610314046416,0.014851313785971074,0.03779182016900587
NVDA,2019-11-11,0.015312726547283658,0.01531309808123493,0.014386173185547725,0.01528550533879193,0.01486777861844121,0.060303839340018664
NVDA,2019-11-12,0.01558138665972197,0.015583106402647002,0.014886137800862433,0.01605724891819229,0.015228221649742222,0.07690446478436753
NVDA,2019-11-13,0.015385988634328353,0.01538673605954596,0.014449804415198338,0.015595736118184843,0.014977556964141322,0.08381683462847048
NVDA,2019-11-14,0.015615217131660104,0.015617092884836137,0.014526165358421009,0.015714466461564436,0.015083678009199488,0.17409195390869575
NVDA,2019-11-15,0.01456306060110325,0.014559716053511442,0.014871591042912337,0.014588445797140984,0.01522456085930959,0.39597554568942234
NVDA,2019-11-18,0.016083051442639076,0.016087249425773584,0.015157023054151057,0.015187843001953076,0.014161532227779047,0.19750385723826713
NVDA,2019-11-19,0.015277024218742549,0.015277220860129902,0.014907952736324663,0.015547861922323263,0.015467907453835906,0.13120410466497961
NVDA,2019-11-20,0.01587637899770616,0.01587954905480701,0.015375189746983105,0.01572212589459425,0.014743364090591935,0.1552441039357917
NVDA,2019-11-21,0.015688482825364922,0.01569073086314716,0.015137025163066857,0.01624874935420561,0.015462418013082294,0.07892796120720372
NVDA,2019-11-22,0.01582188957659302,0.015824793255802713,0.015086120179346373,0.016369393642700902,0.015478882845552436,0.05229271591005136
NVDA,2019-11-25,0.017760848091123823,0.01777338878252332,0.016622368783418932,0.017437963080550255,0.016384563794502743,0.16928428550357882
NVDA,2019-11-26,0.016969857033273156,0.016978468121169498,0.016491468767719702,0.017671592224511035,0.017200588530865018,0.11905649714705234
NVDA,2019-11-27,0.017233089122228856,0.017212599221476544,0.01637511204232863,0.01775585329297298,0.016865764053011077,0.048847303081978946
NVDA,2019-11-29,0.01695105551406063,0.016929373734690504,0.016027865845817328,0.017487751221527528,0.016560211939455467,0.018093803394369674
NVDA,2019-12-02,0.01554275932982246,0.01551512983686128,0.015820611822179316,0.016120445632680502,0.016461408985471885,0.11358427340568865
NVDA,2019-12-03,0.015243814092345289,0.015214912909684405,0.01415164615802949,0.01453674371104801,0.013791942455082477,0.1521964299623308
NVDA,2019-12-04,0.015574728765137987,0.015547229181541982,0.014897043534772579,0.016049589485162483,0.015466075313724247,0.07272820681094644
NVDA,2019-12-05,0.015446876270496745,0.015418835404226654,0.01471705904737284,0.015904049299895043,0.015334342694800388,0.03604508369917021
NVDA,2019-12-06,0.01609179038011307,0.01606647650755096,0.015182479013653244,0.016595363353631876,0.015557560176633244,0.0556635527028841
NVDA,2019-12-09,0.01609179038011307,0.01606647650755096,0.015342465609968783,0.01655323464568441,0.015508158699641453,0.04722983173989205
NVDA,2019-12-10,0.01643211482916233,0.016408239271173086,0.015649716024311686,0.016622173195519716,0.01589787409524079,0.06566999938681926
NVDA,2019-12-11,0.017063868235995896,0.01704266320912343,0.015922421789620292,0.017204333936589475,0.016084501121700737,0.056309878341627845
NVDA,2019-12-12,0.01832926133290649,0.018313405425347467,0.017238683188840823,0.017495414307124355,0.01641017885815912,0.12697150035382188
NVDA,2019-12-13,0.018314210740220157,0.018298301122465065,0.01799862732353401,0.018644409618070228,0.017875733906907883,0.14783456052342436
NVDA,2019-12-16,0.01853232711771807,0.018517327919889717,0.017831365614422452,0.019209333895397654,0.018188604111538078,0.09242953807603772
NVDA,2019-12-17,0.019122712132959917,0.01911021682561719,0.01803862310570241,0.019352960135549394,0.018188604111538078,0.09252068656355288
NVDA,2019-12-18,0.01935210292999712,0.019340573650907366,0.01853676720899714,0.020086402897233686,0.01888204297037206,0.10178137289509141
NVDA,2019-12-19,0.020470838406393837,0.020464036309101884,0.019274892940586145,0.020344927937966613,0.019103431801883942,0.14396323567187208
NVDA,2019-12-20,0.021205994758906107,0.021202314033942977,0.020073012345427757,0.021620316677888905,0.020426271860410943,0.20929349978704398
NVDA,2019-12-23,0.021102595419887526,0.021098463848459686,0.020331174820428205,0.02181756260181633,0.020863560082681098,0.10655092465997472
NVDA,2019-12-24,0.021064992381462474,0.021060699489846225,0.019876664055699884,0.021516905200568932,0.020439079392239132,0.016978477356229836
NVDA,2019-12-26,0.02117216068030785,0.021168327551753848,0.020060286099497636,0.0217428749114999,0.02054153964686466,0.035203203123575805
NVDA,2019-12-27,0.020735949565272752,0.02073027035549709,0.020063923655895648,0.021323490819439912,0.020731823973966553,0.06494744046760831
NVDA,2019-12-30,0.019880456997812112,0.019871151004781876,0.01931125463399848,0.02041387014036894,0.020034727814490626,0.06636107064670681
NVDA,2019-12-31,0.02044075164766165,0.020433827703337088,0.019216716311711582,0.02023577462529954,0.019103431801883942,0.0551531211727993
NVDA,2020-01-02,0.02130754027462232,0.02130427348051037,0.01998574566829494,0.021497758444277912,0.020539710996543687,0.057859402629385284
NVDA,2020-01-03,0.02058553019825232,0.02057921652245071,0.01960759584678929,0.02099602722887168,0.019871887201366092,0.04453846549035401
NVDA,2020-01-06,0.020771666320454348,0.02076614397519466,0.019505782411706377,0.0204540849032007,0.0193632432288804,0.06825861643224933
NVDA,2020-01-07,0.02131129480780863,0.021308051356934702,0.020323903175274126,0.0214345617297897,0.020439079392239132,0.08989395287788919
NVDA,2020-01-08,0.02139591066091529,0.02139301936311126,0.02037299111461658,0.02177160235107046,0.02072450588289197,0.0742545296655182
NVDA,2020-01-09,0.02189227726011415,0.021891497372305075,0.0210802097535693,0.022290566377652005,0.02147283565947135,0.06514133815923144
NVDA,2020-01-10,0.022136711436517454,0.022136958500477654,0.021556535453759858,0.02284399967915121,0.02210955495023895,0.09049056115980651
NVDA,2020-01-13,0.023576969842750897,0.02358330174298757,0.022363747015775516,0.023418497334624144,0.022169935308737964,0.09195888043141408
NVDA,2020-01-14,0.02269326597982117,0.02269586092401599,0.022052862512676547,0.023418497334624144,0.022645642636702,0.1082197706041156
NVDA,2020-01-15,0.022371746656644553,0.022372980339700598,0.0215819879456201,0.022993367754650045,0.022193718232282684,0.06845251412387245
NVDA,2020-01-16,0.023003507276798365,0.0230074078790584,0.021669254622752918,0.023424242822538258,0.022180910700454488,0.0771895109635058
NVDA,2020-01-17,0.023069310790712134,0.023073493705928223,0.021820152529536348,0.023537227678003737,0.022543182382076473,0.06459444723414058
NVDA,2020-01-21,0.02281735672795585,0.02282048042631445,0.021691073025857092,0.02338402805970649,0.022197379022715315,0.04973061478826206
NVDA,2020-01-22,0.0232253637608421,0.023230212552907376,0.02247282862837057,0.02384937240251235,0.022554161263583696,0.05856538909632075
NVDA,2020-01-23,0.023742425375817184,0.02374945987891636,0.022401925753565886,0.02368659940606959,0.02291277564456373,0.06075129555145664
NVDA,2020-01-24,0.02329493623458267,0.02330007625620153,0.023547294822560738,0.023715323193073137,0.023970314835340668,0.11419579689465391
NVDA,2020-01-27,0.021362054942356313,0.02135903288092213,0.020411169852406943,0.020637922253617193,0.020446397483313717,0.15439393713405952
NVDA,2020-01-28,0.022823001151045744,0.02282614544024721,0.02168743546945908,0.022261838938081452,0.021289869423444036,0.08828642500716759
NVDA,2020-01-29,0.02236610584021478,0.02236731892717529,0.021609260949500317,0.022880382899184565,0.022120533831746173,0.06668920520176132
NVDA,2020-01-30,0.022416876794742826,0.02241829684975526,0.021156567229150033,0.02201097698294535,0.02106299115117855,0.07980464393257664
NVDA,2020-01-31,0.02065321999540955,0.020647189486828966,0.020811138077016768,0.021120503060165392,0.0214947899326951,0.11291474633375924
NVDA,2020-02-03,0.02138651170463909,0.021383580074161624,0.020203912361126987,0.021254552269604605,0.019981665547066204,0.06532860686994436
NVDA,2020-02-04,0.022665061897672322,0.022667535854352164,0.021438365151632693,0.022895705417811198,0.02187170128625693,0.07194930155399885
NVDA,2020-02-05,0.023347579045713693,0.023352944917697394,0.022256482447558498,0.02354488711103355,0.022962173631764834,0.04571345235668557
NVDA,2020-02-06,0.024003785608169913,0.024011916048887232,0.02259281944251771,0.023826394103422924,0.022989620835532878,0.04988308134919649
NVDA,2020-02-07,0.023503635622503776,0.023509663764676548,0.022461922894460425,0.024150026151192744,0.02308110220865119,0.0380619511410962
NVDA,2020-02-10,0.025643348052708386,0.02565840751092253,0.02418360711906683,0.02448132128455939,0.023055487144994804,0.17886813465448925
NVDA,2020-02-11,0.026568413093909605,0.026587386963524442,0.02591074941209122,0.026880813091222415,0.025767037061301425,0.22400652291721562
NVDA,2020-02-12,0.027442721607223258,0.027465388493546388,0.025965291952209715,0.027574041090074948,0.02625921271152629,0.11466479729405
NVDA,2020-02-13,0.027111803327770436,0.027133068620281354,0.02608891685511292,0.027700430866484355,0.02629580665668989,0.17820855105392508
NVDA,2020-02-14,0.030686100887837634,0.030722490595104488,0.02999589169387004,0.03093486296703596,0.02941536894117765,0.3911264461536167
NVDA,2020-02-18,0.03196089654768455,0.03200267210027817,0.030421315877982053,0.0307165526891348,0.02911896356901759,0.21638650936094966
NVDA,2020-02-19,0.035369756607986066,0.03542593233776506,0.03371197284367534,0.03390119299614212,0.03201896916210513,0.24711515037014575
NVDA,2020-02-20,0.034241611355332796,0.0342930303906209,0.03387741404076692,0.032916884626754704,0.03408282090613693,0.295059254803111
NVDA,2020-02-21,0.031490851354051205,0.03153062842183228,0.03185575104697169,0.03182725083493162,0.032512976952441666,0.27771121176113794
NVDA,2020-02-24,0.027581859341384154,0.027605112298727242,0.027614256257633397,0.027487866076497308,0.026292145866257253,0.314475539889064
NVDA,2020-02-25,0.025470369026628994,0.025484693622145085,0.02705429796906609,0.025565209588468363,0.0274100654155332,0.39674947921068726
NVDA,2020-02-26,0.026523290169131564,0.02654207045346978,0.02644707225317631,0.026338870765551435,0.024804636544284744,0.26923937415791227
NVDA,2020-02-27,0.023721957579628607,0.02370036909384483,0.024910827116745693,0.023828308048538624,0.02349460401758594,0.33498394957997124
NVDA,2020-02-28,0.027008678094921083,0.026999009829033267,0.02590347776693714,0.022468661892721405,0.0212185136732285,0.42896466918899395
NVDA,2020-03-02,0.02820521283679513,0.028199888341963148,0.026836134743875986,0.026147370329538122,0.027519847251023997,0.3284908627784379
NVDA,2020-03-03,0.02622227470874475,0.02620975418161221,0.02746881295162601,0.026426959724244782,0.027843696337161408,0.22990465868205917
NVDA,2020-03-04,0.029725344338075683,0.029725534576716856,0.028163305344648608,0.027334666458200055,0.02629397800636892,0.20695844126142876
NVDA,2020-03-05,0.027614470762201273,0.027607003037643133,0.027856054930305713,0.028158115776260408,0.0274466593606968,0.18330955186431802
NVDA,2020-03-06,0.02625048961087396,0.026238075649868572,0.025163534990970092,0.02557286902149817,0.02554015878903593,0.1729865713419212
NVDA,2020-03-09,0.02237490969757096,0.02234843674786856,0.023529113975854568,0.021777347838984572,0.020750120946548354,0.21389898427440007
NVDA,2020-03-10,0.025317342044340833,0.025301540444418003,0.023834543878177496,0.023272960801923717,0.023794666690387937,0.2000145837580024
NVDA,2020-03-11,0.022568688332570103,0.022542916352053712,0.02302006067100775,0.022618029968220238,0.023597064272211466,0.1665862902731306
NVDA,2020-03-12,0.016894531936639052,0.01684818360493828,0.019296707876048383,0.01749158276432594,0.018108098130136297,0.29774730656219395
NVDA,2020-03-13,0.021509487994796284,0.02147987450679625,0.020187548558798854,0.01822119763577884,0.01903024391155674,0.22246528485559597
NVDA,2020-03-16,0.013148766541083299,0.013088825617762024,0.01747503072837904,0.013316888600017104,0.015720397299967093,0.2606382714269379
NVDA,2020-03-17,0.017075142655535194,0.017029446043749463,0.016522375860355994,0.012742390944544171,0.013616294310129753,0.3048287154195068
NVDA,2020-03-18,0.014356586522477014,0.014301034158557439,0.014537071092331155,0.01076611477273954,0.013468093368945066,0.32166466968616747
NVDA,2020-03-19,0.016266157970339177,0.016217533942004803,0.015771523882836862,0.013200075854320224,0.013808407287552612,0.2766058291943634
NVDA,2020-03-20,0.014907824848761877,0.014854271568163008,0.01824224304058436,0.015448281987801703,0.016926140921719398,0.2928153447650109
NVDA,2020-03-23,0.016213489912587305,0.016164661679101484,0.01572607349989242,0.014182466626024917,0.014494528055312008,0.22621065906985455
NVDA,2020-03-24,0.023078543840622755,0.023054611526621496,0.022303753342522922,0.019837454887213286,0.01875579630241112,0.4158691174009092
NVDA,2020-03-25,0.022408776236110307,0.02238242323005769,0.023969077982632793,0.022826763215408878,0.02329334080897683,0.2881734008826488
NVDA,2020-03-26,0.02459490277541639,0.024576483486358335,0.024041801369457452,0.02404087283852567,0.023318955872633208,0.24785096725117706
NVDA,2020-03-27,0.0237464179485715,0.023724916287084324,0.024205425522171004,0.023788093285706857,0.022598073299821875,0.22411921559268894
NVDA,2020-03-30,0.026165830477845844,0.026153107643692015,0.0247217504721719,0.02472835534946409,0.023578767299629665,0.2089653652319895
NVDA,2020-03-31,0.02579144112395056,0.025777361999288217,0.0264379835636442,0.025524994825636596,0.025745079298286986,0.35302472112705935
NVDA,2020-04-01,0.021929025520090444,0.02190093666125471,0.02391635595453427,0.022370995903315538,0.023631829567054088,0.2316116212664337
NVDA,2020-04-02,0.024261903453073563,0.024242276475584867,0.022910979058412703,0.022568241827242964,0.02154419140968689,0.23942221802386765
NVDA,2020-04-03,0.02208706215328714,0.022059546247149755,0.02284371027236408,0.02181756260181633,0.023322616663065846,0.23422178249982184
NVDA,2020-04-06,0.026694487505111022,0.026683684997566525,0.02543442371190066,0.024601965573054684,0.02355681302640592,0.26101612333881885
NVDA,2020-04-07,0.02493166023760565,0.024914464772148672,0.026956125558023125,0.025438819812058956,0.027593031651560507,0.28448105851567174
NVDA,2020-04-08,0.026421694160173658,0.026409898799730127,0.025083539958991354,0.02607076869410599,0.025051640439453012,0.18418623458969097
NVDA,2020-04-09,0.025669142885896185,0.0256546296344982,0.025987106887671946,0.026036299419188336,0.02662331653325994,0.17719265972943815
NVDA,2020-04-13,0.02696728445670851,0.02695747119540293,0.02549260034077523,0.02538137223805187,0.02452836028481815,0.124510491190913
NVDA,2020-04-14,0.029619986582611214,0.02961979725372513,0.02824147986460738,0.02861580068603646,0.02717221175155118,0.17942331180571786
NVDA,2020-04-15,0.029034888931107252,0.029032573361930426,0.028032405328949385,0.028901135568657227,0.027574734678978707,0.11114480843073792
NVDA,2020-04-16,0.03164244288561108,0.03164958291019797,0.03072856282468301,0.03104018838947164,0.029382435786446687,0.26836434867776693
NVDA,2020-04-17,0.031194676031547217,0.031200199287483143,0.03070311033282276,0.03111487242722106,0.031380417731225865,0.18280906380559853
NVDA,2020-04-20,0.03020320877085209,0.030205130406603945,0.029728640529337484,0.030795068269682632,0.029411711640535704,0.145632081616013
NVDA,2020-04-21,0.026903313126136374,0.02689327250604154,0.028141486941544433,0.02731743364702474,0.02850969148201803,0.26403065240772877
NVDA,2020-04-22,0.03003388329147561,0.03003519439425083,0.028705082786509746,0.02890496711145564,0.027580224119732318,0.15970540808835104
NVDA,2020-04-23,0.029631275428790998,0.029631123680183207,0.029663188787666897,0.030360361658996013,0.02952148998623581,0.13517983596586736
NVDA,2020-04-24,0.03068107681028862,0.030684726236491027,0.029032327624294904,0.02990076280410426,0.028745716495679082,0.10541902616955938
NVDA,2020-04-27,0.032090202526354694,0.032098970134320254,0.03154668358825076,0.032466859150008465,0.03082969386261365,0.15806142082262337
NVDA,2020-04-28,0.031014072525971322,0.031018933247264496,0.03167394604755198,0.03191917133642337,0.03229524542157172,0.14294568710215755
NVDA,2020-04-29,0.03234983877516942,0.03235953916678269,0.031015815347941712,0.03241898495414689,0.031155371599072033,0.11653582715595175
NVDA,2020-04-30,0.031187152538534112,0.031192647136041942,0.030630390413640046,0.03203024224677316,0.031067547526595667,0.11519180127641028
NVDA,2020-05-01,0.029399879328726324,0.02939887971738459,0.028892338919063565,0.02994672305485014,0.028882938555356546,0.10117979287749147
NVDA,2020-05-04,0.03100091182318857,0.031005716081890528,0.029426844715770624,0.029954382487879946,0.028248047914909914,0.09101259340648414
NVDA,2020-05-05,0.031461839380035175,0.031468320471386785,0.03095945576344518,0.03194789512342692,0.030917517935090014,0.11228333590206345
NVDA,2020-05-06,0.03222378239726861,0.03223302892556834,0.03127397782294215,0.03273687516656961,0.03118464745316105,0.09346034460757262
NVDA,2020-05-07,0.03355577247331967,0.033569856968662215,0.03225753631595955,0.033868637666340164,0.03236477252146629,0.11428694538216903
NVDA,2020-05-08,0.03499124484157211,0.03501053519723936,0.03322837203068876,0.03483954111478365,0.033164332425358434,0.09998657631365686
NVDA,2020-05-11,0.036895168259684266,0.036921369966753964,0.035364574705497025,0.03575107939153734,0.03399682548398153,0.15378241364509432
NVDA,2020-05-12,0.034915984664820196,0.03493500648001244,0.03580090115587724,0.035858318759088716,0.03630950977350257,0.16372588501038265
NVDA,2020-05-13,0.03474667000542407,0.03476507406906679,0.03511731796440672,0.03434164144217584,0.03480187482862729,0.21874311207452302
NVDA,2020-05-14,0.03663179911764394,0.03665702665927466,0.034808253973327735,0.0350521059047707,0.03424749016958244,0.20899022391040267
NVDA,2020-05-15,0.040095364998665894,0.040133155558257416,0.038186174148511894,0.03648069426299024,0.034598782969697206,0.36864425739669976
NVDA,2020-05-18,0.042048212761323964,0.042093077511436094,0.0412114004616926,0.04265847444099156,0.04097147229770824,0.2803130867683884
NVDA,2020-05-19,0.04246399575343182,0.042510365390877686,0.04245493847408847,0.043288505725355884,0.04118920033878749,0.2566393386928644
NVDA,2020-05-20,0.0437019169201982,0.043752786138845354,0.04213133119270133,0.04425366733845227,0.042658416177968894,0.20286836003984016
NVDA,2020-05-21,0.042236336153252854,0.04228189930450339,0.04220041355548603,0.04309509499679388,0.04310119384099266,0.2747646297465575
NVDA,2020-05-22,0.044125208978678665,0.04417762256832068,0.04249494119154076,0.04290934004869467,0.041445350975351306,0.38981722242385375
NVDA,2020-05-26,0.0418036162852152,0.04184761278185606,0.04314034564522091,0.04259336378138765,0.043871474401005084,0.2787884211590442
NVDA,2020-05-27,0.040354965180879415,0.040393724590719854,0.03914791770606705,0.037420956326747475,0.039979799416393236,0.4466309033146562
NVDA,2020-05-28,0.040067132063236074,0.040104834090001054,0.04007694059424983,0.04035089948325326,0.03842275950473546,0.26392127422271056
NVDA,2020-05-29,0.04299074125083269,0.0430390520058363,0.0409132387368818,0.04116094388036969,0.039463833863042266,0.26821353936206005
NVDA,2020-06-01,0.042469636569861594,0.04251602680340298,0.04066053086265741,0.042727412990826864,0.04150390268352934,0.120975587120553
NVDA,2020-06-02,0.04261260457707135,0.042659528485008175,0.040635078370797155,0.04248612441383628,0.04123311586481636,0.12157385264769784
NVDA,2020-06-03,0.04219304901847658,0.042238466330549715,0.04084597341847513,0.0428078425164904,0.04142340019191826,0.11085147602546193
NVDA,2020-06-04,0.04220058693813017,0.04221581347763356,0.04140592823940049,0.04263549248933512,0.04073361514393553,0.13522955332269382
NVDA,2020-06-05,0.043356269040809844,0.04337514975552566,0.0417968077744782,0.042869125285862904,0.041220308332988176,0.15903919550687673
NVDA,2020-06-08,0.04249045421208193,0.0425065911158608,0.041016865748700816,0.042698689203823324,0.04182591962955509,0.12008896092381478
NVDA,2020-06-09,0.044304885572603384,0.04432678566245117,0.04261674558242399,0.04320042041922955,0.04126055957879371,0.15354542757755496
NVDA,2020-06-10,0.046719768136765316,0.04674931560653356,0.045454712295408935,0.046281645596349875,0.043951983872197564,0.22136487402450405
NVDA,2020-06-11,0.04242457495830562,0.04244050528899099,0.043718477845210484,0.04346660489299229,0.0438220729240133,0.201259174923891
NVDA,2020-06-12,0.04345038123001599,0.04346955705065185,0.043180341427389295,0.04283273841326254,0.04391356127671299,0.1959791916289229
NVDA,2020-06-15,0.04526670969376126,0.04529164593756557,0.04314397973397697,0.043142965540088445,0.04137217006460549,0.12517173203670467
NVDA,2020-06-16,0.04447427597186204,0.044496721674804285,0.04375848056266277,0.043870666466425644,0.044370975121885925,0.1813987481169551
NVDA,2020-06-17,0.04573538074988838,0.04576180247850302,0.04399300412253907,0.045643951226388736,0.04355677903584461,0.1286105158838669
NVDA,2020-06-18,0.0455998641024893,0.04562585654974649,0.04387301677603387,0.04598290944535221,0.04438561130403508,0.06484966299918297
NVDA,2020-06-19,0.0459254733782435,0.045952504206263844,0.045054740603157166,0.04684657352624432,0.04449905044016783,0.17661096665456877
NVDA,2020-06-22,0.04792436376401056,0.04795774627090464,0.045681967677773085,0.04719892936101768,0.044919870340177165,0.12453534986932623
NVDA,2020-06-23,0.047346547959291566,0.0473780781319586,0.04649099628416679,0.04822728768860229,0.04675684032215277,0.11485703774044558
NVDA,2020-06-24,0.04573162982336218,0.04575802820348615,0.04586559318921279,0.04621270704651457,0.046209773754182504,0.1456254526351028
NVDA,2020-06-25,0.04764771129274337,0.04768018579805136,0.04549107398882126,0.04650187347193375,0.0453278827083583,0.11525643384028465
NVDA,2020-06-26,0.04512554501661216,0.04515003139346882,0.045454712295408935,0.04606333897101573,0.04638359324881426,0.20475264786356234
NVDA,2020-06-29,0.04546434745509022,0.04548990341817505,0.04330578684231249,0.044339838699462904,0.04396662005434672,0.1012427681961383
NVDA,2020-06-30,0.04770604541354585,0.047738723074887454,0.04564560598436076,0.04714723092749173,0.04502233059480269,0.11186736734994888
NVDA,2020-07-01,0.04794883855959395,0.047982293464144135,0.04600558189444413,0.048269416396549754,0.04653545498043159,0.09477951180870088
NVDA,2020-07-02,0.048568109315747565,0.048603507439535426,0.04718185458843332,0.04953522810575952,0.047400881193785646,0.11027806917673029
NVDA,2020-07-06,0.05027714685420333,0.05031796466313407,0.04842720964520723,0.050563579128210086,0.04815286827100697,0.09032317939182415
NVDA,2020-07-07,0.05052182989015501,0.050563429392714104,0.04959984825044036,0.05162257518791393,0.049649527824165735,0.10768613764084513
NVDA,2020-07-08,0.05311364798654944,0.05316344389918336,0.050727039940370984,0.05250155813486567,0.049997159833847865,0.11086804847773739
NVDA,2020-07-09,0.05531959672988239,0.05537638633479072,0.05323593436826691,0.05455443228953543,0.05282580967671986,0.1643423802350305
NVDA,2020-07-10,0.055095608709706936,0.05515169452343331,0.053855886330086804,0.055667048033014956,0.05435174159417694,0.1656383460029731
NVDA,2020-07-13,0.05188081221055414,0.05192669176655591,0.05485217453667627,0.052957325446959004,0.05439748577052679,0.14881730694336032
NVDA,2020-07-14,0.05432577432012803,0.05437943031640309,0.0520196658921093,0.051122757917623406,0.05059179922848894,0.18428235481288874
NVDA,2020-07-15,0.05319836121947938,0.05324841550676737,0.05223964616167744,0.053192872188602504,0.05307464571199978,0.126820691038115
NVDA,2020-07-16,0.05250193679001014,0.05254979287945563,0.05059431941265178,0.051965361297108804,0.05015268584568851,0.10236803770564341
NVDA,2020-07-17,0.05300445995803611,0.053053932301174764,0.05089793227059667,0.05343799596095853,0.051693253945294754,0.06977002407977316
NVDA,2020-07-20,0.05533275382600503,0.0553896035001647,0.052954139913426186,0.05396652971311857,0.052050036186163134,0.07746295642605124
NVDA,2020-07-21,0.05396063604944397,0.05401312396094893,0.05316321791672613,0.054962329058334196,0.05379735344534141,0.07422469925142233
NVDA,2020-07-22,0.05479068723640872,0.05484581258232367,0.05347228190780511,0.05499871593093456,0.05273249965328057,0.11161878056581666
NVDA,2020-07-23,0.05246427604502314,0.05251202852084218,0.05306867612679728,0.0530052032953876,0.05333628229952653,0.13000094462977968
NVDA,2020-07-24,0.0529517666536634,0.053001063639678894,0.0517433225704027,0.051057654563153525,0.049128076319851846,0.15553577909584015
NVDA,2020-07-27,0.05466080419211916,0.05471552806609245,0.052303277391328055,0.05443378800104013,0.05174265542228654,0.08047914274018869
NVDA,2020-07-28,0.05310988984670301,0.05315966962416649,0.05186876798532588,0.05436868464657025,0.05278190113027237,0.07198741819423246
NVDA,2020-07-29,0.0549920975642246,0.05504784433795003,0.052845054833189194,0.05542384551090867,0.05290265486768901,0.0773204333364821
NVDA,2020-07-30,0.056110126135237526,0.05616942346004357,0.05362136277021052,0.055027439717938116,0.05278738708123529,0.08741802850793241
NVDA,2020-07-31,0.05611575973834705,0.05617508487256888,0.054664921871764395,0.05608260058227652,0.054165114567717,0.11940286139960989
NVDA,2020-08-03,0.059093418334522016,0.059162178652714906,0.05708109848939339,0.05824463535474738,0.055403794833990966,0.13044011461507993
NVDA,2020-08-04,0.06073093580277168,0.06080488863691842,0.05801920659946635,0.05970577904276888,0.05772745800501922,0.0880212657707599
NVDA,2020-08-05,0.061175132063315416,0.061250497984616376,0.059066399789776285,0.061699291678315844,0.05914727236720882,0.06299189109910161
NVDA,2020-08-06,0.06154218907718402,0.061618691477578966,0.058966406866713346,0.06179504007003899,0.0599212102278632,0.06066843329007923
NVDA,2020-08-07,0.06051824384209627,0.06059152685342653,0.060033601415749434,0.06071306936381273,0.05964859475882925,0.101353803626384
NVDA,2020-08-10,0.06025849218015765,0.06033095782096409,0.059331833909930805,0.05932660606097364,0.05980777807131184,0.13668627187770854
NVDA,2020-08-11,0.057886903964092226,0.057951860850835396,0.05735744181110001,0.05886126171816778,0.05790127052006959,0.10632388206380063
NVDA,2020-08-12,0.06233080695267486,0.062409841465323385,0.059759075138420846,0.06010601272597083,0.05729383057318169,0.15185669469068347
NVDA,2020-08-13,0.06235154524837254,0.062430607180731096,0.061611662846368424,0.06315085833562481,0.06135748942252295,0.11458856401358279
NVDA,2020-08-14,0.06326250824849933,0.06334448593185805,0.061488034475823274,0.06380004368141418,0.06124039298574825,0.1112641300871214
NVDA,2020-08-17,0.06908230158012992,0.06918272036057868,0.06661491534713601,0.06668594418485682,0.06359149987075387,0.21685716700557334
NVDA,2020-08-18,0.06850823670193712,0.06860682649664951,0.06724214242175192,0.06874648142512338,0.0679735253450603,0.16802975086632493
NVDA,2020-08-19,0.06758783146561267,0.06768351205798036,0.06592587408724751,0.06883648067636541,0.06685011984482143,0.21740571517589174
NVDA,2020-08-20,0.06760665823144604,0.06770239063587963,0.0663622074729116,0.06715703036300977,0.06449718430949486,0.3411870184666836
NVDA,2020-08-21,0.07169103491249343,0.07179973351025368,0.06951651328977154,0.06958141441387794,0.06615667749619678,0.37370216983117643
NVDA,2020-08-24,0.07196770902372135,0.07207729398310696,0.0702710028236887,0.07197324678751116,0.07114797854729346,0.16269176398839263
NVDA,2020-08-25,0.07219173311049801,0.07230198579446437,0.06917108066999633,0.07248071983826448,0.0692963654035873,0.07921300738634197
NVDA,2020-08-26,0.07236486722296262,0.07247569608183435,0.06995102269577372,0.07327735931443699,0.07052955273931696,0.09254057350628346
NVDA,2020-08-27,0.07127508601402,0.07138244563081209,0.06981649205896037,0.0724251862093731,0.07039964877071408,0.09103248034921473
NVDA,2020-08-28,0.07518629251600155,0.07530607101500124,0.07198359489112105,0.07300734695044286,0.0696202179795154,0.18199701364409998
NVDA,2020-08-31,0.0768934690178347,0.07701864830390635,0.07508881276863855,0.07603495974892152,0.07333624481917453,0.1669492269779636
NVDA,2020-09-01,0.0802862325540147,0.08039092701740581,0.07813403350526149,0.079089375084154,0.07551170355922741,0.17128955222891196
NVDA,2020-09-02,0.08424383513179712,0.08435987251305709,0.08346454124674008,0.08263977979944562,0.08446786748526315,0.3215586059916044
NVDA,2020-09-03,0.07421993842973128,0.07430722785910517,0.07733954818917596,0.07481701858300632,0.07806407365284213,0.3510227688921813
NVDA,2020-09-04,0.07126021936099984,0.07133901985967332,0.07217994664849087,0.06582419404908041,0.07041611360318423,0.5658663829462837
NVDA,2020-09-08,0.0659168946846787,0.06598037765943233,0.06763483900120768,0.06582036615884901,0.06273705253890702,0.2891246596432614
NVDA,2020-09-09,0.0719568313367954,0.07203764248698505,0.06952014737852763,0.06986100380858459,0.06760759287300568,0.2644615361668912
NVDA,2020-09-10,0.06891993695478763,0.06899201863281786,0.07138182724364925,0.0693650217336595,0.07192009473720824,0.24891823317771805
NVDA,2020-09-11,0.06781099716728045,0.0678798824010814,0.06838023637795076,0.06728725168221758,0.06823334026184745,0.22333202410960357
NVDA,2020-09-14,0.07314109982759678,0.0732253002331335,0.07319804632290061,0.07292117558943223,0.07259157932281848,0.4573416792202993
NVDA,2020-09-15,0.07403542891124397,0.07412218754386965,0.07307987602077345,0.07442636193051688,0.0740479806505903,0.2608802292301599
NVDA,2020-09-16,0.07044686701039689,0.07052332267868941,0.07158180615449125,0.07202112463593974,0.07168589488407748,0.1899617342076959
NVDA,2020-09-17,0.07006276492079486,0.07013813774533598,0.0679239085688444,0.06835198957726854,0.06564803352371108,0.28779223448031277
NVDA,2020-09-18,0.06799736050907013,0.06806680985382535,0.06823478960430143,0.06799963374249518,0.06902557858487432,0.24882542744497532
NVDA,2020-09-21,0.07046758366613384,0.07054409559691203,0.0674348531550818,0.06735427628693719,0.06413125183744024,0.2581822339997117
NVDA,2020-09-22,0.07137506263258342,0.07145419287020723,0.06834750877329449,0.06927693642753316,0.06888835303540616,0.2272779249963955
NVDA,2020-09-23,0.06750407039095477,0.06757210611964841,0.06892201381981189,0.0686928617413477,0.06889201033604811,0.22750993932825225
NVDA,2020-09-24,0.06919293227269178,0.06926579762783934,0.06777664475081704,0.06819304447105717,0.06520892014091063,0.2624065520847317
NVDA,2020-09-25,0.07315241031373729,0.07323663026099904,0.07006010777601074,0.06996825048127,0.06795523186226919,0.20306722946714595
NVDA,2020-09-28,0.07436679441655183,0.07445450381572721,0.07128365136496434,0.0738307962685032,0.07229334181054677,0.19718069441889524
NVDA,2020-09-29,0.07580334156952043,0.07589518204430437,0.07412706921108339,0.07523449238251761,0.07154135473332543,0.21692345681467523
NVDA,2020-09-30,0.0780984469510528,0.07819687036251263,0.07543424538841376,0.07689670988469793,0.07315145342261693,0.24498227576229137
NVDA,2020-10-01,0.07873105513633512,0.07883129430046297,0.07645416210720155,0.0792751300322532,0.07754628642875157,0.17696064539758144
NVDA,2020-10-02,0.07457201337745585,0.07466031704918535,0.0746852069876307,0.07613644997599178,0.07364546121295347,0.1883508918465192
NVDA,2020-10-05,0.07894192212698915,0.07904276894644642,0.07559241147270931,0.07745205347874581,0.07372596370456456,0.15824040330719857
NVDA,2020-10-06,0.07964985180224546,0.0797527216016237,0.07921213725584969,0.08083968519759469,0.07807322388402838,0.2844396273849831
NVDA,2020-10-07,0.08136318126624562,0.08147096030305412,0.07904669605875808,0.08236019040473896,0.07931556145094427,0.1326624804652219
NVDA,2020-10-08,0.08041991701807213,0.08052498580865391,0.0787939881845337,0.08155206725787226,0.07986628531955649,0.11642810621616113
NVDA,2020-10-09,0.07984752563017564,0.07995097908223317,0.07690140469441772,0.08080713352035973,0.0776121527382135,0.10316682990532157
NVDA,2020-10-12,0.08333630567210584,0.08344976803694698,0.08070293200933584,0.0827355354963028,0.07924054491029611,0.13956490683795952
NVDA,2020-10-13,0.08350388552798359,0.08361781691179167,0.08071384121088795,0.08354940778365064,0.08148736289035521,0.10221888563516408
NVDA,2020-10-14,0.08235164417905967,0.08246225490891644,0.08067202144905763,0.08309938230690439,0.08144344736432634,0.07383690386817608
NVDA,2020-10-15,0.08140835107760522,0.08151628041451624,0.07822130018239432,0.08162674764305466,0.07793234103391827,0.07015947670824695
NVDA,2020-10-16,0.08021466920388715,0.08031917257519577,0.0790630563934443,0.08181633048138526,0.07958634826965727,0.059871298335628625
NVDA,2020-10-19,0.07785180189199511,0.07794951849542416,0.0780594930740588,0.07886149142810733,0.07860748292017045,0.08293849465787001
NVDA,2020-10-20,0.07896452867262968,0.07906542900217749,0.07672323725139601,0.07962940711727631,0.07626918356699303,0.054410675310857776
NVDA,2020-10-21,0.07805513817631579,0.07815343738855896,0.07666324011050146,0.07940343740634534,0.07657290703022768,0.05042665778383225
NVDA,2020-10-22,0.07682193452098812,0.0769166852559315,0.0753560639331711,0.07752099202858112,0.07582274860332731,0.07979470046121134
NVDA,2020-10-23,0.07854844993439189,0.0786481411227359,0.07522153329635775,0.07797676664580849,0.07529214686782719,0.0561806132138791
NVDA,2020-10-26,0.07516697524439167,0.07525697662852224,0.07594511226999667,0.07604070158426862,0.07512382030373974,0.09902537408167898
NVDA,2020-10-27,0.07709115727240537,0.07718669717875104,0.07412161807794929,0.07721267884687094,0.0742382649776922,0.06323882063800627
NVDA,2020-10-28,0.07129411475282016,0.071373002740455,0.07279808156593273,0.07275073950739264,0.0734478553049863,0.11544204530577003
NVDA,2020-10-29,0.07428395664688499,0.07437142654846655,0.07230902615217011,0.0738307962685032,0.07081681137008147,0.09205831514506697
NVDA,2020-10-30,0.0705937157838972,0.07067060583812639,0.07044552924267045,0.07038380303053157,0.07090097814191589,0.1321387909733167
NVDA,2020-11-02,0.07094580515826227,0.07102369502820659,0.06972013322465351,0.07111150395686877,0.06949397131155446,0.08359476376797904
NVDA,2020-11-03,0.07425006125506467,0.07433743646486997,0.07167088987600209,0.07270286165896406,0.069865389734572,0.07251110768613764
NVDA,2020-11-04,0.08008477173295711,0.08018888805896456,0.07692504014189994,0.07832720853546615,0.07484754055448245,0.1294076508383175
NVDA,2020-11-05,0.08283927905410478,0.08295129002775317,0.08064475191281933,0.08333684299366359,0.08050666889054742,0.09162245965022182
NVDA,2020-11-06,0.08586676726651611,0.08598747819437819,0.0824609779273546,0.08260148628686359,0.08012060730579934,0.11827096290919457
NVDA,2020-11-09,0.07885343632757229,0.07895402306384554,0.0832081923484757,0.08042413264833312,0.08336092681749442,0.20097910048043538
NVDA,2020-11-10,0.07237107067837131,0.07245304322891821,0.07531788519538074,0.07289819363777578,0.0764375101310805,0.2262902068407769
NVDA,2020-11-11,0.07725122084859025,0.07734719030074706,0.0740707130942288,0.07534938753053178,0.07239214476453035,0.1271355676313491
NVDA,2020-11-12,0.07754301407904682,0.07763985507648273,0.07647779755468376,0.07816634948413911,0.07550438895794352,0.11100559983162388
NVDA,2020-11-13,0.07633992603573231,0.07643331154962009,0.07577057891573102,0.07619964669047999,0.0765893718626978,0.10292652934732711
NVDA,2020-11-16,0.07798359646614897,0.07808169014916382,0.07563059021049967,0.07694075253776111,0.07326122827852635,0.13087762735515263
NVDA,2020-11-17,0.07728319749722602,0.07737928604402029,0.07524334476417804,0.07807251503753165,0.07604230529472754,0.08872228050201274
NVDA,2020-11-18,0.07733216151503328,0.07742838043049928,0.07531243406224664,0.07716289435846069,0.07540375735363897,0.17112714219661224
NVDA,2020-11-19,0.0774187646378668,0.07751523917559174,0.07445250047213245,0.0765117950675556,0.07355580849015612,0.19391923581108067
NVDA,2020-11-20,0.0747640536022765,0.07485291311726953,0.07450340545585293,0.07624368934354314,0.0753214262117069,0.10076216708014936
NVDA,2020-11-23,0.07515756907479522,0.07524754094098006,0.07368891878104125,0.07586452366688193,0.07325208502692149,0.10915942864813534
NVDA,2020-11-24,0.07378505456562083,0.0738710614017643,0.07208540485856202,0.0748648964314349,0.07304167158712614,0.10300441987302188
NVDA,2020-11-25,0.07587113235316105,0.07596315500868263,0.07286716392871745,0.07589899659436661,0.07223662573227108,0.06713168967751665
NVDA,2020-11-27,0.07607070328431506,0.07616329962680055,0.07387072724810292,0.07705181979554387,0.07474325164953595,0.02874989020750368
NVDA,2020-11-30,0.07712693534080901,0.07722256719704114,0.07390708894151524,0.0755332285335153,0.07393820579468088,0.07833301017051396
NVDA,2020-12-01,0.07704032500465526,0.07713571565476361,0.07475247924132128,0.0774941821866933,0.07560136326160613,0.08247446599415656
NVDA,2020-12-02,0.07820389126636018,0.07830260768550436,0.07580512356476532,0.07754014609000617,0.07456394620394127,0.07684480395617581
NVDA,2020-12-03,0.07711531468189807,0.07718102856341082,0.07570694768608041,0.07826593307122767,0.07629845593129136,0.04210894398676855
NVDA,2020-12-04,0.07833760458369858,0.07840645787098764,0.07497973462368543,0.07872361432843672,0.07528116798631997,0.04323752798672878
NVDA,2020-12-07,0.0787029736806304,0.07877275702362689,0.07622508968045935,0.0795757874335006,0.07639908753559592,0.05193806543135608
NVDA,2020-12-08,0.07676879399076036,0.07683360798867084,0.07526152907852615,0.07790207895549206,0.07628016244850025,0.07210508260538837
NVDA,2020-12-09,0.07361044893582672,0.07366713530581459,0.07391799120778345,0.07473658905734279,0.07419801373188666,0.12570867949043024
NVDA,2020-12-10,0.07392305980850362,0.0739805729997729,0.0714072797355095,0.07459296281719105,0.07104003234170501,0.0455245264007451
NVDA,2020-12-11,0.07423194139461509,0.07429023641871432,0.0710527618938441,0.07438997505791653,0.07175908277440468,0.046145993361075624
NVDA,2020-12-14,0.07645803694138581,0.07652205743222097,0.07373437263162763,0.07633944504040033,0.07264280945013124,0.07137423746003968
NVDA,2020-12-15,0.0768478952605415,0.07691291098091463,0.07428160120662289,0.07717629927940459,0.07521713032717901,0.03941426324677541
NVDA,2020-12-16,0.07595896174043583,0.07602169228551872,0.07408707342891499,0.07737353789819801,0.07509088365921808,0.051885033584074536
NVDA,2020-12-17,0.07670288588370307,0.07676752216180101,0.07366710731322096,0.07711310256491638,0.07468287129103694,0.05531055946941636
NVDA,2020-12-18,0.07618119692379231,0.07624449695936769,0.07385254293375482,0.07628582535662465,0.07477252401383427,0.10116653491567108
NVDA,2020-12-21,0.0766350734601017,0.07669954199460784,0.07359801801515237,0.07549684166091492,0.07254583514646863,0.08470511807043625
NVDA,2020-12-22,0.07622828547833647,0.07629169700552334,0.07335985343123613,0.07615943192764821,0.07433523928135481,0.03633344436876358
NVDA,2020-12-23,0.07420181135596145,0.0742600206101346,0.07290715971088585,0.0757840941412184,0.07387233250563759,0.033666936797638755
NVDA,2020-12-24,0.07408504212787306,0.07414295325927735,0.07187087572212797,0.07527662109046507,0.07227138404753232,0.0
NVDA,2020-12-28,0.07337880036955355,0.07343488774160853,0.0713618258849231,0.07393229380070748,0.0724561824236713,0.04751322067380276
NVDA,2020-12-29,0.07370461161827456,0.0737615426009408,0.07143454927174778,0.07453742918829967,0.07144987336020713,0.030032598013625872
NVDA,2020-12-30,0.0752300990098353,0.07529096671211884,0.07246174110333156,0.07495490298781096,0.07192740933849213,0.052829663363776924
NVDA,2020-12-31,0.07454647101047655,0.07460556125018106,0.07200541329422522,0.07509469403259728,0.07299776304067865,0.03916899095309831
NVDA,2021-01-04,0.07498714717074186,0.07504738912004723,0.07565240861360387,0.07545854084319886,0.07276173453722691,0.19172504312980704
NVDA,2021-01-05,0.07718123721559585,0.07724711439028063,0.0741325203442175,0.07641221148046703,0.07272879789270525,0.09316866944752415
NVDA,2021-01-06,0.07122804795271753,0.0712785954453288,0.07268899648569574,0.07257456159000597,0.07362716075058098,0.19992177802525973
NVDA,2021-01-07,0.0767235808994793,0.07678828787720872,0.07365438106729083,0.07487638740726313,0.07176091142472565,0.15064193393889075
NVDA,2021-01-08,0.07621696777887571,0.0762803669776578,0.07396889619150393,0.07606751142615648,0.07465177027641763,0.08064321001771595
NVDA,2021-01-11,0.07881408045232828,0.07888416296195884,0.07789587585662913,0.0785225405142779,0.07506343994524073,0.1742013320937139
NVDA,2021-01-12,0.07778392454851157,0.07785132972246618,0.07639417190159087,0.07838849130483869,0.07750602820336464,0.08020735452287081
NVDA,2021-01-13,0.07813797594598264,0.07820630605005481,0.07545242276747799,0.07869489054143317,0.0755848914495546,0.04646252719953729
NVDA,2021-01-14,0.07564066677140768,0.07570258597622019,0.07526879725603827,0.07712842143097601,0.07620697455817305,0.07674536924252293
NVDA,2021-01-15,0.07307368413660877,0.07312900580049889,0.07327258675410331,0.07458530703672825,0.07366741199638653,0.07453294686374627
NVDA,2021-01-19,0.07432235315053673,0.07438086943882365,0.07159089831166529,0.07455083410924357,0.07211769366559403,0.05315779791883145
NVDA,2021-01-20,0.07688744589543207,0.07695256247703652,0.07403798548957252,0.07618049993418896,0.07281662196518161,0.06657485528106051
NVDA,2021-01-21,0.08066728340915408,0.08074212906997758,0.0781740362227138,0.07768377233015791,0.07506161129491976,0.09939162527696711
NVDA,2021-01-22,0.07949962719487157,0.07957145556140505,0.07702866715371895,0.0805505187721755,0.07741454683024633,0.06170586880252432
NVDA,2021-01-25,0.07905327415157527,0.07912395907619865,0.07693230831941206,0.0775573789011815,0.07772009894380194,0.06348409293168338
NVDA,2021-01-26,0.07741101031860592,0.07747747481697828,0.07559604556146537,0.0787140372977242,0.0762472258039786,0.02738432014000408
NVDA,2021-01-27,0.07351250647357171,0.07356895373567153,0.07259991276418487,0.07416591929210126,0.07368204817853569,0.11326773956722698
NVDA,2021-01-28,0.07451632654518242,0.07457534544160134,0.07337803774558424,0.07544322197713924,0.07197132486452101,0.05403945237988701
NVDA,2021-01-29,0.07405491208921942,0.07411274465351256,0.0733416760521719,0.07506788419070942,0.0725476637967896,0.07195261604445395
NVDA,2021-02-01,0.07591753564228217,0.07598015365188839,0.07287625608589149,0.07500085958598982,0.0723884874638884,0.04943562513775851
NVDA,2021-02-02,0.07832630131087831,0.07839512784312212,0.07506699436553438,0.07793271668761131,0.07491707114416771,0.05077633652684489
NVDA,2021-02-03,0.0781285553497457,0.07819687036251263,0.07768316376457313,0.07970218086247705,0.07665340952183876,0.061120861237199856
NVDA,2021-02-04,0.07913614077452309,0.07920704354627424,0.07580512356476532,0.07833295767594728,0.07588495761214731,0.04286299056530292
NVDA,2021-02-05,0.07858432177595868,0.0786538025352612,0.07626872648666769,0.07992622932315827,0.07730477197433691,0.029527138219223717
NVDA,2021-02-08,0.08497069977269044,0.08505660800286038,0.08162467978472263,0.08131652051622876,0.07732123680680705,0.13951518948113312
NVDA,2021-02-09,0.08364861358533256,0.08373110998763204,0.0824209821451862,0.08511012775362667,0.08181120848670194,0.07858491144510127
NVDA,2021-02-10,0.08742277421602358,0.08751500796523287,0.08476080128723446,0.08602166968294739,0.08270774269425668,0.16053237345689753
NVDA,2021-02-11,0.09108773960488105,0.09118939434482512,0.08743150975874978,0.09049127210802249,0.0864914714732801,0.14622868989793025
NVDA,2021-02-12,0.0889068427227509,0.08900289344278059,0.08756968141960308,0.0893422694919426,0.08700194409608676,0.11471120016042134
NVDA,2021-02-16,0.09168663994466937,0.09178983540199379,0.08816054680080668,0.09068276889146878,0.08710623300103326,0.09283722040201454
NVDA,2021-02-17,0.08849064857138922,0.088585605563339,0.0870769919170844,0.08938057030965865,0.08788749244255291,0.07328006947171994
NVDA,2021-02-18,0.08791055335747354,0.08800405028688452,0.08452991181611424,0.0878102733089701,0.08465266586140213,0.05633970875572371
NVDA,2021-02-19,0.0886450641178241,0.08874043727280971,0.08673883441010521,0.0898918785557774,0.08681531706962682,0.07202387758923852
NVDA,2021-02-22,0.08434542753409491,0.08442973261494378,0.08642067826185218,0.08589527625397095,0.08498749033925607,0.09446297797023918
NVDA,2021-02-23,0.08273515477640181,0.08281534409899664,0.07991572180604634,0.07872935616378382,0.07986811396987746,0.12176443584886586
NVDA,2021-02-24,0.08542458352232007,0.08551165303810052,0.0818646614130169,0.0815367410866786,0.08021575295914098,0.14518959714025764
NVDA,2021-02-25,0.07644862355846913,0.07651261454186388,0.08090473489983976,0.07740226899033556,0.07965038592879822,0.3010187086413738
NVDA,2021-02-26,0.07951468860753827,0.07958656706710236,0.07712138496398585,0.07851104953844967,0.07750602820336464,0.16698734361819723
NVDA,2021-03-01,0.08047328837454766,0.08054764586438497,0.07763407582523069,0.0799836842022994,0.07840256241091939,0.10577367664825467
NVDA,2021-03-02,0.07719253327509587,0.07725844441814617,0.0776013482205744,0.0787791479573281,0.07858552515715601,0.06887179716644211
NVDA,2021-03-03,0.07266124091177328,0.07271549939888908,0.074190700440734,0.07420422010981731,0.07511833435277682,0.11588618702675292
NVDA,2021-03-04,0.06938800209201436,0.06943384650268403,0.07072551358841703,0.06872732736369835,0.07054053162082419,0.1969884539724997
NVDA,2021-03-05,0.07007544593778148,0.07012303344245358,0.06763483900120768,0.06562886207026866,0.06870539028916954,0.18435030186721818
NVDA,2021-03-08,0.06353465239461485,0.0635654034681986,0.06706215099906829,0.06476519798937655,0.0679735253450603,0.1844629945426915
NVDA,2021-03-09,0.07055055848888529,0.0705667556526431,0.06812025339093034,0.06853965847048343,0.06563339734156191,0.1756431354416807
NVDA,2021-03-10,0.07015870929334263,0.070174014966441,0.07076186834654546,0.07159025322061854,0.07083144755223063,0.1186968749326744
NVDA,2021-03-11,0.07411695385662664,0.07414106612176892,0.07124365558279594,0.07371206592512361,0.07163283610644375,0.08370414195299722
NVDA,2021-03-12,0.07308074597712634,0.07310257146975095,0.0700982865138011,0.0726051993221252,0.06942444072186921,0.060522595710055
NVDA,2021-03-15,0.07560716811220072,0.07563461301184193,0.07241083611961108,0.07396293153282674,0.07100892434750433,0.05141769042990599
NVDA,2021-03-16,0.07636076531791339,0.07638988577848131,0.07463430200391022,0.07664009513651371,0.07460785475038877,0.07219125935722087
NVDA,2021-03-17,0.07673758195407032,0.07676752216180101,0.0742034266866641,0.07566536379783881,0.07228968450990482,0.06048116457936631
NVDA,2021-03-18,0.07207471862952139,0.07209428542349779,0.0722453949225195,0.0735780167156844,0.07299776304067865,0.08120998788553739
NVDA,2021-03-19,0.07300350574396781,0.07302515561501559,0.07033645109771733,0.07277754934928049,0.07016911319780664,0.0834108095477212
NVDA,2021-03-22,0.07556950015389349,0.07559684865322847,0.07377618545817408,0.07503149731810907,0.0713602206374098,0.08282911647285184
NVDA,2021-03-23,0.07469910486681149,0.07472451573854676,0.07341257545933463,0.07590856631994511,0.07385952497380939,0.051442549108319205
NVDA,2021-03-24,0.07147560189012578,0.07149384436632912,0.07206541043511977,0.07296330429737968,0.0731057092462671,0.06129984372177505
NVDA,2021-03-25,0.07066362007036894,0.07068004152566856,0.06883293009830105,0.07016932429542883,0.06833580051647298,0.08172704839653239
NVDA,2021-03-26,0.07295454172616056,0.0729760612285366,0.06986193897426288,0.07094680971017628,0.06873831995410981,0.11024160978172425
NVDA,2021-03-29,0.07377595135547457,0.07379930695955425,0.0713618258849231,0.07344779539647658,0.07068324312125526,0.0727679806964076
NVDA,2021-03-30,0.07319945558836,0.07322152595811664,0.07072733063279504,0.07348609621419264,0.07084242643373785,0.042392332920679274
NVDA,2021-03-31,0.07679032575168473,0.07682039082329688,0.07432887210158731,0.07561174411406313,0.07211220771463112,0.08986080797333824
NVDA,2021-04-01,0.08028320295951277,0.08032106691551912,0.07723410413297893,0.07966195879451124,0.07618685242506097,0.08716778447857264
NVDA,2021-04-05,0.08160764790259001,0.0816484520682559,0.07828129732328887,0.08136056316929194,0.07834767498296469,0.06537335249108817
NVDA,2021-04-06,0.08065812249244589,0.08069680895851546,0.07857400097968167,0.08167079760125187,0.07931556145094427,0.038887259264415136
NVDA,2021-04-07,0.0827832459824597,0.08282667412686218,0.07995025951979676,0.08119587622773347,0.07844464230704591,0.06355535447646794
NVDA,2021-04-08,0.08409075404960713,0.0841370678392081,0.08160831945003644,0.08531311551290119,0.08116717459465043,0.06070986442076794
NVDA,2021-04-09,0.08471619940788848,0.08476393602430979,0.08114653357251209,0.08474628094302508,0.08088357326452789,0.040307518424423816
NVDA,2021-04-12,0.0908127678372304,0.09087406951335837,0.08801510002715734,0.08447243338366553,0.08143796141336342,0.31961631458491807
NVDA,2021-04-13,0.09435840326931334,0.09442761426707649,0.09054217876940138,0.0920290101263421,0.08833027010557667,0.23960782948935305
NVDA,2021-04-14,0.09132520932059005,0.09138765902824951,0.09069125963180677,0.09280841679133928,0.09121015007576144,0.11916256084161543
NVDA,2021-04-15,0.09780797891572461,0.0978848717909749,0.09428189883433083,0.09590305419453757,0.09148460117469775,0.20740258298241165
NVDA,2021-04-16,0.09611428410942502,0.09618739880495217,0.0939291980370435,0.09769357176567597,0.0943425164022867,0.09832601659565372
NVDA,2021-04-19,0.09196387669487623,0.09202774437872516,0.0913239378395568,0.09285054549928676,0.09056245190348662,0.1270013307679177
NVDA,2021-04-20,0.0905282889134999,0.09058896049047137,0.08906592730622337,0.09078235247855737,0.08900175469118692,0.09788021762944328
NVDA,2021-04-21,0.09195447773860002,0.09201830869118298,0.08808782341398202,0.091849004318724,0.08750509513802816,0.049258299898410865
NVDA,2021-04-22,0.08810926590351867,0.08816454340888054,0.08864051005739523,0.0894073801515465,0.08938049469506973,0.07453626135420137
NVDA,2021-04-23,0.09123666581461125,0.09129891314564863,0.08788783756785615,0.0903016892696919,0.0861548113655238,0.05370137435346721
NVDA,2021-04-26,0.09283993443834872,0.0929057459087471,0.08893503075816608,0.092023268290995,0.08798995967675982,0.04139467129369534
NVDA,2021-04-27,0.09211461344798734,0.092178801813179,0.09032764963296736,0.09378123418489848,0.0908698326673632,0.027629592433681183
NVDA,2021-04-28,0.09132331943068647,0.09138576468792615,0.08932227620448771,0.09271649628984752,0.08930364950410058,0.04620896867972245
NVDA,2021-04-29,0.09168504580089573,0.09174829676836345,0.08862595983180321,0.09161345757708053,0.08956345744130634,0.031202613144274804
NVDA,2021-04-30,0.08930935320561223,0.0893673054579114,0.08810600079304623,0.09104278781183897,0.08791311448579067,0.04309997663284229
NVDA,2021-05-03,0.08800752923481603,0.08806258036090568,0.08724606720293207,0.08943802518879979,0.087550839314378,0.04392859924661632
NVDA,2021-05-04,0.08434884664788993,0.0843957425313472,0.08281549576901998,0.0834842971240467,0.08398118127579189,0.1273758681893436
NVDA,2021-05-05,0.08515704868783962,0.08520577109699087,0.08409540241011207,0.08637402551772075,0.08450629008074773,0.0804343971190449
NVDA,2021-05-06,0.0856431254857123,0.08569291907831916,0.08233371546805338,0.08507566213127604,0.08294193556780607,0.03956507256248229
NVDA,2021-05-07,0.0878228970898846,0.08787754004567017,0.085238947499445,0.08855137915625122,0.08523266907389404,0.05445873542245666
NVDA,2021-05-10,0.08370450239057278,0.08374998856553131,0.08404085640235162,0.08532077859849801,0.08507897171237437,0.07085551970381714
NVDA,2021-05-11,0.08400971961000095,0.08405587050664096,0.08075928812619043,0.08149078448849975,0.07803662993886477,0.07776623230269253
NVDA,2021-05-12,0.07988191152777245,0.07991888333895994,0.08007207084596385,0.08117864341655814,0.07938691371136913,0.08515091703664666
NVDA,2021-05-13,0.07917920429637185,0.07921459209630798,0.0787667186482954,0.0792617251113093,0.07956439050664282,0.07769165626745286
NVDA,2021-05-14,0.08353307062168544,0.08357816541566977,0.08056476034848253,0.08147929351267152,0.0785123442464102,0.06659308497856353
NVDA,2021-05-17,0.0829490441482375,0.0829928286613835,0.07941029912231365,0.08228359607444086,0.0804664106651605,0.04934281940501582
NVDA,2021-05-18,0.08182054183623222,0.08186181385174778,0.08111926403627381,0.08343641927561812,0.08127146349959694,0.036613518812219206
NVDA,2021-05-19,0.08219734404574867,0.08223945023506747,0.07875762649112136,0.07990708256686727,0.07614476554935307,0.10196864160580434
NVDA,2021-05-20,0.08631757814172238,0.08636888885271475,0.08315183623162112,0.08547780975959368,0.08153127143680271,0.09268475384108012
NVDA,2021-05-21,0.08917558939503213,0.08923324666666331,0.08706608271553232,0.0900661425280484,0.08783443366491918,0.23827374708117688
NVDA,2021-05-24,0.09384974877908109,0.09391781343283206,0.09086942707482848,0.09241392494348444,0.08819121590578755,0.18931209407849708
NVDA,2021-05-25,0.09411915907682464,0.09418781815283668,0.09140392940389361,0.09476171466405447,0.092242074202882,0.1398400095457325
NVDA,2021-05-26,0.09451290537559112,0.0945824459765472,0.09122394491649385,0.09555644019511128,0.09200970997965359,0.11292303255989698
NVDA,2021-05-27,0.09291529920824415,0.09298127462597403,0.09090578876824082,0.09458936463689921,0.09175721664373171,0.20035763352010488
NVDA,2021-05-28,0.09861620259563503,0.09869488595098873,0.09474186073219326,0.09490342695909051,0.09030264396628085,0.22648410453239998
NVDA,2021-06-01,0.09876691770878541,0.09884594338544257,0.09554725524983088,0.09798465213621085,0.09593066430814515,0.15533359517807926
NVDA,2021-06-02,0.10263849422935373,0.10272614299849295,0.09940514561688749,0.10052968778070834,0.09580076033954227,0.20561607262711484
NVDA,2021-06-03,0.10408163435702414,0.10417248263959542,0.10187950233103299,0.10319153251833568,0.09908315974736387,0.19974942452159472
NVDA,2021-06-04,0.10866724302177405,0.1087683107259782,0.10480290480620494,0.10711728232519113,0.10209659400721209,0.21512534574278563
NVDA,2021-06-07,0.10897434291778554,0.10907607260178137,0.10590464400427532,0.10786221606270366,0.10545402391484461,0.19798777284471114
NVDA,2021-06-08,0.10775348846671334,0.1078525448373428,0.10451565921823014,0.10830839903895045,0.10513199998923749,0.09361944014941724
NVDA,2021-06-09,0.10703934090940787,0.10710670775824557,0.10417750864653483,0.10834479321668483,0.10504784019698445,0.11756994817794174
NVDA,2021-06-10,0.1075424844229747,0.10761084717996472,0.10357391701940111,0.10773390868861155,0.10383477499436687,0.07867274544216131
NVDA,2021-06-11,0.11055942676119124,0.11063382538403069,0.10682639871494598,0.10978486889816558,0.104782532349653,0.13192666358419053
NVDA,2021-06-14,0.11201791683433804,0.11209526212520063,0.1075554218864351,0.11146240526640552,0.10790392677425244,0.09259526259879254
NVDA,2021-06-15,0.11028234870402973,0.11035625770836249,0.10738635353587134,0.11196222253669605,0.10796980006329575,0.06013645757203631
NVDA,2021-06-16,0.11044633632642664,0.11052052510537538,0.10693911094865516,0.11086300440902641,0.1070604583239128,0.0866904978530388
NVDA,2021-06-17,0.11683071623345115,0.11691766195763434,0.11334043345735811,0.1121786152169145,0.10694152625723576,0.29489518752558375
NVDA,2021-06-18,0.11669128275316032,0.11677794175386094,0.11726741312248332,0.11851916473879157,0.1143296783696879,0.3608535475819964
NVDA,2021-06-21,0.1150970668463274,0.11518054467830463,0.11116970347172525,0.11268800221278352,0.11177730129649179,0.23802184580658958
NVDA,2021-06-22,0.11856057141412729,0.11865100496194717,0.11427673839362079,0.11700248742187869,0.11204260914382323,0.19980577085933138
NVDA,2021-06-23,0.11984573982848315,0.11993873861856205,0.11565117295407396,0.12099908241855112,0.11596721379337536,0.09714440074841195
NVDA,2021-06-24,0.12096322740047788,0.12105843060314717,0.11759466142791042,0.12238171052602478,0.11757731946224824,0.09240799388807959
NVDA,2021-06-25,0.11964795058742911,0.11974048834076748,0.11705289092133317,0.12089759949661491,0.11796337406741496,0.07477490466696829
NVDA,2021-06-28,0.12683885183078675,0.1269457666211617,0.12238520877190587,0.12414926075577482,0.1185543491818327,0.1647102886755462
NVDA,2021-06-29,0.12715352571305308,0.12726109145262843,0.12253064167498742,0.12673833174820143,0.12236917897547543,0.11175964641015824
NVDA,2021-06-30,0.1269707113248228,0.12707793827490133,0.12299425153217369,0.12832204097496794,0.12322363328690365,0.0947463669041499
NVDA,2021-07-01,0.1285498802456295,0.12866022384476034,0.1251286267596781,0.12951124374361156,0.12414394692821244,0.15837132568017487
NVDA,2021-07-02,0.13062274323048514,0.13073721314879624,0.1254867925606673,0.13156987434389647,0.12645114526677054,0.101456552830492
NVDA,2021-07-06,0.1322169302840371,0.13233461022435256,0.1279356829123848,0.13204862360764624,0.12862659702724205,0.14452172731355578
NVDA,2021-07-07,0.12975399979373872,0.12986676737162298,0.12817567147596295,0.13190883256285993,0.12947556538770735,0.13280500355479102
NVDA,2021-07-08,0.12621885252928863,0.1263245526457704,0.12277971546045577,0.12707346207693349,0.1221789016279549,0.1679684327929057
NVDA,2021-07-09,0.12733067043157262,0.12743856881220036,0.12239611103817408,0.12748326548571395,0.12295466813893026,0.08234022913072517
NVDA,2021-07-12,0.13081492050839041,0.13092981641969534,0.1256867645362254,0.1308038725998432,0.12498558672823111,0.09284716387337984
NVDA,2021-07-13,0.12883629233918503,0.1289472272079707,0.12516681243275232,0.13023895197508278,0.12616022235578273,0.07988916343918159
NVDA,2021-07-14,0.12575715675383617,0.1258619446548667,0.12485046639359343,0.12747178181501975,0.1258473556409432,0.11692527978442553
NVDA,2021-07-15,0.11915988291316942,0.11925144601911583,0.12069987930542792,0.1206218306870056,0.12185139175138486,0.1875504424016135
NVDA,2021-07-16,0.11309016246177073,0.11316963399832361,0.11568207657906829,0.11460491321289837,0.11613371868672324,0.24458453690767984
NVDA,2021-07-19,0.11775409335771558,0.11784287793944176,0.11484577843643631,0.11301546215078476,0.10797162871361672,0.2697895795734582
NVDA,2021-07-20,0.11648961274581568,0.11657590279541968,0.11336225186046228,0.11530196910198229,0.11393446655375357,0.13954129109346697
NVDA,2021-07-21,0.12250464180313445,0.12260295901720761,0.11837278640930976,0.11972945012424399,0.1150469001520666,0.11316209018397079
NVDA,2021-07-22,0.12389157573947393,0.12399265572179732,0.1209907589821588,0.12381987226238983,0.12060905418446895,0.09361032530066572
NVDA,2021-07-23,0.1236202394852256,0.12372076386428427,0.11963087464729769,0.12362071969848074,0.12071151443909449,0.040514674077867324
NVDA,2021-07-26,0.12163032968316068,0.121726851827509,0.11775464455658399,0.1210469602669797,0.11818659503903851,0.04394144289712981
NVDA,2021-07-27,0.12098208301959223,0.12107731638386135,0.1190636377782924,0.11972177973351311,0.11784992795170084,0.06255230680249449
NVDA,2021-07-28,0.12320564669095779,0.12330536312235113,0.11923817113255805,0.12166742913089956,0.11824513976763516,0.04321556948746377
NVDA,2021-07-29,0.12440418312919918,0.12450624523668846,0.12074351611163625,0.1242181920004761,0.11970885569669089,0.038488277475882945
NVDA,2021-07-30,0.12317556714554584,0.12327515451658633,0.11912181093952504,0.12372030328556932,0.11896967615129776,0.03547043391651793
NVDA,2021-08-02,0.12506752005871527,0.12517087778040362,0.12152890927054774,0.12447097885842892,0.12103353836470161,0.04953505985141139
NVDA,2021-08-03,0.12555743434295707,0.1256618072395637,0.12342694389379782,0.12339091479218434,0.12132627596684765,0.0844892618795481
NVDA,2021-08-04,0.12901720241087125,0.12912849324818934,0.12412507731086037,0.12804818611047436,0.12315593134753937,0.05527948612139984
NVDA,2021-08-05,0.13175335904532154,0.1318701150959404,0.12714302157596116,0.131985419588024,0.12688842999925,0.04704546320832732
NVDA,2021-08-06,0.1297106188857993,0.12982333439766927,0.12595765672479792,0.13097430137674876,0.12706407814420273,0.03339887738208286
NVDA,2021-08-09,0.12917550593691693,0.12928709923267692,0.12550678004882568,0.13046108649064833,0.1264932181833157,0.02011854275112651
NVDA,2021-08-10,0.1264694865544405,0.12657568599069066,0.12493955705038817,0.12810180579425004,0.12558571905341648,0.033705882060486136
NVDA,2021-08-11,0.12468302123649991,0.12478568564423526,0.1221688556558099,0.124999519915723,0.12354381460302706,0.036476381769639604
NVDA,2021-08-12,0.1262358038318589,0.12634155128897614,0.1220234088821606,0.1264549217683974,0.1222777045819385,0.022276690348700973
NVDA,2021-08-13,0.1283689557473028,0.1284789578045417,0.12336877073256519,0.12822437133299508,0.12253385521850231,0.03529062280932896
NVDA,2021-08-16,0.12657498857630983,0.12668142331368237,0.12389963897287426,0.12517569052797564,0.12421713481853965,0.046813863187777485
NVDA,2021-08-17,0.12286646194650686,0.1229654910976449,0.12013992448450256,0.12375094101768855,0.12092374954962944,0.044207430756151286
NVDA,2021-08-18,0.11971575579771021,0.11980846850796065,0.1191509113907091,0.12170572264348159,0.11956980847648314,0.07790254072265836
NVDA,2021-08-19,0.12542928249552576,0.12553340986084088,0.1254122521294646,0.11988263878484018,0.11952589295045425,0.27703795588744656
NVDA,2021-08-20,0.13310261059671333,0.1332220546447316,0.1281029480891383,0.12885249597737772,0.12316324594882326,0.2394126888638093
NVDA,2021-08-23,0.14171058302838438,0.14184723823548034,0.13633504683796852,0.13664270551658209,0.1303355056500985,0.1980089027213624
NVDA,2021-08-24,0.14046690563206435,0.14060103600968088,0.13605870351626193,0.1411237916123514,0.13605866466572306,0.08261988926287389
NVDA,2021-08-25,0.14363270204680867,0.1437731701050624,0.13977478119842526,0.14255621151336934,0.135941561249367,0.10350200775259318
NVDA,2021-08-26,0.14253972533699852,0.14267803971934664,0.13882940491084017,0.14307709679020061,0.13933009217161882,0.05802678439736764
NVDA,2021-08-27,0.146821119433834,0.14696796425617503,0.1416073744829306,0.1459649039336249,0.13921298875526275,0.0856953220938962
NVDA,2021-08-30,0.14721303354925885,0.14736070494237713,0.14394173555656087,0.14890634537109296,0.14394081758893035,0.06823541499906366
NVDA,2021-08-31,0.14495891425334534,0.14507224099235774,0.14141102272556078,0.14560489231838877,0.14295280200825727,0.06710434513126211
NVDA,2021-09-01,0.14538110988714892,0.14549519028432464,0.1414255729511528,0.1474203057862993,0.14141589818887434,0.04303990149334368
NVDA,2021-09-02,0.1450418385828551,0.14515531825961842,0.14066926637285762,0.14694538441278093,0.14165740566370763,0.0372673020544869
NVDA,2021-09-03,0.14841175753382654,0.14853137845094966,0.14352722750928484,0.14621769079157776,0.1402449198619647,0.07567313158029933
NVDA,2021-09-07,0.1470472137435203,0.14716434180209098,0.1428945493015348,0.14868419624525936,0.14396277535194477,0.0415235221101372
NVDA,2021-09-08,0.14461212666935866,0.14472482041761778,0.14079289474340279,0.1445095020809505,0.1416208186981254,0.06486043509316204
NVDA,2021-09-09,0.1433908249924314,0.14350127824754938,0.14026929468060587,0.14568914973428368,0.14014977420862304,0.041005218665221554
NVDA,2021-09-10,0.14566003455429258,0.14577464509750127,0.14090924106586802,0.14675388762933464,0.14041323944647074,0.062350537196040515
NVDA,2021-09-13,0.1432023265078499,0.14331246365729697,0.14336724438061124,0.14359796745676384,0.14287229951664618,0.08270316583555819
NVDA,2021-09-14,0.14388086911643755,0.14399220770670945,0.13933845474804504,0.14534444967997312,0.13987898041032867,0.042206307143887
NVDA,2021-09-15,0.14462718808202535,0.14473991751768525,0.13902575666821,0.1444252446650556,0.1401278164456086,0.028444128463021065
NVDA,2021-09-16,0.14388086911643755,0.14399220770670945,0.13837126005735578,0.14412650851405792,0.13920567415397886,0.02409178818417297
NVDA,2021-09-17,0.14130252550225642,0.1414091774378161,0.138691226314703,0.1433834887216611,0.1400619431565653,0.0814614748488178
NVDA,2021-09-20,0.13536935320305152,0.1354652128889187,0.13223354768914544,0.13443662809104806,0.1316162588329176,0.1042224951152697
NVDA,2021-09-21,0.13637203357006386,0.13646971745734007,0.13217536065734506,0.13664270551658209,0.13359960459554762,0.04425010482076064
NVDA,2021-09-22,0.1416116018480144,0.14171884085675754,0.13606597169377405,0.13852705022919393,0.13322635054262771,0.07078177229119124
NVDA,2021-09-23,0.14569018623290694,0.14580485370326607,0.1402474762775017,0.14384308392398584,0.13889096482965563,0.06242469891997329
NVDA,2021-09-24,0.1426670404392817,0.1427762140866748,0.137440420124795,0.1436209494084203,0.13837866355652798,0.04962247953716456
NVDA,2021-09-27,0.13949316510586557,0.1395965314412595,0.13489515706820285,0.13951520109908078,0.13574395534139982,0.06104089915497066
NVDA,2021-09-28,0.1322482216672498,0.13233838449936944,0.13213173772170447,0.13435235606488508,0.13211393090347745,0.10158291777909252
NVDA,2021-09-29,0.13087611831732926,0.13096379930047702,0.12920832137596475,0.13294291811552358,0.13010862737783302,0.04992865559295406
NVDA,2021-09-30,0.13237634466140014,0.13246678187809222,0.12956465626200817,0.13463578065495715,0.12884981799886558,0.0510120796604636
NVDA,2021-10-01,0.13257238827895548,0.13266315942400816,0.12805931128292994,0.13092068169297305,0.12871808537994173,0.059285462147690385
NVDA,2021-10-04,0.12495803628407201,0.12503493185164707,0.12575403678991598,0.12595701844322257,0.12691770236354832,0.10264604059256462
NVDA,2021-10-05,0.13037854348698974,0.13046532129128321,0.1265248935938032,0.1282473532846515,0.12286319374539333,0.07515524244669057
NVDA,2021-10-06,0.13225579565350462,0.132345947455033,0.12704847978603234,0.12997850933666713,0.12410735996263021,0.08257970106610586
NVDA,2021-10-07,0.13508289782957453,0.13517820952570833,0.13142633612712978,0.13681122034837193,0.13122104701698328,0.06588999869077627
NVDA,2021-10-08,0.13324335690128833,0.13333534051775706,0.1305827559364179,0.13530219881192185,0.1312869203060266,0.022113451693787478
NVDA,2021-10-11,0.13221804113535446,0.13230817589360463,0.129542837858904,0.13327996238937134,0.1274373321971226,0.027139047846326966
NVDA,2021-10-12,0.13203708778374681,0.132126909853386,0.12949920105269563,0.13341018370857916,0.12928893138166603,0.026619501467490647
NVDA,2021-10-13,0.1340575532103597,0.13415103049592605,0.12901196961859493,0.13482727743840348,0.12994760843544806,0.03429171824842438
NVDA,2021-10-14,0.1401415271825579,0.14024606688490715,0.13457517694028787,0.13796021565931782,0.1326555045409034,0.060367228969972375
NVDA,2021-10-15,0.14101602684885797,0.14112217407460576,0.13585508358137996,0.14209661631104462,0.13647582028550906,0.05349173283218238
NVDA,2021-10-18,0.14373006744344424,0.1438411502722556,0.13847307002479678,0.14195872460110592,0.13602939230142472,0.03795505882391935
NVDA,2021-10-19,0.14424271811309095,0.14435473978714675,0.13911301641005894,0.1449691118935433,0.13988629501161257,0.02634564169363833
NVDA,2021-10-20,0.14283291795158218,0.14294238302682594,0.13950571992479854,0.14454781020380061,0.14009854408131028,0.02004935276287638
NVDA,2021-10-21,0.14727338018640904,0.14739091354814193,0.1415273829185938,0.14532146772831667,0.13857626946449514,0.03716621009560647
NVDA,2021-10-22,0.14752971273455265,0.1476477083055875,0.14457441376431088,0.1489829470065251,0.1438895874616176,0.06276816299338261
NVDA,2021-10-25,0.1508468590346287,0.1509708998354229,0.1462106552914464,0.1505838817393329,0.14498737789820007,0.05483451577780318
NVDA,2021-10-26,0.16253980984104519,0.16268512584866265,0.1600568802162578,0.15942350300239455,0.15242310283732302,0.16075858743045784
NVDA,2021-10-27,0.16053443468037995,0.16067611671181992,0.15882787855888622,0.16216577726568543,0.15597263874279704,0.0613619904178081
NVDA,2021-10-28,0.16422853466969758,0.16437693742216009,0.15780977888447648,0.1640118430759833,0.15892935692436957,0.056478917354837746
NVDA,2021-10-29,0.16894792157166807,0.16910492275665268,0.16332934939996105,0.16766565196346087,0.1598295414529849,0.08063285223504378
NVDA,2021-11-01,0.17090805478777127,0.17106862618766314,0.1646746973797979,0.1694044637959393,0.16457201344838304,0.06954463872882662
NVDA,2021-11-02,0.17523541216119304,0.17540387083595366,0.17037608329762802,0.17379363669535086,0.16583813742863435,0.08129947912782498
NVDA,2021-11-03,0.17672059151923772,0.17689175631350137,0.17114694010151524,0.17712574209044238,0.1720443253530882,0.058842977671935054
NVDA,2021-11-04,0.20086793121688712,0.20108305846791372,0.20446075656349588,0.18388950724717784,0.1761354348959882,0.43740791931204437
NVDA,2021-11-05,0.20049849380733845,0.20071297783744269,0.2047152814820983,0.20144619884482418,0.1977839187004123,0.31213219513731105
NVDA,2021-11-08,0.20842955384079667,0.20865841737877897,0.20253363535962948,0.20525321100316601,0.19750581030083403,0.16788598484283518
NVDA,2021-11-09,0.20732128489207208,0.20754816108173602,0.21133297097746498,0.20568983886410236,0.21311643972447306,0.2273997325206203
NVDA,2021-11-10,0.19828963088262744,0.1985000281990204,0.2007155923007162,0.19660508652355066,0.19170214879359837,0.22303289134603116
NVDA,2021-11-11,0.205308393451714,0.2055315889892297,0.19882482585497827,0.2042574189630844,0.1998404523533695,0.09706816746794474
NVDA,2021-11-12,0.205308393451714,0.2055315889892297,0.19947932246583247,0.20313139099352692,0.19648852235586264,0.13057849459158022
NVDA,2021-11-15,0.20255664161889902,0.2027748556357813,0.19921751549915012,0.20019761994678972,0.20045521388112267,0.1189177028592452
NVDA,2021-11-16,0.20389856443692425,0.2041192322289089,0.19737038585962055,0.20371355173459668,0.194651552373887,0.06902426372737654
NVDA,2021-11-17,0.19679687753832795,0.19700459417143895,0.1982357844534366,0.1967736013553405,0.1994745129017335,0.1369812615282121
NVDA,2021-11-18,0.21499591139090332,0.21523680586562674,0.21460542629060045,0.2160844309566589,0.21373851585351014,0.28331725805462615
NVDA,2021-11-19,0.22487198552123608,0.22513085173790598,0.21699072008908676,0.2205578758822335,0.21283100276444816,0.180632686510521
NVDA,2021-11-22,0.21711439141297362,0.21735911528112478,0.22832802284486672,0.2205195677593834,0.22215491385369673,0.27197507171728724
NVDA,2021-11-23,0.215531211886112,0.21577305543624892,0.21169657404102052,0.2127063762685226,0.2076494173862496,0.17992670004358557
NVDA,2021-11-24,0.22252739676283897,0.22278195617072716,0.21529629153015087,0.2130740582744896,0.2071078437488236,0.13973808896423828
NVDA,2021-11-26,0.2136992593707211,0.21393774938396123,0.2142418232270449,0.21630658008249254,0.21544373925739913,0.0767242393658717
NVDA,2021-11-29,0.2278197521183254,0.22808394823164052,0.21934688569525346,0.2215613237027779,0.21373120125222625,0.14794228146321498
NVDA,2021-11-30,0.2225424293222247,0.22279705327079466,0.21891784129295314,0.22024381356004216,0.2196080366906263,0.21717452946664878
NVDA,2021-12-01,0.2132156495283714,0.2134241598690701,0.21845242826195663,0.21653637037852086,0.21997399010142507,0.1601246911309207
NVDA,2021-12-02,0.21842570089988894,0.2186430746627228,0.2125546905867567,0.21381707806688643,0.20530014613114633,0.1553692259504716
NVDA,2021-12-03,0.20762102720143605,0.20782006734487893,0.21001670957824445,0.2069613851035252,0.2110525775110692,0.1849655541579454
NVDA,2021-12-06,0.2026748823643169,0.20286549585870556,0.19628683097589827,0.19093669699398538,0.1955370937407718,0.23245101597418677
NVDA,2021-12-07,0.2206951268613574,0.22091642710704484,0.2123438024743626,0.21095223826485052,0.20341926062314183,0.20515411551993584
NVDA,2021-12-08,0.2161637479381919,0.21637727076843447,0.21118752420381565,0.2168504327007122,0.21104526290978531,0.15647170833809793
NVDA,2021-12-09,0.20609040392586253,0.20628686175586908,0.21056939622165768,0.20924406416449134,0.20910581871402142,0.16183952563012605
NVDA,2021-12-10,0.20388878317467518,0.20408147507311036,0.20402443011311566,0.20490085516839263,0.2048317464248848,0.16197127662571614
NVDA,2021-12-13,0.18853002302093286,0.18869662254966538,0.19667226631312576,0.19153416929598072,0.19823767524494326,0.20734623664467505
NVDA,2021-12-14,0.18985699983941529,0.19002590204272551,0.18492042776893422,0.1849006254584531,0.17957518198639005,0.23580569462605094
NVDA,2021-12-15,0.20585670677664045,0.2060527270541546,0.19817032924412406,0.18940469350587885,0.18470553723727587,0.24875789470195275
NVDA,2021-12-16,0.19023402566185924,0.19040353122323028,0.2029699618100097,0.19135799868372808,0.20484638958661533,0.2525152839441111
NVDA,2021-12-17,0.18581565061361544,0.18597766075764538,0.18669484789220692,0.1888072212038835,0.18166831656409224,0.25516356181773286
NVDA,2021-12-20,0.18519739693561602,0.1853583339197625,0.18103708491001738,0.1840963302018178,0.17669165169514472,0.1507939861885183
NVDA,2021-12-21,0.19542148491437675,0.19559980036678173,0.1881347376619726,0.18605727654986176,0.18451525988975534,0.17670418669861837
NVDA,2021-12-22,0.19787193636065528,0.19805441885132244,0.19129812870072274,0.1940849467758253,0.18829898866877876,0.12317475153750927
NVDA,2021-12-23,0.19968148430337246,0.19986706484787906,0.1949633013991656,0.20160705789615124,0.19462226605042593,0.10156344514766884
NVDA,2021-12-27,0.20952107345991777,0.20972333915872995,0.20243909356970066,0.20320799262895906,0.19392700203106167,0.12669722626866264
NVDA,2021-12-28,0.20482373046460886,0.2050180138799684,0.20420623164489343,0.2060575062598013,0.206017367913525,0.13370115891158763
NVDA,2021-12-29,0.2024034162703042,0.20259358959556267,0.19851939595265536,0.20110915457097642,0.19841332338989598,0.10161191957057462
NVDA,2021-12-30,0.19927433565559508,0.19945922706160948,0.197857631164289,0.20244200549517383,0.1951492104852841,0.08741139952702222
NVDA,2021-12-31,0.197954889543446,0.1981374961185831,0.1947524132867715,0.20084105615209796,0.1940294622856872,0.06987194466126737
NVDA,2022-01-03,0.20330816860170206,0.20349991979665588,0.1997047608038186,0.20431869442732287,0.19506139339238912,0.12166790131436118
NVDA,2022-01-04,0.19704257765243385,0.19722363177308597,0.1979376227286258,0.1933189596420401,0.19844259575419432,0.17785141470738852
NVDA,2022-01-05,0.18433034141580637,0.18448977528009766,0.19028729720382512,0.18706840937140506,0.18872345888984865,0.16579909879004529
NVDA,2022-01-06,0.18865820372164516,0.18882501992838818,0.18317510809684562,0.18348353172862877,0.1791433832048735,0.14761994726645689
NVDA,2022-01-07,0.181638561127489,0.18179345913817888,0.18305876177438038,0.18342224165412224,0.18281002252670359,0.12928791487062713
NVDA,2022-01-10,0.18279214415397804,0.1829490211410541,0.17612837419917865,0.17259867748109212,0.17139296290059006,0.2058286143275479
NVDA,2022-01-11,0.18593624290143243,0.1860984951807046,0.18046259373406776,0.18175237567661315,0.17682338431406858,0.12686419372533814
NVDA,2022-01-12,0.18730857707760076,0.18747309478522683,0.18431683614180053,0.18764289972174397,0.18226843493011485,0.11829789314414223
NVDA,2022-01-13,0.17657176629599092,0.1767180532289463,0.18348053799916855,0.17914030812226203,0.18455184685533757,0.18324450498913675
NVDA,2022-01-14,0.17933888250092278,0.1794898836824622,0.17415034801159177,0.176934230696728,0.16933642924763284,0.12344322526437206
NVDA,2022-01-18,0.1715049281845714,0.17164263291408388,0.17008520362089713,0.17356384639932254,0.1690436916454868,0.13522541020962497
NVDA,2022-01-19,0.16520159714379354,0.1653285733290856,0.1693943383813467,0.1680639717015471,0.16771902293663882,0.16175997785920376
NVDA,2022-01-20,0.15828748542478768,0.158402749861868,0.16238397311237596,0.16060313604545967,0.16204709404832704,0.13974596087906915
NVDA,2022-01-21,0.1524365594029897,0.15254186258023125,0.15688620712942777,0.1543602561655555,0.14889552469486342,0.2573179806135453
NVDA,2022-01-24,0.1524214835636825,0.15252675107453392,0.14639245682322416,0.13616778414306369,0.1402815068275469,0.33811862892787836
NVDA,2022-01-25,0.14451968075712857,0.14461152013896247,0.14321452942944976,0.14468568730347123,0.14186232617295869,0.23480347557469122
NVDA,2022-01-26,0.147897505507086,0.14799512888032745,0.15131571775965494,0.14698367792536296,0.14694145129653174,0.27264791327967175
NVDA,2022-01-27,0.14165447782353688,0.1417415009124886,0.15086485495425045,0.14219618528786512,0.14934196663811053,0.19699218277426167
NVDA,2022-01-28,0.1484102427365756,0.1485087183952186,0.14259638757672402,0.13929305197324718,0.1379541793762953,0.18473726862785067
NVDA,2022-01-31,0.16082090448049743,0.1609404600192992,0.15460275103951798,0.15274399526155402,0.14651696711629908,0.1933988608096306
NVDA,2022-02-01,0.16196695680065315,0.1620884734721407,0.15922785025113798,0.15916306036397893,0.16058336416010857,0.17444204696301524
NVDA,2022-02-02,0.16652104325594258,0.16665030427211197,0.16411474255887254,0.16424163337201164,0.1656332169193833,0.18459018811390576
NVDA,2022-02-03,0.156764407282188,0.15687710722852177,0.15873333676895737,0.1583204715947616,0.15585553532644097,0.12938693527297312
NVDA,2022-02-04,0.15956173287229614,0.15967916069343227,0.15551904074648676,0.1571867878447413,0.15229868481968306,0.10645521874808382
NVDA,2022-02-07,0.16264554268916226,0.16276821752155315,0.1594969115247647,0.16155297879249644,0.15522613063695725,0.11558622564056671
NVDA,2022-02-08,0.1655107023428325,0.16563823674802702,0.15984597823329597,0.15985246047260004,0.15513098498361563,0.1294619256195197
NVDA,2022-02-09,0.17755192667720565,0.1776998977416366,0.17071788182864717,0.17036963271416972,0.16437440754041588,0.17666151263400898
NVDA,2022-02-10,0.17090923777229106,0.1710459661319321,0.17217230795343713,0.1722616478175124,0.16710426140888565,0.17207011473108713
NVDA,2022-02-11,0.1567719668418023,0.1568846557785555,0.16655092747051156,0.15826685191098588,0.16652608684671472,0.21029944764016567
NVDA,2022-02-14,0.15916966006382596,0.15928642000723017,0.15726436041857536,0.15812896020104722,0.1520205764201048,0.14191819506107778
NVDA,2022-02-15,0.17596853075073676,0.17611383789676074,0.16940888860693876,0.16601109754687737,0.15944897279878112,0.24940919207637913
NVDA,2022-02-16,0.17608918074511568,0.17623467231981996,0.16967796375113325,0.1718939658115454,0.1690363770442029,0.2630015031214214
NVDA,2022-02-17,0.16097928013974555,0.16109906600378682,0.16388203604337429,0.16126956881269242,0.16443295226901253,0.29528422584275066
NVDA,2022-02-18,0.15445725565585036,0.15456598322277132,0.15807157198059105,0.15311167726752103,0.1573924391458239,0.2748421059609454
NVDA,2022-02-22,0.1525571516908067,0.15266269700329047,0.15136662274337542,0.15234567552346778,0.14544113444273105,0.22187944866765774
NVDA,2022-02-23,0.14499464904182754,0.14508733809242522,0.15202840140230953,0.1469913483160938,0.15105451860244618,0.1941574648125407
NVDA,2022-02-24,0.15525646268545742,0.155366561695243,0.14944676971702117,0.1361830957039893,0.13065751561654287,0.26429622595544333
NVDA,2022-02-25,0.15834028692896404,0.15845561852336387,0.15247926420771402,0.15526413500927938,0.15046171483770743,0.17856071566477905
NVDA,2022-02-28,0.16005932212927615,0.1601776387026261,0.15573721090696074,0.15776129280534826,0.15244506060033744,0.15720421072867413
NVDA,2022-03-01,0.15321314546031575,0.15331978099697186,0.15364282452634087,0.15335679373474304,0.15463332687221854,0.13016501190730695
NVDA,2022-03-02,0.15884638790383038,0.15893143647682664,0.15387553104183913,0.155524577647695,0.15071786547427127,0.12087863827474142
NVDA,2022-03-03,0.1550305847753784,0.15510978134342726,0.1532719394147054,0.15593820894670685,0.15442107780252082,0.11070853862458589
NVDA,2022-03-04,0.14916351534287733,0.14923378255609318,0.14857411681626076,0.14837780431379888,0.1479953401662481,0.13818566449733266
NVDA,2022-03-07,0.13721831472757462,0.13727029592981174,0.14386902604030397,0.13955349461166283,0.1438456719355887,0.14622578971878208
NVDA,2022-03-08,0.1384399914971545,0.13849383809988014,0.13906937960385057,0.13434470028442227,0.1328091949228417,0.19041043335305458
NVDA,2022-03-09,0.14975173275538625,0.1498228863825814,0.14522891037516508,0.14657770240681392,0.1406986624473329,0.16359413401479256
NVDA,2022-03-10,0.14706713693403056,0.14713413319632618,0.14208733773951915,0.14378180845974733,0.14175255131704928,0.13679813593056805
NVDA,2022-03-11,0.14285913115734405,0.1429197229710949,0.14468350577983177,0.1450380431382446,0.1453459887893894,0.11158439272734504
NVDA,2022-03-14,0.13705239393535268,0.1371041413952904,0.13826216804183492,0.1382436402493899,0.13690761906702562,0.1191020713908099
NVDA,2022-03-15,0.14944254099650436,0.14951322296363997,0.14390538079843243,0.13949221914742435,0.13433878414094075,0.16328505777985486
NVDA,2022-03-16,0.16092774817993188,0.16101598873652614,0.15524269742478014,0.15366320027647157,0.14884429456755066,0.23762327832936425
NVDA,2022-03-17,0.16296388093811184,0.16305522088476354,0.1570243718549972,0.15928562590272394,0.15338184605369776,0.15497604452023578
NVDA,2022-03-18,0.17568585515706692,0.17579661152215575,0.1695834219612044,0.16478550060049937,0.1583511823621986,0.26219069589384353
NVDA,2022-03-21,0.17780489781811618,0.1779189209376538,0.17382309970616466,0.17507285332550457,0.1708513892631641,0.20460473872700363
NVDA,2022-03-22,0.17622129991868046,0.17633286109277793,0.17444850973640255,0.17587716319240793,0.17246148097287423,0.18607673708301636
NVDA,2022-03-23,0.1695096660988864,0.16961096372151008,0.16989612004103946,0.1720701510340661,0.16806299066609764,0.16747954545077898
NVDA,2022-03-24,0.18848322299919842,0.18861354528240473,0.18231699155110948,0.17461325812317982,0.16835574222740643,0.322953592161893
NVDA,2022-03-25,0.1850293842805237,0.18515440782381282,0.1825933348728161,0.18506148450978013,0.1809437662212669,0.1993384277051628
NVDA,2022-03-28,0.18900359192150476,0.1891346833473296,0.1818079417139046,0.1845635811846053,0.1799923515653388,0.13573252724925466
NVDA,2022-03-29,0.19229906940757185,0.19243521482143394,0.1868693673759048,0.19049241335258624,0.1868645311448586,0.16203715212351116
NVDA,2022-03-30,0.18501429401457603,0.18513931072374532,0.18359689819220157,0.18683860446510867,0.18400295861662772,0.151473456731813
NVDA,2022-03-31,0.18196764722360018,0.18208801105142297,0.18179339148831256,0.18505382872931736,0.18018262891285933,0.1763126625136101
NVDA,2022-04-01,0.1776390058791752,0.17775276640313248,0.17632472595654847,0.17737085855766435,0.17720395296827235,0.1737418608543762
NVDA,2022-04-04,0.18252569853085424,0.18264692067777624,0.1767756026325207,0.18002121962459752,0.17246880953332086,0.12397685822764253
NVDA,2022-04-05,0.17174934432767408,0.17185410756006733,0.17503755113794423,0.17394683996621513,0.17631839764222482,0.14034008329314512
NVDA,2022-04-06,0.16025659201127274,0.16034379323714743,0.16035502807050084,0.16002864569512076,0.15933919794287169,0.25105152209687925
NVDA,2022-04-07,0.1587559040147063,0.15884081065953223,0.1561517189542368,0.15600715480167618,0.15573111730880101,0.19062794678917022
NVDA,2022-04-08,0.15054353891842434,0.15061591630501933,0.15034125489145356,0.15282059689698616,0.15189615840246484,0.17686825397614564
NVDA,2022-04-11,0.14147904987523507,0.1415375748165389,0.13868395813719084,0.14208129013985096,0.13943255242624433,0.1977603159372302
NVDA,2022-04-12,0.13836455459405664,0.1384183093826532,0.14162919288603476,0.13918581260569582,0.14179646684307814,0.23382652951305166
NVDA,2022-04-13,0.14363584705443447,0.1436976413878355,0.13999295135889925,0.14051099313916238,0.13587570191948642,0.1736208819527652
NVDA,2022-04-14,0.1365094184674058,0.13656034327463448,0.14200734617518235,0.13827427798150912,0.141562260010366,0.19522887385215054
NVDA,2022-04-18,0.14046856469572014,0.14052552169808377,0.13699681162633487,0.13763084177620089,0.13201147064885194,0.17724942037848168
NVDA,2022-04-19,0.14359813581620579,0.14365988423203696,0.13906937960385057,0.1394309290729178,0.13581714323172703,0.17189651829350144
NVDA,2022-04-20,0.1381986338018347,0.1382521548481319,0.141229221193783,0.13855770257158123,0.14165009106242374,0.15374678287270205
NVDA,2022-04-21,0.12840268523275755,0.12844120064874312,0.13920755819998776,0.12936571086347814,0.13573664074011593,0.2313203604176921
NVDA,2022-04-22,0.12336513320152326,0.12339598893964551,0.12534679692015208,0.12553571675347988,0.12544665787404596,0.21827121149597872
NVDA,2022-04-25,0.12628359929178684,0.12631889123324508,0.12141254907751473,0.12244108665541562,0.11738885680588594,0.22525359995094557
NVDA,2022-04-26,0.11788272128428293,0.11790518228847979,0.12027082103255984,0.11917792711529346,0.12116527098362546,0.23005008195077653
NVDA,2022-04-27,0.11506985820237203,0.1150880317235018,0.11575479996589297,0.11626713802021271,0.11296840873609494,0.16637747737445951
NVDA,2022-04-28,0.12537860170750076,0.12541256103215184,0.12208159591396098,0.11779912689805119,0.11566897628110366,0.19573847675962158
NVDA,2022-04-29,0.11606531082250124,0.11608498774188944,0.1227433607023273,0.11800594985269114,0.11885258669410444,0.16678143089867437
NVDA,2022-05-02,0.12350088788849034,0.12353194927403188,0.11871457106976113,0.11704079554472879,0.11255125311630894,0.196451920830081
NVDA,2022-05-03,0.12402119910423476,0.12405307293332693,0.12053989617675431,0.12272449663521964,0.11883794353237388,0.1565545705994753
NVDA,2022-05-04,0.12954136553962525,0.12958165114592105,0.12472138688991419,0.11979838136894524,0.12266558783742616,0.228273515066845
NVDA,2022-05-05,0.1183050323312104,0.1183281315804467,0.12126710230386539,0.11787572853348333,0.12225574681892405,0.21894156719052188
NVDA,2022-05-06,0.11703056848409463,0.11705172074888243,0.11826369439378889,0.11396913278805293,0.11397838207978243,0.22182765975429686
NVDA,2022-05-09,0.10402202347853867,0.10402332674827985,0.10912257411550202,0.10506056567002192,0.10884071222761273,0.22645054531654213
NVDA,2022-05-10,0.10888606630465575,0.10889480656156272,0.10870806606822597,0.1065772429869348,0.10631577886839398,0.27493284013715363
NVDA,2022-05-11,0.10160882161799328,0.10160645101390783,0.10547195164265119,0.10307663737032152,0.10381281723135245,0.23710331763922105
NVDA,2022-05-12,0.0981776182982401,0.09816997361104698,0.09845430432560054,0.09540898606472814,0.09555741025522525,0.2530795759440912
NVDA,2022-05-13,0.10972317211881782,0.10973315659546276,0.10674457623566339,0.10326813415376782,0.09972170768845245,0.23721518169208056
NVDA,2022-05-16,0.10638995454124106,0.10639486796555989,0.10572647656125364,0.10719771185085467,0.10499843871999266,0.17548652576767743
NVDA,2022-05-17,0.11327503985959042,0.11329048282701265,0.1099661543062139,0.11124218469595568,0.10913344982975877,0.20216154495029093
NVDA,2022-05-18,0.10393153958941462,0.10393268652535559,0.10812629284419645,0.105343990260094,0.10643288228475005,0.18531191841050298
NVDA,2022-05-19,0.10533419856388312,0.10533749473564263,0.10499198838606263,0.10434818360974435,0.10081218352375104,0.21686131011864218
NVDA,2022-05-20,0.10209145044878998,0.10208983192303417,0.10297759356977954,0.09684906174620891,0.10370304237544302,0.26566511051339803
NVDA,2022-05-23,0.10362987853686606,0.10363058606207776,0.09937787608064921,0.10009690242027144,0.09595993667244347,0.22455879988929606
NVDA,2022-05-24,0.09801925706563247,0.0980113676265594,0.09706531953955533,0.09704055852965521,0.09768713179850967,0.20328847170502362
NVDA,2022-05-25,0.10421057966968214,0.10421214133853224,0.10080321562482286,0.09872575798349198,0.09410100892745342,0.28307737180793857
NVDA,2022-05-26,0.11081659605448299,0.11082830138680838,0.10793720926433875,0.09889427281528182,0.09421809838464675,0.3723378426975975
NVDA,2022-05-27,0.11805614392955724,0.1180788997786647,0.11367496381086512,0.11481173616753831,0.10995314582592576,0.2653643205045981
NVDA,2022-05-31,0.11700794751181362,0.11702907509878122,0.11599478852947112,0.11672673322253746,0.11576412193444528,0.23458969094033755
NVDA,2022-06-01,0.11435341680922939,0.11437051611266097,0.11492577000077311,0.11498025099932818,0.11389056498688745,0.18504385899494707
NVDA,2022-06-02,0.12394579105441786,0.1239775442161,0.11904181937518823,0.11556241174039794,0.11072891233690112,0.2281910671167745
NVDA,2022-06-03,0.11736992634823137,0.11739159277358865,0.11695471504264826,0.1180442433652732,0.11651063004028507,0.20752646206317088
NVDA,2022-06-06,0.11786761659169476,0.11789007078278249,0.1169910698007767,0.1183659614679273,0.11692778566007107,0.13445313393358754
NVDA,2022-06-07,0.11892341584897417,0.11894745841832954,0.1145403485341134,0.11548581010496581,0.11204626644446518,0.12057701964332769
NVDA,2022-06-08,0.11685666975968428,0.11684780905856257,0.11584934175582179,0.11814382695236175,0.11443945322559733,0.10994496288599313
NVDA,2022-06-09,0.11233104706607244,0.1123161868643561,0.1140531171000127,0.11435979674567637,0.11211213973350849,0.12333633294719519
NVDA,2022-06-10,0.1042300989142588,0.1042045927884985,0.10506471177288729,0.10538228377267606,0.10566443037505859,0.152203058943241
NVDA,2022-06-13,0.09422080197236413,0.09418215674031137,0.09499275156203962,0.09570772221572582,0.09395463314679903,0.20975297102638168
NVDA,2022-06-14,0.09564639209188411,0.09560961780351455,0.09320379508374266,0.0942216826309322,0.09198592356631818,0.15403928665536426
NVDA,2022-06-15,0.10085846319306958,0.10082853259716723,0.09903607754963006,0.09815891610848182,0.09464989716616329,0.19309061319730664
NVDA,2022-06-16,0.09387385569533209,0.09383472896275648,0.09230204866708205,0.09413742521503726,0.09293002362096237,0.18555553345895254
NVDA,2022-06-17,0.09597827695624944,0.09594193407537213,0.09268747013374176,0.09357824642562396,0.0913784766398489,0.22060005535199062
NVDA,2022-06-21,0.10115262239256576,0.10112308451041135,0.10005417722403981,0.10184337003321267,0.09743098116194585,0.1595947869694122
NVDA,2022-06-22,0.09959882993237276,0.09956723327130029,0.09753801461863176,0.10010455820073424,0.09560864038253802,0.1405555251727264
NVDA,2022-06-23,0.09858053994035526,0.0985476171971816,0.09697804592713863,0.09759973731906851,0.09775299112839023,0.15155341881404216
NVDA,2022-06-24,0.10537655518034811,0.10535259183571014,0.10101410373721695,0.10110035024081584,0.09761394390818247,0.15506387851729586
NVDA,2022-06-27,0.10343809077825392,0.10341154846043071,0.10239582034575001,0.10352090640145259,0.10355666659478861,0.13675753342249314
NVDA,2022-06-28,0.09674764248001258,0.09671231114489391,0.10146498041318919,0.09830445629374929,0.10054138972545668,0.15050479689631113
NVDA,2022-06-29,0.09342881547631997,0.09338911961505852,0.09141483860544569,0.09236796834530556,0.09259337049278746,0.15928943953623648
NVDA,2022-06-30,0.09053993121237157,0.0904964403328536,0.08957498407871212,0.09000869495404132,0.0892780344404442,0.2436921103526452
NVDA,2022-07-01,0.08574272701162312,0.08569291907831916,0.08590980444498539,0.0864084984452054,0.085896832078639,0.19875590600767967
NVDA,2022-07-05,0.0890691063616098,0.0890236591581883,0.08524076454382301,0.08382708323324159,0.08059815026366574,0.22932669440895181
NVDA,2022-07-06,0.09032118727601254,0.0902774099340215,0.087771484310107,0.08944950885949396,0.08670919951435933,0.17864357792615648
NVDA,2022-07-07,0.09581234173738701,0.09577577233803589,0.09232386013490232,0.0940455047135455,0.08997330543938983,0.16366083813520138
NVDA,2022-07-08,0.09566148957115202,0.09562472210639696,0.09299290697134857,0.0940455047135455,0.08978302111228795,0.15333164294320123
NVDA,2022-07-11,0.09048713692151546,0.09044357167135775,0.08928409746669735,0.0913568501340303,0.09048560671251747,0.1406325870758074
NVDA,2022-07-12,0.08995915073303284,0.08991487785358421,0.08858596404963481,0.09012359010205548,0.08859739962364772,0.14940024295215037
NVDA,2022-07-13,0.09057764245060027,0.09053419748865214,0.08817872417987091,0.08696767723461873,0.08363537791643073,0.17568208070452812
NVDA,2022-07-14,0.0921465396033814,0.09210516023346052,0.08889139395195772,0.08898225057157241,0.08742642129673804,0.14846887113426838
NVDA,2022-07-15,0.09508823258482639,0.09505071537997622,0.09113849528373907,0.094474462183751,0.09145898611104138,0.11934278626011126
NVDA,2022-07-18,0.09764523198440946,0.09761107839032357,0.09924696566202415,0.09874108415468563,0.09616485718169453,0.23724832659663148
NVDA,2022-07-19,0.10436583917458539,0.10434053871725502,0.10079594744731071,0.10004328273649576,0.09751148365355694,0.250443727409676
NVDA,2022-07-20,0.1105132182317167,0.11049597791213589,0.1067809448643596,0.10486141310611283,0.10088537141407823,0.2745450447539074
NVDA,2022-07-21,0.11234610847873913,0.11233128396442357,0.10831536255348634,0.11056044036779736,0.10775023639231414,0.19023725122677576
NVDA,2022-07-22,0.10683230419180267,0.10681026870749305,0.10702818773488212,0.10743515792734581,0.10780878112091079,0.18179441541503222
NVDA,2022-07-25,0.10460721129654568,0.10458222196900327,0.10089775741475171,0.10369709162397331,0.10141230188977367,0.1586248841999897
NVDA,2022-07-26,0.10090371956427212,0.10087385270862935,0.09940696266126553,0.10238723726170038,0.10046088723384558,0.12428552015127335
NVDA,2022-07-27,0.11038497982444248,0.11036759493904294,0.10680276326746377,0.10571932804652381,0.1015074475431153,0.1955101912295268
NVDA,2022-07-28,0.11184828839551136,0.11183280595522976,0.10828627597287005,0.10975614511116205,0.10840891344609617,0.15609675660536515
NVDA,2022-07-29,0.11319841997197275,0.11318474550402094,0.10904258255116522,0.11168645372708677,0.10722329195745596,0.13986155373369064
NVDA,2022-08-01,0.115295317739877,0.11528439486378791,0.11342043889226266,0.11396913278805293,0.10992385950246468,0.15685204611782022
NVDA,2022-08-02,0.11593645206968617,0.115926367351772,0.11408947185814114,0.11475044609303178,0.10948474611966423,0.1622621231631508
NVDA,2022-08-03,0.11870466469929489,0.11869821221091773,0.11430764201861512,0.11509514614734234,0.1099385026641952,0.13268816776624887
NVDA,2022-08-04,0.12113341847828349,0.12113018504535722,0.11653292494729231,0.1198673272239146,0.11480539267723332,0.1291690075255506
NVDA,2022-08-05,0.11942876663853527,0.11942327637179231,0.11620567664186521,0.11914728938317423,0.1145199557172084,0.11939788966392724
NVDA,2022-08-08,0.110407586370083,0.11039024058914415,0.10900622779303676,0.10823946779424917,0.1049472085926799,0.3662408375054482
NVDA,2022-08-09,0.1050748508478781,0.10505049137243228,0.10324666871397403,0.10427159658458027,0.10311755321198819,0.23631446891090818
NVDA,2022-08-10,0.11270062874202597,0.11268626749482713,0.10812629284419645,0.10881395814458808,0.10638165215743729,0.2069642416197252
NVDA,2022-08-11,0.11153147937045324,0.11151559398625457,0.11240960739536507,0.11309589167644829,0.10955061940870754,0.1704654870395137
NVDA,2022-08-12,0.11731676417804288,0.11730851550632801,0.11248959895970187,0.11368570819798085,0.10976285451924249,0.1575253019915116
NVDA,2022-08-15,0.11975310636992675,0.11974803689080121,0.11573298156278877,0.11874131386462516,0.11372223144321862,0.14906175061442367
NVDA,2022-08-16,0.11859904726430168,0.11859247488792601,0.11557299843411517,0.11788338431394613,0.11532500855164483,0.14639938615636772
NVDA,2022-08-17,0.11449577889753876,0.11448380198568642,0.11227142879922786,0.11515643622184887,0.11241952049738509,0.14455942964248247
NVDA,2022-08-18,0.11779952284860393,0.11779189641545434,0.1135586036178321,0.11544751659238375,0.1107947856259444,0.13156994154896084
NVDA,2022-08-19,0.11083001283013436,0.11081320428674088,0.11104970918993617,0.11228394063935018,0.11156323753563586,0.14240045342229424
NVDA,2022-08-22,0.10468264819964354,0.10465775068623018,0.10405388027598969,0.10612530356507288,0.10485937754062215,0.12914456315844425
NVDA,2022-08-23,0.10579143650742562,0.10576799257764327,0.10337756526203132,0.10615594129719211,0.10119275217795481,0.11273493522657028
NVDA,2022-08-24,0.10610065711958847,0.10607765599658472,0.10294850698916322,0.1055814509468532,0.1013610717624609,0.17598991400554514
NVDA,2022-08-25,0.11131275707405494,0.11129657079023739,0.10688275483180057,0.10510652957333483,0.10013154870695457,0.27875154745273123
NVDA,2022-08-26,0.09884456188787753,0.0988119605046609,0.10671548965504707,0.10054117145140254,0.10754531588306308,0.27810356456875995
NVDA,2022-08-29,0.09538238457100232,0.09534526729322033,0.09518182127132954,0.09694098224770065,0.09410100892745342,0.16499864934513953
NVDA,2022-08-30,0.09287064154262177,0.09283022439433511,0.09300744332637284,0.09245988884679732,0.09366188856507161,0.17910553503333548
NVDA,2022-08-31,0.0900496634754379,0.09000551087369353,0.0893786323213423,0.09075170744130409,0.08944636100453165,0.19714009191082033
NVDA,2022-09-01,0.08132267125976277,0.08126704140991933,0.08094291363763015,0.07781399364936575,0.08084697931936428,0.4478626508300313
NVDA,2022-09-02,0.07913526074945348,0.07907675903004302,0.07942302536824378,0.08027284332258455,0.0800492550453745,0.2673438999289042
NVDA,2022-09-06,0.07776247213410988,0.07770216662833569,0.07657233934461258,0.07843444790301754,0.0773486805207844,0.18141324901269618
NVDA,2022-09-07,0.07967136913652935,0.07958278558927058,0.07700139761748065,0.07839614708530146,0.07611915048569669,0.17184514369144743
NVDA,2022-09-08,0.08175377534406605,0.08166733064615517,0.0782376674523644,0.07857233230782218,0.07535801317728912,0.21833750130508062
NVDA,2022-09-09,0.08474917149471774,0.08466575445416673,0.08162649682910064,0.08437094315659527,0.0804664106651605,0.16105440570357515
NVDA,2022-09-12,0.08563947554566952,0.08555697314956263,0.08215736506940971,0.08492245886041178,0.08201796462585534,0.16003810006778135
NVDA,2022-09-13,0.07527262153266584,0.07517956077378689,0.07761225742212652,0.0765041319819588,0.07786830337477732,0.2556599067633835
NVDA,2022-09-14,0.07524999334706459,0.07515690792087074,0.07301624479112284,0.07507937516653765,0.07385769632348842,0.20327065631882746
NVDA,2022-09-15,0.07374852631191194,0.07365391814044063,0.07260172980856291,0.0741371955050977,0.07210855041398917,0.17638931010538422
NVDA,2022-09-16,0.07577813822859253,0.07568559453582936,0.07244901485740146,0.07281201497163112,0.0701105614896286,0.23734527544244305
NVDA,2022-09-19,0.07716642826913765,0.07707529124041909,0.07427433302911074,0.07582239495893447,0.07208659265097472,0.1954724889006001
NVDA,2022-09-20,0.07561215251648841,0.07551943279849312,0.0744197728674762,0.07618241387930466,0.07357227332262627,0.17688358349450045
NVDA,2022-09-21,0.07625346717930363,0.07616141248929212,0.078404925693834,0.0765883893978537,0.0735576371404771,0.29407609407186813
NVDA,2022-09-22,0.0709719606574622,0.07087452473126117,0.07199087000391707,0.07136428350968757,0.072511069851626,0.27397495239563086
NVDA,2022-09-23,0.07063243688695987,0.07053465270655494,0.06807844056438389,0.07005442184228061,0.06775396865366008,0.23426197069658988
NVDA,2022-09-26,0.06845947465709666,0.06835947462956103,0.06842750727291519,0.06972504065402968,0.068273591507653,0.1862159456821304
NVDA,2022-09-27,0.06985530261729538,0.06975672708699941,0.06898746209384055,0.07006208492787744,0.06839068794442768,0.18891352660127175
NVDA,2022-09-28,0.07229234450124279,0.07219624847147264,0.06962014030159056,0.07079744163467744,0.06768078076333288,0.18417380525048432
NVDA,2022-09-29,0.06839912080662622,0.06829905741803143,0.06727122900236823,0.06767216649935992,0.06795888916291114,0.18017528682771777
NVDA,2022-09-30,0.06778798667570633,0.06768728633299723,0.0682384306283414,0.06866030275897872,0.06531686634649908,0.19379577104162837
NVDA,2022-10-03,0.07060227799502526,0.07050444410079014,0.06856567893376847,0.0688901003601411,0.06721970961751801,0.18627187770856019
NVDA,2022-10-04,0.0755442318930834,0.07545145983411486,0.07250719495391797,0.07481893252812202,0.07111321325245083,0.20147875991654113
NVDA,2022-10-05,0.07586113469130472,0.07576867180309002,0.07324168312910895,0.0728426600088844,0.0713474131055816,0.16955565940958983
NVDA,2022-10-06,0.075265076399692,0.07517201222375314,0.0756778611054641,0.07653476971407802,0.07360886726778987,0.22632708054708983
NVDA,2022-10-07,0.06731262887171426,0.06721146837953447,0.06850749883725196,0.06825432724042968,0.06837605176227853,0.23806079106943695
NVDA,2022-10-10,0.06424935537757903,0.06414507160714465,0.0645368893012023,0.06355109201882678,0.06495093387444446,0.24892444784732132
NVDA,2022-10-11,0.06361557142109715,0.0635106476691943,0.06251522630740708,0.0625935934913272,0.06146727125801375,0.23599089178022942
NVDA,2022-10-12,0.0629666971986676,0.06286111222554665,0.061708014745391414,0.06306851486484558,0.061599010856518976,0.16353115869614576
NVDA,2022-10-13,0.0664374078733899,0.06633535398702096,0.06420237281826308,0.05899339698249129,0.05714928344284827,0.3116528369552428
NVDA,2022-10-14,0.06090691917673215,0.06079922722439311,0.06444235444655735,0.061988458103735024,0.06509730965509886,0.2550284963316877
NVDA,2022-10-17,0.06589417272591429,0.06579155586636502,0.06325698959539411,0.06438603231271534,0.06115256891327189,0.20006678698267016
NVDA,2022-10-18,0.06649023101752699,0.06638822264851682,0.06721304890585172,0.06515968983723142,0.06719775185450357,0.23262668396830688
NVDA,2022-10-19,0.06712400054736839,0.06702264658646717,0.06618040594113384,0.06681424425381491,0.06379459172968395,0.17618464031978204
NVDA,2022-10-20,0.06820294734930651,0.06810268707493038,0.06922744372213482,0.0688901003601411,0.06550715067360098,0.2297414200271457
NVDA,2022-10-21,0.07025518745158837,0.07015701632323525,0.06725668571206009,0.06722022707749797,0.06539736883811018,0.21196580771646523
NVDA,2022-10-24,0.07125866849714767,0.07116152809447154,0.06879838544926675,0.06857604534308381,0.06839800952529296,0.17383383796450513
NVDA,2022-10-25,0.07625346717930363,0.07616141248929212,0.0730889681779475,0.0731720338920013,0.06975927217930453,0.16887246006453316
NVDA,2022-10-26,0.07349955135041587,0.07340467913584373,0.07372891456320965,0.07350907816584909,0.07104003234170501,0.1802540059760263
NVDA,2022-10-27,0.07561215251648841,0.07551943279849312,0.07700139761748065,0.07668030989934546,0.07660950097539126,0.2010358611294789
NVDA,2022-10-28,0.08057677066674904,0.08048910858754889,0.07708866429461347,0.07621305161142392,0.07275990588690594,0.1753183153770813
NVDA,2022-10-31,0.07803410413448816,0.07794384988008393,0.07700139761748065,0.07802080929887167,0.07769265522982459,0.16094212733940882
NVDA,2022-11-01,0.07838118025128457,0.07829127765763882,0.07763407582523069,0.07972132761876805,0.07793416968423925,0.13876652894958824
NVDA,2022-11-02,0.07593658602104306,0.07584420052031694,0.07970664380274639,0.07736205422750381,0.07821959966468277,0.23812293776547
NVDA,2022-11-03,0.07746066681515648,0.0773698431536632,0.07658688263492075,0.07540875635478861,0.07231347092324023,0.1666281357151262
NVDA,2022-11-04,0.08300627463104288,0.08292108142198837,0.0798448154635997,0.08108480166481666,0.07921492984663972,0.21324271516429105
NVDA,2022-11-07,0.08410029005896795,0.08401621901051906,0.0811756201531284,0.08305342570872551,0.08098603351915341,0.1293384608500674
NVDA,2022-11-08,0.086371339017491,0.08628958586047096,0.08465899131979349,0.08506033596008239,0.08517960331667893,0.20608175853605587
NVDA,2022-11-09,0.08013916016758686,0.08005105499269959,0.07971391891554241,0.08155972303833506,0.0805030046103241,0.1477144102444271
NVDA,2022-11-10,0.09503301461836874,0.0949600823598669,0.09107304700971044,0.08759579457386735,0.08517228871539503,0.2498027878179218
NVDA,2022-11-11,0.09938649863770947,0.09931798706388846,0.09555270638296498,0.09475788677382307,0.09254214036547469,0.2310212276541197
NVDA,2022-11-14,0.09914505438254677,0.09907630381214022,0.0966508114922793,0.0981282783763626,0.09555009565394136,0.17814060399959564
NVDA,2022-11-15,0.1019442698625585,0.10187835727705072,0.09998145383721516,0.10165187324976635,0.09923867877962314,0.18560815099492717
NVDA,2022-11-16,0.09624022868086207,0.09616851302423798,0.09535635462559516,0.09775294058993278,0.09514025463543925,0.22856021849121083
NVDA,2022-11-17,0.0944822199112788,0.09440873568917722,0.0946582350791004,0.09516386229237214,0.09186882712954349,0.2539769742348085
NVDA,2022-11-18,0.09246017476753278,0.09238461504663714,0.09273838205274615,0.09198496747327892,0.09370579711151909,0.16331654543917828
NVDA,2022-11-21,0.09176602253393998,0.09168976669434228,0.08892048746785794,0.09167856823668444,0.08771185127718156,0.12713349607481467
NVDA,2022-11-22,0.09720598406155219,0.09713526043686081,0.09314562192251002,0.09200028633933854,0.08903651998602954,0.1553592824791063
NVDA,2022-11-23,0.1008351208887643,0.1007681009800078,0.09655626970235046,0.09909343998945899,0.09467185492917772,0.13645632910238625
NVDA,2022-11-25,0.09895642605820089,0.09888748922188782,0.09626537615505182,0.10004328273649576,0.09628196059805061,0.029022507047435336
NVDA,2022-11-28,0.09561398985735402,0.09554163763632138,0.09531999986746673,0.09661926414504654,0.09414491049431954,0.08528888270184005
NVDA,2022-11-29,0.09419550485827308,0.09412173232596685,0.09222932528025737,0.09504896714435795,0.09268850916654771,0.0830694170308463
NVDA,2022-11-30,0.1039159876709714,0.10381940065233014,0.09948695422560233,0.09563878366589051,0.09173708753103825,0.1936549051972868
NVDA,2022-12-01,0.10551595980735798,0.1054205720029033,0.10192312526667358,0.10358985225642195,0.10126594006828202,0.1545766484203967
NVDA,2022-12-02,0.10356126543471778,0.10346441712192658,0.0995087726287065,0.10213445040374755,0.09877760763380826,0.11331621399013277
NVDA,2022-12-05,0.10155381283782267,0.10145540798508385,0.09995964930467874,0.1023412733583875,0.09892398341446265,0.10538878144415663
NVDA,2022-12-06,0.09685205529052525,0.09675007550350738,0.0968907861852897,0.09733930198578691,0.09783350757916406,0.10557066410788003
NVDA,2022-12-07,0.09785580322893353,0.09775458727474366,0.09407646185507085,0.0961749805036474,0.09228598972891087,0.11373011098571288
NVDA,2022-12-08,0.1057725520350303,0.10567736676034889,0.10129772910700346,0.09841169566130065,0.09595262207115958,0.17300480103942423
NVDA,2022-12-09,0.1045046378826949,0.10440850447881836,0.10423568180776746,0.10619424942004221,0.1024442329964756,0.15224034696086086
NVDA,2022-12-12,0.10853471990227567,0.10844164866383102,0.10390843350234036,0.1048307753739936,0.10154404846786028,0.1489217133926959
NVDA,2022-12-13,0.11258742289413748,0.11249745290457472,0.11301319902249876,0.11183200121748824,0.11247806522598174,0.23147779871430918
NVDA,2022-12-14,0.10958375306516746,0.10949147334371451,0.1091007695829656,0.10960294184029779,0.10849673053899116,0.16531186869314612
NVDA,2022-12-15,0.1041348253804936,0.10403842384834733,0.10232309695892533,0.10408775558159677,0.10234177274185007,0.15771091345699695
NVDA,2022-12-16,0.10125945166535971,0.1011608416662099,0.10029416578761799,0.1018663519848691,0.10027792448760896,0.157582476951862
NVDA,2022-12-19,0.09886709630031565,0.09876664039319878,0.09715257928140428,0.09983645978185582,0.09814088834304065,0.10612791281564306
NVDA,2022-12-20,0.09759166586828737,0.09749022956163453,0.09497820133644758,0.09759208153860571,0.0944230188938978,0.1265207296519288
NVDA,2022-12-21,0.1007311769440674,0.10063215505125127,0.09728348970002931,0.09950707128847083,0.09478895834553379,0.09410708455762325
NVDA,2022-12-22,0.09196163335228075,0.09185592122886362,0.09372739514653958,0.09016189091977156,0.0946425825648794,0.19355008443664434
NVDA,2022-12-23,0.09095787098723199,0.09085141666044223,0.08791692414847244,0.09016955400536839,0.08807046216837092,0.10417526362628458
NVDA,2022-12-27,0.08276944690083547,0.08265673811450906,0.08617887958917986,0.08383473901370439,0.08717759224103949,0.1520597072310581
NVDA,2022-12-28,0.08212795190501417,0.08201475842371006,0.08008479709189398,0.08251722156583463,0.07878313106512318,0.10489616530026798
NVDA,2022-12-29,0.08640706659265296,0.0862971344105047,0.08314637816320314,0.08514460068111135,0.08225947908027,0.10649416401093119
NVDA,2022-12-30,0.08649009912196635,0.08638021888058028,0.08275368158374738,0.0851905572792902,0.08176180700971014,0.0880850697120205
NVDA,2023-01-03,0.0842335561504513,0.08412195633351079,0.08542257301088468,0.08414113825029887,0.08554553578873356,0.12569915033037182
NVDA,2023-01-04,0.08750893011300206,0.08739982775188405,0.08438264799808687,0.08525184004866271,0.08346705135234328,0.13814796216840597
NVDA,2023-01-05,0.08385620572859641,0.08374432715300602,0.08228099343995485,0.08453945798838514,0.08291083455318676,0.12068225471527698
NVDA,2023-01-06,0.08833909671309069,0.08823062923575037,0.08552438297832565,0.08366622418191452,0.0827864165355468,0.12725986102341524
NVDA,2023-01-09,0.09414268892745624,0.09403865505870618,0.093131071696918,0.09214582652460598,0.08871450304000379,0.1683541566196175
NVDA,2023-01-10,0.09626339065216129,0.09616096447420423,0.09244748850544748,0.09468128513839094,0.09034655251272834,0.1185829393232805
NVDA,2023-01-11,0.09695770157879943,0.09685580562368418,0.09292745176203604,0.09537834102747489,0.09278365481988934,0.10581552209025026
NVDA,2023-01-12,0.10080664270044623,0.10070768376847819,0.09735619921628622,0.09483448110412118,0.09468649809090826,0.18790053545593305
NVDA,2023-01-13,0.10373487562631839,0.1036381346121115,0.0994287810643697,0.09998966305272006,0.09598920903674181,0.14476161356024336
NVDA,2023-01-17,0.10979508892163725,0.10970294798969796,0.10529015011087342,0.10561208867897245,0.10053407512417278,0.17120088960923813
NVDA,2023-01-18,0.10734230035960007,0.10724832950515725,0.1063446045434116,0.10854585972570963,0.10615477388517179,0.14158674601556814
NVDA,2023-01-19,0.1027235825549363,0.10262606708802655,0.10142862565506075,0.10432521626835597,0.10153671990741363,0.14710040088762055
NVDA,2023-01-20,0.11082900296530038,0.11073767556951397,0.10622099004343424,0.10504525410909635,0.101353757161177,0.19351776815470717
NVDA,2023-01-23,0.12104756554075521,0.12096403051083587,0.11632203683489822,0.1126516226453172,0.10906026193943157,0.2308869907906883
NVDA,2023-01-24,0.12159094495463568,0.12150781422586199,0.1181400798938115,0.12032692242623932,0.11464437373484838,0.1650284797592354
NVDA,2023-01-25,0.12202864922696102,0.12194587502352619,0.11723105836435485,0.11848852700667234,0.11527377842433208,0.1456938140007391
NVDA,2023-01-26,0.125643633519857,0.1255636184666057,0.12301970402403392,0.12383519843358348,0.1210408529659855,0.1622654376536059
NVDA,2023-01-27,0.12989256767560045,0.12981578584763553,0.12637944682015387,0.12480802313227671,0.11929170007690489,0.18406111257501107
NVDA,2023-01-30,0.1208135942853639,0.12072989580912138,0.12283062044417625,0.12285471795442746,0.12286319374539333,0.1618826140060423
NVDA,2023-01-31,0.12364374048257623,0.12356215787979669,0.11953633285736884,0.121322729076589,0.11715466393233658,0.16577962615862157
NVDA,2023-02-01,0.1342546932525919,0.13418125350732069,0.13048094596897694,0.12638597591342807,0.1209676650756583,0.23308864107548588
NVDA,2023-02-02,0.14003565006803595,0.13996661207173053,0.13598598012943725,0.13472770846158294,0.13054774076063344,0.19323147904164822
NVDA,2023-02-03,0.13543958208893417,0.13536702411596072,0.134502467424031,0.13540943817947323,0.13054774076063344,0.13733674062952117
NVDA,2023-02-06,0.135356556772941,0.13528394684870004,0.13322982896045102,0.13538645622781678,0.12912792639844384,0.14679588207705857
NVDA,2023-02-07,0.14353747179296492,0.14347106964178458,0.1382403635092985,0.13817469439442057,0.13334345395898378,0.23461040650568188
NVDA,2023-02-08,0.14377894490140858,0.1437127528935328,0.14274183435037335,0.1447469627677097,0.1406986624473329,0.1913152892472958
NVDA,2023-02-09,0.14477513328020256,0.14470970891192045,0.14377448425037515,0.14560489231838877,0.14230145351492188,0.17649330224341286
NVDA,2023-02-10,0.13668484641570758,0.13661321193613032,0.1369240882395102,0.13557796762153115,0.13559759351990816,0.18762211825770497
NVDA,2023-02-13,0.14063188869265472,0.14056327885388234,0.13670593194960398,0.1367346187129398,0.13448515992159515,0.15620986359214534
NVDA,2023-02-14,0.14955991614349312,0.1494981258635725,0.1439853723627692,0.13982924881100406,0.1347778975237412,0.23930206774487045
NVDA,2023-02-15,0.1479976985252567,0.14793471166879785,0.14257456917361985,0.1454976529508374,0.14188428393597313,0.13369452993067743
NVDA,2023-02-16,0.14224692224170798,0.1421795617101528,0.1403565544224548,0.14412650851405792,0.13883973470234284,0.13015258256810036
NVDA,2023-02-17,0.13761309974445607,0.13754220219295463,0.13446609879533478,0.13683420230002838,0.13516579473839163,0.15246821817964867
NVDA,2023-02-21,0.1320811900237105,0.13200607543032677,0.1326771423170378,0.1340995838172003,0.13054774076063344,0.12931940252995056
NVDA,2023-02-22,0.13282836016108693,0.13275378524130257,0.12984099958371478,0.1325905622807502,0.12840339001478124,0.17206348575017694
NVDA,2023-02-23,0.15478994841208285,0.15473213775729266,0.1500867299728511,0.15253717230691408,0.1484051811847502,0.42264352157981877
NVDA,2023-02-24,0.15193719566923,0.15187721563088627,0.14707605388526246,0.15193970000491872,0.1468316764406223,0.20377155868885388
NVDA,2023-02-27,0.15355975992461662,0.1535010470371905,0.15002854294105072,0.1558233137986927,0.15008846078478755,0.14712608818864753
NVDA,2023-02-28,0.1514089209479377,0.15134852901592766,0.14962858511936672,0.15392362830461914,0.14790750911419037,0.14835617845879506
NVDA,2023-03-01,0.14749960433585974,0.14743623365960404,0.14549071734184743,0.14857695687770797,0.14659015500662628,0.15003952529867703
NVDA,2023-03-02,0.15214851709905933,0.15208869027686972,0.14639245682322416,0.1479947961366382,0.1414378559518888,0.12078458960807807
NVDA,2023-03-03,0.1564955668367436,0.15643904643085754,0.15017398971470003,0.15334146756354938,0.14752694045998657,0.13030463481772786
NVDA,2023-03-06,0.15395979623863473,0.1539013506790562,0.15270470254570015,0.15607608604637746,0.1517058810549443,0.14067733269695115
NVDA,2023-03-07,0.15198214908098234,0.1518923271365836,0.15181023124183554,0.15419172672349757,0.1495761595116599,0.17287967902474433
NVDA,2023-03-08,0.15872272274159,0.15863688456358252,0.15235564970773663,0.1555935088923963,0.14874914891420904,0.17222465284855598
NVDA,2023-03-09,0.15309926156032447,0.15301013198366026,0.15420277934726623,0.15527944657020495,0.1537843585117532,0.1671219947929355
NVDA,2023-03-10,0.14954404683895925,0.14945280575211037,0.14818869534960102,0.15024683746548514,0.14817830291248474,0.15618790509288033
NVDA,2023-03-13,0.14955159197193307,0.1494603543021441,0.14579614724417037,0.14696071058397459,0.14336997158720605,0.13423934929923387
NVDA,2023-03-14,0.1578320075313844,0.1577456658681866,0.15249381443330606,0.15586926309173751,0.14881502220325235,0.15620613479038337
NVDA,2023-03-15,0.1590774882577651,0.15899186809398608,0.15298104586740677,0.1551032759579523,0.15075445243985347,0.17674603214061396
NVDA,2023-03-16,0.16898830173838655,0.16890855961636655,0.1624494144511207,0.15919369809609815,0.15270121123690128,0.20109386471244312
NVDA,2023-03-17,0.17037718327119158,0.17029825632095627,0.16834715212632068,0.1727825184840756,0.16700911575554403,0.3110081685617266
NVDA,2023-03-20,0.17169811532731064,0.17161997285835282,0.16562008753795074,0.16866144400354247,0.1643231774131031,0.13873752715810617
NVDA,2023-03-21,0.17395504781811877,0.1738782282026074,0.16829624714260016,0.17058411144927246,0.16845820248203197,0.18624287591707805
NVDA,2023-03-22,0.1759855253332285,0.17590991180081106,0.17700104097050684,0.17714105365136795,0.1702512569379787,0.28977388546115335
NVDA,2023-03-23,0.18144284932266483,0.18137050984621197,0.17634654435965263,0.18061103614613008,0.17530110969725343,0.19348545187277
NVDA,2023-03-24,0.17833298499308217,0.17825879296236002,0.17393217785111778,0.17804493249509185,0.17468634816950027,0.14792405176571194
NVDA,2023-03-27,0.1764610418302659,0.1763857297542738,0.17271772641933822,0.17812153413052398,0.17326653380731066,0.10902270591686263
NVDA,2023-03-28,0.17554773450106026,0.17547185100314683,0.1691761820914405,0.17417664487251153,0.17041227588036365,0.10698346566436474
NVDA,2023-03-29,0.17988037202489968,0.17980709565143735,0.17328494941777572,0.1798986540858525,0.17317871671441568,0.12255742769024762
NVDA,2023-03-30,0.18289213519918196,0.1828206237623313,0.17634654435965263,0.1837669417084328,0.1761354348959882,0.11046865237789831
NVDA,2023-03-31,0.18586615828195463,0.18579639471742673,0.17878271540072388,0.18378992366008925,0.17548407244349004,0.13922890036807417
NVDA,2023-04-03,0.1872852059200145,0.18721630002778125,0.17998989865499132,0.185559387834955,0.17818465394766153,0.12463809907343419
NVDA,2023-04-04,0.18342048205367673,0.18334931037728994,0.17998989865499132,0.1853372387091214,0.18152925538472173,0.11215738526476977
NVDA,2023-04-05,0.17910293479578498,0.17902917723469675,0.17270317619374617,0.17835133903682038,0.173207989078714,0.17282208975308705
NVDA,2023-04-06,0.1802804516188392,0.180207399293303,0.17329949964336774,0.17859645550404235,0.1714149206636045,0.1241981004655202
NVDA,2023-04-10,0.18437160160759447,0.18430096068984528,0.1772337474860051,0.18045017709480302,0.17316407355268512,0.12321411111166354
NVDA,2023-04-11,0.1812768275439595,0.18120435531169066,0.1784627491433767,0.18395078271141632,0.17975815869178943,0.0896959120731972
NVDA,2023-04-12,0.17618930163008398,0.17611383789676074,0.1761211060216665,0.17875731455536942,0.17716736600269012,0.1443357015367635
NVDA,2023-04-13,0.17594774196179738,0.17587214023938266,0.1718959646317305,0.17784577993118275,0.17251271110018698,0.10595224482152298
NVDA,2023-04-14,0.1781744650674292,0.17810018697787244,0.1718668780511142,0.17701083233216014,0.17082943150014965,0.12337196371958749
NVDA,2023-04-17,0.18001625655163112,0.17994305598582372,0.17276136322554655,0.17864241940735526,0.17127587344339676,0.09263462217294681
NVDA,2023-04-18,0.18503583298882065,0.18496559323356043,0.18078984203949486,0.18572024688628203,0.17836030209261425,0.21002600217762024
NVDA,2023-04-19,0.18702855598578022,0.1869595052703357,0.17998989865499132,0.18476274835878248,0.17710149271364684,0.10804244536476797
NVDA,2023-04-20,0.18078616307441245,0.18071342585253058,0.1802080688154653,0.18298562840345395,0.179370261477139,0.13665188403923695
NVDA,2023-04-21,0.18089938334894143,0.18082671172555603,0.1740485380441508,0.18085615261335206,0.1741081736073293,0.10242562697730072
NVDA,2023-04-24,0.18031819171034888,0.18024515644910155,0.1753793357983956,0.18046548865572862,0.17455461555057641,0.10001392085991141
NVDA,2023-04-25,0.17427205881614372,0.17419544017158256,0.1745139510751473,0.17704914045501025,0.17503031589895907,0.11627356809869226
NVDA,2023-04-26,0.1796690073151489,0.1795956210054539,0.17511754270228103,0.18072593129414424,0.17447411305896532,0.12779556554322014
NVDA,2023-04-27,0.18170704438987292,0.1816348531536913,0.17631745777903632,0.18011313282095526,0.17711613587537736,0.11570761885348461
NVDA,2023-04-28,0.18565480799884435,0.18558492007144328,0.17823002875731067,0.1835294810216736,0.17610616253168987,0.0805139448899672
NVDA,2023-05-01,0.1944182851883069,0.19435359814098227,0.18768386098600037,0.18896042447474776,0.18060711309309196,0.19573930538223533
NVDA,2023-05-02,0.18913449925726877,0.1890667031801364,0.18606943786196903,0.19128139704829594,0.1867547562889492,0.12630114465927866
NVDA,2023-05-03,0.18605482988622196,0.18598520930767912,0.1826587900821286,0.18660114377834947,0.18060711309309196,0.11828712105016316
NVDA,2023-05-04,0.18424323336055587,0.1841725633111225,0.17896451693250165,0.18482402382302096,0.1792238856964846,0.09279164615825698
NVDA,2023-05-05,0.19268218327230063,0.1926164808616526,0.18548038258985958,0.18858508668831794,0.18050465283846645,0.10921660360848577
NVDA,2023-05-08,0.19623741242030632,0.19617379268757265,0.1888619437890837,0.1933266154225029,0.1855984071646073,0.10237425237524674
NVDA,2023-05-09,0.19185943196542146,0.19179322792782003,0.1870657191332746,0.19409261716655615,0.1883575333973754,0.08989933892487874
NVDA,2023-05-10,0.1942295703041181,0.19416478355072989,0.18808383267825213,0.1941768745824511,0.18913329990835076,0.11247143323539015
NVDA,2023-05-11,0.19191223346959782,0.19184609658931587,0.18689846782708888,0.1925299759463304,0.18833557563436099,0.09291552523901621
NVDA,2023-05-12,0.1901157560631604,0.19004856209845658,0.18566219799220512,0.19099797245822386,0.18564963729192005,0.07305882723384227
NVDA,2023-05-15,0.1947428268926652,0.1946783586599912,0.1870366325526583,0.19180993810559002,0.18549594690998175,0.08122241722474399
NVDA,2023-05-16,0.19670539821101038,0.19664206209100166,0.19358886683871243,0.19701873243283055,0.18793304921714277,0.14563912490823006
NVDA,2023-05-17,0.20398943784534143,0.20393041763865652,0.19598140107357534,0.20159940211568844,0.19337078523190515,0.13864969316104614
NVDA,2023-05-18,0.21531176825768944,0.21525946592135778,0.20782776753712795,0.20841678695619958,0.19941596817313684,0.2696507852856511
NVDA,2023-05-19,0.2121868136621591,0.21213265193743835,0.20602427470380671,0.21298214507813187,0.20765673198753348,0.15579099486088255
NVDA,2023-05-22,0.21152256785429244,0.21146801939372323,0.2055879482534265,0.21117438739068412,0.20300940564547698,0.11356935819864074
NVDA,2023-05-23,0.2078389993125291,0.20778229578345053,0.20390080174257053,0.2107990496042543,0.20373395598830232,0.10704519804909092
NVDA,2023-05-24,0.20670679656723934,0.20664939383630637,0.19894845422552343,0.20447955347864993,0.19795223828491837,0.2583376007397943
NVDA,2023-05-25,0.2628806433701706,0.2628565744521485,0.26347443259135267,0.25678960204608475,0.25879193699356007,0.5991053361639082
NVDA,2023-05-26,0.2701723002706779,0.2701524785498371,0.26122004921149145,0.26379849828031027,0.2541592538132341,0.2554283067428337
NVDA,2023-05-30,0.27896600127195725,0.2789513796307707,0.28134943327816253,0.28217482591605364,0.2739561384331148,0.34202102712744714
NVDA,2023-05-31,0.26177870771661904,0.26175388111076914,0.2694012429766012,0.2658820101670993,0.26585440787976317,0.37482578209545403
NVDA,2023-06-01,0.27639202892984316,0.276375912317541,0.26761956854638413,0.2698498959870362,0.25854310095828015,0.2228949256808378
NVDA,2023-06-02,0.2730481067850263,0.27303006073197456,0.2708920516006551,0.27534975607454354,0.27031145687429914,0.15944646352154668
NVDA,2023-06-05,0.27187063324189353,0.2718518530789981,0.26409256057351066,0.2726611161052964,0.2616169365153715,0.12355177482677644
NVDA,2023-06-06,0.267968255843889,0.2679470918670784,0.26114733969523457,0.26837916796316813,0.2610387759123633,0.12050037205155358
NVDA,2023-06-07,0.25909806479475633,0.259042453463153,0.2636126111874899,0.2623124586955166,0.2616608520414004,0.17157211254020893
NVDA,2023-06-08,0.26691133130865174,0.2668594956257665,0.25899476628281426,0.26345381283626773,0.2529443599602956,0.13253321533747314
NVDA,2023-06-09,0.2688740468934018,0.2688232134624068,0.2651542970541288,0.27158872242978266,0.26255370800956906,0.1366535412844645
NVDA,2023-06-12,0.27424898033902634,0.27420071983491723,0.26383803565490827,0.2719793717771381,0.26374665805865594,0.12048877133496076
NVDA,2023-06-13,0.28587445774789283,0.2858318829865262,0.2752626397642404,0.2805738911832458,0.2709628193267973,0.21350455991024364
NVDA,2023-06-14,0.30078378477059525,0.300748480512172,0.28907248218978787,0.2867937745012255,0.2756321034318682,0.2662285738907644
NVDA,2023-06-15,0.29818693177667144,0.29815033873758134,0.29117415061848767,0.29901146506269155,0.28864461160596133,0.19503207598137917
NVDA,2023-06-16,0.2984812929491344,0.2984449050564553,0.29431572325413363,0.3029486985402412,0.2948507995304152,0.23111320476424863
NVDA,2023-06-20,0.30690596048679863,0.3068736966956582,0.29627194490918407,0.30304828212732976,0.2915427850589372,0.14636334107266857
NVDA,2023-06-21,0.3011460665664632,0.3011109837813496,0.29354488032081416,0.29849826478685915,0.2952240396241723,0.18798091184946908
NVDA,2023-06-22,0.30099513505370556,0.30095995515815543,0.2921704180192255,0.29967789782992427,0.2860903919232815,0.13251871444173208
NVDA,2023-06-23,0.2948351038328686,0.29479693860198114,0.2876834835331749,0.2980003468514163,0.2876346382622738,0.10782700348518671
NVDA,2023-06-26,0.2829303555174868,0.2828863350428254,0.2873562490983156,0.2833314623971942,0.28761266654009665,0.20567987656837544
NVDA,2023-06-27,0.2923213194348594,0.29228188850028103,0.2813639696331868,0.2859971642455891,0.2754491267264688,0.15092988029717724
NVDA,2023-06-28,0.28659160604641926,0.28654939859736706,0.2806731321347719,0.286533361083346,0.27443183878149746,0.20083947757001447
NVDA,2023-06-29,0.2843646232612587,0.28432133745324745,0.2788914299634193,0.2871614565071925,0.28100395219842456,0.11709680466547677
NVDA,2023-06-30,0.2955371618654474,0.29549932830149483,0.2857999991355169,0.29406311337386665,0.2818968360849187,0.1670768348604848
NVDA,2023-07-03,0.29637511885139806,0.29633767833539487,0.288330711966517,0.29943276675243424,0.28802250755859876,0.04156578186343968
NVDA,2023-07-05,0.29565046869981926,0.29561264298578,0.2903596431378243,0.29853654368917315,0.2852267943602484,0.09352414854883322
NVDA,2023-07-06,0.29403500235155144,0.29399636012950947,0.28310203499833103,0.2928758245503387,0.2830971007352895,0.085223007204045
NVDA,2023-07-07,0.29705452705841484,0.2970174223848074,0.2906287321525866,0.2992642519206444,0.28659537859512524,0.10689107424292894
NVDA,2023-07-10,0.294616193990144,0.29457791540596395,0.2876980476293347,0.29519678251361886,0.28904713802317955,0.10607363803444088
NVDA,2023-07-11,0.2963146712277645,0.29627726112386527,0.28731261229210725,0.2983986811997706,0.28775904232075106,0.08301141344788213
NVDA,2023-07-12,0.30761557807899176,0.30758366375646534,0.2958719732169323,0.3038372658230395,0.291798935695501,0.15884405488133296
NVDA,2023-07-13,0.32327982234501124,0.32325551964312066,0.31201617671611004,0.316974146789155,0.30266709312374196,0.15757087623526916
NVDA,2023-07-14,0.3194449327711971,0.319418753004024,0.3260733036238833,0.3213250261759845,0.31778003651765835,0.27932495430146287
NVDA,2023-07-17,0.3269335133143294,0.3269110058363689,0.3144959845633897,0.3228723412250167,0.3156283711705223,0.17094650246680954
NVDA,2023-07-18,0.3347316030024342,0.3347129508989149,0.32467703678975823,0.3264878565999122,0.31864363408069146,0.19525663270971194
NVDA,2023-07-19,0.33158365234197024,0.3315634768592644,0.3241098137913207,0.33420912028414723,0.32422774587610825,0.1365644643534838
NVDA,2023-07-20,0.31982986439262706,0.3198039307345625,0.31879386321071806,0.3213403377369101,0.3172238197185019,0.18228910311545532
NVDA,2023-07-21,0.3106880197031554,0.31065759467325904,0.3099145360285458,0.3139714152771804,0.3119617178895294,0.3587459459638621
NVDA,2023-07-24,0.3129753346988257,0.31294607302890826,0.30440950186808546,0.3135118346851237,0.30422594074697656,0.11792625590186458
NVDA,2023-07-25,0.32103021858756964,0.32100481284889987,0.312219796650992,0.32027559984185916,0.305762872484685,0.10365944604921025
NVDA,2023-07-26,0.3193165356708776,0.31929034121967137,0.31127443423397466,0.31803122890374314,0.3136669692117439,0.11035305952327683
NVDA,2023-07-27,0.3226985729998567,0.3226739643666662,0.32103368249441955,0.32661040752838916,0.3173116507705596,0.14836156450578464
NVDA,2023-07-28,0.329115167595085,0.32909374686902637,0.3183575228897701,0.3314438640691999,0.31840211264669543,0.09666297100980924
NVDA,2023-07-31,0.32895667652271304,0.3289351408845388,0.31910656129055315,0.33240136259669945,0.3190315312953419,0.06346047718719082
NVDA,2023-08-01,0.3272807914040926,0.3272584408167387,0.3174339650052892,0.3287322275380282,0.3168798380298803,0.0579928108702029
NVDA,2023-08-02,0.3103860701177972,0.31035550861561106,0.3097254524486881,0.3085098633125231,0.3122764411730154,0.17908937689236692
NVDA,2023-08-03,0.3122431826941945,0.31221346031799996,0.3044749432068302,0.3116734246552887,0.2974123058960534,0.09375533425807618
NVDA,2023-08-04,0.3134887499804181,0.3134596625437994,0.3082855488083547,0.31621581543583255,0.30608488245112936,0.10970217646015733
NVDA,2023-08-07,0.31905235503031,0.31902599791219205,0.3075438063262193,0.31751799940737463,0.3070070247427591,0.09291759679555063
NVDA,2023-08-08,0.3133678835864319,0.3133388281207402,0.30537669655877475,0.3136343856136007,0.30511882463347073,0.10604670779949323
NVDA,2023-08-09,0.2974395452396877,0.2974026289266055,0.2986135741603265,0.29891188147560294,0.30088132535075357,0.202418003649254
NVDA,2023-08-10,0.2961864472471307,0.29614887815077234,0.2932467185960034,0.296621546634174,0.2854097710656478,0.16357880449643775
NVDA,2023-08-11,0.2846137713424406,0.28457058366065924,0.28193122037275986,0.2874602072684582,0.2824164519593303,0.18030869506853536
NVDA,2023-08-14,0.30649076177363044,0.3064582959537251,0.29489021443008323,0.28494773791146377,0.27315840019996224,0.2454388468224809
NVDA,2023-08-15,0.30790243739840234,0.30787065271404584,0.3055657801386324,0.3109840245466675,0.3029744738876185,0.23973212288141915
NVDA,2023-08-16,0.30447524468470405,0.30444173826684856,0.3012533651362797,0.3086553815823885,0.30268172232630974,0.17797446516553395
NVDA,2023-08-17,0.30340328759008106,0.30336926793686386,0.2967955311014132,0.30555309570386147,0.29865648607245304,0.1468779157158222
NVDA,2023-08-18,0.3030635690599322,0.3030293815065278,0.2932757913060519,0.2952810545397818,0.2888861051216319,0.20130723503548992
NVDA,2023-08-21,0.33075334147547675,0.3307326753753981,0.31863385234090896,0.31490594646329156,0.30249143101962644,0.24638637678133146
NVDA,2023-08-22,0.32094712113837404,0.32092172117600937,0.3267932415734823,0.32341619384323633,0.32913852349684974,0.272371981949285
NVDA,2023-08-23,0.33187815778083807,0.33185804317813833,0.319615611127758,0.32245869531573673,0.31253259180957926,0.28221311842177227
NVDA,2023-08-24,0.33223288001709167,0.33221299789728226,0.34191207722073813,0.33740333396930006,0.34436858426628497,0.43840765249556274
NVDA,2023-08-25,0.3235893026367028,0.3235651830620621,0.3240152720013919,0.3210492427561072,0.32091973140463026,0.34282479106280794
NVDA,2023-08-28,0.3297568645638731,0.32973571935701046,0.318015724358751,0.32000750142298073,0.3170408430131025,0.24332834502519846
NVDA,2023-08-29,0.34446984500957,0.3444559393367403,0.33329457087581593,0.33152045109436395,0.31838748344412765,0.2500422597533025
NVDA,2023-08-30,0.34809332659371184,0.3480812313298535,0.3394468057284828,0.3471008701727727,0.3357911533645507,0.26404971072784555
NVDA,2023-08-31,0.3487803520669049,0.34876852392929975,0.33811600797423796,0.3511836511407238,0.3382502273938889,0.1784380795179405
NVDA,2023-09-01,0.34239388029701,0.34237893562707455,0.3385232478440019,0.3449330862598207,0.3410459405922392,0.1516155655100752
NVDA,2023-09-05,0.34268832802931587,0.3426735019459485,0.331621974590552,0.34277298734786765,0.329782571348064,0.11798301655090808
NVDA,2023-09-06,0.33149218744129316,0.3314426424362052,0.32942576437192334,0.3329682117768436,0.3313780478143691,0.1536208322354084
NVDA,2023-09-07,0.3253014851827844,0.32524943167989595,0.31339063901769876,0.32202973784553124,0.3100369447738216,0.1389790706500213
NVDA,2023-09-08,0.3202507472021465,0.3201966570151348,0.3152959279478932,0.32294127246971793,0.3130888086087358,0.15544338767440435
NVDA,2023-09-11,0.31727626246687834,0.317220914871299,0.31207434987734267,0.31559534657191274,0.3145964261046576,0.15581502491668198
NVDA,2023-09-12,0.3149509188468887,0.3148946649542214,0.30851100101690854,0.3172728683298846,0.3042771708742893,0.10414626183480248
NVDA,2023-09-13,0.31959395996741075,0.3195395874270832,0.3103799490595423,0.31705838959478183,0.30326719753060183,0.12448853269164799
NVDA,2023-09-14,0.3203187543853944,0.3202646515879578,0.31079445710681836,0.32186887879420417,0.3131473533373324,0.11278092378163475
NVDA,2023-09-15,0.30762775416356136,0.30756856665639787,0.3079728507285196,0.31173470011952714,0.30869030434279643,0.16943136601752373
NVDA,2023-09-18,0.30812605032592516,0.30806703025996185,0.2981045243231216,0.2978854517034021,0.2897131296782455,0.16671348384434492
NVDA,2023-09-19,0.3047589301432079,0.30469853302429417,0.29609739768435067,0.30556075148432427,0.2976538273300494,0.1140101854291685
NVDA,2023-09-20,0.2950878874274528,0.2950235103480321,0.2956392528308663,0.2995936258037613,0.2959485760078349,0.11154254728534944
NVDA,2023-09-21,0.2858621951034803,0.2857941114250978,0.2825275160812459,0.2900722602125413,0.28118692890382396,0.1461905732576967
NVDA,2023-09-22,0.29033912788545413,0.29027287936343826,0.2826366219673345,0.29199491304800324,0.28110641245305007,0.15799844550397657
NVDA,2023-09-25,0.29495949032713326,0.2948951273749391,0.2856981891680759,0.29158126713872334,0.2812454736324206,0.13307969195125713
NVDA,2023-09-26,0.2926115834414245,0.29254623180776035,0.28776348896807946,0.29524274641693177,0.284246107340022,0.12611553319379326
NVDA,2023-09-27,0.2968166606100925,0.29675307907732806,0.28814165612779485,0.2950436084632907,0.2866539512420474,0.1437871533664451
NVDA,2023-09-28,0.3015050302350195,0.30144332166165194,0.2923158647928748,0.29876636320573763,0.28760535193881276,0.13538823455323157
NVDA,2023-09-29,0.30460035251099293,0.3045399270398066,0.29739185455103484,0.3078970502290661,0.2976099118040206,0.12427101925553231
NVDA,2023-10-02,0.31428657205253857,0.3142300468161361,0.30488945125410627,0.31214069024834423,0.2990955854960907,0.1389658126882009
NVDA,2023-10-03,0.3047362803176459,0.3046758585629333,0.30456221681924694,0.3074297846360105,0.3047894721474169,0.15452403088442207
NVDA,2023-10-04,0.30869223825841297,0.3086334884363488,0.29738458637352266,0.3077821550810519,0.2969878356749835,0.10935208340583781
NVDA,2023-10-05,0.3135769544603455,0.31352007975532903,0.302889620533983,0.3123475132029842,0.2992419612767451,0.12247000800449444
NVDA,2023-10-06,0.3216852169188852,0.3216316882368164,0.30935458120762044,0.31340459531757237,0.3002885355451776,0.13943729895543833
NVDA,2023-10-09,0.31799341076540477,0.31793840167088017,0.30801648753472793,0.31602430404211823,0.3050383081826969,0.12917853668560897
NVDA,2023-10-10,0.3219570148256291,0.3219035800943295,0.3127724832944052,0.3215395049110873,0.30846344002969367,0.1121532421517009
NVDA,2023-10-11,0.329567009975086,0.32951669616099327,0.3171358032804784,0.3289083981502809,0.31494772239456303,0.11611198668900634
NVDA,2023-10-12,0.3306164038039899,0.3305665208408768,0.32258993245721823,0.33105321472184446,0.319199850879848,0.15886394182406355
NVDA,2023-10-13,0.31941273250963387,0.31935830698123474,0.3190047513231122,0.32301020371441924,0.3205391487912637,0.15587675730140815
NVDA,2023-10-16,0.32419923214314217,0.3241467383385166,0.31252522655331494,0.3201913278156962,0.30665572845285366,0.11485330893868358
NVDA,2023-10-17,0.30791472889609584,0.30785555561397837,0.3018278840533649,0.3015622425425361,0.29887603578427185,0.2960042988941203
NVDA,2023-10-18,0.2947632303099706,0.29469874982902317,0.2906651007812828,0.29654495960900995,0.2885640951551875,0.21934054897905408
NVDA,2023-10-19,0.2940460531581632,0.293981263029442,0.2912323237797203,0.29698157285967824,0.29017420082406037,0.1671120513215702
NVDA,2023-10-20,0.28865556779409546,0.2885886307456044,0.2852182397820551,0.2908229357854009,0.28343373990430165,0.15718225222940913
NVDA,2023-10-23,0.30064439457022585,0.300582297166391,0.2908759888936769,0.28980416179366286,0.2785961362147246,0.15770594172131436
NVDA,2023-10-24,0.30583853335728806,0.30577855190431263,0.29414117602930023,0.3031785180568056,0.2921209456619454,0.1257762122334528
NVDA,2023-10-25,0.2916150199699779,0.2915492757893727,0.2937994052394166,0.29447675928314654,0.29447021691704867,0.12449847616301328
NVDA,2023-10-26,0.28064543534413705,0.28057521103707495,0.2836619898192564,0.28164628485875953,0.28316296006517006,0.18358838337385297
NVDA,2023-10-27,0.2819590386668896,0.2818893790244378,0.2760262145200478,0.2826803704114232,0.2778715998310621,0.13212387576626877
NVDA,2023-10-30,0.2869493867304558,0.2868817076664097,0.28009861321768675,0.2862499218830058,0.2775569044659016,0.12020993982542579
NVDA,2023-10-31,0.28407291659064504,0.28400412548427223,0.2736482166402091,0.2766672808275473,0.27289493496211453,0.17404596535363126
NVDA,2023-11-01,0.2957372016624171,0.2956730601973096,0.28457101134871304,0.2892220010525931,0.2760712028555059,0.14074527975128065
NVDA,2023-11-02,0.3046532405750122,0.30459279570130243,0.2955010742347291,0.30473348888630053,0.293957915643921,0.1289701380982448
NVDA,2023-11-03,0.31597010329061626,0.3159142954339699,0.3058639141223077,0.31108360813375613,0.29902241156492626,0.13536627605396656
NVDA,2023-11-06,0.32160217717625156,0.3215485965639259,0.3104163176882385,0.32009174422860764,0.3082804633242943,0.1254737649794253
NVDA,2023-11-07,0.3231423076079049,0.32308936510859937,0.3124743215695944,0.32207570174884415,0.3114567591360112,0.10162269166455369
NVDA,2023-11-08,0.3278155292603223,0.3277644817815961,0.31719397644171105,0.3282802735058982,0.3142451298147521,0.10309515404923013
NVDA,2023-11-09,0.3306541438954996,0.33060429240230516,0.32710593965331736,0.3342703957483857,0.32424968967995993,0.18337915616387507
NVDA,2023-11-10,0.3411104575061528,0.3410647676397117,0.328865809550998,0.3383531767163368,0.32449121111395596,0.13397211850629176
NVDA,2023-11-13,0.34326204666813703,0.3432172856609746,0.3335490957944184,0.3446037123767038,0.3304924785291588,0.11859744021902154
NVDA,2023-11-14,0.35108344980726613,0.35104187637362183,0.33877050458509217,0.3518117757851065,0.34044580826705384,0.13219430868843957
NVDA,2023-11-15,0.3452853829962065,0.3452414207091445,0.33968679429206095,0.3453773845114879,0.3423120645724905,0.15644933552752605
NVDA,2023-11-16,0.349754727365285,0.3497126112861915,0.33652341712387857,0.34637319116183757,0.33311987214300304,0.10021030441937585
NVDA,2023-11-17,0.3483807629787418,0.34833802608729914,0.33791965621686815,0.3515589889271536,0.33930408834527975,0.09418166059286291
NVDA,2023-11-20,0.35676838290363977,0.3567290749763333,0.3439628406657174,0.352891825241083,0.33775255532332904,0.13102015044472176
NVDA,2023-11-21,0.3532577176480933,0.35321706885624554,0.3437373884571635,0.3532058875632743,0.34370990721250294,0.193840930974079
NVDA,2023-11-22,0.3439868410861207,0.3439423498218492,0.34241385888043085,0.3414707741557894,0.3417046176460213,0.3320854276769897
NVDA,2023-11-24,0.3368901746584133,0.33684282327007653,0.3321310244277569,0.34189207584553216,0.331590282924904,0.08152030705439577
NVDA,2023-11-27,0.34040831291373114,0.340362377940198,0.32928758577578615,0.34117970839552264,0.326686791987121,0.12337279234220126
NVDA,2023-11-28,0.33722989318856217,0.33718268088915293,0.3277822685378435,0.33980856395874315,0.3298777170014056,0.12578781295004565
NVDA,2023-11-29,0.33963824769790446,0.33959199366786136,0.3309747461572099,0.34277298734786765,0.3309242912698381,0.1177145428240453
NVDA,2023-11-30,0.3292952409216231,0.32924480430348024,0.3262332867525569,0.3317579263913912,0.3283261560611294,0.177475634352042
NVDA,2023-12-01,0.3292575008301134,0.3292070327420519,0.319615611127758,0.32995782448440625,0.31735556629658845,0.11245776096226288
NVDA,2023-12-04,0.31978266042495906,0.31972838761170574,0.31144895371767256,0.32094200338855583,0.3140768102302461,0.14072456418593626
NVDA,2023-12-05,0.32778607006045124,0.3277040645700665,0.31525229114168485,0.32294127246971793,0.30960513203314227,0.11345252241009858
NVDA,2023-12-06,0.319760039452678,0.3196755189502099,0.3209755093331869,0.3240213219256945,0.32240540509670046,0.11712829232480017
NVDA,2023-12-07,0.3280125106095092,0.3279306363161174,0.31546320699521446,0.32549204994956255,0.3113176979566407,0.10479548765269443
NVDA,2023-12-08,0.3348833135537781,0.33480359112183916,0.32354985897039534,0.3327383922602792,0.31786786756971613,0.10827611694185223
NVDA,2023-12-11,0.3282465684247434,0.32816475661220207,0.3220226817176452,0.3272232206118462,0.32442535178407544,0.1706316258735754
NVDA,2023-12-12,0.33602339324477287,0.3359440560246469,0.3230044405044943,0.3288777750284297,0.3138499459171433,0.11372969667440601
NVDA,2023-12-13,0.3392775816857709,0.33919926738728906,0.3297530265479182,0.3408426787319429,0.3254353251277629,0.14497084077022132
NVDA,2023-12-14,0.3412557914824022,0.3411780535127372,0.3303056854501959,0.33941791461138776,0.33100477980228643,0.12153739325269179
NVDA,2023-12-15,0.3453329043499652,0.34525651780921196,0.3356434683044705,0.34476457142803085,0.329570336237529,0.15829343515448013
NVDA,2023-12-18,0.3542951085121134,0.3542215734246669,0.3431265286525177,0.35265437916459186,0.3383966031745433,0.13038501121126395
NVDA,2023-12-19,0.35072376480668555,0.35064915009304953,0.33779604171689076,0.3507010739867426,0.33857223736033326,0.15186995265250386
NVDA,2023-12-20,0.3394511918773715,0.33937297047184417,0.3399704196618475,0.344596056596241,0.3402628315616545,0.12429753517917307
NVDA,2023-12-21,0.34608793700640617,0.3460118049814812,0.3333963808432569,0.3470549062694598,0.33408592996066167,0.0839150264082027
NVDA,2023-12-22,0.3448798789854444,0.3448033743171101,0.335490753353309,0.3474225882754268,0.3368962723615798,0.06406205720479076
NVDA,2023-12-26,0.3482699663798144,0.34819451720287903,0.3370688078486441,0.3511989627016494,0.33523493656539416,0.06062037317848035
NVDA,2023-12-27,0.3493118872089469,0.3492367933327288,0.33765059494324146,0.35215646122914895,0.3392089706102636,0.05624856026820857
NVDA,2023-12-28,0.3501046599568975,0.3500298232551667,0.3391341076486477,0.35466127480568066,0.34017502842792224,0.061609334268019636
NVDA,2023-12-29,0.3501046599568975,0.3500298232551667,0.3399558833068232,0.3495980279688416,0.34141918068599636,0.12073404362863786
NVDA,2024-01-02,0.33988159626961123,0.3398034683138448,0.3348507930974791,0.34074309514485435,0.33725488325276914,0.12983273423918357
NVDA,2024-01-03,0.3353589310372989,0.3352794090753019,0.32677140929981036,0.33863658669614083,0.32438143625804655,0.09239639317148678
NVDA,2024-01-04,0.3385980869189112,0.3385195233378766,0.32906942948587997,0.3400766623776216,0.3264452705531249,0.08644646849328237
NVDA,2024-01-05,0.3468958288735854,0.3468199320039866,0.33668340025255217,0.346189335548586,0.3315317381963074,0.13140090253575093
NVDA,2024-01-08,0.3707245129361945,0.3706562362223656,0.35652189077192464,0.3551745043020491,0.3392162852115475,0.2256447098246469
NVDA,2024-01-09,0.3774216479823008,0.37735548794353224,0.3714298383067864,0.37211072703577563,0.36035978234412785,0.27974962339102205
NVDA,2024-01-10,0.3865574911893306,0.38649424664354226,0.37342966902690966,0.3858910442071994,0.36925190861102264,0.18060327040773205
NVDA,2024-01-11,0.39012124648186314,0.3900591214251259,0.37885472549360094,0.38643492604595514,0.37937355793342376,0.2066895532232591
NVDA,2024-01-12,0.3892756145231742,0.3892132228411921,0.3761203927277189,0.39233312048181684,0.37659978853892506,0.10569495749994613
NVDA,2024-01-16,0.4018997328397172,0.4018413420111887,0.38968297841217603,0.396699311429572,0.37951261911279427,0.14571162938693527
NVDA,2024-01-17,0.3994156673211078,0.3993565149208832,0.38703591925871067,0.39547371448319396,0.38923905661926106,0.15599235015602964
NVDA,2024-01-18,0.4073736907456331,0.4073170371566571,0.39524618573386894,0.4059448936009146,0.39592094489209756,0.16314170606767198
NVDA,2024-01-19,0.42537360810622976,0.4253226915104238,0.40906332407806406,0.41450876066463505,0.40125622065223443,0.18462416164107054
NVDA,2024-01-22,0.42660434480603443,0.4265537678248961,0.41510650852691333,0.42864144828110023,0.4163325910397314,0.14710993004767897
NVDA,2024-01-23,0.42825783977862164,0.42820782224259496,0.4120449135850364,0.4249263493191161,0.4128269706602863,0.08152403585615775
NVDA,2024-01-24,0.43950014561619744,0.4394537788524057,0.4334178217935356,0.4352903182898215,0.4181988473451681,0.19157216225756574
NVDA,2024-01-25,0.4414255250553714,0.44137972512761764,0.4324724593765183,0.4422762179621225,0.43317272955971403,0.15946552184166346
NVDA,2024-01-26,0.4370010186849213,0.4369538258507731,0.4256657001718617,0.44015442717301956,0.4229998501100002,0.12115498391643507
NVDA,2024-01-29,0.4478281258093289,0.44778441052991036,0.4307998353501188,0.4427128604333269,0.42499051047391406,0.10392957702130058
NVDA,2024-01-30,0.4501611444020568,0.45011818018576205,0.438101108036956,0.4530768001834962,0.4371979937318963,0.12961770667090922
NVDA,2024-01-31,0.4407460302885117,0.4406999810782052,0.42919997632224727,0.4411272372614447,0.4265127850907292,0.14745795154546404
NVDA,2024-02-01,0.45207143357528307,0.45202902936090644,0.4359049255594629,0.44840423191454865,0.43134307417902235,0.11238691372878519
NVDA,2024-02-02,0.47572653629957257,0.47569165930599006,0.4606957358547469,0.46403058567573413,0.4450581749329264,0.15689720605027085
NVDA,2024-02-05,0.49967602904960595,0.4996487979474282,0.4817632419020587,0.4909554688142723,0.47616963100596954,0.24120955700177826
NVDA,2024-02-06,0.49130274920535044,0.49127284615846145,0.4836321622035569,0.484023188825747,0.4864522853115928,0.24246616319556658
NVDA,2024-02-07,0.5054670556601087,0.5054417050618718,0.48702101932142866,0.49398113844709923,0.4768575943832126,0.1647678779472035
NVDA,2024-02-08,0.5020090476423338,0.5019825676032799,0.49119522798650866,0.5081904423092646,0.4897017550544741,0.13114527245940166
NVDA,2024-02-09,0.5208245606961288,0.5208039263408454,0.5013108111329969,0.5139890239375016,0.4930609996532649,0.14034919814189667
NVDA,2024-02-12,0.5216926405074129,0.5216724705748804,0.5189531191748762,0.521940107138301,0.5081886001680747,0.21371254418630092
NVDA,2024-02-13,0.5207867051914953,0.5207661259681573,0.5105101045725163,0.5094543473784927,0.49208765515264785,0.20910125934064844
NVDA,2024-02-14,0.5341658561644792,0.5341495323104232,0.5162260545865063,0.5272102061503161,0.5125944469536233,0.16863837417614197
NVDA,2024-02-15,0.5247883090227581,0.5247690471417754,0.5143280060926885,0.5307491052795115,0.5174759661692293,0.1335068469086576
NVDA,2024-02-16,0.5244484750794852,0.524429189522699,0.5174332378407738,0.5315227481937594,0.519166532452225,0.16466512874309552
NVDA,2024-02-20,0.5005821374852094,0.5005551425541513,0.4996455107663807,0.49500759743983613,0.5034095412070942,0.25146583340376627
NVDA,2024-02-21,0.4856325601355529,0.4856007734670771,0.47733448057724076,0.4836248544773927,0.4745668399383805,0.23858986660833165
NVDA,2024-02-22,0.5691840445604878,0.5691789532883768,0.5477799872802385,0.5446902815022623,0.5259362796954448,0.31786626362462733
NVDA,2024-02-23,0.5712905648975958,0.5712861511981775,0.5755524148236304,0.5703512303510363,0.5681281283072638,0.3030703782330783
NVDA,2024-02-26,0.5733669624093704,0.5733631549078432,0.5628407052485328,0.5775133006355899,0.5601508018123893,0.16824726430244064
NVDA,2024-02-27,0.5704146947004496,0.5704100007915893,0.5543613497586123,0.5672259771311209,0.5578161597598539,0.12173336250084933
NVDA,2024-02-28,0.5625775088166295,0.5625703417901343,0.550383437368631,0.5669425379307808,0.544928111480889,0.12231546988702559
NVDA,2024-02-29,0.5735179804819709,0.5735141835310373,0.5580701176515602,0.576326011812062,0.555715752458356,0.16962112059607798
NVDA,2024-03-01,0.5974295600208088,0.5974335794223069,0.5748688732438632,0.5846370920178297,0.5623464106038798,0.15795660006198098
NVDA,2024-03-04,0.6197634421561695,0.6197744640187343,0.6141022180430123,0.6174525138117667,0.5925722973917127,0.21450222153722753
NVDA,2024-03-05,0.6252830170993001,0.6252652562642701,0.6024812899174459,0.6151391824084133,0.6009155214607349,0.17515217654301962
NVDA,2024-03-06,0.6459415046218169,0.6459294407928974,0.6288574506267127,0.642814711899275,0.6210564156875626,0.20079017452449494
NVDA,2024-03-07,0.6759100803151454,0.6759061159173494,0.650986665413507,0.6625161908479488,0.6366889470375651,0.2113961296694956
NVDA,2024-03-08,0.637092145641545,0.6370776998617276,0.6846786629057708,0.638800862176025,0.6731357067890706,0.4327005142431941
NVDA,2024-03-11,0.6238483742628755,0.6238302826651078,0.6221161327608009,0.6208765177929478,0.609397834627453,0.24049942742177388
NVDA,2024-03-12,0.6702017472079046,0.6701963004757964,0.6451180281894912,0.636073943304464,0.6212540215955298,0.2362365783852134
NVDA,2024-03-13,0.662462373946575,0.6624547726247799,0.6418019083290118,0.6535769859977986,0.6432537737715338,0.22282863587173585
NVDA,2024-03-14,0.640233229221138,0.6402196253513442,0.6355624276050639,0.6395209146270335,0.6324368743889311,0.20899270977824402
NVDA,2024-03-15,0.6394253373539587,0.6394114695175792,0.6275629937600286,0.636893579342561,0.6130644599901204,0.2254690418305268
NVDA,2024-03-18,0.6440916630722241,0.6440790664518019,0.648354142615066,0.6432360135890176,0.6383722545559279,0.23660987287271862
NVDA,2024-03-19,0.6512119026304846,0.6512012674649355,0.6348206296406573,0.6273415614089537,0.6113811524717575,0.23793359749822263
NVDA,2024-03-20,0.6585662000039793,0.6585575887741536,0.6338461945135916,0.6519530839236023,0.634046924221153,0.1579267696478851
NVDA,2024-03-21,0.6665924902912812,0.6665860767714908,0.6501213084313943,0.6686671721417633,0.6523654776685729,0.1584691031486002
NVDA,2024-03-22,0.6881420825432967,0.6881415088067737,0.6656110153197178,0.6719533136335418,0.6438831645018548,0.2025298677021135
NVDA,2024-03-25,0.6935257008264935,0.6935265637293179,0.6800680861786074,0.6924514612789243,0.6643753271002625,0.18820173977603988
NVDA,2024-03-26,0.675094513475228,0.6750904115335505,0.6772246752677722,0.6847301683741531,0.6783538651736887,0.17225572619657248
NVDA,2024-03-27,0.657645087862271,0.6576361470673631,0.6544263997739638,0.6588470850098137,0.6583081724368536,0.20225973673002318
NVDA,2024-03-28,0.658445420169836,0.6584367543510944,0.6403184233647411,0.6593832818475706,0.6355326258315487,0.13975880452958267
NVDA,2024-04-01,0.6584982793805743,0.6584895942013306,0.6470451493933576,0.6594675538737335,0.6377209200217553,0.14689697403593904
NVDA,2024-04-02,0.6516195994906004,0.6516091196568349,0.631548174327522,0.6473341353384304,0.6241741109340319,0.13886886384238933
NVDA,2024-04-03,0.6479349200975197,0.6479233528296726,0.6335843736763415,0.6533089167994562,0.624437604090205,0.11276849444242813
NVDA,2024-04-04,0.6248374070279888,0.624819661322202,0.6354751539926471,0.6340057137580645,0.638503973215689,0.13965646963678158
NVDA,2024-04-05,0.640716521677397,0.6407030206661004,0.6198181680570023,0.634358113423642,0.6125960463246961,0.12503666655065948
NVDA,2024-04-08,0.634109639694167,0.6340944091678581,0.6223561490655146,0.6405320620588449,0.6260183955172913,0.07678680037321163
NVDA,2024-04-09,0.6206769947382634,0.6206581053528367,0.6136659054632,0.6121135127755863,0.6168116018035615,0.16730553470188647
NVDA,2024-04-10,0.633399964395412,0.6333844421070509,0.6119569405492398,0.6173758975660665,0.5910793370166841,0.1383986205090726
NVDA,2024-04-11,0.6604085974070816,0.6604004145652154,0.6362387010073189,0.6420181016436385,0.6166505689020139,0.1382776416074616
NVDA,2024-04-12,0.6420605075050116,0.6420473540423386,0.6321372295996314,0.6466447060092732,0.6333297024387743,0.13627568937258355
NVDA,2024-04-15,0.6255623168590964,0.6255447254830766,0.6353224113003502,0.6343810807650304,0.6289312260911605,0.14301736295824902
NVDA,2024-04-16,0.6362389541232418,0.6362242527277601,0.6171783215987781,0.6354151955382301,0.6094270930325886,0.11292841860688653
NVDA,2024-04-17,0.6107177654521732,0.6106961513415134,0.6219561773732628,0.6192219341558283,0.6233836873021632,0.16469537346849827
NVDA,2024-04-18,0.6155198747106866,0.6154996221763435,0.603157618801972,0.6073642990404026,0.5987199685058954,0.1447504271549574
NVDA,2024-04-19,0.5515584408139239,0.5515207051037202,0.5895877094577318,0.5553070373309206,0.5854000795679257,0.3220499792015724
NVDA,2024-04-22,0.5766115138545241,0.5765805658977974,0.5586737092786939,0.5613890581594977,0.5484702769484281,0.20651637109698034
NVDA,2024-04-23,0.5985461242878125,0.598521146852359,0.5782794794120003,0.5909872404858213,0.567974410007,0.14114550447373347
NVDA,2024-04-24,0.5778120411691525,0.5777814768233944,0.5878278673011866,0.5827067834019048,0.5912549432841486,0.1716591179146552
NVDA,2024-04-25,0.6001242256372232,0.6000997157697205,0.5823082690445665,0.5753532017236369,0.5540617033451288,0.13537911970448002
NVDA,2024-04-26,0.638655300991413,0.6386411140565021,0.6187273311252002,0.6149093921123849,0.5902889133848155,0.18773563955579198
NVDA,2024-04-29,0.6388212650635564,0.6388072974022831,0.6162620318918093,0.6293024931467296,0.6179313500031585,0.12060063538782025
NVDA,2024-04-30,0.6285902378707222,0.6285733650996679,0.62227614363061,0.6372229532256779,0.6153332147944498,0.1101343031532405
NVDA,2024-05-01,0.603212334592954,0.6031887437865817,0.6017758883228712,0.5985782682405805,0.5995030775364801,0.19140312324435582
NVDA,2024-05-02,0.6241729736737958,0.6241550431841166,0.6034993895918557,0.6134769429908308,0.5949069394442481,0.11601296628666034
NVDA,2024-05-03,0.6466134975356241,0.6466016651035358,0.6256358725561622,0.6428913281449751,0.6193511643653481,0.12448273233335157
NVDA,2024-05-06,0.6719157475106873,0.6719107432937651,0.6470088085057969,0.6583261997329823,0.6310682622357288,0.11531070862148686
NVDA,2024-05-07,0.6599404240700512,0.659932173973046,0.6438163031452949,0.6579891700694026,0.6435684691366943,0.140641287613252
NVDA,2024-05-08,0.6588682361491804,0.6588597036430613,0.6395475526902861,0.6611220790697809,0.6317489110116881,0.09439544522721662
NVDA,2024-05-09,0.6462964576843182,0.6462844531345606,0.6386603356933659,0.6520143886083769,0.6394041717034671,0.11606061208695236
NVDA,2024-05-10,0.6548361632532127,0.654826530646789,0.6410528976693644,0.6596436952654501,0.6377648076294586,0.09837449101855948
NVDA,2024-05-13,0.6587700772873182,0.6587615148701034,0.6381222131461125,0.6542970384488069,0.6390309036913844,0.07946325141570174
NVDA,2024-05-14,0.6659960929736172,0.6659894532062286,0.6428709407282777,0.657399324327334,0.6325978514538279,0.08229175470781938
NVDA,2024-05-15,0.690716833923997,0.6907169473087438,0.6662218751243637,0.6778131999465534,0.6536242591292148,0.13251788581911833
NVDA,2024-05-16,0.6886706746506798,0.6886701954217324,0.6731813492801817,0.696993793618396,0.6714670843099266,0.09366252852533348
NVDA,2024-05-17,0.6744754374787209,0.6744710846956677,0.6653346581274434,0.6793988231184357,0.6675077073859504,0.10846960032216847
NVDA,2024-05-20,0.6918495560283443,0.6918498636615178,0.6686798506979713,0.6919152644411675,0.6629774565419245,0.09151308146520366
NVDA,2024-05-21,0.6964251093246758,0.6964268203728162,0.6701343184344646,0.6899236511404682,0.6618723375448954,0.09573159919192724
NVDA,2024-05-22,0.6931330076724824,0.693133808637486,0.674643029711916,0.6904521921977622,0.6754849780441738,0.186756621937618
NVDA,2024-05-23,0.7599488389491132,0.7599676910534052,0.7495464259320515,0.7538079248435247,0.7235610046140024,0.3054224235222759
NVDA,2024-05-24,0.7801089726027043,0.7801333831672088,0.7506736037514142,0.7651447331231913,0.7412793698995859,0.13738977247680273
NVDA,2024-05-28,0.8362253725232229,0.836265035065824,0.8122253023994866,0.8178684568204422,0.7836908240598748,0.2298781427584184
NVDA,2024-05-29,0.843202211275059,0.8432436983832777,0.8162467683722696,0.8256663075298413,0.8042268742659858,0.19040007557038235
NVDA,2024-05-30,0.8105456639265013,0.8105782988838302,0.8186247939932437,0.8161832500614713,0.8159366575350826,0.16020133872269482
NVDA,2024-05-31,0.8039993161267478,0.804030133408377,0.7960665348041491,0.7953251054111208,0.8003479579561326,0.2135273470321224
NVDA,2024-06-03,0.8445235184238307,0.844565443731934,0.8126688831568112,0.8341075944445485,0.8084058009017808,0.14107631448548336
NVDA,2024-06-04,0.8553739101459816,0.8554186452499128,0.8243043476374019,0.8497492889871958,0.8237383219258416,0.12654724557556957
NVDA,2024-06-05,0.9007003371147019,0.9007575416533384,0.8668392759420063,0.8759694604561873,0.8431692531349235,0.1783684752183835
NVDA,2024-06-06,0.8898124361272891,0.8898665397626715,0.889659355968351,0.8824957503158954,0.8847170259772028,0.2348366204792422
NVDA,2024-06-07,0.888981750168143,0.8890357382788052,0.8613342695226814,0.8802131004754654,0.8534079639961925,0.1303017346385797
NVDA,2024-06-10,0.8957924517281499,0.8958482758729973,0.8715734671691471,0.8724611844488431,0.8577991815791735,0.08930484363062656
NVDA,2024-06-11,0.889222963597058,0.8892019216245862,0.8699008986250187,0.8857129313424367,0.8680452070417263,0.051651030557944747
NVDA,2024-06-12,0.9216178693937735,0.9216029490052948,0.8990622693427525,0.9150507002508808,0.8774862355064936,0.08357114802348647
NVDA,2024-06-13,0.9549189413326545,0.9549103786152459,0.9202970544373855,0.9502100765700224,0.9238131231464043,0.06745837414299706
NVDA,2024-06-14,0.9720604447310922,0.9720550372850113,0.9424044092093724,0.9590956909569331,0.9279847910175664,0.08760049120748543
NVDA,2024-06-17,0.9652642275181326,0.9652575391683673,0.948876638060522,0.9687472340365567,0.9501602052976859,0.07897618704332536
NVDA,2024-06-18,1.0,0.9999999999999999,0.967784330259037,0.9772498256360387,0.9366207108112463,0.08139191198039147
NVDA,2024-06-20,0.9637539313790029,0.9637470224463481,0.9999999999999999,0.9682876534445001,1.0,0.17396285450546972
NVDA,2024-06-21,0.9319630401661277,0.9319501671809356,0.9263329707087227,0.9283025055855466,0.9071998768578499,0.22851829018695385
NVDA,2024-06-24,0.8680792793017381,0.8680543417812028,0.881463625848217,0.8803509629648679,0.8788035896140577,0.1566829656734796
NVDA,2024-06-25,0.928338433304028,0.9283248463765628,0.8962988638668219,0.890155738535892,0.8638735950072152,0.13105022944560174
NVDA,2024-06-26,0.9306793576957418,0.9306662222049674,0.9080797473799264,0.9152804905469091,0.8999544013479219,0.10983057153416163
NVDA,2024-06-27,0.912480785495662,0.9124641903052848,0.8956443949971032,0.9177316844396651,0.8850976085905693,0.06408886314634636
NVDA,2024-06-28,0.9090827345957442,0.9090654988694822,0.9050981856140896,0.916429500468123,0.8886105714896239,0.09016768835834944
NVDA,2024-07-01,0.9148217098873759,0.9148055661336896,0.8842270313241476,0.886402360671594,0.8804868971324206,0.07747683585483195
NVDA,2024-07-02,0.9025131310515283,0.9024946301214085,0.873827878290144,0.9032543113791575,0.8633612937340875,0.04992036936681632
NVDA,2024-07-03,0.9448756912923776,0.9448652753085127,0.909243321569121,0.9057821215176136,0.8672402100439408,0.04883280218623791
NVDA,2024-07-05,0.9263750829470966,0.9263611861624418,0.9133885130064235,0.9388732682903558,0.9091026782513806,0.048181380518419456
NVDA,2024-07-08,0.9442715612954133,0.9442610455706973,0.9273510703831325,0.9492908569448368,0.909907731085817,0.057917944817048414
NVDA,2024-07-09,0.9682847043832681,0.9682786878574442,0.9495312178947828,0.9616233842132449,0.9308390489445134,0.0776761610245753
NVDA,2024-07-10,0.9949407503014759,0.9949397055964647,0.9588395894792554,0.9905015725296322,0.9577715225451106,0.06260020118957063
NVDA,2024-07-11,0.9382306075651424,0.9382189210601016,0.9664752815550575,0.949367473190537,0.9703595604981338,0.11472226227231523
NVDA,2024-07-12,0.9521250204297009,0.9521159169172586,0.9357140240683166,0.9506696571620792,0.915543045090221,0.06413394021653566
NVDA,2024-07-15,0.9460838358731822,0.9460737347841435,0.9318597816605838,0.9503632506203507,0.9323758969272453,0.04575745221747697
NVDA,2024-07-16,0.9303773215505406,0.9303641073360598,0.9147701325209822,0.930447292936574,0.9168604550344361,0.04842698426114207
NVDA,2024-07-17,0.8671731131595727,0.8671479971744798,0.8624832518745807,0.8702397808521154,0.8649713994029604,0.12106267535726063
NVDA,2024-07-18,0.8905820685439012,0.8905613521008918,0.8664829687970984,0.8690141546852013,0.8686307101643438,0.09243098816561184
NVDA,2024-07-19,0.8667201743548948,0.8666948536823779,0.8606652088156674,0.8752187848833276,0.8576527778801935,0.04944382850163487
NVDA,2024-07-22,0.9090827345957442,0.9090654988694822,0.878627483114894,0.8942921391876189,0.8576527778801935,0.06636641526256565
NVDA,2024-07-23,0.9019090010545641,0.9018904003835931,0.8831362498746165,0.9114504964369108,0.8754370304139831,0.031498845728699015
NVDA,2024-07-24,0.8389314640389017,0.8389009195905833,0.8486661135303856,0.8451150288410983,0.8490168022498625,0.09524722784304561
NVDA,2024-07-25,0.8240554048491585,0.8240220936263659,0.8245225039273082,0.7904227176256088,0.8041536724164959,0.1500565120622594
NVDA,2024-07-26,0.8299453982133909,0.8299131895137675,0.8213954676466865,0.830867446076619,0.8272073413805417,0.08100411659714524
NVDA,2024-07-29,0.8188450216649098,0.8188107129771172,0.8219772547412838,0.8287226587255915,0.8089107875736246,0.062257772894428506
NVDA,2024-07-30,0.7594921492179092,0.7594465529884803,0.7907796291924595,0.7616211455549216,0.7930293364333656,0.1611460927957893
NVDA,2024-07-31,0.859848361545792,0.8598218700653965,0.8369579117924024,0.825505419257978,0.8031290698702406,0.15548697322388888
NVDA,2024-08-01,0.8008730054270119,0.8008353104460048,0.8501933185242714,0.794329269540235,0.837014267419457,0.17632190165575373
NVDA,2024-08-02,0.7862235599060124,0.7861830562278382,0.7669996503940731,0.7526589733633829,0.7362368736190833,0.15915499551715168
NVDA,2024-08-05,0.7347239157670516,0.7346736523407239,0.7283844335770818,0.6708502968361769,0.6506089683007201,0.18849440928322486
NVDA,2024-08-06,0.7634187345186482,0.7633739310392416,0.7596547409010276,0.7463777853606286,0.73682232090505,0.12890388972027356
NVDA,2024-08-07,0.7230950048177496,0.7230425468116344,0.7675814374886704,0.7321302025961492,0.7658772572842986,0.12990996186678733
NVDA,2024-08-08,0.7688556736650787,0.7688118834345413,0.7435832469181067,0.7231679719635384,0.7233560841047513,0.12181829631876119
NVDA,2024-08-09,0.7671943594533485,0.7671502804668087,0.7515826252808709,0.7684385303954326,0.7499958619806907,0.0799455926391796
NVDA,2024-08-12,0.7994383048840253,0.7994002792243231,0.7840892440514037,0.7901163110838803,0.7549725268496382,0.0943286996756771
NVDA,2024-08-13,0.8532033355251187,0.8531755158169854,0.8216136794188638,0.830867446076619,0.7997625106701659,0.08897861490758373
NVDA,2024-08-14,0.8678528964592421,0.8678277700351519,0.8388486921087082,0.8499408003809101,0.8443328889422238,0.09999917137738622
NVDA,2024-08-15,0.9039478315945148,0.9039296613430902,0.8725915668435569,0.8759847720171129,0.8460161964605867,0.09123246841704909
NVDA,2024-08-16,0.916935905197222,0.916920312593524,0.8853906055133423,0.9044033213003714,0.8692894151364514,0.0848119689564824
NVDA,2024-08-19,0.9578639380147707,0.9578559265589466,0.9217514666916078,0.9215616785496634,0.8864149626981334,0.09133476187871949
NVDA,2024-08-20,0.9370979431673571,0.9370860047073276,0.9208788415319829,0.9404818588036264,0.9165676476364764,0.08377515491099764
NVDA,2024-08-21,0.9465370632106698,0.9465268782762454,0.91702459912425,0.9463800824600241,0.9086635788277428,0.06628964337739948
NVDA,2024-08-22,0.9105930307348737,0.9105760155915013,0.9272055958683476,0.9191104846569074,0.9284238904412041,0.11530494969432113
NVDA,2024-08-23,0.9531064936351998,0.9530976894017997,0.9188426421831634,0.935349680722086,0.8979783981049013,0.09336352005515312
NVDA,2024-08-26,0.9311324696201055,0.9311193656970693,0.9309143637612954,0.9288387024233035,0.9251305330906194,0.09698228073402705
NVDA,2024-08-27,0.9450268824846639,0.9450163615542263,0.9159337067101768,0.9250852661179331,0.8920503325391885,0.08503764432534376
NVDA,2024-08-28,0.9247138841484902,0.9246995831947091,0.9096069523738121,0.9155868970886376,0.9145184425439657,0.14509890439518008
NVDA,2024-08-29,0.8641526940009991,0.8641269061079222,0.8812454695583108,0.8701631646064152,0.8650446012524503,0.14713822750993932
NVDA,2024-08-30,0.877593937234632,0.8775707584729773,0.8617560457474697,0.8740697749621137,0.8516515104649907,0.09772261360830346
NVDA,2024-09-03,0.7917359792354622,0.7916965517459947,0.8214682049040789,0.7980060895999052,0.8258899872729777,0.15713630510547538
NVDA,2024-09-04,0.7782192558188101,0.7781772138806022,0.8000880007769321,0.7737239409683734,0.7483126102989789,0.11376420880626968
NVDA,2024-09-05,0.7857705056882107,0.7857299127357364,0.7737627727925214,0.7786263287538854,0.7452387468235621,0.08657726657286659
NVDA,2024-09-06,0.7526959897115115,0.7526491124943556,0.7628545144390416,0.7494417338957695,0.7675605648026614,0.13082049382593292
NVDA,2024-09-09,0.7801825484691796,0.7801409317172425,0.7512190499584509,0.770430143696132,0.7444336939891256,0.0729303907287073
NVDA,2024-09-10,0.7924910695984652,0.7924518101070043,0.7719447297336081,0.7800816867757556,0.7658772572842986,0.07059852240015511
NVDA,2024-09-11,0.8590177909997698,0.8589911262040495,0.8285949581072183,0.7990018670297186,0.7774406926910665,0.14233184346987376
NVDA,2024-09-12,0.8759341233935123,0.8758336123823879,0.8547747670591151,0.8599753662479624,0.8319644007010194,0.1111053245631916
NVDA,2024-09-13,0.8756319141286253,0.8755314975134803,0.8487388507877781,0.8769805494469264,0.848358153114406,0.058200090817038475
NVDA,2024-09-16,0.8581115094444804,0.8580092384744697,0.8357943930854789,0.8521622039776378,0.8315985031268717,0.06251472876695983
NVDA,2024-09-17,0.8491248088467882,0.8490215083976539,0.8403031598452014,0.8557624077916077,0.8416981807270957,0.05553507476661844
NVDA,2024-09-18,0.8323595522322083,0.8322545653421722,0.8323037260001661,0.8434298220821276,0.8250117325890514,0.08801418104741214
NVDA,2024-09-19,0.8663431773857319,0.8662417101902761,0.8465572324064448,0.874299565258142,0.8356969133118929,0.0810485722003742
NVDA,2024-09-20,0.8522211121343146,0.8521181425870682,0.838994166623493,0.8600519824936627,0.8335745063698923,0.11790404881581541
NVDA,2024-09-23,0.8541845779043699,0.8540818604237085,0.827140490370725,0.855992198087636,0.82984204959567,0.04488835138902009
NVDA,2024-09-24,0.8889988890170396,0.8888998067556786,0.8621196765521607,0.8599753662479624,0.8296224440472001,0.10651231084617284
NVDA,2024-09-25,0.9089359868087272,0.9088389271234313,0.8849542929335298,0.9076971185726127,0.869874862422418,0.07739703949712551
NVDA,2024-09-26,0.9129384562384191,0.9128418482970493,0.904807292066791,0.9091525350355552,0.9048579202040306,0.0848090687773342
NVDA,2024-09-27,0.8930014161532933,0.8929027279292966,0.8783365895675953,0.8896961579438353,0.884146207893804,0.07172772786707568
NVDA,2024-09-30,0.8933035100050565,0.8932048427982042,0.8599380026885564,0.8811935663443534,0.8427227832733509,0.05330931156376002
NVDA,2024-10-01,0.8597729967758966,0.8596708414422023,0.866773862344397,0.8631159894698758,0.8680452070417263,0.08460671913505056
NVDA,2024-10-02,0.8737440439547132,0.8736433227996967,0.8445209775753542,0.8581369854386636,0.8290369967612335,0.05135881679319734
NVDA,2024-10-03,0.9039516979341649,0.9038541182202334,0.880736419721106,0.8979689008062167,0.8618243899147046,0.07425867277858707
NVDA,2024-10-04,0.9195841170312736,0.9194882025454604,0.8856814990606409,0.9093823253315836,0.8912452797047521,0.060404144107416013
NVDA,2024-10-07,0.9407295325234517,0.9406357823888438,0.926405652483844,0.9332814511756865,0.8916111772788998,0.1029009249085615
NVDA,2024-10-08,0.9797729267345571,0.9796832216404828,0.9470585950016087,0.9675216078696427,0.9301802881357548,0.07782361441869638
NVDA,2024-10-09,0.9779605944502262,0.9778705324270368,0.9546217162668316,0.9825352362089794,0.9583570256677282,0.06144551557727651
NVDA,2024-10-10,0.9942726237273186,0.9941843896129358,0.9581123278698732,0.9796244032830945,0.9422560806523014,0.05983786341316284
NVDA,2024-10-11,0.9941971435442992,0.9941089041125984,0.9637846133365193,1.0,0.9576251188461307,0.029965272426256725
