Symbol,Date,Adj Close,Close,High,Low,Open,Volume
TSLA,2018-01-02,0.023709593459263538,0.023709593459263538,0.022456506126538267,0.022682767590435506,0.021849622543707915,0.04055838482651697
TSLA,2018-01-03,0.023160229788743686,0.023160229788743686,0.022977164786452016,0.023452908356331188,0.02335188940993407,0.04342891363455405
TSLA,2018-01-04,0.02271973735198205,0.02271973735198205,0.02186620017927879,0.02178229747086357,0.021994842995352117,0.13540791350365927
TSLA,2018-01-05,0.023048013831342716,0.023048013831342716,0.021648975219107573,0.02285202674287829,0.02262078712498179,0.044610696611046566
TSLA,2018-01-08,0.026369300449253168,0.026369300449253168,0.02492882590188926,0.02344444346166221,0.02251730042081099,0.1339344997209161
TSLA,2018-01-09,0.025913732796760756,0.025913732796760756,0.025223976503497766,0.025458662242574377,0.025715455054689276,0.0879382176745902
TSLA,2018-01-10,0.02609964288725889,0.02609964288725889,0.024925509816210174,0.02589873991301929,0.025221378869788178,0.039841176506493534
TSLA,2018-01-11,0.026627232311027094,0.026627232311027094,0.026220533782721295,0.026450531917056055,0.025728807561604897,0.0794419271506246
TSLA,2018-01-12,0.026337477655970228,0.026337477655970228,0.02549094274885528,0.026519931462537213,0.02629466063453954,0.04857653647046696
TSLA,2018-01-16,0.026980632552649833,0.026980632552649833,0.026252038968693846,0.02671119546702566,0.026112720788877376,0.07653918331166448
TSLA,2018-01-17,0.028169792020603497,0.028169792020603497,0.026915303544935675,0.027549040862421874,0.02660179217147247,0.08720744513102023
TSLA,2018-01-18,0.027735998614862728,0.027735998614862728,0.027462500378367033,0.028224397084063643,0.027469767203459335,0.06316994547860345
TSLA,2018-01-19,0.02864881107353661,0.02864881107353661,0.027178953704614095,0.028031438163594567,0.02735793279467891,0.049648110130643824
TSLA,2018-01-22,0.028906738143442856,0.028906738143442856,0.028379462113207576,0.029148566971661877,0.028092373206360096,0.07206468506924875
TSLA,2018-01-23,0.02911275011887126,0.02911275011887126,0.02882219038764157,0.029453235383105722,0.029861709313197596,0.05943300189153097
TSLA,2018-01-24,0.027957085806021915,0.027957085806021915,0.027868746966288625,0.02818715735866066,0.02895701011161805,0.05641665768036856
TSLA,2018-01-25,0.02657530763281389,0.02657530763281389,0.026948469145768997,0.026982013985027788,0.027903757107240124,0.0810492876408899
TSLA,2018-01-26,0.027447921113494915,0.027447921113494915,0.026086220452612156,0.026865224588728212,0.026773717636947917,0.04373241313640794
TSLA,2018-01-29,0.02856674075572952,0.02856674075572952,0.027222062818442222,0.02730022719646541,0.026498305467301673,0.047254024674679054
TSLA,2018-01-30,0.027945360105801564,0.027945360105801564,0.02679425930158534,0.02795865362876923,0.02738129968178125,0.04675553945934362
TSLA,2018-01-31,0.02936733246513476,0.02936733246513476,0.028107524111352665,0.028469825760675936,0.02777689874039226,0.07212741960315151
TSLA,2018-02-01,0.028519842746715804,0.028519842746715804,0.028682905301035025,0.029052087511427335,0.02835944244697144,0.03793879415409093
TSLA,2018-02-02,0.02759866368706737,0.02759866368706737,0.027404461762919337,0.02767768014273459,0.02793213357222318,0.029581536921477386
TSLA,2018-02-05,0.025819941570601003,0.025819941570601003,0.02616415558213437,0.026406527055581816,0.026184497676910935,0.04245568059508961
TSLA,2018-02-06,0.025960630805774473,0.025960630805774473,0.024796172986640892,0.024798540894289928,0.024054620005478016,0.05304086154522278
TSLA,2018-02-07,0.02780802038613852,0.02780802038613852,0.026417857484775528,0.02685675969405924,0.02635475169123457,0.0849303511031444
TSLA,2018-02-08,0.022821904762851723,0.022821904762851723,0.02685229317299058,0.023292109255940288,0.027075839596000132,0.14165254291889884
TSLA,2018-02-09,0.022016291176114686,0.022016291176114686,0.02226913068152129,0.019933957695667102,0.02317328769100081,0.1860601152823359
TSLA,2018-02-12,0.022905652234347873,0.022905652234347873,0.021788265049756575,0.021878776931098104,0.02253899585676152,0.07235970693138605
TSLA,2018-02-13,0.024233828575653628,0.024233828575653628,0.02280140275737553,0.022938351235080312,0.022353717884370444,0.04408508294861804
TSLA,2018-02-14,0.024007719507162635,0.024007719507162635,0.023129718959817358,0.02395561559356891,0.023325184396102826,0.03375084013409592
TSLA,2018-02-15,0.02597737838332663,0.02597737838332663,0.024447960270124545,0.024612351952509194,0.023936104567665057,0.06702048943787824
TSLA,2018-02-16,0.026215208360170286,0.026215208360170286,0.025940303194647442,0.026176328409709758,0.025271455546296482,0.06243747740709016
TSLA,2018-02-20,0.026094621009927085,0.026094621009927085,0.025562245707019315,0.026152633484300553,0.02560028251917994,0.03474611503682348
TSLA,2018-02-21,0.025848410056505823,0.025848410056505823,0.025371554176323252,0.026435297043698736,0.02586067550633347,0.021354835340499312
TSLA,2018-02-22,0.028003979023167945,0.028003979023167945,0.026656629885797117,0.026702735414973776,0.02577721756253611,0.0849405242708043
TSLA,2018-02-23,0.028988808461249946,0.028988808461249946,0.027908544738480118,0.028793114034821272,0.027830313543629474,0.06540126025200971
TSLA,2018-02-26,0.029888218066014424,0.029888218066014424,0.028573464985540267,0.02968343402897778,0.028776741717107698,0.040351530417432196
TSLA,2018-02-27,0.028811269763594043,0.028811269763594043,0.02873762308676118,0.02928566630402648,0.029235765183567925,0.04810687523016792
TSLA,2018-02-28,0.027483093422288288,0.027483093422288288,0.027949998181489924,0.02796711852343821,0.028621506885276784,0.06967907725300057
TSLA,2018-03-01,0.02545146611324748,0.02545146611324748,0.026860585759209528,0.02591058979703243,0.027359604245830723,0.0835128897425307
TSLA,2018-03-02,0.026153239927293473,0.026153239927293473,0.024630354470559203,0.02470883141274373,0.024350065711072417,0.05311546477472877
TSLA,2018-03-05,0.02585678624121574,0.02585678624121574,0.025049870145239593,0.025778565527375542,0.025253088685925424,0.0315992151740256
TSLA,2018-03-06,0.02499422130706601,0.02499422130706601,0.024821046001255266,0.02539603267578156,0.025480100405789897,0.03943085874421062
TSLA,2018-03-07,0.0256809246972489,0.0256809246972489,0.024179338353948726,0.024500637618917333,0.02409300607507307,0.051665788383192024
TSLA,2018-03-08,0.025144963880638457,0.025144963880638457,0.02431198652515463,0.025267393395468844,0.02533154182741679,0.027231535192038886
TSLA,2018-03-09,0.024821709278609598,0.024821709278609598,0.023514408618803655,0.024607272047184388,0.02386933725751222,0.06013495046006455
TSLA,2018-03-12,0.027893440219456035,0.027893440219456035,0.026618492528466396,0.025306323194235363,0.024622139753989757,0.10688404691322355
TSLA,2018-03-13,0.027278758600548937,0.027278758600548937,0.026618492528466396,0.025306323194235363,0.024622139753989757,0.06791742371989336
TSLA,2018-03-14,0.02473126756796027,0.02473126756796027,0.02539145069039777,0.024871320586498172,0.025982524295300614,0.1018551110333429
TSLA,2018-03-15,0.02455875553950386,0.02455875553950386,0.024237372225353965,0.024392313117286735,0.024750669571989427,0.07807363610036712
TSLA,2018-03-16,0.023846928387058895,0.023846928387058895,0.02333367483322977,0.02404871006445928,0.023674044904934435,0.07048614855401986
TSLA,2018-03-19,0.022542198654326155,0.022542198654326155,0.022230993324190568,0.022457648849888247,0.022600758364608352,0.09366401553917449
TSLA,2018-03-20,0.022038060630998647,0.022038060630998647,0.021484817117886655,0.022303619728185696,0.02232867954611629,0.04754565548092972
TSLA,2018-03-21,0.023039637646632798,0.023039637646632798,0.02251122391226442,0.02254566341545381,0.021557514964842425,0.06779195465208784
TSLA,2018-03-22,0.021795203984955498,0.021795203984955498,0.02191096970796768,0.02220545019458762,0.022165101785250472,0.050521307021452494
TSLA,2018-03-23,0.020528996076526557,0.020528996076526557,0.020655738769605594,0.020897057382031854,0.02172443562801187,0.07960130677729647
TSLA,2018-03-26,0.020971165666977244,0.020971165666977244,0.020048852393950684,0.01935846592360404,0.021071781708976233,0.10876947398619298
TSLA,2018-03-27,0.016783964599406627,0.016783964599406627,0.01949833947484024,0.016958334144370805,0.02051427634065121,0.20196925397448706
TSLA,2018-03-28,0.013199724242390444,0.013199724242390444,0.01359694041710622,0.012713252421902368,0.013934351000505944,0.32285022316538786
TSLA,2018-03-29,0.014598249993150625,0.014598249993150625,0.013974997904734346,0.012054821146981462,0.012583980839381805,0.22398907537435558
TSLA,2018-04-02,0.012312040337846317,0.012312040337846317,0.012212372649174852,0.011442094492132508,0.012545589994212025,0.2399829904636726
TSLA,2018-04-03,0.014832730454483849,0.014832730454483849,0.014371300979661134,0.013117785282924926,0.014809007061525336,0.28627768542802245
TSLA,2018-04-04,0.01808367245480757,0.01808367245480757,0.01686186159826833,0.01269632263256442,0.011964712963209941,0.3041197259755559
TSLA,2018-04-05,0.02122909273688349,0.02122909273688349,0.01982831609214284,0.018823598866288135,0.018067252752098643,0.2909692112471829
TSLA,2018-04-06,0.020153821588152175,0.020153821588152175,0.020329082982024536,0.02005921198663565,0.020013523902292305,0.19600608219783827
TSLA,2018-04-09,0.01853924010729998,0.01853924010729998,0.020365559924494486,0.01899455293471155,0.019908365746969695,0.14055384081162886
TSLA,2018-04-10,0.02105825786211614,0.02105825786211614,0.019967601178749385,0.01975115374323054,0.019674677773647408,0.15310074759218079
TSLA,2018-04-11,0.020426828665656885,0.020426828665656885,0.020279336952795782,0.020763338196394338,0.01997012347924181,0.09364027814796803
TSLA,2018-04-12,0.01927953574564977,0.01927953574564977,0.0194452773599324,0.01975115374323054,0.020233854593124243,0.0957749478286052
TSLA,2018-04-13,0.02032801077029764,0.02032801077029764,0.0194452773599324,0.02014045657351287,0.020447509030498374,0.0910003411402222
TSLA,2018-04-16,0.018798844330895285,0.018798844330895285,0.018733927169322588,0.018960698198652738,0.01967968257595341,0.07423665636463889
TSLA,2018-04-17,0.018209286474250255,0.018209286474250255,0.0174919653177193,0.017860499179923377,0.017988799610607276,0.08545257370968629
TSLA,2018-04-18,0.01915727124171751,0.01915727124171751,0.018830103142101005,0.018816828887599793,0.018357688879812328,0.07795325361639155
TSLA,2018-04-19,0.020284462276794354,0.020284462276794354,0.018957779556809516,0.01888284344373678,0.018357688879812328,0.070033442593154
TSLA,2018-04-20,0.018636380848970166,0.018636380848970166,0.018786989284230428,0.019085957332238376,0.019040385939408117,0.06218823479942244
TSLA,2018-04-23,0.01748573841345262,0.01748573841345262,0.017400765845480747,0.01783003427582583,0.018392741598253198,0.04973458205575303
TSLA,2018-04-24,0.017500813629183404,0.017500813629183404,0.016649617882679435,0.017174987990249094,0.01734282672060417,0.06316146783888686
TSLA,2018-04-25,0.017036874583848755,0.017036874583848755,0.016329594266456547,0.016970184028383954,0.017092448113637356,0.034817327210442825
TSLA,2018-04-26,0.01783913865507536,0.01783913865507536,0.016434058081411455,0.01684323482143478,0.01629958332083824,0.04062281488836306
TSLA,2018-04-27,0.01927953574564977,0.01927953574564977,0.017873338891026512,0.018083927847107092,0.01740458922845101,0.04076863029148839
TSLA,2018-04-30,0.01924938531418821,0.01924938531418821,0.018579717325138932,0.01955142484407312,0.018779992952254587,0.03845593017680288
TSLA,2018-05-01,0.020257666152710907,0.020257666152710907,0.018926274370836965,0.01967329414569749,0.018763302318610054,0.045193958223547895
TSLA,2018-05-02,0.02046367812813931,0.02046367812813931,0.01992614773573958,0.020445124984956715,0.019607910463494572,0.11886125630482065
TSLA,2018-05-03,0.01766662662661895,0.01766662662661895,0.016807143812542176,0.016628275891537127,0.01630626434987077,0.2609753219298906
TSLA,2018-05-04,0.01928121289933883,0.01928121289933883,0.0182696419659533,0.017354406953341478,0.017008990169839994,0.11206218925211618
TSLA,2018-05-07,0.02073500805195496,0.02073500805195496,0.019778570062914093,0.020003352398531175,0.019429303968986598,0.11390692365444598
TSLA,2018-05-08,0.020601013055934668,0.020601013055934668,0.02007538107938337,0.020651623862802483,0.019980137859428527,0.06731042471618558
TSLA,2018-05-09,0.021418357134759744,0.021418357134759744,0.019952676421172266,0.02082934790991424,0.019915037224852782,0.06387528510302368
TSLA,2018-05-10,0.02111185490215072,0.02111185490215072,0.02094425719985593,0.021516554015569157,0.021098491498382197,0.06259007492198876
TSLA,2018-05-11,0.020448602912408527,0.020448602912408527,0.020262751780357892,0.020665168662796253,0.021131872765671255,0.046109543312939524
TSLA,2018-05-14,0.018926135504027032,0.018926135504027032,0.01960943546115332,0.01940247562769537,0.020400770480718974,0.0903153478511218
TSLA,2018-05-15,0.017621405771294292,0.017621405771294292,0.016628060953744146,0.017520285959057177,0.017344498171755988,0.1281663136577489
TSLA,2018-05-16,0.018006628806199965,0.018006628806199965,0.016934820227250687,0.017699700079532484,0.017147534368026383,0.06296987318129195
TSLA,2018-05-17,0.017681701842349733,0.017681701842349733,0.016997830599195782,0.018107622772516298,0.017493051974554374,0.04171812593974636
TSLA,2018-05-18,0.016388693017969656,0.016388693017969656,0.016245026965576163,0.01642008209771073,0.01728440711506096,0.08972360859890388
TSLA,2018-05-21,0.017673325657639814,0.017673325657639814,0.01737920891654545,0.017655690375441152,0.016730235097890126,0.12245916660054108
TSLA,2018-05-22,0.016085540300871067,0.016085540300871067,0.016800511641184006,0.016321912564112646,0.01780352163821621,0.11844415643076446
TSLA,2018-05-23,0.016765544660033098,0.016765544660033098,0.015459057731123216,0.01642008209771073,0.016134334108820602,0.0682446606129537
TSLA,2018-05-24,0.016561205046426067,0.016561205046426067,0.01565803710399577,0.01657072623006911,0.01624116371529503,0.037582733285994194
TSLA,2018-05-25,0.016728695197550672,0.016728695197550672,0.015414288202434324,0.016692595531693485,0.016112638672870074,0.032469021008947635
TSLA,2018-05-29,0.017551061153707553,0.017551061153707553,0.016551786239082704,0.01678399508660322,0.01625952580009137,0.06284440411348644
TSLA,2018-05-30,0.0188842641642128,0.0188842641642128,0.01796288269244676,0.017706470058220826,0.017057395395196486,0.09375557404811365
TSLA,2018-05-31,0.017713524635632673,0.017713524635632673,0.01719349388638925,0.017931588798768085,0.01771171598980922,0.06713578533802385
TSLA,2018-06-01,0.018901011741764957,0.018901011741764957,0.017455483631206893,0.018085617920470635,0.01748637572109656,0.058737835434770666
TSLA,2018-06-04,0.01972505485161089,0.01972505485161089,0.018624486853827824,0.019729148891184878,0.018901846516796442,0.04811365734194119
TSLA,2018-06-05,0.018785446268853555,0.018785446268853555,0.01842550748095527,0.018576475273695214,0.019462690011850376,0.0684159089352288
TSLA,2018-06-06,0.02353707663893944,0.02353707663893944,0.022466454383575522,0.020394350144794134,0.019930061182920223,0.2849704333837244
TSLA,2018-06-07,0.022965943513535633,0.022965943513535633,0.023764794435765735,0.023119460271536246,0.022542338759065143,0.20999418773021028
TSLA,2018-06-08,0.023228902044509045,0.023228902044509045,0.022849488371743505,0.023723726874333308,0.023018052859169896,0.10588707648255268
TSLA,2018-06-11,0.025647424750276905,0.025647424750276905,0.024537499327502328,0.02462927689923005,0.023603939468052695,0.19029554408474386
TSLA,2018-06-12,0.02743452305145319,0.02743452305145319,0.027905228652801033,0.027252832503029914,0.0273078561181706,0.3456720292824458
TSLA,2018-06-13,0.027771170923656094,0.027771170923656094,0.026616836857648082,0.027557505757090844,0.027643364120086594,0.12732872285374985
TSLA,2018-06-14,0.029938465590538574,0.029938465590538574,0.02853201628657292,0.02870848445859988,0.027796927500765695,0.15295154113316878
TSLA,2018-06-15,0.030013836877324798,0.030013836877324798,0.029513644064176864,0.029495555013833503,0.028833489871499095,0.15070157555238606
TSLA,2018-06-18,0.032134233535193554,0.032134233535193554,0.03101593998977948,0.03004565210188964,0.029093882858652626,0.17147009733008606
TSLA,2018-06-19,0.029072551140878408,0.029072551140878408,0.030397449686269,0.028649239881151235,0.03072300809172664,0.1831471982757159
TSLA,2018-06-20,0.03069216408279777,0.03069216408279777,0.029465558449808887,0.029622499378165593,0.02953454901589123,0.10891359386137499
TSLA,2018-06-21,0.028228415729837565,0.028228415729837565,0.029769001637636343,0.02865262971311249,0.03019554586396177,0.10185002444951295
TSLA,2018-06-22,0.02590368425022946,0.02590368425022946,0.02745420779214809,0.026237263060521945,0.02844958141980133,0.14083021186638967
TSLA,2018-06-25,0.025799839685670727,0.025799839685670727,0.02516925871777162,0.025475582346678148,0.02487418503653366,0.08428774601262694
TSLA,2018-06-26,0.027305554724632385,0.027305554724632385,0.026011606152811485,0.025187838881955166,0.025864013633062382,0.09312483765319944
TSLA,2018-06-27,0.027724277706510057,0.027724277706510057,0.02721211456140496,0.027506726074311177,0.02735793279467891,0.1080658298897161
TSLA,2018-06-28,0.028633735857805827,0.028633735857805827,0.02824514878309843,0.02862554495574203,0.02796885296624114,0.10915605435726945
TSLA,2018-06-29,0.02746466869104707,0.02746466869104707,0.027721174037505597,0.027999278343516384,0.02874836047654992,0.07684607386940501
TSLA,2018-07-02,0.026144863742583548,0.026144863742583548,0.029531884907433067,0.02587335007162945,0.02987339514453612,0.28484326878797556
TSLA,2018-07-03,0.02208998530921185,0.02208998530921185,0.024177677939087948,0.022461033839232425,0.025146263855025722,0.17502053284339358
TSLA,2018-07-05,0.021805252531486796,0.021805252531486796,0.0211764021735618,0.02018107644564293,0.022143401573725224,0.26308286316343465
TSLA,2018-07-06,0.021761704037983505,0.021761704037983505,0.020791707770533047,0.02115941100536501,0.020672849299211035,0.11708264749228027
TSLA,2018-07-09,0.023371263641503895,0.023371263641503895,0.021861223678738925,0.02217498044787298,0.021847955868130823,0.09557148447540705
TSLA,2018-07-10,0.02403451563124609,0.02403451563124609,0.023380100032736974,0.02407071491650494,0.023946118947851775,0.12735754682878625
TSLA,2018-07-11,0.02344663492829012,0.02344663492829012,0.0224283170262448,0.023371663769453967,0.022483914377947212,0.04957689795702447
TSLA,2018-07-12,0.023069788078094358,0.023069788078094358,0.022642221156694474,0.022982360939171637,0.023423666297967622,0.06377016237053797
TSLA,2018-07-13,0.023431559712559336,0.023431559712559336,0.02203698570781542,0.022386559231043546,0.022447194983929244,0.06628971689430825
TSLA,2018-07-16,0.021962689344212423,0.021962689344212423,0.02130408333231277,0.021878776931098104,0.021801217318351423,0.09933386098162929
TSLA,2018-07-17,0.02407136509372851,0.02407136509372851,0.022892597485571632,0.022259614866711457,0.021317155513637043,0.0853881436478402
TSLA,2018-07-18,0.024265651368936568,0.024265651368936568,0.02301862297350428,0.0235713878259943,0.024019567287037146,0.062125500265519676
TSLA,2018-07-19,0.02365934593473939,0.02365934593473939,0.022693618112699078,0.023192244806361575,0.022572381899625297,0.06706118210851786
TSLA,2018-07-20,0.02254554816983658,0.02254554816983658,0.022643876827512788,0.022802941976079252,0.023390280255103844,0.05429216116739134
TSLA,2018-07-23,0.02080702503136307,0.02080702503136307,0.01970229534825265,0.019612359494885302,0.020153734776055785,0.1531533089584236
TSLA,2018-07-24,0.019840620324522287,0.019840620324522287,0.020070409322885972,0.019559884896125007,0.02058438177753295,0.12938031166516445
TSLA,2018-07-25,0.021734907913900058,0.021734907913900058,0.020385456438569004,0.019889947991575778,0.019302450377713453,0.08673100177894792
TSLA,2018-07-26,0.021384857187787744,0.021384857187787744,0.020564539297367034,0.02143699950205548,0.020656158665566502,0.04527703909277048
TSLA,2018-07-27,0.019798748984708056,0.019798748984708056,0.020065432822346116,0.02003212722926518,0.021056762526483513,0.06346666286868408
TSLA,2018-07-30,0.018624659940617495,0.018624659940617495,0.01814362122206311,0.01847322583477233,0.019162239503949973,0.08230058726305844
TSLA,2018-07-31,0.019959535312944122,0.019959535312944122,0.01851173519669643,0.018970858009302344,0.018552986007964834,0.05284587583174123
TSLA,2018-08-01,0.0204117534499261,0.0204117534499261,0.019287756174112117,0.019636054420294508,0.019511095237206868,0.1385124251678742
TSLA,2018-08-02,0.02856841790941858,0.02856841790941858,0.027079461646156593,0.02474099123282191,0.024593763289006695,0.3603824297186712
TSLA,2018-08-03,0.028338954533549475,0.028338954533549475,0.02791020515334089,0.02801958827958142,0.02782697064132585,0.19831539125663716
TSLA,2018-08-06,0.027303882362811012,0.027303882362811012,0.027906884323619346,0.02789941389393768,0.02743471448501846,0.111975717327007
TSLA,2018-08-07,0.03359807723434098,0.03359807723434098,0.033292601221979475,0.027447486339479618,0.027164307117678217,0.4902734344003629
TSLA,2018-08-08,0.032052163217386465,0.032052163217386465,0.03249336290076773,0.0321817353418091,0.03137900013749119,0.38337717968594753
TSLA,2018-08-09,0.029055808355193932,0.029055808355193932,0.02990165455288471,0.028561230158202756,0.030788108726302384,0.2581217484012867
TSLA,2018-08-10,0.029564968255853245,0.029564968255853245,0.02873928350162195,0.028606929935657624,0.028860199660905066,0.16263300568951355
TSLA,2018-08-13,0.029719060344936127,0.029719060344936127,0.029268239491797104,0.029118097224947237,0.030050325412317568,0.14418396613827233
TSLA,2018-08-14,0.028250189976589207,0.028250189976589207,0.02860663058637359,0.028793114034821272,0.029602987777195878,0.08522198190939506
TSLA,2018-08-15,0.026751169176780734,0.026751169176780734,0.026167471667813455,0.026260962828548236,0.026842156398252565,0.12108070238262368
TSLA,2018-08-16,0.026208509329149428,0.026208509329149428,0.025801018108040905,0.026545321303927047,0.02650831984748839,0.06958243216023147
TSLA,2018-08-17,0.02119224806626875,0.02119224806626875,0.023229206274232403,0.021418379639353988,0.023769188680070334,0.2882139783392914
TSLA,2018-08-20,0.02168466518124359,0.02168466518124359,0.020199746152455254,0.018823598866288135,0.018461180359557846,0.2618264769574361
TSLA,2018-08-21,0.023939047251397276,0.023939047251397276,0.022900890071790574,0.02234424444293285,0.021617606021537446,0.19010394942714892
TSLA,2018-08-22,0.023895503549761672,0.023895503549761672,0.022749996313286003,0.023303959139953437,0.023330189198408822,0.06758170918711642
TSLA,2018-08-23,0.02363757168798774,0.02363757168798774,0.023320405746470964,0.023884525974724208,0.023041419746272235,0.054039527503836976
TSLA,2018-08-24,0.024093139340480157,0.024093139340480157,0.022745024556788604,0.02410456480994666,0.023301812733425766,0.027848707363406576
TSLA,2018-08-27,0.02349855481463564,0.02349855481463564,0.02251122391226442,0.022312084622854673,0.022851136971575165,0.1885288039678067
TSLA,2018-08-28,0.022257470668468775,0.022257470668468775,0.021920917965004942,0.02271492741051369,0.022919570957305093,0.09645824558976228
TSLA,2018-08-29,0.02111017774846166,0.02111017774846166,0.020755230828063097,0.02144546439672445,0.02156085786714605,0.09303836572809022
TSLA,2018-08-30,0.020798648846653153,0.020798648846653153,0.01955306200460885,0.020434970016924195,0.020223840212937525,0.089126782762856
TSLA,2018-08-31,0.020549093169589146,0.020549093169589146,0.0196707901622801,0.02058392407591904,0.020180439789887036,0.057901940158714985
TSLA,2018-09-04,0.018420320327010464,0.018420320327010464,0.018490178267761143,0.018789748972846416,0.01933583164500251,0.10835067858419346
TSLA,2018-09-05,0.017045245976690993,0.017045245976690993,0.016598216182632367,0.016958334144370805,0.017351169649639075,0.09767393912512114
TSLA,2018-09-06,0.01708041828548436,0.01708041828548436,0.017326146801637618,0.017246077609093795,0.01730944545331511,0.09360467206115837
TSLA,2018-09-07,0.014114209062885706,0.014114209062885706,0.013542217887337608,0.012738642263292209,0.013186558081909137,0.34812206716054
TSLA,2018-09-10,0.017842488170585792,0.017842488170585792,0.01647385110956049,0.01591229979776529,0.015383203063494885,0.2089463514612399
TSLA,2018-09-11,0.016827513092909918,0.016827513092909918,0.015805610032778798,0.016343917416158316,0.016419765434228285,0.12224553007968304
TSLA,2018-09-12,0.018686628373494316,0.018686628373494316,0.017546683103445454,0.01720715265294436,0.016748597182686464,0.1365795233124919
TSLA,2018-09-13,0.018505740160327987,0.018505740160327987,0.017961227021628445,0.018312426734381437,0.017846917285691984,0.0742671758676186
TSLA,2018-09-14,0.019467122989836966,0.019467122989836966,0.01834757709547552,0.018539240390909324,0.017970442301385652,0.0814782562105493
TSLA,2018-09-17,0.019406826918781518,0.019406826918781518,0.018934566957055907,0.01881175382489208,0.018184096738759783,0.08354680030139705
TSLA,2018-09-18,0.01775204645993647,0.01775204645993647,0.019228061887846107,0.016673975668991994,0.019294102673103834,0.2473331040979554
TSLA,2018-09-19,0.02010692837100614,0.02010692837100614,0.018790305369909513,0.017520285959057177,0.01659336235085555,0.10740796504770876
TSLA,2018-09-20,0.019991358106227056,0.019991358106227056,0.019781886148593178,0.019691909165781896,0.02044083277704056,0.09137674834363875
TSLA,2018-09-21,0.020120326433047862,0.020120326433047862,0.01888648134268793,0.020037207134589986,0.019462690011850376,0.05239825645470533
TSLA,2018-09-24,0.02021746717471805,0.02021746717471805,0.019287756174112117,0.019734228796509677,0.019592886505427138,0.04888003597232085
TSLA,2018-09-25,0.020436877212188176,0.020436877212188176,0.01955306200460885,0.020228471139078434,0.019846603239122854,0.04275409351311356
TSLA,2018-09-26,0.021875597149073528,0.021875597149073528,0.02109349528754219,0.02100876687300663,0.020165415831819595,0.09974926532774216
TSLA,2018-09-27,0.021530573092160707,0.021530573092160707,0.021270917731479447,0.021990486422072873,0.021999852573232833,0.11103978590229553
TSLA,2018-09-28,0.014370463770970572,0.014370463770970572,0.015142345456536963,0.014145204609446044,0.014882445849561266,0.5373056840200561
TSLA,2018-10-01,0.022063184393260722,0.022063184393260722,0.020687243955578145,0.02099861190497411,0.02080972204624561,0.33601091106142084
TSLA,2018-10-02,0.02044190388138767,0.02044190388138767,0.02158265350552585,0.020677013704192317,0.02217511616543719,0.1658799417009672
TSLA,2018-10-03,0.01940012788776066,0.01940012788776066,0.01955306200460885,0.019394010733026393,0.020402441931870786,0.10232307674569861
TSLA,2018-10-04,0.017227811343546375,0.017227811343546375,0.017795408505546756,0.017041273647228655,0.018836745882220705,0.13316812109053644
TSLA,2018-10-05,0.013898148540926004,0.013898148540926004,0.014624998138259834,0.014050415222575045,0.01561521958566536,0.27101962946610536
TSLA,2018-10-08,0.011990462889506517,0.011990462889506517,0.013444390987783342,0.012188540332618979,0.013924336620319226,0.19519901089681901
TSLA,2018-10-09,0.014040514929788535,0.014040514929788535,0.013280228142519966,0.012916366310403965,0.012377002655465482,0.17125646080922802
TSLA,2018-10-10,0.013048986460685676,0.013048986460685676,0.013071300512610157,0.011980346538792583,0.013939360578386666,0.18405261019744762
TSLA,2018-10-11,0.012270164206164405,0.012270164206164405,0.012530740594579426,0.012193615395326693,0.012757577756009063,0.1052512535038085
TSLA,2018-10-12,0.01336721439351505,0.01336721439351505,0.012487626736708848,0.012698017548545049,0.013336783335859335,0.08886736698752838
TSLA,2018-10-15,0.013502876959489034,0.013502876959489034,0.012701530867158514,0.013126250177593904,0.013012961165281871,0.0718883501631437
TSLA,2018-10-16,0.016350171193665858,0.016350171193665858,0.015039542056442826,0.014429567927441947,0.01412130042404883,0.12828839166966777
TSLA,2018-10-17,0.01554455760692882,0.01554455760692882,0.015921682519631733,0.015032134771641295,0.0169088415923981,0.11352203881131283
TSLA,2018-10-18,0.014226425020286669,0.014226425020286669,0.01398163482013498,0.01455820236513758,0.014720539539847251,0.058683578540584494
TSLA,2018-10-19,0.013571544423386712,0.013571544423386712,0.013759438103466366,0.012950216203845684,0.014403393622727603,0.12572984000320114
TSLA,2018-10-22,0.013730663181669087,0.013730663181669087,0.01246606980777356,0.012796187082143133,0.01328337330819684,0.06172026908706672
TSLA,2018-10-23,0.019289584292181063,0.019289584292181063,0.018447064409890565,0.01440586815941565,0.013815840338267712,0.28938728367606736
TSLA,2018-10-24,0.018344953832091927,0.018344953832091927,0.0195265285751337,0.018405526047888886,0.02002186683132721,0.3068596991319575
TSLA,2018-10-25,0.02275993632997491,0.02275993632997491,0.022272446767200374,0.020991841926285768,0.022720940477998403,0.32012550976047616
TSLA,2018-10-26,0.025446439444047987,0.025446439444047987,0.025406375447974888,0.02194647671798155,0.021223678414078243,0.43177263377206815
TSLA,2018-10-29,0.02610801907196881,0.02610801907196881,0.026610199942247448,0.025306323194235363,0.026101034957538845,0.21237979554645847
TSLA,2018-10-30,0.02527895408479107,0.02527895408479107,0.025074743159853974,0.024588652184482897,0.02458542035997179,0.12151136648022641
TSLA,2018-10-31,0.02652171538464699,0.02652171538464699,0.025754588164491235,0.02574640570729736,0.025278127024179576,0.09603775465981944
TSLA,2018-11-01,0.02768742824402763,0.02768742824402763,0.026722956343421297,0.026699345583012513,0.026232902902267426,0.10240954867080783
TSLA,2018-11-02,0.028044178001160804,0.028044178001160804,0.026948469145768997,0.02774538477223512,0.027147616484033684,0.09915243949169429
TSLA,2018-11-05,0.027205064467451773,0.027205064467451773,0.026079593025296444,0.025922434838428494,0.026606801749353193,0.09954241091865738
TSLA,2018-11-06,0.027148117911906758,0.027148117911906758,0.02688213794410236,0.026929544228884578,0.02636810897372491,0.08143247695607972
TSLA,2018-11-07,0.028337282171728102,0.028337282171728102,0.027276785348210833,0.02772676490953363,0.027080849173880848,0.09180232585741153
TSLA,2018-11-08,0.02887994201935941,0.02887994201935941,0.028338008670197763,0.02901992769134916,0.027942147952409898,0.08699041755427554
TSLA,2018-11-09,0.028730876599476013,0.028730876599476013,0.0277443866372592,0.02847659573936428,0.02802560589620726,0.05321719645132783
TSLA,2018-11-12,0.025510085030613867,0.025510085030613867,0.027044640374504957,0.0259562895744873,0.02792044774088465,0.08446068986284536
TSLA,2018-11-13,0.026757872999669273,0.026757872999669273,0.02620229293946509,0.02627111779658075,0.025381618503925094,0.05914815319705358
TSLA,2018-11-14,0.027640530235013915,0.027640530235013915,0.026601912100070964,0.027108963191976962,0.026974019567406426,0.052225312604486915
TSLA,2018-11-15,0.02838418018074182,0.02838418018074182,0.02684566100163241,0.027428866476778127,0.026912261835134312,0.04519565375149122
TSLA,2018-11-16,0.02936733246513476,0.02936733246513476,0.028026272896151366,0.028457975876662787,0.02738964738639087,0.08894875232880763
TSLA,2018-11-19,0.029226643229961283,0.029226643229961283,0.02985854543905659,0.029771448594543344,0.02925078914163536,0.13138273016622276
TSLA,2018-11-20,0.028225066214327132,0.028225066214327132,0.02704795646018404,0.02649962152647218,0.0268154466088466,0.10248754295620045
TSLA,2018-11-21,0.026667426497152272,0.026667426497152272,0.0275951532936154,0.02715127798008766,0.028526363110140885,0.046231621324858405
TSLA,2018-11-23,0.024597277363807665,0.024597277363807665,0.025008416702229787,0.02514552409384447,0.02558025375880651,0.038021875023313514
TSLA,2018-11-26,0.027975510537263125,0.027975510537263125,0.026454334427245478,0.02505243446557119,0.024019567287037146,0.10227390643534241
TSLA,2018-11-27,0.02762713217297219,0.02762713217297219,0.02657703908545659,0.026829679779305865,0.02653168673459073,0.07457237089741581
TSLA,2018-11-28,0.028288711800893006,0.028288711800893006,0.026795914972403655,0.02796542360745758,0.027523182006696543,0.036750229065825146
TSLA,2018-11-29,0.027166542643147974,0.027166542643147974,0.026666582886876837,0.027515190968980148,0.027691769345443085,0.01899974702723086
TSLA,2018-11-30,0.028725854722144208,0.028725854722144208,0.027346427891514098,0.02729684220712124,0.026828803891336944,0.062208581134742244
TSLA,2018-12-03,0.030067429125491693,0.030067429125491693,0.029734180365984707,0.029622499378165593,0.029861709313197596,0.10760464628913365
TSLA,2018-12-04,0.030270091585409664,0.030270091585409664,0.03017856905527947,0.029622499378165593,0.029202383916278867,0.11023949671304954
TSLA,2018-12-06,0.03083285331797124,0.03083285331797124,0.02996300925401149,0.029412615510975654,0.029195702887246332,0.09973739663213894
TSLA,2018-12-07,0.029980341722220485,0.029980341722220485,0.0319710438259932,0.030578824243224917,0.03136397617942374,0.16194123028863988
TSLA,2018-12-10,0.031182899252215866,0.031182899252215866,0.02973086428030562,0.029812068466673412,0.029861709313197596,0.0788993582087629
TSLA,2018-12-11,0.03145255681421015,0.03145255681421015,0.030757266330640923,0.031015521766942743,0.03151587288452576,0.07373308456547349
TSLA,2018-12-12,0.031425760690126696,0.031425760690126696,0.030714157216812803,0.031849982172994784,0.031434081616305495,0.051999807388025635
TSLA,2018-12-13,0.03313246103531728,0.03313246103531728,0.03163111895165333,0.03211911061763337,0.03155593040527263,0.09165651045428619
TSLA,2018-12-14,0.03127669527024331,0.03127669527024331,0.031702421909817376,0.031709497851286,0.03236548583171628,0.07422139661314903
TSLA,2018-12-17,0.028380830665231387,0.028380830665231387,0.029684434336755952,0.02824809200947285,0.03019554586396177,0.09688043204764842
TSLA,2018-12-18,0.02647314022194422,0.02647314022194422,0.027338135305295157,0.026523316451881385,0.028282660756631887,0.0871481016530041
TSLA,2018-12-19,0.025793140654649868,0.025793140654649868,0.02658533167167553,0.02585473505154505,0.026122735169064094,0.10705699076344198
TSLA,2018-12-20,0.022847028525113798,0.022847028525113798,0.02381288005013371,0.02283002189083263,0.024361746766836227,0.12058221716728824
TSLA,2018-12-21,0.023582302286131784,0.023582302286131784,0.02268201418484351,0.022926501351067163,0.02275098361855855,0.1026927018373419
TSLA,2018-12-24,0.0194989457831199,0.0194989457831199,0.021194643016818004,0.020008432303855975,0.022100001150674727,0.06103527579796632
TSLA,2018-12-26,0.02464082106544327,0.02464082106544327,0.023262371875065725,0.019820553288711698,0.019846603239122854,0.10517325921841587
TSLA,2018-12-27,0.02297264254455649,0.02297264254455649,0.022466454383575522,0.021074781429143617,0.023158263732933376,0.11215883434488531
TSLA,2018-12-28,0.025943878436354637,0.025943878436354637,0.024799489072319977,0.023936995730867425,0.023702421369917497,0.13528413996379707
TSLA,2018-12-31,0.02576466737687736,0.02576466737687736,0.025291963375982725,0.02509643932704543,0.02615444976077606,0.07362287524915784
TSLA,2019-01-02,0.021966043651590536,0.021966043651590536,0.021299106831772913,0.020617773969360757,0.020864808300634637,0.1644404384770904
TSLA,2019-01-03,0.02033136028580807,0.02033136028580807,0.020348979496099054,0.020377420355456186,0.021015033554584835,0.08486252998541167
TSLA,2019-01-04,0.02323392392184085,0.02323392392184085,0.021775000707040228,0.021282970380352928,0.020848112891415384,0.09213464933430181
TSLA,2019-01-07,0.02612644380321002,0.02612644380321002,0.02488239595833959,0.023825281397275563,0.02347207152332412,0.09479832373325413
TSLA,2019-01-08,0.02619176175159727,0.02619176175159727,0.026087880867472928,0.025394337759800933,0.02685049932728747,0.0855966935848683
TSLA,2019-01-09,0.02672437305269728,0.02672437305269728,0.026003313566592537,0.026147553578975746,0.025772207984655387,0.05888195530995269
TSLA,2019-01-10,0.027802993716939034,0.027802993716939034,0.026316705011457255,0.02620171825109959,0.02558859668784141,0.0694535720365393
TSLA,2019-01-11,0.028186544390023334,0.028186544390023334,0.026817471901338943,0.02738316669932326,0.02687219953881272,0.0522049662691671
TSLA,2019-01-14,0.026032647785182585,0.026032647785182585,0.025837495050510854,0.0265757862080246,0.02692060476416921,0.055735055447154805
TSLA,2019-01-15,0.027712552006289706,0.027712552006289706,0.02688213794410236,0.026660415784245994,0.025688745265283305,0.06945696309242594
TSLA,2019-01-16,0.027983881930105363,0.027983881930105363,0.027412754349138285,0.02818377236931649,0.02732120862508623,0.04631470219408099
TSLA,2019-01-17,0.028194915782865572,0.028194915782865572,0.02732984271907621,0.028293791786927716,0.027559906176289225,0.029105093569405084
TSLA,2019-01-18,0.020649588218637445,0.020649588218637445,0.02328890056049842,0.020775188080407486,0.023685725960698244,0.3762491802122394
TSLA,2019-01-22,0.020090176001586302,0.020090176001586302,0.020116834522393184,0.02005921198663565,0.020651149087685786,0.1713598880137704
TSLA,2019-01-23,0.0181925388966981,0.0181925388966981,0.017878315391566375,0.017721704931578146,0.01859471497986351,0.17921526897516188
TSLA,2019-01-24,0.018849091855419435,0.018849091855419435,0.017742346390638923,0.017313787081211417,0.017013999747720717,0.10261470755194928
TSLA,2019-01-25,0.01977530237613504,0.01977530237613504,0.018544896053487296,0.019052102596179565,0.01891018944583135,0.08968461145620757
TSLA,2019-01-28,0.01966475878055545,0.01966475878055545,0.01836913402441081,0.018747429342118628,0.01866314896559344,0.07567446406057239
TSLA,2019-01-29,0.01984564699372178,0.01984564699372178,0.018551528224845466,0.019432940531792918,0.019057081348627363,0.04512783263375851
TSLA,2019-01-30,0.021739934583099543,0.021739934583099543,0.020282653038474867,0.020565299370600455,0.019921718253885317,0.15751759788452369
TSLA,2019-01-31,0.021446830412532245,0.021446830412532245,0.020707140469652663,0.019805318415354385,0.020013523902292305,0.17987991592894248
TSLA,2019-02-01,0.022316089585835162,0.022316089585835162,0.02145994884731474,0.021413304576646273,0.0207513024407024,0.090257699901049
TSLA,2019-02-04,0.022429982696925185,0.022429982696925185,0.02132729593206637,0.021139101069299976,0.022013205080148455,0.09142252759810833
TSLA,2019-02-05,0.023846928387058895,0.023846928387058895,0.02251122391226442,0.022894346373606073,0.021931413811928185,0.08109167583947284
TSLA,2019-02-06,0.02315520791141188,0.02315520791141188,0.022809690599552013,0.023464753397727245,0.02311653476103469,0.052194793101507195
TSLA,2019-02-07,0.021528900730339334,0.021528900730339334,0.02122780387360887,0.02132867500042488,0.02206661988338567,0.07732421274942064
TSLA,2019-02-08,0.0212424955907929,0.0212424955907929,0.02002563979419708,0.02056699428658109,0.020986657089601773,0.06585566174081889
TSLA,2019-02-11,0.022421611304082947,0.022421611304082947,0.021874488021455273,0.022598138014214113,0.02178285523355508,0.0876516734521695
TSLA,2019-02-12,0.022249094483758856,0.022249094483758856,0.02180650589301278,0.022449183955219276,0.02255068168810005,0.06031806747794288
TSLA,2019-02-13,0.021639439534051244,0.021639439534051244,0.020904464171706896,0.021763672765544986,0.021908046924825845,0.05394288241106787
TSLA,2019-02-14,0.020902493411211885,0.020902493411211885,0.019912878648980774,0.020990151852922224,0.020410784860905692,0.054946634953512014
TSLA,2019-02-15,0.021590869163216155,0.021590869163216155,0.020116834522393184,0.021481009206146803,0.020597734284448572,0.032974288336056354
TSLA,2019-02-19,0.021215694674841766,0.021215694674841766,0.02070382438397357,0.021746752661441215,0.020941585215399464,0.03744200446669882
TSLA,2019-02-20,0.020699835743161595,0.020699835743161595,0.019834948263501018,0.020651623862802483,0.02058271510195586,0.0878619189171409
TSLA,2019-02-21,0.01880219384640571,0.01880219384640571,0.01932754920226115,0.01921290169657046,0.02014872519817507,0.11782359320351014
TSLA,2019-02-22,0.019385052672029876,0.019385052672029876,0.01820994767968729,0.019483720214572585,0.018926884855050594,0.06409909479154162
TSLA,2019-02-25,0.020065052239324227,0.020065052239324227,0.019271171001674227,0.020313100715299827,0.019497742730291246,0.07911977684139421
TSLA,2019-02-26,0.0199126373039304,0.0199126373039304,0.0191235980728912,0.018920078326522677,0.01854797643008411,0.11228430341269081
TSLA,2019-02-27,0.02273983923691232,0.02273983923691232,0.021493109704105604,0.020913982328752717,0.020143720395869067,0.15639176733016064
TSLA,2019-02-28,0.023600722225505313,0.023600722225505313,0.022106628251118685,0.02265060777035733,0.023004700352254267,0.14514702601007684
TSLA,2019-03-01,0.0193984507340716,0.0193984507340716,0.019972572935246784,0.01944986547851378,0.021005019174398117,0.3552348068827583
TSLA,2019-03-04,0.017819041562012777,0.017819041562012777,0.018624486853827824,0.017906198957378244,0.019532795448732116,0.2566466390906002
TSLA,2019-03-05,0.016341799800823627,0.016341799800823627,0.016137242320899713,0.01575996074942628,0.01684206950667055,0.28492634965719815
TSLA,2019-03-06,0.01629155227629947,0.01629155227629947,0.015724358817577493,0.016486096653847718,0.01592067967144648,0.14200690825905227
TSLA,2019-03-07,0.016350171193665858,0.016350171193665858,0.016253314807752647,0.016462396885821427,0.016314607278905675,0.12686584372522408
TSLA,2019-03-08,0.017614706740273427,0.017614706740273427,0.016400892480578133,0.01673999022512898,0.01599245655948003,0.11630440016629738
TSLA,2019-03-11,0.01875027396006019,0.01875027396006019,0.01734438764489382,0.017520285959057177,0.017095786240366267,0.09210412983132209
TSLA,2019-03-12,0.017484066051631247,0.017484066051631247,0.016812115569039582,0.01761507050331109,0.01759153387641917,0.09399973007195143
TSLA,2019-03-13,0.018421997480699524,0.018421997480699524,0.01746211580256507,0.01789265900000156,0.017159215423790192,0.0828194188137137
TSLA,2019-03-14,0.01858948763182413,0.01858948763182413,0.01802589306439186,0.018838833739645455,0.018586372050828612,0.0872057496030769
TSLA,2019-03-15,0.016155884918457805,0.016155884918457805,0.016090817121392507,0.01648778672721126,0.017094119564789175,0.21745790173669532
TSLA,2019-03-18,0.015161006933844513,0.015161006933844513,0.015150638042755904,0.015286028342922559,0.01584055985437802,0.14108284552994405
TSLA,2019-03-19,0.014822681907952558,0.014822681907952558,0.014363008393442192,0.014636061962670623,0.014421750931949227,0.16684808815660168
TSLA,2019-03-20,0.015849382685848783,0.015849382685848783,0.014639922895836953,0.015116764347862688,0.014787306850000088,0.08389607905772052
TSLA,2019-03-21,0.01591972730343552,0.01591972730343552,0.01488533221225917,0.01548068217937227,0.015273035330291559,0.06760035999449293
TSLA,2019-03-22,0.01433026479297772,0.01433026479297772,0.014280101507422573,0.01472746636019745,0.015269701979137369,0.11504970948824218
TSLA,2019-03-25,0.013641893832841132,0.013641893832841132,0.012684950438763082,0.013112710220217212,0.013121457447333392,0.1399637970873543
TSLA,2019-03-26,0.014872929432476707,0.014872929432476707,0.013858925417881411,0.014800250895022779,0.013910984113403604,0.09140218126278853
TSLA,2019-03-27,0.016055394661277186,0.016055394661277186,0.01470624935346114,0.015434982401917395,0.014630405342592075,0.11561940687719698
TSLA,2019-03-28,0.016690173373246874,0.016690173373246874,0.015528700274426488,0.016606271039491464,0.016034185531378715,0.08162237608573132
TSLA,2019-03-29,0.016897857710496657,0.016897857710496657,0.015500511174133029,0.016504711673932124,0.016291240391803335,0.06834978334543941
TSLA,2019-04-01,0.01845884694318195,0.01845884694318195,0.01699949101405656,0.017652310228714073,0.01694556098641607,0.10427971599228737
TSLA,2019-04-02,0.017906133757151665,0.017906133757151665,0.017039284042205595,0.018092387899158978,0.017893655835471384,0.05966189816387889
TSLA,2019-04-03,0.018899339379943585,0.018899339379943585,0.018155229893961136,0.01864925980852055,0.017730078074605558,0.10104125762055034
TSLA,2019-04-04,0.01487460179429808,0.01487460179429808,0.014014795676925838,0.014150284514770843,0.013485341914232441,0.3689567145280294
TSLA,2019-04-05,0.016077168908028835,0.016077168908028835,0.014827298340853931,0.015084609370401597,0.01481568331498315,0.18783363751104637
TSLA,2019-04-08,0.015782387583772477,0.015782387583772477,0.015666324946172254,0.01581751041089429,0.016122653053056792,0.1432768586885973
TSLA,2019-04-09,0.015633322163889088,0.015633322163889088,0.014644894652334352,0.015677026089185517,0.015114467147306455,0.06686958745092295
TSLA,2019-04-10,0.01626140184483791,0.01626140184483791,0.015205355828482058,0.016232203082566454,0.015964080094496968,0.0864919323389401
TSLA,2019-04-11,0.014981795874367244,0.014981795874367244,0.013898723190072904,0.014998284878199576,0.01455529032782962,0.1335360506542364
TSLA,2019-04-12,0.014861203732256356,0.014861203732256356,0.014139156005955264,0.015206478672025972,0.014875774371678172,0.08114593273365901
TSLA,2019-04-15,0.014640121332964856,0.014640121332964856,0.013630101273897084,0.013818531345956536,0.014610371806643926,0.13697288579534161
TSLA,2019-04-16,0.01580918849972361,0.01580918849972361,0.014644894652334352,0.014849335661821825,0.01412964812865845,0.09007966946700062
TSLA,2019-04-17,0.01545243874259044,0.01545243874259044,0.014610073380682723,0.015495912210112497,0.015631914994884605,0.05368685769162687
TSLA,2019-04-18,0.015792436130303775,0.015792436130303775,0.014618365966901664,0.015700721014594722,0.015044361710424715,0.0663999262106239
TSLA,2019-04-22,0.014032138745078616,0.014032138745078616,0.013762754189145451,0.014470187799572015,0.01467212953891604,0.1727230924801979
TSLA,2019-04-23,0.014224747866597616,0.014224747866597616,0.013086225270187275,0.013331054139459037,0.013194901010944036,0.15232250026619787
TSLA,2019-04-24,0.01334711250858478,0.01334711250858478,0.013039795326637606,0.013711896917689481,0.013812502211538801,0.1486533777968581
TSLA,2019-04-25,0.011499722928220733,0.011499722928220733,0.011991836347367016,0.0116926030740696,0.012335273683566805,0.33722830012472305
TSLA,2019-04-26,0.009407797152190638,0.009407797152190638,0.009948980503733669,0.00916383201452365,0.010916464761138011,0.34589753449890703
TSLA,2019-04-29,0.010467995481125016,0.010467995481125016,0.00950127572875982,0.00933986356696332,0.009140454788630067,0.2501646357632962
TSLA,2019-04-30,0.010002381678035153,0.010002381678035153,0.009539413086090541,0.010157399026294499,0.010175348095999012,0.12724055540069734
TSLA,2019-05-01,0.00921853754618207,0.00921853754618207,0.00884132723819707,0.009226459160007923,0.00963954055141188,0.14826171084195172
TSLA,2019-05-02,0.01090848791788665,0.01090848791788665,0.01002359480353434,0.010279265906610331,0.010752887000272191,0.27466162348835205
TSLA,2019-05-03,0.012739134712566227,0.012739134712566227,0.011595533272440228,0.01125591039296886,0.010475803379474135,0.3687210361439083
TSLA,2019-05-06,0.01279105459891175,0.01279105459891175,0.011884056446733023,0.012103910756397586,0.011504018045597909,0.1504574195285483
TSLA,2019-05-07,0.01140425454837192,0.01140425454837192,0.01169502533089773,0.01152841898433453,0.012635728967041921,0.13854633572674058
TSLA,2019-05-08,0.011032429575507971,0.011032429575507971,0.010598980737259164,0.011376084778612607,0.010989913100323382,0.07148820556852069
TSLA,2019-05-09,0.010553415314442538,0.010553415314442538,0.009451529699531065,0.010147241636953436,0.010165333715812293,0.08055928006527105
TSLA,2019-05-10,0.010141396155453411,0.010141396155453411,0.00917130385549967,0.009991522441887342,0.009789765805362078,0.08559330252898166
TSLA,2019-05-13,0.00804612086391289,0.00804612086391289,0.007592730843214386,0.008041628143748626,0.008497817637568506,0.15047267928003816
TSLA,2019-05-14,0.008933807164390857,0.008933807164390857,0.007929337259853932,0.008634042441224003,0.008045470424566093,0.08973208623862046
TSLA,2019-05-15,0.00887351109333541,0.00887351109333541,0.007587756714695755,0.008168574929389258,0.008048808551294997,0.09047133642190704
TSLA,2019-05-16,0.00826720565913823,0.00826720565913823,0.007348979569631708,0.008380151291251282,0.008077182628490703,0.09364706025974133
TSLA,2019-05-17,0.0053696662963710964,0.0053696662963710964,0.005896429673257847,0.005404530161263535,0.006820287179138001,0.26834408637154983
TSLA,2019-05-20,0.0044200091670824684,0.0044200091670824684,0.0032035712240777864,0.0030907228742323226,0.003622132545259716,0.3147930743787416
TSLA,2019-05-21,0.0043731111580687515,0.0043731111580687515,0.003435716197783656,0.003224437217252754,0.002780862527104102,0.2720267730644362
TSLA,2019-05-22,0.002304636782479358,0.002304636782479358,0.00286199067891961,0.002503381218156117,0.0030045313446649506,0.2835784049422605
TSLA,2019-05-23,0.0027669034659926345,0.0027669034659926345,0.0021207933451767857,0.0015622888051455633,0.0022100022640760934,0.41687911631796437
TSLA,2019-05-24,0.0019529112986118383,0.0019529112986118383,0.0022053582740359443,0.001990519012885869,0.0031263825214194498,0.20645562091250602
TSLA,2019-05-28,0.0016296590925168192,0.0016296590925168192,0.0013795936394127364,0.0018381823858554039,0.0016858781630401283,0.14162371894386244
TSLA,2019-05-29,0.0018239453677248718,0.0018239453677248718,0.000946813622015999,0.001362559905988145,0.0010015120400798903,0.1696965751013756
TSLA,2019-05-30,0.0015492659283987895,0.0015492659283987895,0.0009252566930807102,0.00169769806414663,0.0012769265975134912,0.1011616401045259
TSLA,2019-05-31,0.0010367517203613598,0.0010367517203613598,0.000537246204372871,0.0012034508789607878,0.0006676754893157125,0.14321412415469453
TSLA,2019-06-03,0.0,0.0,0.0,0.0,0.0007361118628330006,0.1882761703042523
TSLA,2019-06-04,0.0024503502909184807,0.0024503502909184807,0.0012104614096731942,0.0004434675024061682,0.0,0.20087563845104706
TSLA,2019-06-05,0.002951138798735556,0.002951138798735556,0.002420920447325156,0.002515231102169259,0.0029344259077832106,0.19584500704322305
TSLA,2019-06-06,0.004518824666507874,0.004518824666507874,0.0040326543164013046,0.004199384366322112,0.003895875651541505,0.30997777501971896
TSLA,2019-06-07,0.004275968020464725,0.004275968020464725,0.004006123258947385,0.004487130252353644,0.003989352751100312,0.23810943208630642
TSLA,2019-06-10,0.005679518044490552,0.005679518044490552,0.005017605295748032,0.005419762613312305,0.004865675487696789,0.1462372504776302
TSLA,2019-06-11,0.00638631613180219,0.00638631613180219,0.00567423770063169,0.006179745989866925,0.006349577881339243,0.16435396655198115
TSLA,2019-06-12,0.005073212610293372,0.005073212610293372,0.006085460789093139,0.00541807011864022,0.006985536391155633,0.2244434768631648
TSLA,2019-06-13,0.005852030072946962,0.005852030072946962,0.004679338464247708,0.005165869042031042,0.0048873733114346805,0.10526142667146841
TSLA,2019-06-14,0.00602119258589294,0.00602119258589294,0.004969514937337591,0.005655036321892078,0.0050325913752915195,0.09280099181602573
TSLA,2019-06-17,0.007714494869041792,0.007714494869041792,0.00668571499338988,0.00631008018616027,0.005738655321989649,0.17560040340000826
TSLA,2019-06-18,0.007665924498206696,0.007665924498206696,0.007969132660024199,0.007713257542969941,0.007948657586065746,0.1823655598938464
TSLA,2019-06-19,0.007948977726308856,0.007948977726308856,0.006813393780119616,0.00745936639299722,0.007346080343538414,0.07824827547852885
TSLA,2019-06-20,0.006808383837322608,0.006808383837322608,0.006669134564994447,0.006662143291039618,0.006993884095765259,0.16791457523294856
TSLA,2019-06-21,0.00718355832569699,0.00718355832569699,0.005886481416220585,0.006518271558678124,0.00586217794989596,0.10583451511630983
TSLA,2019-06-24,0.007481686769529934,0.007481686769529934,0.006496683877554588,0.007452596414308878,0.007033944004299488,0.06427203864176004
TSLA,2019-06-25,0.00683183523776331,0.00683183523776331,0.006410460905855883,0.0071936253590113505,0.007225900617935727,0.0715848506612898
TSLA,2019-06-26,0.006749764919956221,0.006749764919956221,0.006723854722741826,0.006958351650431578,0.006544872621704393,0.11100757087137252
TSLA,2019-06-27,0.007347696565377329,0.007347696565377329,0.006005867616731379,0.0068314048647909464,0.006401323621212002,0.0742570026999587
TSLA,2019-06-28,0.007451538734002214,0.007451538734002214,0.006382271805562424,0.007415359110214438,0.006658378481636629,0.082933019185916
TSLA,2019-07-01,0.008072919383930177,0.008072919383930177,0.007697194658169287,0.0083429115658483,0.008197364741880746,0.10602610977390474
TSLA,2019-07-02,0.0076341017049237625,0.0076341017049237625,0.007042220296125168,0.007655710302810467,0.007977031663261445,0.12375454994923589
TSLA,2019-07-03,0.009367600570131626,0.009367600570131626,0.009101661312196405,0.009735936375933993,0.009729677136454413,0.20754923643594603
TSLA,2019-07-05,0.00906612261078825,0.00906612261078825,0.008086863189716673,0.009107977269036262,0.008925128900104124,0.0865665355684461
TSLA,2019-07-08,0.008603855927274973,0.008603855927274973,0.007556249156701979,0.008745756774815858,0.008369292595143556,0.06647113838424326
TSLA,2019-07-09,0.008556957918261256,0.008556957918261256,0.007348979569631708,0.008512175560908171,0.00799038655796443,0.07173236159235846
TSLA,2019-07-10,0.010040903502338952,0.010040903502338952,0.008665560465078125,0.009504050078006934,0.008855023463222384,0.1218335167894568
TSLA,2019-07-11,0.00998730646230437,0.00998730646230437,0.009090052640298371,0.009954285137792902,0.009521029889173641,0.09417436945011316
TSLA,2019-07-12,0.011072628553500823,0.011072628553500823,0.00973342070246569,0.010616098980749444,0.009789765805362078,0.12276266610239496
TSLA,2019-07-15,0.012482875212613674,0.012482875212613674,0.011232395798346763,0.011487794269587376,0.011166843368104824,0.1532753869703425
TSLA,2019-07-16,0.01229528796842648,0.01229528796842648,0.011084822869563735,0.012007431296163051,0.011383840707782578,0.10493418977840806
TSLA,2019-07-17,0.01271066143479372,0.01271066143479372,0.011877424275374852,0.01292482636245585,0.012447108092347229,0.13232883475859414
TSLA,2019-07-18,0.012489574243634533,0.012489574243634533,0.011452932100154599,0.012677707612480021,0.01234361661260171,0.0474490103881606
TSLA,2019-07-19,0.01326671934446675,0.01326671934446675,0.012151022692090528,0.013139790134970589,0.012450446219076133,0.08627320923425211
TSLA,2019-07-22,0.012848001154456765,0.012848001154456765,0.012514160166183994,0.01306700560014526,0.012961217813196476,0.08278042167101739
TSLA,2019-07-23,0.013600022493026907,0.013600022493026907,0.012237245663789233,0.013119480198905561,0.012620705008974487,0.05193368179823625
TSLA,2019-07-24,0.014388888502211789,0.014388888502211789,0.013164160399709489,0.013738976832442858,0.013031323250078216,0.15450803578513456
TSLA,2019-07-25,0.00834927597694532,0.00834927597694532,0.007929337259853932,0.008219352190860382,0.008746527181170864,0.34687415859425813
TSLA,2019-07-26,0.00821863528830314,0.00821863528830314,0.007226277283441836,0.007660787786826724,0.007648204690377986,0.13678807324951997
TSLA,2019-07-29,0.00951331647450459,0.00951331647450459,0.008168112032896746,0.008300599199046146,0.007676578767573685,0.12399701044513035
TSLA,2019-07-30,0.010600313323456255,0.010600313323456255,0.009398472328665683,0.009341558482943949,0.008646376215941613,0.10425597860108092
TSLA,2019-07-31,0.010491442089698037,0.010491442089698037,0.009948980503733669,0.010098156870154397,0.010332254378981744,0.12238456337103511
TSLA,2019-08-01,0.009191739026164783,0.009191739026164783,0.009589159115319289,0.00927215893746279,0.010273829997863814,0.10680774815577425
TSLA,2019-08-02,0.009273809343971873,0.009273809343971873,0.008222832190644125,0.00884223381374185,0.008387652292152537,0.07081168991913689
TSLA,2019-08-05,0.008265528505449177,0.008265528505449177,0.0074103342707584965,0.008258281989626907,0.008095547101074404,0.08593240811764523
TSLA,2019-08-06,0.008672525787106498,0.008672525787106498,0.007597704971733017,0.00825320450561065,0.008476119813830615,0.061108183499528984
TSLA,2019-08-07,0.009119717254888991,0.009119717254888991,0.007775127415670276,0.008261666978971079,0.007578099253496246,0.04775250989001449
TSLA,2019-08-08,0.00993706133371406,0.00993706133371406,0.00880816400938498,0.009421110575149085,0.008905100139730688,0.05619284799185062
TSLA,2019-08-09,0.009386022905438995,0.009386022905438995,0.008668878922778435,0.009617452063653789,0.009172169380342033,0.03286068796385405
TSLA,2019-08-12,0.008381096374294413,0.008381096374294413,0.008139925304624512,0.008760989226864635,0.008661400174009046,0.04584334542583862
TSLA,2019-08-13,0.009384350543617623,0.009384350543617623,0.008178060289934001,0.008557875338363038,0.007963679156345823,0.04896650789743005
TSLA,2019-08-14,0.006808383837322608,0.006808383837322608,0.007431888827672553,0.006719692952507635,0.008364283017262834,0.12890217278514882
TSLA,2019-08-15,0.006141784728003828,0.006141784728003828,0.0057836756441052295,0.005849687737033246,0.006636678270111381,0.10511391574039976
TSLA,2019-08-16,0.006861983273291031,0.006861983273291031,0.005896429673257847,0.006606286124243688,0.005935621513506611,0.053212109867497887
TSLA,2019-08-19,0.008015972828385162,0.008015972828385162,0.006823344409178103,0.007567693315936361,0.007195855089588216,0.05679136935584181
TSLA,2019-08-20,0.00785350934646005,0.00785350934646005,0.007032272039087913,0.008048395701128426,0.007765048677039133,0.03670953639518551
TSLA,2019-08-21,0.007011046297240579,0.007011046297240579,0.006058929731639219,0.006873722074210185,0.00682863488374762,0.09892015216345974
TSLA,2019-08-22,0.0072321310924659266,0.0072321310924659266,0.006420409162893145,0.006978664007805155,0.0069605004406888375,0.07797529547965468
TSLA,2019-08-23,0.005431634729247917,0.005431634729247917,0.0057190072293205885,0.005756593266142876,0.0064881220795256316,0.11153996664557429
TSLA,2019-08-26,0.006034590647934664,0.006034590647934664,0.004699237350343458,0.005847995242361161,0.0054248499193862675,0.05242199384591177
TSLA,2019-08-27,0.0058805033507194696,0.0058805033507194696,0.005326022612094111,0.005930932323910461,0.005782055745040145,0.0585988021434186
TSLA,2019-08-28,0.00613341093922775,0.00613341093922775,0.005069004623773868,0.0059783270173459635,0.005439873877453701,0.021454871489155064
TSLA,2019-08-29,0.007158436959368762,0.007158436959368762,0.006088776874772224,0.006941424282402173,0.006326210994236903,0.05458548750158532
TSLA,2019-08-30,0.0078116380066458185,0.0078116380066458185,0.007587756714695755,0.007992540955641038,0.008020432086311941,0.12479899516231967
TSLA,2019-09-03,0.0077111453535313595,0.0077111453535313595,0.007009057067313078,0.00781481448722074,0.007174157265850332,0.05754587929061823
TSLA,2019-09-04,0.0069859225349785045,0.0069859225349785045,0.006927808224133004,0.007146233086884397,0.007643197500284627,0.06444498249197846
TSLA,2019-09-05,0.008476564754143226,0.008476564754143226,0.007150000196759161,0.007423821583574866,0.006910423764180534,0.09215499566962164
TSLA,2019-09-06,0.008119814997010054,0.008119814997010054,0.007123469139305241,0.008155032550704024,0.0076949408523700295,0.03779806533479556
TSLA,2019-09-09,0.008846714969251962,0.008846714969251962,0.00780663260164282,0.00884223381374185,0.008162312023439876,0.04819673821116377
TSLA,2019-09-10,0.009474794650200784,0.009474794650200784,0.008101787947293791,0.00879314904694281,0.008295849031532906,0.0495701158452512
TSLA,2019-09-11,0.011410953579392785,0.011410953579392785,0.0101960454909742,0.009988135031234628,0.009394169134538426,0.137044097968961
TSLA,2019-09-12,0.011204941603964381,0.011204941603964381,0.011079846369023878,0.011409934672054325,0.01111676669159652,0.11226226154942769
TSLA,2019-09-13,0.011092725646563412,0.011092725646563412,0.01024247543452387,0.011489489185568004,0.010993251227052286,0.056850712833857925
TSLA,2019-09-16,0.010692427395926955,0.010692427395926955,0.010073340832763095,0.010863217730725273,0.01083300681734065,0.04693187436544867
TSLA,2019-09-17,0.011024053390798053,0.011024053390798053,0.00976989764493564,0.010727813314341299,0.01024378685730366,0.03230455479844581
TSLA,2019-09-18,0.010806325298884659,0.010806325298884659,0.0101960454909742,0.011066336461843955,0.010666086154171198,0.03747252396967854
TSLA,2019-09-19,0.011327210899764323,0.011327210899764323,0.010157908133643478,0.011484409280243205,0.01083300681734065,0.048079746783074834
TSLA,2019-09-20,0.010325629092262485,0.010325629092262485,0.009993750032422567,0.010353740514799203,0.01091479808556092,0.07448250791641997
TSLA,2019-09-23,0.010427801294999844,0.010427801294999844,0.009700255101632367,0.010533159477891595,0.009831497165048119,0.04035492147331883
TSLA,2019-09-24,0.007409667394187983,0.007409667394187983,0.00917130385549967,0.0077217224376389115,0.010085213898743835,0.1853446024902558
TSLA,2019-09-25,0.00832917648794889,0.00832917648794889,0.007014031195831709,0.00700235893321436,0.00725427708291879,0.12660473242195314
TSLA,2019-09-26,0.010650560847980405,0.010650560847980405,0.009390179742446741,0.008532485496973205,0.008272477368855845,0.1682706361010453
TSLA,2019-09-27,0.010578539076704613,0.010578539076704613,0.010285589292394447,0.010450219975033745,0.010198719758676072,0.15524728596842113
TSLA,2019-09-30,0.010367505223944404,0.010367505223944404,0.00950127572875982,0.010006757315244662,0.010332254378981744,0.06645926968864004
TSLA,2019-10-01,0.011007310605113577,0.011007310605113577,0.009827936260383335,0.010517927025842817,0.010081875772014932,0.07125422271234283
TSLA,2019-10-02,0.010746029227829218,0.010746029227829218,0.009612371715072898,0.010568704287313942,0.010380659604338236,0.062247578277438556
TSLA,2019-10-03,0.009054396910567898,0.009054396910567898,0.007926021174174847,0.008004388418345644,0.008472779299314354,0.2225275302872156
TSLA,2019-10-04,0.008786418898196521,0.008786418898196521,0.007975767203403594,0.008645892325237145,0.008431052715203034,0.10232307674569861
TSLA,2019-10-07,0.009839915800176194,0.009839915800176194,0.008602552465154255,0.008727136912114367,0.008128928368363462,0.10349638208247454
TSLA,2019-10-08,0.010230160712413679,0.010230160712413679,0.009494643557401643,0.009734243881261907,0.009142123851994515,0.11390692365444598
TSLA,2019-10-09,0.010980509689162442,0.010980509689162442,0.010051788647870263,0.01077520316515971,0.010051827855880057,0.08366209620154266
TSLA,2019-10-10,0.011015681997955815,0.011015681997955815,0.010380104850312093,0.010932617276206438,0.010712824703950598,0.07330072493992744
TSLA,2019-10-11,0.011543266629856337,0.011543266629856337,0.010678571537599692,0.011817857365038147,0.011024965818764252,0.11046839298539744
TSLA,2019-10-14,0.013062384522727406,0.013062384522727406,0.011917222047566345,0.0118720171945449,0.011150152734460298,0.1397942442930225
TSLA,2019-10-15,0.01321814897363166,0.01321814897363166,0.01215765011940624,0.013055160558749196,0.012785954220992119,0.0758355392151876
TSLA,2019-10-16,0.013529677875440169,0.013529677875440169,0.012505867579965052,0.013529092965252919,0.012734206093332003,0.08009640093674528
TSLA,2019-10-17,0.013901498056436437,0.013901498056436437,0.012950256269259816,0.014079194895926142,0.013587161942826147,0.04763043187809561
TSLA,2019-10-18,0.013060707369038346,0.013060707369038346,0.012621940066817987,0.01322103472184781,0.013286706659351024,0.06425508336232687
TSLA,2019-10-21,0.012482875212613674,0.012482875212613674,0.012074743233386628,0.012388269231776404,0.012891112376314736,0.051886207015823346
TSLA,2019-10-22,0.012831253576904608,0.012831253576904608,0.011880740361053937,0.012501673638731801,0.012221767823634568,0.04477346729360508
TSLA,2019-10-23,0.01268051100333216,0.01268051100333216,0.011517602886960472,0.012586303214953194,0.012251815739769436,0.05596903830333266
TSLA,2019-10-24,0.02021746717471805,0.02021746717471805,0.019607779790335005,0.018992862861348006,0.019574524420630793,0.4706917821829854
TSLA,2019-10-25,0.024982500398713338,0.024982500398713338,0.023764794435765735,0.020162461425558532,0.01946602813857928,0.4755274278773279
TSLA,2019-10-28,0.024912155781126606,0.024912155781126606,0.025562245707019315,0.024646201845950913,0.024443538035056497,0.28671682716534175
TSLA,2019-10-29,0.022987717760287275,0.022987717760287275,0.022819643600631732,0.02331749909733012,0.023183302071187527,0.1818314685917013
TSLA,2019-10-30,0.022785060092236985,0.022785060092236985,0.021905993207427824,0.02250842853266792,0.022016543206877365,0.1302450309162565
TSLA,2019-10-31,0.0227699848765062,0.0227699848765062,0.02194081447907946,0.023021290737938162,0.02203323384052189,0.05267801856535277
TSLA,2019-11-01,0.022500327314511924,0.022500327314511924,0.02152295921925984,0.02247965370193391,0.022570710448473478,0.07500642605090517
TSLA,2019-11-04,0.023197079251226112,0.023197079251226112,0.0224283170262448,0.02238824930440709,0.022316998490352482,0.11575165805677577
TSLA,2019-11-05,0.02315520791141188,0.02315520791141188,0.02268864635620168,0.023549387816565723,0.023121544338915414,0.08449290489376839
TSLA,2019-11-06,0.024722891383250352,0.024722891383250352,0.02322091843205592,0.023275184309219425,0.022851136971575165,0.10140579612836369
TSLA,2019-11-07,0.026223584544880205,0.026223584544880205,0.025671681278471623,0.025563601754860804,0.024710607275667835,0.21206273182105806
TSLA,2019-11-08,0.02649156495318543,0.02649156495318543,0.025001784530871617,0.026321897479360423,0.025605287321485943,0.06967059961328399
TSLA,2019-11-11,0.027823095601869303,0.027823095601869303,0.026946808730908225,0.027929878798035226,0.027182669202474554,0.1360929067927597
TSLA,2019-11-12,0.028633735857805827,0.028633735857805827,0.027142472018101688,0.028275176766843317,0.02767507871179856,0.09154630113797053
TSLA,2019-11-13,0.027993930476636654,0.027993930476636654,0.028130736711106268,0.0284681308446953,0.02902712032407451,0.10953076603274269
TSLA,2019-11-14,0.02853659511613564,0.02853659511613564,0.027717853207784054,0.028083907919737777,0.02754321076706998,0.07637980368499261
TSLA,2019-11-15,0.029008910346180215,0.029008910346180215,0.027545407264386652,0.029006387733972468,0.028299351390276412,0.04830355647159279
TSLA,2019-11-18,0.028643784404337125,0.028643784404337125,0.02760344113579189,0.028623854882378487,0.028679926490819994,0.04137562929519617
TSLA,2019-11-19,0.030239945945815784,0.030239945945815784,0.02873762308676118,0.028911598347101476,0.028484634138242208,0.09774176024285387
TSLA,2019-11-20,0.029017281739022453,0.029017281739022453,0.028938262874494504,0.029211191695837607,0.029861709313197596,0.08079156739350558
TSLA,2019-11-21,0.029454424660273648,0.029454424660273648,0.028878568588228494,0.02996102252566825,0.02894532905585424,0.07036237501415767
TSLA,2019-11-22,0.02580486635487022,0.02580486635487022,0.02558877439245201,0.02589873991301929,0.026550048819387075,0.25281135488281525
TSLA,2019-11-25,0.026357574749032817,0.026357574749032817,0.026180736010529802,0.026653645805557645,0.027244426934746675,0.1759852882431414
TSLA,2019-11-26,0.025114813449176897,0.025114813449176897,0.024676784414108872,0.025407882559794703,0.025733817139485613,0.10151600544467933
TSLA,2019-11-27,0.02551176218430292,0.02551176218430292,0.024416450340109537,0.025656696225751167,0.025041105699703105,0.06096236809640365
TSLA,2019-11-29,0.025285653115811928,0.025285653115811928,0.023973722065675544,0.025475582346678148,0.025039434248551293,0.008570554647882929
TSLA,2019-12-02,0.02611136858747924,0.02611136858747924,0.02482270167207358,0.0256770061618162,0.02475400292314361,0.06976046259427983
TSLA,2019-12-03,0.026334128140459802,0.026334128140459802,0.025076398830672288,0.02626942288060012,0.025291484306669918,0.07822453808732241
TSLA,2019-12-04,0.02580318920118116,0.02580318920118116,0.025068110988495797,0.026381137214191983,0.026147773507318246,0.06057917878121383
TSLA,2019-12-05,0.025357674887087726,0.025357674887087726,0.024497701555310836,0.025433272401184544,0.025326537025110788,0.02991725145425432
TSLA,2019-12-06,0.026282208254114273,0.026282208254114273,0.025233929504577486,0.026706120404317947,0.025688745265283305,0.09583598683456464
TSLA,2019-12-09,0.026891858411954205,0.026891858411954205,0.026160839496455285,0.026758590160461157,0.02595414783031755,0.11975479953094915
TSLA,2019-12-10,0.028451175282818125,0.028451175282818125,0.027202166304367704,0.027474566254232995,0.026516662776523297,0.11645191109736604
TSLA,2019-12-11,0.029097674903140483,0.029097674903140483,0.028273342627434354,0.029468470256463042,0.02850633434976745,0.08371974415161547
TSLA,2019-12-12,0.03026674206989924,0.03026674206989924,0.029193620447953976,0.02983069317199199,0.029013763041584168,0.09840471166869112
TSLA,2019-12-13,0.030050686339807224,0.030050686339807224,0.02960318786559711,0.03006935186991594,0.030036972905401946,0.0781770633049095
TSLA,2019-12-16,0.03392132704450215,0.03392132704450215,0.032654204916309555,0.03139974953451736,0.03028735151236876,0.2749142571519064
TSLA,2019-12-17,0.0335009364926708,0.0335009364926708,0.03296760110521673,0.03366785220147661,0.033031492257667536,0.11083123596526746
TSLA,2019-12-18,0.03587256118942493,0.03587256118942493,0.03457933260227165,0.034459997819417956,0.03330523775173669,0.20619111855334843
TSLA,2019-12-19,0.03769650895308364,0.03769650895308364,0.03650777637391283,0.03715464304206252,0.03609110746893415,0.27377655790194017
TSLA,2019-12-20,0.03795611317667895,0.03795611317667895,0.03752754625288996,0.03777921958092462,0.038256037858807934,0.21690176857128712
TSLA,2019-12-23,0.04023897331647283,0.04023897331647283,0.03902155433631608,0.03943967549835972,0.038504745014622935,0.19260315761559937
TSLA,2019-12-24,0.0412489265168169,0.0412489265168169,0.03959527985518014,0.03989499288477903,0.03960306989320317,0.10333530692785935
TSLA,2019-12-26,0.042201933161615954,0.042201933161615954,0.04092346467848212,0.042207105255829616,0.0411971376322616,0.1470663636419126
TSLA,2019-12-27,0.04210813714358852,0.04210813714358852,0.041226907866309566,0.04216648538369955,0.04238059190579101,0.13539774033599938
TSLA,2019-12-30,0.03948193010057088,0.03948193010057088,0.040180609301899754,0.03931442605000826,0.041344029535057614,0.18017154673519314
TSLA,2019-12-31,0.040089907896589436,0.040089907896589436,0.03890216576378406,0.03809912286572578,0.037373038868753636,0.14116253534328
TSLA,2020-01-02,0.042088040050525924,0.042088040050525924,0.04046249556079192,0.04142173445919371,0.04062794643259804,0.12838503676243684
TSLA,2020-01-03,0.044223511924125464,0.044223511924125464,0.04432601527543246,0.043996205296194524,0.043298643614286175,0.26820505308019776
TSLA,2020-01-06,0.045652183314479525,0.045652183314479525,0.04392142435832918,0.04451752755351665,0.04329363881198017,0.13857346417383365
TSLA,2020-01-07,0.048586569743795244,0.048586569743795244,0.047249355911436385,0.04677886992702174,0.04678723915145286,0.26996162002947505
TSLA,2020-01-08,0.05245219336302606,0.05245219336302606,0.0517031815733364,0.04929579110255454,0.04884033513254622,0.49482592692817134
TSLA,2020-01-09,0.05064332081509813,0.05064332081509813,0.05175458801742592,0.05008116674180754,0.05274622516427445,0.44898054686880073
TSLA,2020-01-10,0.05010903715217674,0.05010903715217674,0.04945637460033311,0.05022165106351632,0.050190700518095654,0.18649756149171193
TSLA,2020-01-13,0.05793239367124138,0.05793239367124138,0.05620343717878607,0.053319139073819896,0.05214532414847366,0.41637893557468564
TSLA,2020-01-14,0.06011978543118644,0.06011978543118644,0.059814915405646214,0.05888784848220141,0.06061810106000065,0.45840429117776116
TSLA,2020-01-15,0.056867171069041364,0.056867171069041364,0.05822805217916321,0.05751514087210638,0.058197782485279334,0.26125847509642464
TSLA,2020-01-16,0.056028057535332326,0.056028057535332326,0.05435126812180633,0.0533479139045539,0.052187053120372334,0.33531744013260384
TSLA,2020-01-17,0.055527269027515244,0.055527269027515244,0.054551903165497205,0.05520809872114643,0.054500542088619236,0.19785081660016807
TSLA,2020-01-21,0.06167407563285088,0.06167407563285088,0.060008918277978905,0.059481960116965965,0.058279568977924884,0.26862893506602725
TSLA,2020-01-22,0.0654191119018385,0.0654191119018385,0.06762320130608612,0.06467660641103956,0.065230055038427,0.49863577821680644
TSLA,2020-01-23,0.0658612767004215,0.0658612767004215,0.065550500691341,0.06408418969225564,0.06395480466764004,0.299953813818824
TSLA,2020-01-24,0.06462521443158643,0.06462521443158643,0.06420075419506127,0.06385738087834483,0.06501973872778179,0.21013491654950567
TSLA,2020-01-27,0.06348629290442157,0.06348629290442157,0.06263876872723512,0.061321834997493455,0.06023919741060889,0.19749475573207131
TSLA,2020-01-28,0.064973583212142,0.064973583212142,0.06468991241304492,0.0645039574266355,0.06466253528991527,0.1666429292754602
TSLA,2020-01-29,0.06733349179241116,0.06733349179241116,0.06684386898703382,0.06608655374653756,0.0658643468726663,0.2685950245071609
TSLA,2020-01-30,0.07735262583986616,0.07735262583986616,0.07697192523350183,0.07464612157957269,0.0753336238586051,0.4585653663323764
TSLA,2020-01-31,0.07898730441378093,0.07898730441378093,0.07732345877973973,0.07710379817765685,0.0765988741759295,0.23329074167139718
TSLA,2020-02-03,0.10066526337620214,0.10066526337620214,0.09940023988772542,0.08404352996538694,0.08222235218683512,0.764765844199972
TSLA,2020-02-04,0.11859651849968204,0.11859651849968204,0.12971975681649342,0.11118634062949709,0.11715336988155484,1.0
TSLA,2020-02-05,0.09307805968029209,0.09307805968029209,0.10932268933400516,0.08922124647012258,0.1071883404839884,0.7878046778937745
TSLA,2020-02-06,0.09546644153833377,0.09546644153833377,0.10100699962828294,0.08632517743233997,0.08660061819193918,0.6429557256961329
TSLA,2020-02-07,0.09531737611845036,0.09531737611845036,0.09668251079595219,0.09360343721018981,0.0917133389354486,0.2560820282854753
TSLA,2020-02-10,0.09920476919256514,0.09920476919256514,0.10501312525925155,0.09739489646221955,0.1033058173393625,0.3853779026590625
TSLA,2020-02-11,0.09972397763975575,0.09972397763975575,0.09896414852869204,0.09834276127522701,0.09809629569628955,0.16509999884704102
TSLA,2020-02-12,0.09853649532549115,0.09853649532549115,0.09999884316524629,0.09925170113208501,0.09961191984500603,0.17061046466282392
TSLA,2020-02-13,0.10468496950078048,0.10468496950078048,0.10468314864194894,0.0944497426576379,0.09359784757779542,0.41250804528009105
TSLA,2020-02-14,0.10402004994108459,0.10402004994108459,0.10384909853717048,0.10299746544927696,0.10117260631677541,0.2328566865179078
TSLA,2020-02-18,0.11379631296689337,0.11379631296689337,0.11164743143653066,0.11092906206887165,0.11024962714640682,0.24452191876793444
TSLA,2020-02-19,0.12368144722646039,0.12368144722646039,0.12570533859930585,0.12255057794540508,0.12392024464524298,0.39781968670712875
TSLA,2020-02-20,0.12066499527120526,0.12066499527120526,0.12026988041575945,0.11559730620029832,0.12199233557984565,0.2657702749535934
TSLA,2020-02-21,0.12093129852582142,0.12093129852582142,0.1204456471888784,0.1190688621675269,0.12116275139302857,0.20947705170749836
TSLA,2020-02-24,0.1096744346395777,0.1096744346395777,0.11222778912675288,0.10920936157398789,0.10981564201820077,0.22435361388216896
TSLA,2020-02-25,0.10399994326428662,0.10399994326428662,0.11108365891874633,0.10325135417794115,0.11148481999644691,0.2599308767168068
TSLA,2020-02-26,0.10046427327810555,0.10046427327810555,0.10390547673775741,0.1014080894654524,0.10038475110185702,0.2055892061334706
TSLA,2020-02-27,0.08374898333039811,0.08374898333039811,0.09171134255981753,0.08327846426219898,0.09162153328704162,0.3783923275325931
TSLA,2020-02-28,0.08190493847367682,0.08190493847367682,0.08354489094178155,0.0735493075501875,0.0748796099700256,0.37747165585937154
TSLA,2020-03-02,0.09457205860276877,0.09457205860276877,0.09236134279334302,0.08626932268685258,0.08849347453889564,0.30917748583047294
TSLA,2020-03-03,0.09488860938190909,0.09488860938190909,0.10285585734362604,0.09125238535513852,0.10414041587963505,0.40394054258250606
TSLA,2020-03-04,0.09555688324898308,0.09555688324898308,0.09614692737846134,0.09271142714266975,0.09729008317214952,0.22192561786733783
TSLA,2020-03-05,0.09137638121243333,0.09137638121243333,0.09270292333850119,0.09158414336656992,0.09058162323842987,0.15077617878189203
TSLA,2020-03-06,0.08784908741096215,0.08784908741096215,0.08627753530304696,0.0858630949098494,0.08494479272060865,0.18146862561183125
TSLA,2020-03-09,0.07185734073218468,0.07185734073218468,0.07898162496438677,0.0724457138568798,0.07082182323319536,0.25625497213569376
TSLA,2020-03-10,0.07810966426390041,0.07810966426390041,0.07981070331266785,0.07295350099944233,0.0798421006840101,0.23117302727019323
TSLA,2020-03-11,0.07625055377518371,0.07625055377518371,0.07741963000847568,0.0737998161321246,0.07663225544321857,0.1926523279259556
TSLA,2020-03-12,0.06391003776363104,0.06391003776363104,0.06762320130608612,0.06250159337235359,0.06673232668022788,0.2873746920073491
TSLA,2020-03-13,0.0615769348911807,0.0615769348911807,0.06979042222279136,0.05501175965395026,0.06908754462037346,0.3506382306284237
TSLA,2020-03-16,0.044568535981038285,0.044568535981038285,0.05110292736903966,0.04488483037437041,0.048139275988154095,0.31417081562354393
TSLA,2020-03-17,0.04207799150399463,0.04207799150399463,0.04728583759794879,0.03707001346584113,0.04321685234606591,0.37360076556477695
TSLA,2020-03-18,0.030524673931673164,0.030524673931673164,0.03617780450065269,0.029370295880247872,0.03470234168706551,0.3700672853309026
TSLA,2020-03-19,0.04164921997558567,0.04164921997558567,0.04399438298731153,0.03071592841820661,0.03231540915520796,0.4787387578019718
TSLA,2020-03-20,0.04163080003621214,0.04163080003621214,0.04813978896084423,0.04211232071157571,0.0429147303870137,0.44635417408460143
TSLA,2020-03-23,0.042763017740488476,0.042763017740488476,0.042336221546706944,0.0395243099171982,0.04214690870804344,0.24575626311066978
TSLA,2020-03-24,0.05460608996786681,0.05460608996786681,0.05422358696305537,0.05027243074629599,0.04944124092392174,0.3549601313559408
TSLA,2020-03-25,0.06034254977603469,0.06034254977603469,0.06140508997376585,0.05655373610172226,0.06078334549644357,0.3266024265039502
TSLA,2020-03-26,0.058485106857271665,0.058485106857271665,0.06190254077796845,0.05674669502219133,0.06114055848545952,0.26146024292167946
TSLA,2020-03-27,0.05617377823157296,0.05617377823157296,0.05623162627907954,0.05366274212664736,0.05406488550926135,0.21053845220001532
TSLA,2020-03-30,0.054125398553112325,0.054125398553112325,0.0547144055958998,0.05318881456276073,0.05494287492143493,0.17019675584465438
TSLA,2020-03-31,0.05778835971242516,0.05778835971242516,0.059077036529603714,0.054165444521267994,0.05343894137963168,0.26808636612416553
TSLA,2020-04-01,0.05068017027758055,0.05068017027758055,0.054266700820925946,0.05045861484545963,0.053897960070517184,0.19317285500455417
TSLA,2020-04-02,0.046142923275765316,0.046142923275765316,0.051001784383806294,0.04560080646814224,0.05006385170239723,0.3034703387732652
TSLA,2020-04-03,0.05042056605398525,0.05042056605398525,0.05452206313842788,0.04932287101730792,0.054816016554587066,0.34931232777674914
TSLA,2020-04-06,0.05648865185702423,0.05648865185702423,0.055435708787589334,0.05432794338025661,0.055099781204417664,0.21942980073477397
TSLA,2020-04-07,0.06138097625415127,0.06138097625415127,0.06273162861433443,0.060147161370575214,0.06074161652454488,0.27060083406410584
TSLA,2020-04-08,0.06194875507217697,0.06194875507217697,0.061439911245417485,0.060314725607037364,0.06227726943363482,0.18135163418374234
TSLA,2020-04-09,0.0659952669045741,0.0659952669045741,0.06441963482605079,0.06433977333690044,0.0635942583274699,0.1982051819403215
TSLA,2020-04-13,0.0790509500003468,0.0790509500003468,0.0771576450077005,0.06830388157333424,0.06827966064508162,0.3478423050498926
TSLA,2020-04-14,0.0889226861978721,0.0889226861978721,0.09206121569119463,0.0872442674146134,0.08644205000895408,0.4851987192660127
TSLA,2020-04-15,0.09226239754702376,0.09226239754702376,0.09392664909089071,0.09021819604992906,0.09362455259162668,0.36652024087348173
TSLA,2020-04-16,0.09483836185738494,0.09483836185738494,0.09497460807016131,0.08966301905654812,0.08944157893910039,0.3170260846800912
TSLA,2020-04-17,0.09629215701000106,0.09629215701000106,0.09754475948910904,0.09659260071886278,0.09867883940286873,0.1893579171320891
TSLA,2020-04-20,0.09503096618703626,0.09503096618703626,0.09598939670455614,0.09059226884947116,0.09207221382446693,0.2167983413667447
TSLA,2020-04-21,0.08504199215477819,0.08504199215477819,0.09395980994768158,0.0840892345854589,0.09164156204741505,0.3094165552704808
TSLA,2020-04-22,0.09264427106641901,0.09264427106641901,0.0907545830527855,0.08661462065566068,0.08727831044922897,0.20694562848812487
TSLA,2020-04-23,0.08820918668360575,0.08820918668360575,0.0907545830527855,0.08905536746440688,0.0912209294261246,0.19119756495058893
TSLA,2020-04-24,0.09147855341517068,0.09147855341517068,0.09021235797585153,0.08821752691162776,0.0884183642997079,0.1907787695485894
TSLA,2020-04-27,0.10380566178094626,0.10380566178094626,0.10161388600393784,0.0944497426576379,0.09289177885552258,0.3174245337467709
TSLA,2020-04-28,0.09884299276623247,0.09884299276623247,0.1025275411411842,0.09812102752402391,0.10257805795671385,0.22485888120927766
TSLA,2020-04-29,0.10410043831333492,0.10410043831333492,0.10222906496581169,0.10260138779768921,0.10166501582609941,0.24171242896585682
TSLA,2020-04-30,0.10098013700165338,0.10098013700165338,0.11327574810602348,0.09927370598413066,0.11251805379160085,0.44951463817094583
TSLA,2020-05-01,0.08748731098462949,0.08748731098462949,0.09718328242987634,0.085654901116023,0.09579448778380645,0.5183513771417062
TSLA,2020-05-04,0.09751481163305904,0.09751481163305904,0.09539743508647833,0.08818705716491312,0.08678089613759897,0.29293602366143157
TSLA,2020-05-05,0.09869058262270634,0.09869058262270634,0.10151937519006266,0.09905027731694693,0.10160158664267549,0.2548646392221732
TSLA,2020-05-06,0.10109738442012152,0.10109738442012152,0.10000712626338032,0.09886916343787391,0.09938323667398977,0.15536258186856672
TSLA,2020-05-07,0.100671962407223,0.100671962407223,0.10110151993024305,0.10077167272781132,0.09950174733622799,0.16222099239928733
TSLA,2020-05-08,0.1072676328421625,0.1072676328421625,0.10567805025035415,0.10325304909392177,0.1022659168419002,0.23951672027926024
TSLA,2020-05-11,0.10590595655388475,0.10590595655388475,0.10567805025035415,0.10291282618782141,0.10172176875606553,0.24686005180176973
TSLA,2020-05-12,0.10559108292843349,0.10559108292843349,0.10887664497389207,0.10680585449064467,0.10781261316246626,0.23647155209306142
TSLA,2020-05-13,0.10250093204821352,0.10250093204821352,0.10600967779443263,0.09923984640545477,0.10678273182076539,0.29002649771069816
TSLA,2020-05-14,0.10457275354337948,0.10457275354337948,0.1022556031393293,0.09935833556035206,0.09996745183172076,0.1987511419380698
TSLA,2020-05-15,0.10387600639853299,0.10387600639853299,0.10253582423931823,0.10317518949638874,0.10169505419108485,0.14510802886738056
TSLA,2020-05-18,0.10629788341167896,0.10629788341167896,0.1074555955194483,0.10610848857434016,0.10794281443161774,0.16456251648900927
TSLA,2020-05-19,0.10535659767523257,0.10535659767523257,0.10535802663413127,0.10648086645790161,0.10583797032286427,0.13015516793526066
TSLA,2020-05-20,0.10662113322184015,0.10662113322184015,0.10600967779443263,0.10744904120697407,0.10672765034195109,0.0906968416383683
TSLA,2020-05-21,0.10863768531515018,0.10863768531515018,0.10708748628885745,0.10477470592039456,0.10597651929662535,0.1745457850192646
TSLA,2020-05-22,0.10684222041299933,0.10684222041299933,0.10696809771632543,0.10748289110041581,0.10700640063832623,0.13610647101630624
TSLA,2020-05-26,0.10717551397782411,0.10717551397782411,0.10743569900537378,0.10811086231385625,0.10906450142172561,0.10392874170802059
TSLA,2020-05-27,0.10740330020000417,0.10740330020000417,0.106293229212228,0.10291282618782141,0.1067877366230714,0.16259061749093062
TSLA,2020-05-28,0.10498813180161441,0.10498813180161441,0.10580241057938358,0.1057378056067593,0.10556089147764092,0.08978634313280663
TSLA,2020-05-29,0.10987710189136334,0.10987710189136334,0.10750203020704044,0.10616434331982752,0.1047663600092647,0.16623600256906396
TSLA,2020-06-01,0.12044558523373515,0.12044558523373515,0.11811427291499471,0.11460881182992663,0.1129870916382478,0.22006901476940477
TSLA,2020-06-02,0.1176753394400336,0.1176753394400336,0.11971605141096991,0.11746933605828688,0.11911299831423883,0.19677415635616125
TSLA,2020-06-03,0.11790981510949915,0.11790981510949915,0.11793850614187576,0.11900961759007825,0.1180146734356586,0.10155161153148902
TSLA,2020-06-04,0.11479788998252753,0.11479788998252753,0.11757536866778229,0.11534340778639995,0.11830844769010118,0.11745905469569683
TSLA,2020-06-05,0.11836203324648113,0.11836203324648113,0.11604488364188623,0.11665688050428052,0.11629875213205831,0.09921856508148368
TSLA,2020-06-08,0.12912480765592865,0.12912480765592865,0.12657089863409934,0.123928370303442,0.12316911359991725,0.20710161705891011
TSLA,2020-06-09,0.1275755489153314,0.1275755489153314,0.127307126583366,0.12642836168963686,0.12667606644630558,0.15985573091835897
TSLA,2020-06-10,0.14170818510539213,0.14170818510539213,0.13941834438720133,0.13634202211268262,0.1353341356569478,0.28151325190729937
TSLA,2020-06-11,0.1329636399429437,0.1329636399429437,0.1380055875189765,0.13456478164156502,0.13505371390942084,0.2366343227756199
TSLA,2020-06-12,0.12667278979505647,0.12667278979505647,0.1328686055108026,0.12451062721157632,0.13335114511273616,0.2509937489275786
TSLA,2020-06-15,0.1359884584991734,0.1359884584991734,0.13466936812369282,0.12381665112723306,0.12296714499388167,0.23291602999592392
TSLA,2020-06-16,0.13451959771456184,0.13451959771456184,0.13699742156785494,0.13293816593233745,0.1386674868111341,0.20500594452096926
TSLA,2020-06-17,0.13613752391905676,0.13613752391905676,0.1356907984175307,0.13635387683931285,0.13463808609043637,0.13446689549511792
TSLA,2020-06-18,0.13817585025911844,0.13817585025911844,0.13804539952329536,0.13836807624975667,0.13719026783431154,0.13211180718184945
TSLA,2020-06-19,0.13766335042668404,0.13766335042668404,0.13750979712963468,0.13783829394038263,0.13882273119411448,0.11393235657359575
TSLA,2020-06-22,0.1365612783620016,0.1365612783620016,0.13633416647969804,0.1376148749584331,0.13668115336461886,0.07464188754309184
TSLA,2020-06-23,0.13781072910914305,0.13781072910914305,0.13685151379797514,0.1382902263374578,0.13650256597240976,0.07469105785344807
TSLA,2020-06-24,0.13095544486687288,0.13095544486687288,0.13500763732721435,0.13137249940177337,0.13570636305288175,0.15258869815329879
TSLA,2020-06-25,0.13516442976493048,0.13516442976493048,0.13253697796672415,0.12866599945249857,0.12905632750028,0.12367825119178659
TSLA,2020-06-26,0.1307695395682424,0.1307695395682424,0.13403264172096857,0.13166532277182114,0.13581818791051273,0.11690292153028857
TSLA,2020-06-29,0.13907861896312873,0.13907861896312873,0.1365198862538967,0.13059051359448162,0.13151671314689764,0.11981075195307865
TSLA,2020-06-30,0.15087981985069282,0.15087981985069282,0.1494021437905654,0.13993545706676974,0.1377744734408931,0.2536235127676645
TSLA,2020-07-01,0.15754917962686182,0.15754917962686182,0.1573016386513288,0.15292967086816403,0.15054372986487863,0.19272693115546158
TSLA,2020-07-02,0.1724606284877085,0.1724606284877085,0.1726678388673739,0.17071908285055126,0.17365860033812358,0.2592458834277064
TSLA,2020-07-06,0.19974776566890118,0.19974776566890118,0.19750546292500337,0.18433448820146348,0.18287416059036668,0.3155340200899715
TSLA,2020-07-07,0.20280944327134864,0.20280944327134864,0.20607982628986418,0.19629621729886312,0.20429314807153423,0.33112948611260884
TSLA,2020-07-08,0.19879309145414842,0.19879309145414842,0.20405023004490472,0.19200205565221273,0.20429146706923296,0.2433282670958387
TSLA,2020-07-09,0.20354974849343377,0.20354974849343377,0.20260762366152565,0.19876236847685042,0.2029544589661739,0.16544079996364786
TSLA,2020-07-10,0.22873490416426362,0.22873490416426362,0.2258815923483833,0.2029482104644873,0.20278920497858152,0.36246114697717885
TSLA,2020-07-13,0.22076414979526926,0.22076414979526926,0.26668401989957874,0.21904499218151,0.24668875199645587,0.6277739684916651
TSLA,2020-07-14,0.22407036598931662,0.22407036598931662,0.23269333520172703,0.21225591421137247,0.22949614814201455,0.3638260469715497
TSLA,2020-07-15,0.2289626712189729,0.2289626712189729,0.22606068943930868,0.2166567102862899,0.2273262225009842,0.24428624038381325
TSLA,2020-07-16,0.2213637466147102,0.2213637466147102,0.22302789899972508,0.21818006202874332,0.21633630701287346,0.2092396777954339
TSLA,2020-07-17,0.22139725135354987,0.22139725135354987,0.22398963026325447,0.2222423591692435,0.22239377970313454,0.12495837478899154
TSLA,2020-07-20,0.2452073326740602,0.2452073326740602,0.24264231333343944,0.2219038214938896,0.22332184579181644,0.25706373896465634
TSLA,2020-07-21,0.2327060399180068,0.2327060399180068,0.2467877145629297,0.23375215586956805,0.24350562132064504,0.23986769456352702
TSLA,2020-07-22,0.23672072416525336,0.23672072416525336,0.23873236841929174,0.2344291924793392,0.23667364592238113,0.2068710252586189
TSLA,2020-07-23,0.22344562144827518,0.22344562144827518,0.24910914532381856,0.22068007278540652,0.2500187793506375,0.3792621333675152
TSLA,2020-07-24,0.20735506645787383,0.20735506645787383,0.21196629110193616,0.20134530420852023,0.2061292419373751,0.2956403907310235
TSLA,2020-07-27,0.22788908201579833,0.22788908201579833,0.2257190994060656,0.20920919135599728,0.20929902010627033,0.23887581071668607
TSLA,2020-07-28,0.21731893110347283,0.21731893110347283,0.2284981784549231,0.21960526360806698,0.22081640737329536,0.2348065436527233
TSLA,2020-07-29,0.221107496698493,0.221107496698493,0.2235419254882806,0.22173456234144684,0.22031564060821232,0.12660134136606654
TSLA,2020-07-30,0.21916128922276973,0.21916128922276973,0.21996527802115706,0.2190263771614256,0.21814569586488308,0.09598180223768997
TSLA,2020-07-31,0.209659705636287,0.209659705636287,0.2205970326673839,0.210559913484515,0.2226525012391363,0.17375906005356512
TSLA,2020-08-03,0.2187442433945811,0.2187442433945811,0.21939652425879042,0.21452063188898754,0.21166927155563278,0.11612976078813565
TSLA,2020-08-04,0.21907921411309494,0.21907921411309494,0.22231488839425445,0.21750302541897218,0.21931580718264632,0.10944429410763347
TSLA,2020-08-05,0.21874759770195923,0.21874759770195923,0.21774333931872566,0.21857107430285752,0.21897863250515323,0.050656949256917924
TSLA,2020-08-06,0.21951134474074968,0.21951134474074968,0.22064014652525443,0.22008596115064194,0.21861807661383367,0.06836673862487258
TSLA,2020-08-07,0.21333606485764156,0.21333606485764156,0.21772840507306362,0.20954941426209767,0.2200719334791286,0.11760656562676548
TSLA,2020-08-10,0.20761802498884724,0.20761802498884724,0.2107226688354721,0.20461205621388368,0.21146896484959957,0.09430831615763526
TSLA,2020-08-11,0.20021840374525668,0.20021840374525668,0.20450455750315183,0.20108463581593353,0.20278920497858152,0.11301846701214745
TSLA,2020-08-12,0.2304281968636771,0.2304281968636771,0.23186424736536104,0.21293295082114358,0.2151411716835802,0.3368891945360595
TSLA,2020-08-13,0.2415225972679957,0.2415225972679957,0.24283797662063294,0.23531951731611278,0.23867667477811563,0.3130822866839339
TSLA,2020-08-14,0.2464986643447512,0.2464986643447512,0.24575966158581852,0.24537027222890606,0.24768860452432076,0.18002234027618114
TSLA,2020-08-17,0.2774722045019621,0.2774722045019621,0.275119098177833,0.25318848381201364,0.2496932952800576,0.3099794705476623
TSLA,2020-08-18,0.28608945849127876,0.28608945849127876,0.2880593848418645,0.2823488837185289,0.2867475143927525,0.24609536869933335
TSLA,2020-08-19,0.2846557700154606,0.2846557700154606,0.28592037200162257,0.28168875752762734,0.28107395970533855,0.1737098897432089
TSLA,2020-08-20,0.30530703299185324,0.30530703299185324,0.3043243154375789,0.28437156739411,0.2803528670249983,0.3162444462982216
TSLA,2020-08-21,0.31337155462766897,0.31337155462766897,0.3165117984679907,0.3128058265535867,0.3110792204068159,0.3311277905846655
TSLA,2020-08-24,0.3073788449032839,0.3073788449032839,0.32206832461509977,0.29629773231161893,0.32468639917107867,0.3069495621129533
TSLA,2020-08-25,0.30890967412077225,0.30890967412077225,0.3053125943627108,0.30314945437640056,0.2994166174637214,0.1474902456277421
TSLA,2020-08-26,0.33065463297713743,0.33065463297713743,0.3282035100852306,0.31764332983745613,0.31362303534378255,0.2081986236382367
TSLA,2020-08-27,0.3449882592652948,0.3449882592652948,0.3496933013316359,0.3326856219984385,0.33373003873342105,0.3684870532877304
TSLA,2020-08-28,0.3407424344884901,0.3407424344884901,0.3534888389178339,0.34013655013116073,0.35286889941133187,0.3072479750309773
TSLA,2020-08-31,0.38733759746464197,0.38733759746464197,0.38370224110487117,0.34251129206900416,0.34083911207920714,0.3681798236244012
TSLA,2020-09-01,0.3678503749858086,0.3678503749858086,0.3856506003667567,0.36823907064967437,0.38885319876387786,0.27142180869426036
TSLA,2020-09-02,0.3446700409162008,0.3446700409162008,0.3662086035121849,0.3128989210244771,0.36953236958685654,0.2929041477360972
TSLA,2020-09-03,0.3108626093787225,0.3108626093787225,0.327042813680956,0.3102584550018076,0.30964203984844135,0.2638088882287633
TSLA,2020-09-04,0.32034241871845354,0.32034241871845354,0.32389231405987096,0.2848861245153609,0.3059531567075403,0.34087334609726766
TSLA,2020-09-08,0.2465556109002962,0.2465556109002962,0.274760922972152,0.24922267097436507,0.2668858800322001,0.3583162593669441
TSLA,2020-09-09,0.2767620497113385,0.2767620497113385,0.2749764922615049,0.2590652514638003,0.2673866467972832,0.23623858655364954
TSLA,2020-09-10,0.28099949830343324,0.28099949830343324,0.2998406639807369,0.27518742786482986,0.2920989088095913,0.25477002876293603
TSLA,2020-09-11,0.2821551626162826,0.2821551626162826,0.2861690926596814,0.275136638496816,0.2885352030332369,0.17266205347423846
TSLA,2020-09-14,0.32143109272109427,0.32143109272109427,0.31725964932128276,0.2859693985873694,0.287708952197574,0.24829311201946191
TSLA,2020-09-15,0.34667150821004467,0.34667150821004467,0.3520313172649627,0.33454751141624584,0.3341206425408755,0.296709251546491
TSLA,2020-09-16,0.3399719788349434,0.3399719788349434,0.34859063405472407,0.3384489949285039,0.3368831405953959,0.21186876342434247
TSLA,2020-09-17,0.32462170989915645,0.32462170989915645,0.33200899118442345,0.3153363070569645,0.3166275977296832,0.22712817580861422
TSLA,2020-09-18,0.340298592536218,0.340298592536218,0.34296116351076,0.33293953009757105,0.3436183055429468,0.25977590546278756
TSLA,2020-09-21,0.3463616468781898,0.3463616468781898,0.34684125890975354,0.3145492461869651,0.34794982822269677,0.3380075647674719
TSLA,2020-09-22,0.3252916896711256,0.3252916896711256,0.3319841324019364,0.32346086259702833,0.32831186267970525,0.23662855798061266
TSLA,2020-09-23,0.28855320684423896,0.28855320684423896,0.31075135439980894,0.28815287652072435,0.3079144279379278,0.28916754325461336
TSLA,2020-09-24,0.2947753895282285,0.2947753895282285,0.3002634909970539,0.26735060126163784,0.2733957142621878,0.2942097042524519
TSLA,2020-09-25,0.3111473229889768,0.3111473229889768,0.3079158971503645,0.3012029547528402,0.2981580433998548,0.19467339723439048
TSLA,2020-09-28,0.32275422322572983,0.32275422322572983,0.32395861679728283,0.32172592722878723,0.32415558448986076,0.13536755993860833
TSLA,2020-09-29,0.3209704983994024,0.3209704983994024,0.3243068295137992,0.31838301054187135,0.31696142950487266,0.13706207056516018
TSLA,2020-09-30,0.3292946242588134,0.3292946242588134,0.32880873604602473,0.32588976436437844,0.32140145324224884,0.1300300379730438
TSLA,2020-10-01,0.34533162533598927,0.34533162533598927,0.3412035147557404,0.33769579363718033,0.33762591438496253,0.13883287994916127
TSLA,2020-10-02,0.31763746691380085,0.31763746691380085,0.333119970023724,0.3212604548743354,0.3214598680722173,0.20898873965982284
TSLA,2020-10-05,0.3265059489420029,0.3265059489420029,0.32856830797418485,0.3249249988177356,0.3230956743343239,0.11842313188426733
TSLA,2020-10-06,0.31670792125317787,0.31670792125317787,0.32453898397559,0.31368602063541323,0.3234628969279518,0.13342346759880008
TSLA,2020-10-07,0.3261877305929089,0.3261877305929089,0.3254675638704135,0.3202872050625552,0.32019128440373873,0.1130140586394948
TSLA,2020-10-08,0.3267069390400995,0.3267069390400995,0.3330121853790476,0.32997743681841724,0.33568966716610504,0.10383582677672677
TSLA,2020-10-09,0.3334734778928802,0.3334734778928802,0.3293559328794561,0.3309591708953348,0.32875419551252094,0.06485428293749539
TSLA,2020-10-12,0.3404242161393961,0.3404242161393961,0.34108745650101485,0.3412164150007396,0.3386608005289694,0.09830840568151068
TSLA,2020-10-13,0.344067070621911,0.344067070621911,0.3412118263181292,0.33954075326564975,0.33978753052598104,0.08363395043768358
TSLA,2020-10-14,0.3563355552784525,0.3563355552784525,0.3553144982655508,0.34863855861749365,0.34515393934973787,0.1291283562127874
TSLA,2020-10-15,0.3459345572953376,0.3459345572953376,0.3475791662500508,0.34453395637411693,0.34559627218255357,0.08773271968786009
TSLA,2020-10-16,0.33822175874745564,0.33822175874745564,0.3470651397614952,0.3414449477863336,0.34904312919667213,0.07791052631221994
TSLA,2020-10-19,0.330818783196487,0.330818783196487,0.3396448501176358,0.33299876498978553,0.34219950139609273,0.08981957548049567
TSLA,2020-10-20,0.32337394588943946,0.32337394588943946,0.3270013697260311,0.32468802050794104,0.3301062562270958,0.07411390014154268
TSLA,2020-10-21,0.3239601638143094,0.3239601638143094,0.32799625235826646,0.32654990992574834,0.3225531690461927,0.07653579225577785
TSLA,2020-10-22,0.3265980678063413,0.3265980678063413,0.3381773849517697,0.32930884573284674,0.33859405709669016,0.10238479396283538
TSLA,2020-10-23,0.32227691486955956,0.32227691486955956,0.31965569438197233,0.31481159981029827,0.32183541926815606,0.08110184900713274
TSLA,2020-10-26,0.32198380590712455,0.32198380590712455,0.322035154270224,0.3170289373223291,0.3133142657847209,0.06252632307132001
TSLA,2020-10-27,0.32566852214571834,0.32566852214571834,0.32596500518653115,0.3255766601139682,0.3234378347118241,0.04369680704959826
TSLA,2020-10-28,0.3100418966169163,0.3100418966169163,0.3160989529170082,0.3136436767916,0.3173620047123414,0.05307273747055716
TSLA,2020-10-29,0.31406997892620453,0.31406997892620453,0.31565122916586447,0.3140329844644994,0.3119204856493968,0.043591006105935234
TSLA,2020-10-30,0.29498473664356434,0.29498473664356434,0.3069707320831031,0.2908864563847525,0.30936662290322037,0.11092381179097259
TSLA,2020-11-02,0.30542759638275807,0.30542759638275807,0.3064650171569363,0.3020492505150541,0.2986003762326705,0.06517778966908042
TSLA,2020-11-03,0.3250153330781105,0.3250153330781105,0.32370160355300504,0.31422765767141747,0.3117285075456743,0.08325415217838039
TSLA,2020-11-04,0.32256998549705307,0.32256998549705307,0.33002749953000177,0.3230377340863897,0.32916313752689813,0.0757646661471569
TSLA,2020-11-05,0.33689858990787863,0.33689858990787863,0.3338412921915834,0.32887723295707083,0.32722689030804064,0.06312077516824724
TSLA,2020-11-06,0.33008183228177995,0.33008183228177995,0.3309975233797502,0.3291142112668654,0.3337367245380283,0.040371876752752014
TSLA,2020-11-09,0.32280448033398934,0.32280448033398934,0.3442047857772241,0.32633830692949234,0.33657433283173643,0.08488626737661813
TSLA,2020-11-10,0.31367639408219194,0.31367639408219194,0.31733426362108347,0.30520597826018925,0.3203748957005527,0.0694610323594899
TSLA,2020-11-11,0.3193458635801512,0.3193458635801512,0.31618184082685796,0.3175197849903195,0.31733698070081134,0.025626548440894237
TSLA,2020-11-12,0.3148487915969904,0.3148487915969904,0.3197468938542109,0.3166226998600917,0.31616856948764827,0.034095371412178097
TSLA,2020-11-13,0.31211876874062017,0.31211876874062017,0.3110663967714495,0.3099707260649359,0.31266325943896345,0.0338105227177007
TSLA,2020-11-16,0.31177540266992565,0.31177540266992565,0.3110000940340376,0.3120272499487246,0.3110608439952954,0.05777681019649812
TSLA,2020-11-17,0.33984639356670676,0.33984639356670676,0.35208107278227635,0.3365024953049435,0.35382535151614625,0.17425856258566658
TSLA,2020-11-18,0.37755628381029527,0.37755628381029527,0.3802698315046817,0.34538025213633083,0.343960465920447,0.231417183294031
TSLA,2020-11-19,0.3881331625048477,0.3881331625048477,0.3907245625149006,0.3826770816800084,0.3803904219058134,0.1786228515117666
TSLA,2020-11-20,0.3800434931474315,0.3800434931474315,0.3856588739768058,0.38393809916959704,0.38538964634054,0.07837170991280239
TSLA,2020-11-23,0.40704252407605035,0.40704252407605035,0.4051422768339628,0.39471160499746755,0.38998821915860243,0.13720110385651224
TSLA,2020-11-24,0.4351218719900707,0.4351218719900707,0.433322761946319,0.4153699770471815,0.4207846779773018,0.14869067941161113
TSLA,2020-11-25,0.4507149927800331,0.4507149927800331,0.44493818936081253,0.4315937128137704,0.4288468414232998,0.13269066042169814
TSLA,2020-11-27,0.4605632775771176,0.4605632775771176,0.4654828534922961,0.45958961827448536,0.4548026630925565,0.09413740694094884
TSLA,2020-11-30,0.4453553846139286,0.4453553846139286,0.4729611722635184,0.4393289994218715,0.4723708181429366,0.18041265080873292
TSLA,2020-12-01,0.45972585078083306,0.45972585078083306,0.4647118137594628,0.45417324791444286,0.4685150191144408,0.10275882742713129
TSLA,2020-12-02,0.4463770874738314,0.4463770874738314,0.44289866857902815,0.42807309145021116,0.4341715308263074,0.1287756864005773
TSLA,2020-12-03,0.46694458860312493,0.46694458860312493,0.46564035570194656,0.46295791027493977,0.4621971629881756,0.11106182776555869
TSLA,2020-12-04,0.4716844741055197,0.4716844741055197,0.46569838482930936,0.4655561099356694,0.46302337561924073,0.0664670691171793
TSLA,2020-12-07,0.5074599065329437,0.5074599065329437,0.5069452153019269,0.48040880395244145,0.4746325685346727,0.15771495733712587
TSLA,2020-12-08,0.5142599117896225,0.5142599117896225,0.5090096328185381,0.49348429623903256,0.49181680558220564,0.18469182423207842
TSLA,2020-12-09,0.47624016021417925,0.47624016021417925,0.5115300476963419,0.4676718687116726,0.5153356323698206,0.20851806110275783
TSLA,2020-12-10,0.4951579171375625,0.4951579171375625,0.4895013332265544,0.4493408196932811,0.449135775107451,0.194248497931795
TSLA,2020-12-11,0.48085446044833746,0.48085446044833746,0.48639227756039427,0.47511938764196515,0.48305358776739016,0.12436494000883032
TSLA,2020-12-14,0.5058436670658731,0.5058436670658731,0.5019375558911949,0.4864599058193786,0.4863836151215718,0.14323820065148968
TSLA,2020-12-15,0.5003332875749902,0.5003332875749902,0.5053782391014335,0.4979697218901714,0.506647524794193,0.11960559307193717
TSLA,2020-12-16,0.4915569244111264,0.4915569244111264,0.49343945775291076,0.48205912911492943,0.4940869227808503,0.1095148280700755
TSLA,2020-12-17,0.5193013016066329,0.5193013016066329,0.5152609144957341,0.4943305920012465,0.49405353196241186,0.15758067152401511
TSLA,2020-12-18,0.552045206863071,0.552045206863071,0.5452570774904728,0.5019812296626578,0.5280297594523196,0.7200079757634454
TSLA,2020-12-21,0.5142431594202027,0.5142431594202027,0.5232863921480481,0.5168170326310285,0.5258097666859303,0.1636004739339707
TSLA,2020-12-22,0.5062707566487253,0.5062707566487253,0.5078488984619238,0.4898705416636462,0.5105868008687849,0.1421374639106877
TSLA,2020-12-23,0.5109938897817004,0.5109938897817004,0.5091920317630152,0.49692875292103944,0.4974002547258126,0.07925711460480296
TSLA,2020-12-24,0.5242170678204653,0.5242170678204653,0.5212883153211885,0.5125262414458711,0.5064054986674105,0.044304145158894706
TSLA,2020-12-28,0.5258249502702966,0.5258249502702966,0.5339815512301068,0.5292831299833269,0.5327118475210759,0.07622415421979603
TSLA,2020-12-29,0.5277510894041635,0.5277510894041635,0.5244471265046623,0.5243745370806128,0.5214364863808334,0.044457420884970636
TSLA,2020-12-30,0.5518609691343942,0.5518609691343942,0.5465835876667866,0.5356812344202869,0.5306170130169344,0.11205879819622956
TSLA,2020-12-31,0.560980660034011,0.560980660034011,0.5649228792921069,0.5549432281475821,0.5539772525192656,0.1351312033433098
TSLA,2021-01-04,0.5811629716714726,0.5811629716714726,0.5862883007213978,0.5770065015257888,0.570226775878107,0.13170047210280056
TSLA,2021-01-05,0.5856348959330329,0.5856348959330329,0.5832621709174272,0.578707577315354,0.573732047722194,0.07611089295318241
TSLA,2021-01-06,0.6031122557658417,0.6031122557658417,0.6107545042067998,0.6040121886444489,0.6028008946303799,0.11834581581005203
TSLA,2021-01-07,0.6534088873500071,0.6534088873500071,0.6463966849656008,0.6261008373361943,0.6187749628394026,0.14140126567769912
TSLA,2021-01-08,0.7069882549765731,0.7069882549765731,0.7023596869564832,0.6795790588026476,0.6841819982891456,0.22128301277682033
TSLA,2021-01-11,0.6493473003018793,0.6493473003018793,0.6774375240622281,0.6501529154408379,0.6786736593847263,0.16786065744435108
TSLA,2021-01-12,0.6813793640302693,0.6813793640302693,0.6886881915401071,0.6702273840926077,0.6633171684984247,0.12367214729119065
TSLA,2021-01-13,0.6855414652949162,0.6855414652949162,0.6824451834729601,0.6741712114486791,0.681477876859996,0.07973016690098864
TSLA,2021-01-14,0.6776611047178944,0.6776611047178944,0.6845427333821074,0.6798837950107306,0.6736577777453782,0.07279138834575477
TSLA,2021-01-15,0.6618837461992553,0.6618837461992553,0.6819726009393294,0.6632537830409676,0.6808436041280556,0.0982626264270411
TSLA,2021-01-19,0.6772842722433017,0.6772842722433017,0.6737647243425384,0.6750174684699562,0.668992385085841,0.052786532353725116
TSLA,2021-01-20,0.6822251861787345,0.6822251861787345,0.681640973395251,0.6786396685695433,0.6864687726924118,0.05380011895824051
TSLA,2021-01-21,0.6776527477006552,0.6776527477006552,0.6785070209942642,0.6821433988847013,0.6833473806465742,0.036353814632677436
TSLA,2021-01-22,0.6790344923307895,0.6790344923307895,0.6721065107174667,0.6713106581646162,0.6660796665529451,0.03481224062661287
TSLA,2021-01-25,0.7076414823791225,0.7076414823791225,0.7155504021338589,0.6799429911620084,0.6833473806465742,0.10638691812024277
TSLA,2021-01-26,0.7095592261608087,0.7095592261608087,0.7118195353344667,0.7076849885235907,0.7137098734393664,0.045206166024739786
TSLA,2021-01-27,0.693706501147251,0.693706501147251,0.7081715564449244,0.6967337780190769,0.6961583755936078,0.059456739282737425
TSLA,2021-01-28,0.6696468018553967,0.6696468018553967,0.6721065107174667,0.6479356166697438,0.6541366800669214,0.05621488985511375
TSLA,2021-01-29,0.6345581399043033,0.6345581399043033,0.6674719987104174,0.6302477446824475,0.6624825508558533,0.08542137599552924
TSLA,2021-02-01,0.6733148423944536,0.6733148423944536,0.6671320216516106,0.643331721234176,0.6493711149520688,0.05286927411735902
TSLA,2021-02-02,0.7009335576518406,0.7009335576518406,0.6990516851257478,0.6828035444460712,0.6747343833101342,0.049324942504647445
TSLA,2021-02-03,0.685775921796911,0.685775921796911,0.6970452967364994,0.6919944442688055,0.7017250911233979,0.028969451333939654
TSLA,2021-02-04,0.6818399200170198,0.6818399200170198,0.6791537288623228,0.6753729553051165,0.6833473806465742,0.020387367096042164
TSLA,2021-02-05,0.683715802042627,0.683715802042627,0.6860101985479734,0.6800699839525114,0.6750014334484468,0.029725995902248073
TSLA,2021-02-08,0.6930867784835413,0.6930867784835413,0.6967882834922217,0.6934246821699002,0.6955908844985444,0.03513506914702058
TSLA,2021-02-09,0.6813960780647477,0.6813960780647477,0.6818897130294796,0.682422721038309,0.6834475531018896,0.01816622549029582
TSLA,2021-02-10,0.6440128398573753,0.6440128398573753,0.6694700375849373,0.6471062506968678,0.6738663748491244,0.08957643677342389
TSLA,2021-02-11,0.6497409234808332,0.6497409234808332,0.6570836083899501,0.6485534571282371,0.6478271143383691,0.04008974090298392
TSLA,2021-02-12,0.6534758968276866,0.6534758968276866,0.6466785949447051,0.6346739741823086,0.6384964054284904,0.0473652513077607
TSLA,2021-02-16,0.6368108544045032,0.6368108544045032,0.6497213099211138,0.6406912164705698,0.6524674447817786,0.03391632366136374
TSLA,2021-02-17,0.6384270555366323,0.6384270555366323,0.6321779927157932,0.6149380238354243,0.6199934602802234,0.05492120203436225
TSLA,2021-02-18,0.6294078405185931,0.6294078405185931,0.6279082026930188,0.6270063679906227,0.6215040700754845,0.02765914733934364
TSLA,2021-02-19,0.6243161935933232,0.6243161935933232,0.6296493042279402,0.6279373126995264,0.6332718502762005,0.031054272493043253
TSLA,2021-02-22,0.5683752785677404,0.5683752785677404,0.6061945305948718,0.5710907992326186,0.6062644470537176,0.0931492532555832
TSLA,2021-02-23,0.5552609717627337,0.5552609717627337,0.5606862596142083,0.4939074247496712,0.522379605081031,0.19263333801299048
TSLA,2021-02-24,0.5914215936819895,0.5914215936819895,0.5867111277377148,0.5575244592780371,0.5638755289334033,0.09144456946137147
TSLA,2021-02-25,0.5413427045653405,0.5413427045653405,0.5802525883335546,0.5375600536274322,0.5758101868171163,0.09909784349191945
TSLA,2021-02-26,0.5357151351584016,0.5357151351584016,0.5549573159879566,0.5281914103871178,0.5539855811215763,0.10610139121458805
TSLA,2021-03-01,0.5716664099623217,0.5716664099623217,0.5651550337538976,0.5498061412002107,0.5457314777764536,0.0587859884283609
TSLA,2021-03-02,0.5448767261490386,0.5448767261490386,0.5669043709465286,0.5497637973563975,0.5692419377571601,0.04724283419025316
TSLA,2021-03-03,0.5170402300891938,0.5170402300891938,0.5499828269221003,0.5215901872190392,0.5439621464451908,0.06920263390092826
TSLA,2021-03-04,0.49044314102182673,0.49044314102182673,0.5232449481931232,0.4778275728219864,0.5170966350987727,0.1903023261965171
TSLA,2021-03-05,0.47077168081431653,0.47077168081431653,0.48957594752635514,0.42661743949464115,0.49227583382424056,0.26991414524706214
TSLA,2021-03-08,0.44150318301607794,0.44150318301607794,0.4831837488119465,0.44295119952145845,0.470985404814521,0.14237822887863888
TSLA,2021-03-09,0.5341072527085703,0.5341072527085703,0.5312372934529009,0.4737737599466235,0.4773533471684439,0.19574090162750335
TSLA,2021-03-10,0.5294845571222314,0.5294845571222314,0.5642015950765872,0.5244253264486266,0.5542359740552673,0.17228293342611262
TSLA,2021-03-11,0.5558974084609217,0.5558974084609217,0.5514751888227931,0.5431456831399175,0.5534848334587921,0.08970461868593872
TSLA,2021-03-12,0.5509816422470893,0.5509816422470893,0.5451575664558455,0.5338024152131416,0.5289478159363894,0.08065016036303288
TSLA,2021-03-15,0.5628816514462773,0.5628816514462773,0.5603297732876428,0.5489513611728595,0.5490531383237266,0.06624427674542734
TSLA,2021-03-16,0.5368707803037802,0.5368707803037802,0.5559687837926298,0.5379155017216557,0.5567814699945351,0.07594303568679395
TSLA,2021-03-17,0.5577481427649285,0.5577481427649285,0.5524949302375154,0.520997760815021,0.5179896293667148,0.1036710214606363
TSLA,2021-03-18,0.5170067253503541,0.5170067253503541,0.5404732609791428,0.5218356110530343,0.5408741452177916,0.07943277129973068
TSLA,2021-03-19,0.5184387270887478,0.5184387270887478,0.5139426399771297,0.49866368828928054,0.5094183896556219,0.11222156887878808
TSLA,2021-03-22,0.5311091919414825,0.5311091919414825,0.5490874173721526,0.5360113072009719,0.5411245381514826,0.10075369608136363
TSLA,2021-03-23,0.52454368152174,0.52454368152174,0.5309968653810611,0.5264987801217532,0.5337634290743021,0.07016535466714413
TSLA,2021-03-24,0.49783772122061476,0.49783772122061476,0.5228884618665577,0.5033099275686614,0.5272035468212544,0.08136702957746765
TSLA,2021-03-25,0.5063126184048042,0.5063126184048042,0.504217542697159,0.48586751815629714,0.48137606208453443,0.09977944572513321
TSLA,2021-03-26,0.488156921782787,0.488156921782787,0.5028246918310936,0.47773447835109606,0.5054707467741214,0.08156235439653786
TSLA,2021-03-29,0.48194313445097814,0.48194313445097814,0.4801575810556361,0.474459280821532,0.4835793976463022,0.06387528510302368
TSLA,2021-03-30,0.5023180408343557,0.5023180408343557,0.4977175213857342,0.47021924026345163,0.47198690014008937,0.10048308982161012
TSLA,2021-03-31,0.5293756858884732,0.5293756858884732,0.526188190087244,0.5126193359167615,0.5094350468602434,0.0798142650869772
TSLA,2021-04-01,0.5242003154510455,0.5242003154510455,0.5431180456740611,0.5281152457055653,0.544279282811161,0.08646446478625835
TSLA,2021-04-05,0.54873732309907,0.54873732309907,0.5561677679095448,0.5495099279982016,0.5604203051123762,0.10865689093075669
TSLA,2021-04-06,0.5492146314552402,0.5492146314552402,0.5465421437118617,0.5466917185579521,0.5458900650617375,0.06263687149322433
TSLA,2021-04-07,0.5319215093511082,0.5319215093511082,0.5422558064689891,0.5352411373793737,0.5431358956095279,0.05598226342129055
TSLA,2021-04-08,0.5426658734049176,0.5426658734049176,0.5407385857858094,0.5384655842818606,0.5351071229819684,0.04789425602607586
TSLA,2021-04-09,0.536988046889719,0.536988046889719,0.5336250649035414,0.5365867650747154,0.5354326261548471,0.039460021824835684
TSLA,2021-04-12,0.5578905187375264,0.5578905187375264,0.553382066177414,0.5473010360103714,0.5420509232378633,0.06556640467368886
TSLA,2021-04-13,0.6084216451586281,0.6084216451586281,0.6016345949352835,0.571480106905518,0.5645849119045314,0.11818575797220283
TSLA,2021-04-14,0.5832230530908151,0.5832230530908151,0.6163839747507639,0.5861804715591852,0.6129912451943601,0.13298636049501278
TSLA,2021-04-15,0.5887669373205378,0.5887669373205378,0.5856250456332409,0.5804932633106722,0.5899565088649077,0.061202793958766114
TSLA,2021-04-16,0.5895457499913237,0.5895457499913237,0.5903673802373064,0.5832776519131826,0.5778966545143492,0.06164566585756073
TSLA,2021-04-19,0.5684841498014986,0.5684841498014986,0.5704611503638324,0.5555187247622623,0.570343605538044,0.10134373980563825
TSLA,2021-04-20,0.5721353613012528,0.5721353613012528,0.5802857586784305,0.5715054822190566,0.5685241879791234,0.08751772674464739
TSLA,2021-04-21,0.5931802091216579,0.5931802091216579,0.5865784843105514,0.560765835969862,0.5579666148215152,0.07261912270671368
TSLA,2021-04-22,0.5727215792261227,0.5727215792261227,0.593982188781973,0.5777258432384365,0.5886211817641499,0.0874543139995673
TSLA,2021-04-23,0.5808531103396177,0.5808531103396177,0.580376958150669,0.5755423653050815,0.5705105214256387,0.06296987318129195
TSLA,2021-04-26,0.5882225811517467,0.5882225811517467,0.5902761807650678,0.5900565797579047,0.5882038729428642,0.07201890581477917
TSLA,2021-04-27,0.5602018473632251,0.5602018473632251,0.569300416007218,0.5652935667238773,0.5689748876188476,0.06658812981233218
TSLA,2021-04-28,0.5515427124503588,0.5515427124503588,0.5564496778886493,0.5570420571342473,0.5509894237471819,0.04228782332870115
TSLA,2021-04-29,0.5369712945202992,0.5369712945202992,0.5512678931434892,0.5357997042047159,0.5535766391071991,0.06458198114979855
TSLA,2021-04-30,0.5641378108081749,0.5641378108081749,0.5622283770322146,0.5338024152131416,0.5269364584783441,0.10498064724405497
TSLA,2021-05-03,0.5435870620483013,0.5435870620483013,0.5543769488096494,0.5459554083150298,0.5571570593950717,0.05847028112531512
TSLA,2021-05-04,0.5341240050779901,0.5341240050779901,0.5356811708577637,0.5266595937499954,0.5364090974688855,0.06761324600686214
TSLA,2021-05-05,0.5318963999644492,0.5318963999644492,0.5372149767133814,0.5348180088687351,0.5381784288001482,0.04103618460094394
TSLA,2021-05-06,0.5256993266671186,0.5256993266671186,0.5336665088584662,0.5201430195286064,0.5379280358664573,0.060984749065255445
TSLA,2021-05-07,0.5330939452008481,0.5330939452008481,0.5411116572848127,0.5287922823153365,0.5254425440923024,0.04635098649206798
TSLA,2021-05-10,0.49680766134347265,0.49680766134347265,0.5204260761161166,0.5011941687926583,0.5246914034958272,0.07321900049305953
TSLA,2021-05-11,0.4868924054036502,0.4868924054036502,0.4889624479555118,0.4741038327273085,0.4698921038405456,0.12446294152395408
TSLA,2021-05-12,0.46402193266589725,0.46402193266589725,0.4834158653213976,0.46663089974254063,0.47260451566740824,0.0814633355646481
TSLA,2021-05-13,0.44878053496386855,0.44878053496386855,0.47185019342421775,0.44367902549924343,0.4718116556501839,0.11659908292284603
TSLA,2021-05-14,0.46389630906271917,0.46389630906271917,0.4605829787262406,0.45282762021910117,0.4566804954814455,0.07992820456476815
TSLA,2021-05-17,0.4530849738661719,0.4530849738661719,0.45797963798624725,0.44499079361590915,0.45012061322839786,0.0766032742679219
TSLA,2021-05-18,0.4539559054012962,0.4539559054012962,0.4633852656308093,0.4468357532443785,0.44381941430675415,0.09166024061576149
TSLA,2021-05-19,0.4418884108428513,0.4418884108428513,0.4384796499566524,0.43295627029845,0.43092498051822203,0.10097818398105891
TSLA,2021-05-20,0.46141749507776353,0.46141749507776353,0.4572500801606784,0.4533438819415669,0.44966158498636294,0.07128169026502458
TSLA,2021-05-21,0.4564765811423307,0.4564765811423307,0.4637417519573747,0.4609013863911511,0.46727982626440073,0.05503683704009653
TSLA,2021-05-24,0.47788154740285027,0.47788154740285027,0.47849940538290414,0.45552732113398514,0.4551698856861845,0.08395406611338199
TSLA,2021-05-25,0.47641604092561685,0.47641604092561685,0.478093163539025,0.47419692719819884,0.47662723058349876,0.06173518973296792
TSLA,2021-05-26,0.48850864487072077,0.48850864487072077,0.48819137027033876,0.4790970358357757,0.4768359040964405,0.06388308453156293
TSLA,2021-05-27,0.4983234632639071,0.4983234632639071,0.49230362013112305,0.4915462421396728,0.48741853947017644,0.056189796041552637
TSLA,2021-05-28,0.49360864881322986,0.49360864881322986,0.4960013165856395,0.49676797803373396,0.49431225349841357,0.04386805537187337
TSLA,2021-06-01,0.4925032224411693,0.4925032224411693,0.4945172662473355,0.49521923160727366,0.49372802878953315,0.02809252428165568
TSLA,2021-06-02,0.4767761210307897,0.4767761210307897,0.48586166589940083,0.4770997468442014,0.4873267338217694,0.04578671479253181
TSLA,2021-06-03,0.4497435853633312,0.4497435853633312,0.4702666320512865,0.45347079725019646,0.47202865776543634,0.06887675343022258
TSLA,2021-06-04,0.4716928694577004,0.4716928694577004,0.4670000741754759,0.4585317195160154,0.4535924942540464,0.04827608891891104
TSLA,2021-06-07,0.47678451638297037,0.47678451638297037,0.47478512375594983,0.4633387724236386,0.46370777278343667,0.04321256426898669
TSLA,2021-06-08,0.475494852282233,0.475494852282233,0.4856378229999988,0.4740191837806188,0.48973033788497267,0.05511415311431182
TSLA,2021-06-09,0.4714667699729448,0.4714667699729448,0.47626917409425384,0.4758218383062116,0.472337427324498,0.02300492313493622
TSLA,2021-06-10,0.4809633316820956,0.4809633316820956,0.4802487805278747,0.4782507400735617,0.4737645982782607,0.04787831806340867
TSLA,2021-06-11,0.4807706986012382,0.4807706986012382,0.4769075703999237,0.47911396562511366,0.4790642636697382,0.02171869563713532
TSLA,2021-06-14,0.4873027426170826,0.4873027426170826,0.4876276262168092,0.48559668026782665,0.4807334225456855,0.03602454310608512
TSLA,2021-06-15,0.47195247368129567,0.47195247368129567,0.48041459429991396,0.47632961576353994,0.4844557347096228,0.02700467355322296
TSLA,2021-06-16,0.4765667739154539,0.4765667739154539,0.4735415014894858,0.4723265535152542,0.4684732614890938,0.04185749833668709
TSLA,2021-06-17,0.4863899493258794,0.4863899493258794,0.48429468969890743,0.4789616362620088,0.47210376800462406,0.043747333782309133
TSLA,2021-06-18,0.4920091617155792,0.4920091617155792,0.48999877454267216,0.48781401777985756,0.4816848698481939,0.05005300220350811
TSLA,2021-06-21,0.4899322895918753,0.4899322895918753,0.492519189420476,0.48534281090963083,0.490957202132702,0.05090687007576297
TSLA,2021-06-22,0.49234413243409303,0.49234413243409303,0.4901811734871493,0.4909453702114541,0.4857576709919421,0.031734518303902365
TSLA,2021-06-23,0.5198624101448439,0.5198624101448439,0.5139177811946427,0.5032506926764471,0.49723333883821796,0.07222474290709796
TSLA,2021-06-24,0.5393328802542574,0.5393328802542574,0.5474292416994206,0.5350465029133923,0.5331124609331424,0.12269450587907359
TSLA,2021-06-25,0.532675212635235,0.532675212635235,0.5442704684682865,0.5359689633571587,0.5452891449436379,0.07696374350867127
TSLA,2021-06-28,0.5467860745785441,0.5467860745785441,0.5450083378562441,0.5373400051069755,0.5303165720601835,0.040108052604771766
TSLA,2021-06-29,0.5401200499422826,0.5401200499422826,0.5390472397682017,0.5420539248027717,0.5411745861745426,0.025706577359818836
TSLA,2021-06-30,0.5392323660377384,0.5392323660377384,0.5434413616557507,0.5439581193234555,0.5371017850307944,0.030941011226429616
TSLA,2021-07-01,0.5377417118389045,0.5377417118389045,0.5394452080020317,0.5394388340936408,0.5405653374541322,0.029956248596950633
TSLA,2021-07-02,0.5385624246007107,0.5385624246007107,0.5494024597437932,0.5398281417665403,0.5364424500827262,0.058508939162422766
TSLA,2021-07-06,0.5223830858858783,0.5223830858858783,0.5361371682189565,0.521327833595706,0.5387208958836817,0.045724658469806376
TSLA,2021-07-07,0.5098801063924006,0.5098801063924006,0.5209649613871592,0.5102581145658264,0.524165631821513,0.030490339899095747
TSLA,2021-07-08,0.5167136163879191,0.5167136163879191,0.5116212092162409,0.4951430669257212,0.4942037524407873,0.04399115070055824
TSLA,2021-07-09,0.5201806284939379,0.5201806284939379,0.5153355287955348,0.5156491096123303,0.5149099949462242,0.02828106698895262
TSLA,2021-07-12,0.544257003485329,0.544257003485329,0.5388233968687997,0.5304341232126872,0.5224380199109995,0.05468552365024107
TSLA,2021-07-13,0.5298865373184246,0.5298865373184246,0.5438310562795317,0.5339378535278453,0.5425683663098667,0.0378628345022303
TSLA,2021-07-14,0.5171909630790309,0.5171909630790309,0.5316684320316067,0.5225465072414813,0.5295737600660191,0.04015213633129802
TSLA,2021-07-15,0.5148628820839123,0.5148628820839123,0.5213297592761134,0.5098857366822649,0.5192582130351934,0.03529750072399043
TSLA,2021-07-16,0.5095200262872277,0.5095200262872277,0.5135032277883749,0.5135417963605278,0.5161618832054835,0.022280593597550843
TSLA,2021-07-19,0.511194879879797,0.511194879879797,0.5056269787356623,0.49584547884903096,0.4954723361092659,0.0389852740007067
TSLA,2021-07-20,0.5231535415394251,0.5231535415394251,0.5182207036099532,0.5121030741942958,0.5139168282229666,0.019283239299353598
TSLA,2021-07-21,0.5187904501766816,0.5187904501766816,0.5202685359541265,0.5203884433626017,0.520276403769981,0.014082037780431843
TSLA,2021-07-22,0.5137407033424319,0.5137407033424319,0.5180383046654762,0.5155729449307779,0.5176307735799953,0.01798989058419076
TSLA,2021-07-23,0.5088165801113603,0.5088165801113603,0.5069534889119761,0.5093948890142745,0.5092180829495887,0.016291649796163633
TSLA,2021-07-26,0.5207416986972073,0.5207416986972073,0.523037690466159,0.5176971879719183,0.5130655533757736,0.05268344425477138
TSLA,2021-07-27,0.5099889776261588,0.5099889776261588,0.5216282544276557,0.5008810258013113,0.5234395152365678,0.07803735180238011
TSLA,2021-07-28,0.5118313549129264,0.5118313549129264,0.5120689329673845,0.5111721294853921,0.5097522214308113,0.021044892832460818
TSLA,2021-07-29,0.5372644034827342,0.5372644034827342,0.5358801549746787,0.5191274258730131,0.5120807152548268,0.06983540492937448
TSLA,2021-07-30,0.5455131628472266,0.5455131628472266,0.54735462739962,0.5362228714562912,0.5304167063109012,0.06733212747386004
TSLA,2021-08-02,0.5643304438890323,0.5643304438890323,0.5717379429751722,0.5611043542747475,0.5539855811215763,0.08075867415140522
TSLA,2021-08-03,0.5643890580145311,0.5643890580145311,0.5681811635578684,0.563313207521641,0.5698428578752598,0.040081263263267344
TSLA,2021-08-04,0.5653772178006528,0.5653772178006528,0.5700465969575644,0.5700159706848107,0.5631661077576774,0.02442238449554992
TSLA,2021-08-05,0.5684841498014986,0.5684841498014986,0.5667717275193651,0.5721148384124126,0.567339081356741,0.010576703310416581
TSLA,2021-08-06,0.5554787142302501,0.5554787142302501,0.5629413876376852,0.560452692978515,0.5639172483541525,0.019744083794347382
TSLA,2021-08-09,0.5677555559040308,0.5677555559040308,0.5651798925363847,0.5668000080474611,0.5624733819911707,0.016666022366048208
TSLA,2021-08-10,0.5645984051298668,0.5645984051298668,0.5631569189746984,0.5640495177645634,0.5656615556738853,0.012315297663494672
TSLA,2021-08-11,0.5627811755646998,0.5627811755646998,0.5619879110080351,0.5660213927016623,0.5645932787114399,0.0
TSLA,2021-08-12,0.5748654224925644,0.5748654224925644,0.5683055333749827,0.5619506500369614,0.5592769179107431,0.02597040150779909
TSLA,2021-08-13,0.5706112406985206,0.5706112406985206,0.5741920171632245,0.5745944908068399,0.5737737671429433,0.023503069244682998
TSLA,2021-08-16,0.5446505883293415,0.5446505883293415,0.5572787467488455,0.5424855375785477,0.5582169695506085,0.043665948441029875
TSLA,2021-08-17,0.5275165945672272,0.5275165945672272,0.5283272219036558,0.5191612854516889,0.5311678469073764,0.047205871681088835
TSLA,2021-08-18,0.5470121740632997,0.5470121740632997,0.5458954737961427,0.5365190846583002,0.5287391806280455,0.0357715703369421
TSLA,2021-08-19,0.5340151338442318,0.5340151338442318,0.5382513412528812,0.5350295731240544,0.5357998487484751,0.015303496110798002
TSLA,2021-08-20,0.5397013173766695,0.5397013173766695,0.5428776176022211,0.5402005196501017,0.5396723431861901,0.017095330041296278
TSLA,2021-08-23,0.5615082638333823,0.5615082638333823,0.5594592225201821,0.5461670113112858,0.5418339211226108,0.03548502611452138
TSLA,2021-08-24,0.5633422457679692,0.5633422457679692,0.5620210813529108,0.5646926947956586,0.5628990194147672,0.011131140947881507
TSLA,2021-08-25,0.565611712637589,0.565611712637589,0.5634719992986787,0.5658436880250188,0.559852775812715,0.009647553997478409
TSLA,2021-08-26,0.5572038249310789,0.5572038249310789,0.5621703099525122,0.5604442087133776,0.5609210527751604,0.011576047480208101
TSLA,2021-08-27,0.5662146829318788,0.5662146829318788,0.5618386824084337,0.564235706706344,0.55815855472064,0.013676806601978883
TSLA,2021-08-30,0.582117665053696,0.582117665053696,0.5751040118856101,0.5732319333221604,0.5662708043942957,0.029853499603585562
TSLA,2021-08-31,0.5861457473629843,0.5861457473629843,0.5828890614660841,0.5848348438638435,0.5815271228252817,0.037487444615579735
TSLA,2021-09-01,0.5847807167673285,0.5847807167673285,0.5842156095947376,0.5889225163178824,0.5824284839001325,0.011542136921341747
TSLA,2021-09-02,0.5833570720461738,0.5833570720461738,0.5833699555621036,0.5883047146003256,0.5827790110845411,0.010094156057748327
TSLA,2021-09-03,0.5843452318322956,0.5843452318322956,0.5775912564185383,0.5829390948673603,0.5809011786956522,0.01846599483067441
TSLA,2021-09-07,0.6005496799337869,0.6005496799337869,0.5993131641743946,0.5956845143732665,0.5873692935048905,0.0347216994344397
TSLA,2021-09-08,0.6013452449739927,0.6013452449739927,0.6028367732468227,0.596962461652193,0.6053797813880862,0.03049373095498238
TSLA,2021-09-09,0.6021743147530381,0.6021743147530381,0.6008884519372768,0.6061533614749274,0.5985611775990369,0.014503885132729322
TSLA,2021-09-10,0.5866063416846762,0.5866063416846762,0.6013112789535938,0.5916730066007801,0.6037272797167605,0.018256088471291662
TSLA,2021-09-13,0.5922423064437957,0.5922423064437957,0.5865287287932377,0.5699482902683957,0.587544537994796,0.04459882791544334
TSLA,2021-09-14,0.5934900704535128,0.5934900704535128,0.5945625559602801,0.593264058130117,0.589514176032092,0.029584588871775355
TSLA,2021-09-15,0.6029866321626637,0.6029866321626637,0.5965440476147017,0.5949228288168056,0.5915422288993565,0.018844436667622942
TSLA,2021-09-16,0.603958077914307,0.603958077914307,0.5982436672423586,0.602751209895797,0.5980770871408742,0.013980645209421438
TSLA,2021-09-17,0.6060516640724892,0.6060516640724892,0.6000095896074273,0.6047738742009098,0.6016825314402767,0.06240763611528777
TSLA,2021-09-20,0.5814979423899864,0.5814979423899864,0.5842238832047868,0.5782166909064269,0.5828290973121989,0.05072036200199802
TSLA,2021-09-21,0.5892107792728098,0.5892107792728098,0.5864955964007016,0.5882200656536359,0.5830210372113236,0.022143934045319426
TSLA,2021-09-22,0.5997290055069221,0.5997290055069221,0.5938992629197835,0.5955660445888376,0.590315402856225,0.018059746335455457
TSLA,2021-09-23,0.6011526502280767,0.6011526502280767,0.5976550264540024,0.6030135635191302,0.599888176097484,0.007280257883018067
TSLA,2021-09-24,0.618529534179308,0.618529534179308,0.6114177592949568,0.6001699400244054,0.592285040893521,0.039242655142502345
TSLA,2021-09-27,0.6327409103391362,0.6327409103391362,0.6314815672827605,0.6211161184928644,0.6150109694593138,0.0619549301544219
TSLA,2021-09-28,0.6211842288757012,0.6211842288757012,0.6286957896459504,0.6184671294641209,0.6267620160462128,0.052835363558492665
TSLA,2021-09-29,0.6243246272804454,0.6243246272804454,0.6269215936708326,0.6222755572464254,0.6205860135914146,0.03778416200566036
TSLA,2021-09-30,0.6194423658054526,0.6194423658054526,0.6232985115161168,0.6259316169246881,0.6215875853261785,0.02765541717786834
TSLA,2021-10-01,0.6192246233379362,0.6192246233379362,0.6163757011407147,0.6162752060065654,0.6194176405828493,0.024520046905085024
TSLA,2021-10-04,0.6245088650091221,0.6245088650091221,0.6380892973341824,0.6268794526819931,0.6345237385354598,0.07013619158651906
TSLA,2021-10-05,0.623721618651214,0.623721618651214,0.6300803669019667,0.625254580314917,0.6247590253950761,0.029271594413438892
TSLA,2021-10-06,0.625530491199142,0.625530491199142,0.6212506791719437,0.6244251368601677,0.6175815276147095,0.01638626025540077
TSLA,2021-10-07,0.6346251493819827,0.6346251493819827,0.6364560563486168,0.6330236877607572,0.6253098592855181,0.031859648266119214
TSLA,2021-10-08,0.6278250674554209,0.6278250674554209,0.6293093271691333,0.6309333042982926,0.6342816742040797,0.023527145741478107
TSLA,2021-10-11,0.633226614047487,0.633226614047487,0.6333386511677281,0.6348178580212128,0.6271375672421515,0.014919628584430848
TSLA,2021-10-12,0.6447665048065607,0.6447665048065607,0.6425249390813357,0.6441865012615272,0.6382209502786717,0.04143666830115561
TSLA,2021-10-13,0.6492551431025995,0.6492551431025995,0.6450867979140644,0.6519809452799693,0.6461830176785497,0.014647665902322672
TSLA,2021-10-14,0.6553182741144541,0.6553182741144541,0.6490994987878818,0.6583875339820666,0.6503726102776372,0.008296557332242771
TSLA,2021-10-15,0.6760113988469256,0.6760113988469256,0.6681352537985744,0.666004312064802,0.6572579957035635,0.030939993909663635
TSLA,2021-10-18,0.6986892768387627,0.6986892768387627,0.6947072808031727,0.6906488165734638,0.6806683214335523,0.048853585736405095
TSLA,2021-10-19,0.6937985816766479,0.6937985816766479,0.696937512091823,0.699992045759303,0.702150766751592,0.025705899148641513
TSLA,2021-10-20,0.695079888760146,0.695079888760146,0.6899234642918427,0.6956505039470683,0.6919854401991419,0.014349252984298733
TSLA,2021-10-21,0.7186956694298452,0.7186956694298452,0.7152187745897804,0.6940594136767948,0.6841819982891456,0.07352114357255876
TSLA,2021-10-22,0.7318266902693303,0.7318266902693303,0.7235096150011006,0.7240695379184219,0.7171483636465764,0.044355689208371574
TSLA,2021-10-25,0.8282829998946148,0.8282829998946148,0.8354521662029638,0.769127029383739,0.7630759444294164,0.17990060136985092
TSLA,2021-10-26,0.8228982440069099,0.8228982440069099,0.8768399516651336,0.817569703897912,0.8249693030235661,0.1784183708418025
TSLA,2021-10-27,0.8391697399210221,0.8391697399210221,0.8568922019320554,0.8424003973483544,0.8374631998092272,0.0974111322939069
TSLA,2021-10-28,0.8719806163201981,0.8719806163201981,0.8652825533780029,0.8622209579009917,0.8613742349974025,0.059047099731631844
TSLA,2021-10-29,0.902932401398128,0.902932401398128,0.8936453994824965,0.8783092940938138,0.8726829487514858,0.06822058411615858
TSLA,2021-11-01,0.9821458076925984,0.9821458076925984,0.9720267726146078,0.9167740079152529,0.9253790853003152,0.156829891750714
TSLA,2021-11-02,0.9515038456115817,0.9515038456115817,0.9710650603272483,0.9399121098412675,0.9373638676162837,0.11169188594929556
TSLA,2021-11-03,0.9865590794937185,0.9865590794937185,0.9767028044812615,0.9455146691430907,0.952361464511268,0.08419279644780114
TSLA,2021-11-04,1.0,1.0,1.0,1.0,1.0,0.05288962045267884
TSLA,2021-11-05,0.9934512419496773,0.9934512419496773,0.9969987289785164,0.9923832219172646,0.9946502865854625,0.04011008723830374
TSLA,2021-11-08,0.9439166706668778,0.9439166706668778,0.9614559833496634,0.928910071227803,0.9293768144094734,0.0801818555450885
TSLA,2021-11-09,0.8271440687837146,0.8271440687837146,0.9428016493527026,0.8261005356411497,0.9492484774769366,0.1671966887017478
TSLA,2021-11-10,0.8643682936538936,0.8643682936538936,0.8628781967549246,0.8056113840029419,0.8130513787536701,0.11191196547633823
TSLA,2021-11-11,0.8606500343415187,0.8606500343415187,0.8851556129066012,0.8626271953632291,0.8901342741419289,0.04271373994806259
TSLA,2021-11-12,0.8354514806086472,0.8354514806086472,0.8433118680355781,0.8326001800732007,0.8440063484484579,0.05348542897196072
TSLA,2021-11-15,0.8186775669517057,0.8186775669517057,0.824640986818519,0.7982400684951384,0.8190770843208973,0.08469162076872525
TSLA,2021-11-16,0.8532973158988095,0.8532973158988095,0.8455503729342776,0.8181959898806059,0.8071257692325629,0.05677237944287665
TSLA,2021-11-17,0.8820047434937788,0.8820047434937788,0.8973181992021864,0.8633212005032749,0.8573681772859335,0.07339872645505122
TSLA,2021-11-18,0.8881766690695088,0.8881766690695088,0.8909840296151404,0.8798411107309362,0.893289057006205,0.03763495554664838
TSLA,2021-11-19,0.9222437048305824,0.9222437048305824,0.9131371139020423,0.8948038677488732,0.8868793952315328,0.04015586649277332
TSLA,2021-11-22,0.938833380758847,0.938833380758847,0.9655599216480589,0.9284276690840132,0.9398425819186746,0.07891631348819607
TSLA,2021-11-23,0.898770300133481,0.898770300133481,0.9477761384185588,0.8694146074730885,0.9441658142007116,0.08942587389205726
TSLA,2021-11-24,0.9046072549906972,0.9046072549906972,0.908204068791111,0.8688221810690704,0.8714561227083543,0.043268516691116185
TSLA,2021-11-26,0.8760673510899264,0.8760673510899264,0.8883143861377353,0.8849020717376919,0.8873801046897192,0.006376202383641005
TSLA,2021-11-29,0.9221851290400251,0.9221851290400251,0.9164120212925814,0.9011427372936187,0.8886487265627956,0.032770824982858215
TSLA,2021-11-30,0.928692025334269,0.928692025334269,0.9374126448329181,0.9162154410899107,0.924853313626001,0.058636103758171604
TSLA,2021-12-01,0.8870210239241302,0.8870210239241302,0.9414253457067354,0.8931620268515225,0.938482192601789,0.044138661631626885
TSLA,2021-12-02,0.8783116319030043,0.8783116319030043,0.8918131364276763,0.864294450315055,0.887037944312219,0.04941107532416798
TSLA,2021-12-03,0.8200007357912827,0.8200007357912827,0.8732251431204671,0.81652873492878,0.8751283486446337,0.07112197153276405
TSLA,2021-12-06,0.8150096030825318,0.8150096030825318,0.8160682364280945,0.7744587895380285,0.8056234880396126,0.0590735499675476
TSLA,2021-12-07,0.8508017878793755,0.8508017878793755,0.8459400675580585,0.8390405508721006,0.8412522554054438,0.030161068372503416
TSLA,2021-12-08,0.8652141158023589,0.8652141158023589,0.8581358241985194,0.8442792552964363,0.8483545665374271,0.014134599146674698
TSLA,2021-12-09,0.8106465500547296,0.8106465500547296,0.8499362212117776,0.8183483192437108,0.854972901825041,0.033951929748173404
TSLA,2021-12-10,0.8217258848270529,0.8217258848270529,0.8155210395946632,0.8015660553927163,0.8116659272206568,0.034207276256437075
TSLA,2021-12-13,0.7793346465366854,0.7793346465366854,0.8022723332422643,0.7752374048838273,0.8052729226506061,0.05560619532346264
TSLA,2021-12-14,0.7727188790086833,0.7727188790086833,0.7702780554683265,0.7571094358556179,0.7584606762021348,0.04680165781940186
TSLA,2021-12-15,0.7873573064164222,0.7873573064164222,0.7805089435791434,0.7556283698455726,0.7653126708096226,0.05173327039533608
TSLA,2021-12-16,0.7462641659139141,0.7462641659139141,0.793964945610846,0.7502119994855301,0.799772988757693,0.06032654511765946
TSLA,2021-12-17,0.7509956943990698,0.7509956943990698,0.765510862081774,0.7393708132412444,0.7332309711178232,0.08029511681170212
TSLA,2021-12-20,0.7236700881041178,0.7236700881041178,0.7332015798885353,0.7261260618022105,0.7298342003313624,0.030608009538362
TSLA,2021-12-21,0.7559868271078207,0.7559868271078207,0.7479674689717741,0.7199733811992457,0.7349835688352689,0.04760601627571183
TSLA,2021-12-22,0.8148923748315343,0.8148923748315343,0.8111103704870158,0.7800020752067006,0.775703328079636,0.07260521937757848
TSLA,2021-12-23,0.8635726902787464,0.8635726902787464,0.8586333034669769,0.8142860221032105,0.8100384877654587,0.07156416522038134
TSLA,2021-12-27,0.886133340019586,0.886133340019586,0.8951294877731403,0.876202019582948,0.865847687757815,0.04718552534576902
TSLA,2021-12-28,0.8815525445242675,0.8815525445242675,0.8967876254935325,0.8827185550634001,0.8957427090924681,0.034952969445908255
TSLA,2021-12-29,0.8796431577598205,0.8796431577598205,0.884351402828892,0.8706332423779272,0.8866873789232126,0.030239401763484705
TSLA,2021-12-30,0.8663697609477374,0.8663697609477374,0.8773456286389608,0.8613323182949646,0.8555487979316108,0.019938391296651606
TSLA,2021-12-31,0.8550141079173406,0.8550141079173406,0.8661115842858593,0.8625510306816767,0.8656556714494947,0.012809035400588822
TSLA,2022-01-03,0.9747679415282888,0.9747679415282888,0.9648303258701504,0.9314828568340574,0.9276742647150876,0.08424467960286666
TSLA,2022-01-04,0.9327368216780356,0.9327368216780356,0.97057585466884,0.9204893412266669,0.9625601818821568,0.08008148029084408
TSLA,2022-01-05,0.8812594355618325,0.8812594355618325,0.9393526925324148,0.8849105172618924,0.9267562082310178,0.05732919081946222
TSLA,2022-01-06,0.8616465894798211,0.8616465894798211,0.8710860733517156,0.8337003451936105,0.8686268430169568,0.06887777074698857
TSLA,2022-01-07,0.8300416536692247,0.8300416536692247,0.8652244862983004,0.8248141040970859,0.8714393890945372,0.061901351471413055
TSLA,2022-01-10,0.8561362483238795,0.8561362483238795,0.8471256227448201,0.7994248438213012,0.8043632711780424,0.07054888308792262
TSLA,2022-01-11,0.8613953422734649,0.8613953422734649,0.8610127633552285,0.8492047779884885,0.84915579336156,0.04144039846263091
TSLA,2022-01-12,0.896417071416762,0.896417071416762,0.8933386686732449,0.8777845868471474,0.8701708436306564,0.06142016064109947
TSLA,2022-01-13,0.8338938552670754,0.8338938552670754,0.8939687534165259,0.8388120568274433,0.8953922201126572,0.0766470188888595
TSLA,2022-01-14,0.849009629365926,0.849009629365926,0.8412391389565783,0.8276746573811486,0.8209549167097864,0.04919574327536662
TSLA,2022-01-18,0.8330145283797704,0.8330145283797704,0.8568175876322548,0.8299427842611933,0.8265717566718319,0.04220915083213121
TSLA,2022-01-19,0.8038213970764504,0.8038213970764504,0.8434528230251304,0.8121194739591935,0.8391740781059238,0.05204219558660858
TSLA,2022-01-20,0.804340605523641,0.804340605523641,0.832666464470833,0.8112732169379163,0.8124838112494112,0.04644254500100714
TSLA,2022-01-21,0.7604838990909815,0.7604838990909815,0.801899261743261,0.7659956769521424,0.8013086607690818,0.08366209620154266
TSLA,2022-01-24,0.7488434941153888,0.7488434941153888,0.7430013294206463,0.6906488165734638,0.724876695317385,0.1380882040764561
TSLA,2022-01-25,0.7391291899387215,0.7391291899387215,0.7577175009389112,0.7344368450249917,0.732755247466569,0.06464946316194259
TSLA,2022-01-26,0.7550489244299585,0.7550489244299585,0.7879209596129537,0.7367980276349901,0.7646616644638652,0.08530268903949699
TSLA,2022-01-27,0.6643458461497325,0.6643458461497325,0.7445599561064113,0.6716322854211005,0.748746011084811,0.13305112966244753
TSLA,2022-01-28,0.6787916788115554,0.6787916788115554,0.6799828356748586,0.640327284111209,0.6637845635473681,0.11912474134721225
TSLA,2022-01-31,0.7544710635223277,0.7544710635223277,0.7467155730952609,0.6996027768273403,0.6981279754263061,0.08481505520299878
TSLA,2022-02-01,0.7498902680270092,0.7498902680270092,0.751449672041617,0.7359516931318395,0.7502900116985105,0.04943752556008375
TSLA,2022-02-02,0.7284601923798306,0.7284601923798306,0.7413348421855256,0.7227577698017561,0.7444228552119695,0.042265103254260694
TSLA,2022-02-03,0.7163005789570474,0.7163005789570474,0.7458948157974536,0.7152340474489743,0.7058813693132424,0.05590019986883396
TSLA,2022-02-04,0.7432494294472896,0.7432494294472896,0.745480224438846,0.715784168750116,0.7185838632026498,0.04998823303607337
TSLA,2022-02-07,0.7298670847315654,0.7298670847315654,0.754824014562104,0.7340136390324797,0.7407589578780007,0.03571087043657131
TSLA,2022-02-08,0.742144003075229,0.742144003075229,0.7370153345977772,0.7273193601344474,0.7255192966516362,0.024107355403681467
TSLA,2022-02-09,0.750518347707958,0.750518347707958,0.7535803922956399,0.7486463232697318,0.7501147290040073,0.025837133011454308
TSLA,2022-02-10,0.7275306467192076,0.7275306467192076,0.7515408335615158,0.7289273414531222,0.7278895863055963,0.04151228884742758
TSLA,2022-02-11,0.6902226983368709,0.6902226983368709,0.728450933722081,0.689997194018168,0.7289411296542248,0.056793403989373784
TSLA,2022-02-14,0.7034208053239183,0.7034208053239183,0.7142902326472966,0.6920706089503579,0.6888306573348658,0.04335431040504806
TSLA,2022-02-15,0.7425040448454604,0.7425040448454604,0.7342876240406695,0.72611761627801,0.7209040284243544,0.031519186255101
TSLA,2022-02-16,0.7433080052378468,0.7433080052378468,0.7371313928525027,0.7327441760186905,0.7326300127951257,0.02474623033272362
TSLA,2022-02-17,0.7039148660495084,0.7039148660495084,0.7305567572412773,0.7098007860405307,0.7319707542562531,0.02913663038915079
TSLA,2022-02-18,0.6876936655785972,0.6876936655785972,0.7043329050008558,0.6789189907231511,0.7092197634743325,0.044196648687288356
TSLA,2022-02-22,0.6580063968798041,0.6580063968798041,0.679344401416849,0.6480202268754968,0.6659294460745696,0.06091048494133812
TSLA,2022-02-23,0.609862003914261,0.609862003914261,0.6615771654074472,0.6137109046654483,0.6628414448471706,0.0744394415066597
TSLA,2022-02-24,0.6406211942462751,0.6406211942462751,0.6343667800495186,0.5624584274942898,0.554311084294455,0.11972733197826739
TSLA,2022-02-25,0.6482418739298187,0.6482418739298187,0.6484776876546497,0.6321942443060079,0.6451481315345428,0.05274889163338345
TSLA,2022-02-28,0.6989572380795972,0.6989572380795972,0.6960338668841658,0.6595385272114269,0.6499720732747661,0.07867826136495425
TSLA,2022-03-01,0.6938823051888056,0.6938823051888056,0.7068284990485123,0.6926037617212248,0.6955992131008552,0.051278529800938236
TSLA,2022-03-02,0.706879383742815,0.706879383742815,0.7040096269715057,0.6845554096036501,0.6976439231727412,0.051138818298408856
TSLA,2022-03-03,0.6728793574594207,0.6728793574594207,0.70397645662663,0.6746789501650707,0.703185652895599,0.03642197485599881
TSLA,2022-03-04,0.6720418923281947,0.6720418923281947,0.678449029819241,0.6683824632050751,0.6784232664510353,0.04249874700484989
TSLA,2022-03-07,0.6438118114243372,0.6438118114243372,0.687146036169761,0.650956944841112,0.6844323148136411,0.04870946586122307
TSLA,2022-03-08,0.6604098443698412,0.6604098443698412,0.6737563748278099,0.6319996098400266,0.6337141831090162,0.057644898122508004
TSLA,2022-03-09,0.6893601621539273,0.6893601621539273,0.6825197977727607,0.6741796569728796,0.6703944938234758,0.0336643682089867
TSLA,2022-03-10,0.6720502493454339,0.6720502493454339,0.6774541471870057,0.6558570534786888,0.6803846140906183,0.033059064733222246
TSLA,2022-03-11,0.6360822605070354,0.6360822605070354,0.6686243835523032,0.6418167956454548,0.6709954521461733,0.042541135203432834
TSLA,2022-03-14,0.6118132524347869,0.6118132524347869,0.6328909653689241,0.6098855858347426,0.6212620821532998,0.04719264656313095
TSLA,2022-03-15,0.6415590969241373,0.6415590969241373,0.6369286388822474,0.6103341283998566,0.6168053630067043,0.04231969925403553
TSLA,2022-03-16,0.6736665271474458,0.6736665271474458,0.6671320216516106,0.649001999693351,0.6449561152262225,0.06174773663974846
TSLA,2022-03-17,0.6999370025135382,0.6999370025135382,0.6944917115138197,0.6688563423427908,0.663308839896114,0.0420277293421962
TSLA,2022-03-18,0.728234092895075,0.728234092895075,0.7217270695112543,0.704122062057155,0.6996135994146349,0.08026900568137503
TSLA,2022-03-21,0.7414405568993616,0.7414405568993616,0.7507448970938558,0.7377205268196931,0.7334062538123264,0.0594336801027083
TSLA,2022-03-22,0.8024228617419548,0.8024228617419548,0.7963526791091468,0.7501273892797771,0.7459417936095413,0.0864342843888673
TSLA,2022-03-23,0.8067189819619605,0.8067189819619605,0.831870528003173,0.796378179077331,0.7876213287587276,0.1031721971397122
TSLA,2022-03-24,0.8191214089039778,0.8191214089039778,0.8184311490962479,0.8068724014925305,0.8124838112494112,0.04467037919465136
TSLA,2022-03-25,0.8163746336781876,0.8163746336781876,0.8162009178075976,0.8140829421130286,0.8110399830910271,0.03688315845658126
TSLA,2022-03-28,0.8843746862449762,0.8843746862449762,0.8792774027284084,0.8617132191846001,0.8586951757843806,0.08263358895112607
TSLA,2022-03-29,0.8908481544702632,0.8908481544702632,0.8932806015935424,0.8782246838880607,0.8944908208332089,0.04997636434047015
TSLA,2022-03-30,0.8861752017756649,0.8861752017756649,0.8926007992852872,0.8874409977652703,0.8804529998430436,0.034434137895253
TSLA,2022-03-31,0.8724496059940706,0.8724496059940706,0.8836383542710817,0.881212152480753,0.8832906081367518,0.022144612256496755
TSLA,2022-04-01,0.8783032748857651,0.8783032748857651,0.8766823735508038,0.8727490398948671,0.8720903954402947,0.028102019238138258
TSLA,2022-04-04,0.9292698862418998,0.9292698862418998,0.9224145633355488,0.8777338362200703,0.8789591236615996,0.05949505821425641
TSLA,2022-04-05,0.8838889825366252,0.8838889825366252,0.9248686375236012,0.8902337544101079,0.9181181486784501,0.05727866408675135
TSLA,2022-04-06,0.8457855074490241,0.8457855074490241,0.8636243397529313,0.8397938296452975,0.8656807336656225,0.0677607569379308
TSLA,2022-04-07,0.8554160881135338,0.8554160881135338,0.8616263008784114,0.834580539275437,0.8480875163991147,0.05656891608967851
TSLA,2022-04-08,0.8288105653590446,0.8288105653590446,0.838287661404748,0.8353421860909612,0.8404259663651832,0.028950461420974495
TSLA,2022-04-11,0.7873070876431042,0.7873070876431042,0.8051492723989734,0.7948886675430852,0.788005208556977,0.03386003213364558
TSLA,2022-04-12,0.7965356881114206,0.7965356881114206,0.8156951649290911,0.7965473994888371,0.8023935949361487,0.0413417187363298
TSLA,2022-04-13,0.8261978090886132,0.8261978090886132,0.8198819911373364,0.79358534495062,0.788572776061236,0.029071861221716053
TSLA,2022-04-14,0.7949026962749303,0.7949026962749303,0.8086645699090126,0.8012782877149078,0.8037707178668513,0.03280337911936991
TSLA,2022-04-18,0.811056887268162,0.811056887268162,0.8104968329638329,0.7938476985739532,0.7952077685534713,0.025221995473618607
TSLA,2022-04-19,0.831038208807527,0.831038208807527,0.8270950610065715,0.8123987961128013,0.8085862545955684,0.023111063184187916
TSLA,2022-04-20,0.7883706522590859,0.7883706522590859,0.8263156717590097,0.7954049292655508,0.8294010363632293,0.04669416134779551
TSLA,2022-04-21,0.8148170083366159,0.8148170083366159,0.8745848236416567,0.8133212952975043,0.8667323534234463,0.08592325226675131
TSLA,2022-04-22,0.8116933239663501,0.8116933239663501,0.8270204467067708,0.8112732169379163,0.8168070435314482,0.04554730624693533
TSLA,2022-04-25,0.8058061503358158,0.8058061503358158,0.805273604263748,0.7954472343684273,0.7868117733322839,0.044015227197353346
TSLA,2022-04-26,0.7039735185099486,0.7039735185099486,0.7981269509889439,0.7105624328560548,0.8005491533656982,0.12064461259560234
TSLA,2022-04-27,0.7082360573212316,0.7082360573212316,0.7301422417873491,0.7125597605885657,0.7197189218019722,0.053753322387004934
TSLA,2022-04-28,0.7048862734662102,0.7048862734662102,0.7152187745897804,0.6654541907636605,0.720887371219733,0.10800139982787
TSLA,2022-04-29,0.6992335563376708,0.6992335563376708,0.743739198808604,0.7063309153040485,0.7227818608132435,0.0663870401982547
TSLA,2022-05-02,0.726182406827913,0.726182406827913,0.7204917208548394,0.6877375126623239,0.6881629937844869,0.05242538490179842
TSLA,2022-05-03,0.7314666484990989,0.7314666484990989,0.7351830715429569,0.7220637646617103,0.7235580254212486,0.03877977601397657
TSLA,2022-05-04,0.7677863987603726,0.7677863987603726,0.7612327984489505,0.7192624850107987,0.7241922981531891,0.05905184720987312
TSLA,2022-05-05,0.7013438948652729,0.7013438948652729,0.7530249218521595,0.6959213030946021,0.7534697803697189,0.07134476390451601
TSLA,2022-05-06,0.6949542268220265,0.6949542268220265,0.705269796458068,0.6835737142676693,0.7100543047077084,0.049171666778571516
TSLA,2022-05-09,0.6291817410338375,0.6291817410338375,0.6701416421878227,0.6311363842884746,0.6678657314980249,0.06941321847148835
TSLA,2022-05-10,0.6400098285998046,0.6400098285998046,0.6533361184657803,0.6252968854177936,0.6535607839603517,0.06216924488645728
TSLA,2022-05-11,0.5847053502724099,0.5847053502724099,0.6404107660474109,0.5854780208949388,0.6332718502762005,0.07666363506270402
TSLA,2022-05-12,0.5796807128248193,0.5796807128248193,0.5988654783755907,0.5455322798043911,0.5548201987641477,0.12536869255127447
TSLA,2022-05-13,0.6145098088872589,0.6145098088872589,0.6218227727402017,0.6061025721069135,0.6153114104160647,0.07092834224163715
TSLA,2022-05-16,0.5766407903016527,0.5766407903016527,0.6072392066967606,0.5786144828444636,0.610036807240715,0.0640872260959384
TSLA,2022-05-17,0.6078270318815775,0.6078270318815775,0.6028616320293096,0.5868744379582943,0.5935118669366526,0.05746076378786369
TSLA,2022-05-18,0.5644476721400298,0.5644476721400298,0.5995619038086233,0.5631439483691982,0.5911416536918879,0.06602385811279601
TSLA,2022-05-19,0.5641210584387552,0.5641210584387552,0.5775912564185383,0.5574736699100232,0.559827751801185,0.06883266970369632
TSLA,2022-05-20,0.5260008309817342,0.5260008309817342,0.5672940655703095,0.5057557591253496,0.5656615556738853,0.13063635876557428
TSLA,2022-05-23,0.5352126407456893,0.5352126407456893,0.5327876844809565,0.5100380660453697,0.5164456287530153,0.06725786334994273
TSLA,2022-05-24,0.49607074876370716,0.49607074876370716,0.5111983821999239,0.49523616139661153,0.5152021073006644,0.06747149987080077
TSLA,2022-05-25,0.5217298968182705,0.5217298968182705,0.5239662703609825,0.4973011308046009,0.49043139225379007,0.07091545622926794
TSLA,2022-05-26,0.5627058090697812,0.5627058090697812,0.564881435337182,0.5232405123815271,0.521787013565242,0.08658654279817724
TSLA,2022-05-27,0.6061689306584281,0.6061689306584281,0.5989815366303162,0.579833156490239,0.573389849140096,0.06770039614314868
TSLA,2022-05-31,0.6050216041953472,0.6050216041953472,0.6147341106404207,0.5914275827667849,0.6156118513728157,0.08196487273028152
TSLA,2022-06-01,0.5900398107169138,0.5900398107169138,0.60907974336163,0.5886263031158733,0.6000217011666402,0.054082933019185916
TSLA,2022-06-02,0.6190403856092594,0.6190403856092594,0.6262002715029732,0.5846317251327249,0.5810847899924662,0.07242311967646614
TSLA,2022-06-03,0.5592052922249228,0.5592052922249228,0.5853763059990122,0.5626700304905458,0.5787562961684507,0.09381017004788848
TSLA,2022-06-06,0.5686599921779948,0.5686599921779948,0.5780886977346559,0.5650396973656815,0.5815772090529395,0.06194645251470532
TSLA,2022-06-07,0.5701841511156683,0.5701841511156683,0.5659758290040448,0.554232331959135,0.5556547782021213,0.049064848518142495
TSLA,2022-06-08,0.5776708501787947,0.5776708501787947,0.5907653484711364,0.5772942304626606,0.5708944394284858,0.052910305893587306
TSLA,2022-06-09,0.572244232535011,0.572244232535011,0.6046524511292051,0.5776750538704226,0.5940627008270944,0.07583486100401027
TSLA,2022-06-10,0.553460456232045,0.553460456232045,0.5647404803476298,0.5486974530737269,0.5585508013257979,0.07701630487491412
TSLA,2022-06-13,0.5120239496588423,0.5120239496588423,0.5327379289636428,0.515107472576326,0.5285305453197015,0.08292894991885204
TSLA,2022-06-14,0.5249707711045922,0.5249707711045922,0.5319834744032473,0.5076260940673576,0.516312103683859,0.07752733699703011
TSLA,2022-06-15,0.555394952383151,0.555394952383151,0.5551977440597965,0.523909064726161,0.5228970481530344,0.10142648156927216
TSLA,2022-06-16,0.505399825113601,0.505399825113601,0.52908998802644,0.49989929172439385,0.5274539015503477,0.08815490614574623
TSLA,2022-06-17,0.5145948825081363,0.5145948825081363,0.518651842188659,0.5113329431136343,0.5041604436848935,0.07148345809027941
TSLA,2022-06-21,0.5655363461426705,0.5655363461426705,0.5748801310338685,0.5396080932460836,0.5321276228121955,0.10556492617332229
TSLA,2022-06-22,0.5631496510220533,0.5631496510220533,0.5829802609383227,0.563710960718741,0.5569149950636914,0.08105267869677653
TSLA,2022-06-23,0.5605954705421791,0.5605954705421791,0.564284482986437,0.5505339671779956,0.5654361867517244,0.08455123105501852
TSLA,2022-06-24,0.5873181448777828,0.5873181448777828,0.5810733835837018,0.5694489583352679,0.5643428857777489,0.07502032938004038
TSLA,2022-06-27,0.5853417869705979,0.5853417869705979,0.5960051623436592,0.585901188146514,0.5941294824639715,0.06756848406915855
TSLA,2022-06-28,0.5545491302346857,0.5545491302346857,0.5907819336435742,0.5599449155211866,0.5819027122258182,0.06893948796412534
TSLA,2022-06-29,0.5440644087394131,0.5440644087394131,0.5440300403964466,0.5343779118278218,0.5468915603873059,0.060468630359309494
TSLA,2022-06-30,0.5339732337532115,0.5339732337532115,0.5397602503736723,0.5257201647759544,0.5318939252877238,0.07369747847866381
TSLA,2022-07-01,0.5409826244601676,0.5409826244601676,0.541683712900731,0.5339886041549224,0.5381283425724905,0.05093196388932407
TSLA,2022-07-05,0.5555624377424079,0.5555624377424079,0.5489381887725513,0.5188735565148173,0.5281132364984158,0.06237203002847809
TSLA,2022-07-06,0.5522126922223279,0.5522126922223279,0.5524617978449793,0.5468524934452575,0.5475926147561233,0.04798547542942637
TSLA,2022-07-07,0.584395488940555,0.584395488940555,0.5793240084387312,0.559606397216301,0.5554544714960881,0.0593760321526355
TSLA,2022-07-08,0.6000221144693572,0.6000221144693572,0.6032430150907018,0.582329777414941,0.5765195697882445,0.08189671250696014
TSLA,2022-07-11,0.5587698456248313,0.5587698456248313,0.5984758217041494,0.5632031832614127,0.6009814770714593,0.07894310282970049
TSLA,2022-07-12,0.5555708330945885,0.5555708330945885,0.5654203206082246,0.5498568918272878,0.5627821897548302,0.06615848303149545
TSLA,2022-07-13,0.5655447031599097,0.5655447031599097,0.5711078202795514,0.5413853724581379,0.5343726777947125,0.07748867895992247
TSLA,2022-07-14,0.5687437540250939,0.5687437540250939,0.5626346188760938,0.5523027233839759,0.5578998331846383,0.05556312891370238
TSLA,2022-07-15,0.573148668808975,0.573148668808975,0.5749962272409337,0.5714885524297186,0.5706774373132334,0.04553204649544547
TSLA,2022-07-18,0.574354571062613,0.574354571062613,0.5921416141647639,0.5783775045346691,0.5830377326205428,0.06006204275850188
TSLA,2022-07-19,0.5868743029255107,0.5868743029255107,0.5837430270611069,0.5717086009501753,0.5831963199058269,0.05820001397115025
TSLA,2022-07-20,0.5918235738781827,0.5918235738781827,0.5925064120537181,0.5882285499187733,0.5876614058593308,0.0672134405178278
TSLA,2022-07-21,0.6526384316964604,0.6526384316964604,0.6487264272888784,0.6171299860339166,0.6085011734339238,0.12731210667990533
TSLA,2022-07-22,0.6539867482576379,0.6539867482576379,0.6674305547554925,0.657363456061336,0.6613642258703479,0.08372618715780007
TSLA,2022-07-25,0.6444147433836855,0.6444147433836855,0.6509152146226038,0.6489511715844004,0.6513407911939625,0.03919111109302548
TSLA,2022-07-26,0.6203634777789535,0.6203634777789535,0.6339107447359862,0.6206760214519511,0.637060905872417,0.04229664007400641
TSLA,2022-07-27,0.6604601398130422,0.6604601398130422,0.6553425068550287,0.6347078337609845,0.6302923501064276,0.0663609290679276
TSLA,2022-07-28,0.675735003918969,0.675735003918969,0.6736817605280093,0.6626613566369495,0.6709954521461733,0.06253242697191595
TSLA,2022-07-29,0.7165601831806426,0.7165601831806426,0.7110402219915842,0.6786566370998179,0.6725811721806221,0.07450285425173979
TSLA,2022-08-01,0.7168784398646781,0.7168784398646781,0.744758978175666,0.7190255454419409,0.7241005307093799,0.09906528935540775
TSLA,2022-08-02,0.7251942087068499,0.7251942087068499,0.7347022153992772,0.7131013588836332,0.7058896979155531,0.07480194538094105
TSLA,2022-08-03,0.7423030930823052,0.7423030930823052,0.7389719295173721,0.7346399250151737,0.7334229110169479,0.057296636682950514
TSLA,2022-08-04,0.7454099867482097,0.7454099867482097,0.7490618626386368,0.7444148057177256,0.74844557012806,0.048440555129412866
TSLA,2022-08-05,0.6939996101096859,0.6939996101096859,0.7266766618422839,0.6950157724401738,0.7275891453488453,0.09469082726164778
TSLA,2022-08-08,0.6996606842554646,0.6996606842554646,0.7281524765228784,0.7040120377969267,0.708385145831761,0.07866367982464172
TSLA,2022-08-09,0.6818483537041419,0.6818483537041419,0.6963074273485418,0.6792998141309131,0.6966007084264235,0.06425237051761755
TSLA,2022-08-10,0.7095424354564474,0.7095424354564474,0.7090255599922869,0.6894978233441035,0.7135596529609909,0.07405726950823587
TSLA,2022-08-11,0.690130617807474,0.690130617807474,0.7108329263122805,0.6957520826830961,0.7121742014279776,0.046065459586413254
TSLA,2022-08-12,0.7237956733723544,0.7237956733723544,0.7156167428236104,0.6937208953719092,0.6944057014669666,0.056806290001743004
TSLA,2022-08-15,0.7471351357839799,0.7471351357839799,0.7478845810619243,0.7348430824872291,0.7253774811847669,0.06777296473912268
TSLA,2022-08-16,0.7402094685891816,0.7402094685891816,0.7516983357711663,0.7390407404605596,0.7501147290040073,0.06639077035973
TSLA,2022-08-17,0.7337612247553779,0.7337612247553779,0.7392372922763785,0.7318047857855862,0.7294085247031682,0.044495400710900954
TSLA,2022-08-18,0.730930649347547,0.730930649347547,0.7313858640538132,0.7364256497514287,0.7359266875354665,0.020457901058484183
TSLA,2022-08-19,0.7153458855748238,0.7153458855748238,0.7161141461873884,0.7126782303729947,0.7184002519058358,0.036163915503025834
TSLA,2022-08-22,0.6983793771719664,0.6983793771719664,0.696315700958591,0.6969284124850582,0.7006568141609525,0.029888088373629246
TSLA,2022-08-23,0.7148099630931549,0.7148099630931549,0.7123003914781465,0.7010584287829102,0.6995050983570087,0.039091074944369725
TSLA,2022-08-24,0.7164262408951668,0.7164262408951668,0.7242889283439831,0.7228339344833086,0.714803136208744,0.03148934496329861
TSLA,2022-08-25,0.7138469126936922,0.7138469126936922,0.7225809971539374,0.7103932124445488,0.7268129043316447,0.026934252625977165
TSLA,2022-08-26,0.6937985816766479,0.6937985816766479,0.7201932636556366,0.69990743555355,0.7144693044335545,0.03138094421012248
TSLA,2022-08-29,0.6855833270509951,0.6855833270509951,0.6847251323265844,0.6827189342403182,0.6779141519813426,0.014087463469850466
TSLA,2022-08-30,0.6676956300047538,0.6676956300047538,0.6865657448961332,0.6622805332291875,0.6905332070292516,0.023895640481159185
TSLA,2022-08-31,0.6624448164025247,0.6624448164025247,0.6685829395973784,0.6601478446638464,0.672380827269991,0.025665206478001884
TSLA,2022-09-01,0.6663389564263372,0.6663389564263372,0.6594547187634733,0.6457775140499273,0.6522504426665261,0.02812903465003512
TSLA,2022-09-02,0.6488783106280067,0.6488783106280067,0.6713189237645352,0.6532165487150827,0.6735075572670027,0.024289342069597583
TSLA,2022-09-06,0.6594552276575006,0.6594552276575006,0.6555000090646791,0.6447365450807954,0.6525008356002171,0.029907078286594405
TSLA,2022-09-07,0.6827695423475256,0.6827695423475256,0.6750248938291007,0.6613157289416078,0.653552455358041,0.023315882959740707
TSLA,2022-09-08,0.6967380283182368,0.6967380283182368,0.6891027069940353,0.6803323375758444,0.6740833769643769,0.027480325658921723
TSLA,2022-09-09,0.7229163464850494,0.7229163464850494,0.7148457030907771,0.7095045728385216,0.7000476036451398,0.02818679563530415
TSLA,2022-09-12,0.7348247893713595,0.7348247893713595,0.7288737227860584,0.7327357304944899,0.7227067505740558,0.02178504729731716
TSLA,2022-09-13,0.7039483707883482,0.7039483707883482,0.7087519236232315,0.7073464702187052,0.7031271998610327,0.0438890799183705
TSLA,2022-09-14,0.7302774219449978,0.7302774219449978,0.7301422417873491,0.7104947911805765,0.7014746981897069,0.04886161123533679
TSLA,2022-09-15,0.7331415020916682,0.7331415020916682,0.7379024325853362,0.7335482054189646,0.7254859058331976,0.040007338244938684
TSLA,2022-09-16,0.7321365899361266,0.7321365899361266,0.7244464305536336,0.7205489165548626,0.7199275189057184,0.06520548329215461
TSLA,2022-09-19,0.746507056103031,0.746507056103031,0.7396932516852316,0.7261345073264112,0.7211293591419177,0.03484807278381499
TSLA,2022-09-20,0.7456528769373266,0.7456528769373266,0.7483737108156533,0.7458873487216967,0.738205133336422,0.036443677613673287
TSLA,2022-09-21,0.7257301311885189,0.7257301311885189,0.7495427187823166,0.7333197113743074,0.7416603571574492,0.03747557591997651
TSLA,2022-09-22,0.6950547410385455,0.6950547410385455,0.718427341290568,0.6957182231044201,0.7205534630353481,0.04650674899246078
TSLA,2022-09-23,0.6617413702266574,0.6617413702266574,0.6766664843293947,0.6627121847459001,0.6785651583271001,0.038823746705306625
TSLA,2022-09-26,0.6634498052279492,0.6634498052279492,0.6756467049623327,0.6563394556224786,0.6503726102776372,0.032412955551621936
TSLA,2022-09-27,0.6808601555830787,0.6808601555830787,0.6870383274297639,0.6746197540137929,0.680442990715989,0.03676288900780192
TSLA,2022-09-28,0.6930951355007805,0.6930951355007805,0.6878590847275713,0.6747720833768978,0.6785400961109723,0.028556081621358767
TSLA,2022-09-29,0.6438536731804161,0.6438536731804161,0.67455231129547,0.644838123816823,0.6777389456960349,0.05450421519550229
TSLA,2022-09-30,0.6364172312255493,0.6364172312255493,0.6544554088674698,0.6364342848640883,0.6361511779906579,0.04332051288137792
TSLA,2022-10-03,0.5790107330528501,0.5790107330528501,0.6036907388418455,0.5819489152662422,0.6069821968317544,0.07795099291246713
TSLA,2022-10-04,0.5966974783359362,0.5966974783359362,0.6095108819403358,0.5844878412938207,0.5970171769853373,0.09062789016867338
TSLA,2022-10-05,0.5750161554824016,0.5750161554824016,0.5825740190944436,0.5622976526069844,0.5832213439173568,0.06508668330092614
TSLA,2022-10-06,0.568283159703402,0.568283159703402,0.5773756871291853,0.5675786233932599,0.5692753285755986,0.04509720009558256
TSLA,2022-10-07,0.5304476458566355,0.5304476458566355,0.5524783830174173,0.5337347347967266,0.5555045577237459,0.061621137219980734
TSLA,2022-10-10,0.5301712892636203,0.5301712892636203,0.5336250649035414,0.5244422562379646,0.5304417303224312,0.04354477471068076
TSLA,2022-10-11,0.5139416934405285,0.5139416934405285,0.5305408680198682,0.5159114632356635,0.5229804869945329,0.05381763941365479
TSLA,2022-10-12,0.5158008230967159,0.5158008230967159,0.5144981483729498,0.5070505974526774,0.5089092751859292,0.04234174111729866
TSLA,2022-10-13,0.5270560002455353,0.5270560002455353,0.523676086771829,0.4936196958127994,0.49130772931711064,0.07017360623646827
TSLA,2022-10-14,0.4850249187302236,0.4850249187302236,0.5318093490688193,0.4883895143945377,0.5306420370284645,0.07315943094465097
TSLA,2022-10-17,0.5211018171373217,0.5211018171373217,0.5208654883048714,0.5018204160344156,0.4956642760083906,0.05654811761357381
TSLA,2022-10-18,0.5232121556649239,0.5232121556649239,0.5406639714860088,0.521624046797715,0.5443877838687873,0.052550175758426604
TSLA,2022-10-19,0.5278599223029802,0.5278599223029802,0.523526820219888,0.5229696744930566,0.5201011592800755,0.04201484332982698
TSLA,2022-10-20,0.4907781117403406,0.4907781117403406,0.5051709813744695,0.4829054248771434,0.49125764308945297,0.09991893115727017
TSLA,2022-10-21,0.5087663230031009,0.5087663230031009,0.502957335258257,0.48747549947497193,0.48660061723682424,0.05234886007395667
TSLA,2022-10-24,0.5007520201406032,0.5007520201406032,0.5000721224914989,0.474247677825276,0.4850983742484717,0.08030585515534314
TSLA,2022-10-25,0.5288146156852037,0.5288146156852037,0.5270587408547047,0.5032168330977711,0.49581453469136383,0.07585351181138676
TSLA,2022-10-26,0.5343919663188246,0.5343919663188246,0.5426040191855055,0.5240360187757273,0.5190996257499094,0.0628596638649763
TSLA,2022-10-27,0.5355225020775441,0.5355225020775441,0.5505880528828945,0.5358420480485291,0.5450638142260746,0.03643915620582443
TSLA,2022-10-28,0.5441397752343315,0.5441397752343315,0.5382762000353682,0.5193390288692691,0.5341222848610215,0.044932168709099635
TSLA,2022-10-31,0.5416776752838544,0.5416776752838544,0.5407385857858094,0.533531616065608,0.536100289705226,0.036343641465017534
TSLA,2022-11-01,0.5423811597946632,0.5423811597946632,0.5595172516475448,0.5470894717550521,0.5557799746689668,0.0376260257661469
TSLA,2022-11-02,0.510122958246576,0.510122958246576,0.5358138142849271,0.5154544751463489,0.5357247003046895,0.038057255039730745
TSLA,2022-11-03,0.5109520280256215,0.5109520280256215,0.5192238978045775,0.5035722811919946,0.4989692793510422,0.03067436119854383
TSLA,2022-11-04,0.49125545843145235,0.49125545843145235,0.5256907487711264,0.4856474696358405,0.5271117411728474,0.07824341496509134
TSLA,2022-11-07,0.4651524684246168,0.4651524684246168,0.48863078245909375,0.46934756918769915,0.4921840281758335,0.07292431773651088
TSLA,2022-11-08,0.45063126926787533,0.45063126926787533,0.45455553994844655,0.44418680295657176,0.4555538036890317,0.11235879360700059
TSLA,2022-11-09,0.4161873626972676,0.4161873626972676,0.45627174474854126,0.41973693291389136,0.44744155401537594,0.11039118994637835
TSLA,2022-11-10,0.4491741198078811,0.4491741198078811,0.4441091205006164,0.42712521695196953,0.4452382184536082,0.11676671411884205
TSLA,2022-11-11,0.4623637931078064,0.4623637931078064,0.4578387209490347,0.4336248613840205,0.4354735053132245,0.09608195142154193
TSLA,2022-11-14,0.44975194238057037,0.44975194238057037,0.4558737765147113,0.4431458339874398,0.45242408304088333,0.07101413595556903
TSLA,2022-11-15,0.4584696914189354,0.4584696914189354,0.4685338800310935,0.4576684939644636,0.46021082954166037,0.06995974364521779
TSLA,2022-11-16,0.43962730099047065,0.43962730099047065,0.4480141126344366,0.441419382884336,0.4492693001766072,0.04201043495717435
TSLA,2022-11-17,0.4302061057762383,0.4302061057762383,0.4320708660698059,0.42933407019886305,0.43036581802546936,0.039487941518302316
TSLA,2022-11-18,0.4227194067131119,0.4227194067131119,0.42965823583667845,0.41828976522345873,0.43309492526155124,0.05272764101649387
TSLA,2022-11-21,0.391767621635182,0.391767621635182,0.40871564142370453,0.39541401692077727,0.41006018893209895,0.07175575987797625
TSLA,2022-11-22,0.39689277329929157,0.39689277329929157,0.39416524572513917,0.39198649002810837,0.3919829194120262,0.055444328922473904
TSLA,2022-11-23,0.4302814722711568,0.4302814722711568,0.4257532437028583,0.4080071070635786,0.4043515815262441,0.09058064145665293
TSLA,2022-11-25,0.42942729310545236,0.42942729310545236,0.42968309461916543,0.4286485880648913,0.4331199492730813,0.024043603553012716
TSLA,2022-11-28,0.42957802609528944,0.42957802609528944,0.43789100916829615,0.4245101262428386,0.4203507119513946,0.07178119279712601
TSLA,2022-11-29,0.42432728916294327,0.42432728916294327,0.43261806290323723,0.42387539473594404,0.43294470478317576,0.060988479226730744
TSLA,2022-11-30,0.45917313759480277,0.45917313759480277,0.45346114628158385,0.4286485880648913,0.4265350048039058,0.0901846791642901
TSLA,2022-12-01,0.45917313759480277,0.45917313759480277,0.4638080926471263,0.45700838714403036,0.46321535372296324,0.05724599691504342
TSLA,2022-12-02,0.45957511779099597,0.45957511779099597,0.457167154298489,0.45525652198645133,0.4499453305338946,0.05001140525129871
TSLA,2022-12-05,0.42839723322831036,0.42839723322831036,0.4447806871511621,0.4284454693337726,0.44408650264966437,0.0720270443489071
TSLA,2022-12-06,0.42178986105248895,0.42178986105248895,0.42582785800265893,0.4151922723705381,0.423505456611073,0.07092845527683336
TSLA,2022-12-07,0.40726862356080595,0.40726862356080595,0.4152073511727405,0.40729621087513157,0.40800707384870666,0.061956286576776556
TSLA,2022-12-08,0.4057612553274937,0.4057612553274937,0.4048106492898843,0.3992731953301588,0.40092138171674707,0.07711566281239254
TSLA,2022-12-09,0.4198553649013829,0.4198553649013829,0.4229675419707275,0.41019058499693356,0.4050275736789338,0.08530822776411183
TSLA,2022-12-12,0.39164203636694533,0.39164203636694533,0.41020796537205756,0.3953632662937001,0.4106861330617286,0.09087204619251114
TSLA,2022-12-13,0.3743823806667115,0.3743823806667115,0.40443757779088096,0.3684252595914551,0.4076064604366402,0.16555236570231818
TSLA,2022-12-14,0.3639562732969376,0.3639562732969376,0.37103386397843985,0.3643629624509549,0.36849748344284966,0.12578613153091933
TSLA,2022-12-15,0.3661419783194582,0.3661419783194582,0.3693176591783451,0.35920894571424555,0.35395054798299175,0.10504665979864815
TSLA,2022-12-16,0.34745032088083055,0.34745032088083055,0.3694669257302861,0.3509828114381541,0.36947395475688805,0.12392093775807349
TSLA,2022-12-19,0.3465458846068666,0.3465458846068666,0.35519012844843645,0.34026857924343473,0.35535265672062655,0.12432605590133021
TSLA,2022-12-20,0.31622221754482693,0.31622221754482693,0.33832661355137106,0.3195509335605696,0.33544764103932256,0.14712830692944184
TSLA,2022-12-21,0.31564439497213764,0.31564439497213764,0.3203935637699299,0.31505702364429344,0.3186472837900392,0.1311384611071888
TSLA,2022-12-22,0.284943837933093,0.284943837933093,0.30887764739006374,0.28045146886176753,0.31028467938729026,0.2042416005241216
TSLA,2022-12-23,0.2794167444077317,0.2794167444077317,0.2889547943918122,0.27730318664083303,0.2861733183907829,0.15552275274161215
TSLA,2022-12-27,0.24411865867141946,0.24411865867141946,0.2666939634125735,0.24617596748945825,0.2639648137946946,0.2026060942699972
TSLA,2022-12-28,0.2531881307977181,0.2531881307977181,0.258237328205384,0.24485571510765514,0.2460628078668262,0.21665309113960052
TSLA,2022-12-29,0.27607535590489096,0.27607535590489096,0.2763942208862271,0.2683661755467629,0.2712007264050297,0.21761705529297476
TSLA,2022-12-30,0.27949211090265025,0.27949211090265025,0.27865762251975323,0.27407875910881446,0.2700990586241458,0.14510949832493142
TSLA,2023-01-03,0.24160633994762415,0.24160633994762415,0.26453007281367474,0.23571558528246633,0.2663934800740255,0.2283322267187623
TSLA,2023-01-04,0.2555245879775466,0.2555245879775466,0.25405875663101796,0.24302768526852375,0.2429581303325067,0.17066867778887784
TSLA,2023-01-05,0.24723392852203385,0.24723392852203385,0.24699499126606367,0.24211368971942637,0.24646342127889267,0.14534574188503369
TSLA,2023-01-06,0.25406743851755237,0.25406743851755237,0.2535613153149003,0.22853041997550688,0.22766005427617367,0.21647291303682392
TSLA,2023-01-09,0.2709250948541223,0.2709250948541223,0.2762698510691128,0.26737599594564476,0.267620325219456,0.1818535104549644
TSLA,2023-01-10,0.2686137662284236,0.2686137662284236,0.2743795588869297,0.2618157417466981,0.27290329520171436,0.15626064650254406
TSLA,2023-01-11,0.27959260595169855,0.27959260595169855,0.2823138560431749,0.27600834831350524,0.2754571388455919,0.17453651613317445
TSLA,2023-01-12,0.28044678511740295,0.28044678511740295,0.2777870717522925,0.2670967125329737,0.2766339168656635,0.15824825739289744
TSLA,2023-01-13,0.2775325053648852,0.2775325053648852,0.27405620495290034,0.26354221222027013,0.26158623374302137,0.17103615521179294
TSLA,2023-01-17,0.30036949253126927,0.30036949253126927,0.2966155121075115,0.2874588907511469,0.2844957736056283,0.17755026053482376
TSLA,2023-01-18,0.29356109192240976,0.29356109192240976,0.3090019792548384,0.2925113674927653,0.31168678812492506,0.1879532287486484
TSLA,2023-01-19,0.28951625724370167,0.28951625724370167,0.29236234520951465,0.2856562555960224,0.2884016779640806,0.15925540099122826
TSLA,2023-01-20,0.30521824926742225,0.30521824926742225,0.30111741863973707,0.2933745930443171,0.29195701693352655,0.1237241434814524
TSLA,2023-01-23,0.33117050628442063,0.33117050628442063,0.3306410370531847,0.31094397587671607,0.30995917621441155,0.19636180396034636
TSLA,2023-01-24,0.3315222293723543,0.3315222293723543,0.3334267387853155,0.32828484529398944,0.32781111501692106,0.14615145676369834
TSLA,2023-01-25,0.33287886461582955,0.33287886461582955,0.3332028958859135,0.3205919025297016,0.3250820077808391,0.1846232118679722
TSLA,2023-01-26,0.37267402233530256,0.37267402233530256,0.3705364226623221,0.36296654538759937,0.37030020559255095,0.23218932671941794
TSLA,2023-01-27,0.41696617536805347,0.41696617536805347,0.41844073870367526,0.3792410705222022,0.37645947443353217,0.3133209039831568
TSLA,2023-01-30,0.3887277374469569,0.3887277374469569,0.41617737502248886,0.3927735508981078,0.4155684896319205,0.22773992229056328
TSLA,2023-01-31,0.4052085421414634,0.4052085421414634,0.4025721443911849,0.383328742976241,0.381817592859576,0.1892341435922269
TSLA,2023-02-01,0.42578443862293747,0.42578443862293747,0.42622582623648897,0.40148204857705233,0.4051527701457793,0.20844198841570094
TSLA,2023-02-02,0.4430189466015709,0.4430189466015709,0.45841077656495305,0.4336756507520344,0.43880353266740607,0.2125587302620766
TSLA,2023-02-03,0.4473149901516936,0.4473149901516936,0.4640070767640413,0.4364176955107315,0.4303407558093416,0.22975556590957952
TSLA,2023-02-06,0.4593238705846398,0.4593238705846398,0.4619426592474302,0.4522351938150831,0.45302496495438527,0.17722370185294078
TSLA,2023-02-07,0.46447413163540846,0.46447413163540846,0.46027620996464913,0.4512958035819788,0.4615878760631674,0.1770227252740595
TSLA,2023-02-08,0.4757293087842278,0.4757293087842278,0.47395605489575376,0.4633810775265151,0.4607616634321023,0.17099037595732336
TSLA,2023-02-09,0.4908786259568596,0.4908786259568596,0.5013157447579629,0.489938260820998,0.4900057548301936,0.2102789233894915
TSLA,2023-02-10,0.46467512173350506,0.46467512173350506,0.4819152298106557,0.4597758072162661,0.47610978751149535,0.19820981638336654
TSLA,2023-02-13,0.4590224046049657,0.4590224046049657,0.4572915241156033,0.4463702808899267,0.45655529901460007,0.16172363753591412
TSLA,2023-02-14,0.49572738269301264,0.49572738269301264,0.4909190808274465,0.4510165201693077,0.4503459439459611,0.21143674290438513
TSLA,2023-02-15,0.5082638669253301,0.5082638669253301,0.502957335258257,0.4933404124001284,0.49997077467661055,0.17136655709034743
TSLA,2023-02-16,0.4776135478270743,0.4776135478270743,0.5103941721222147,0.48249918741490605,0.4975170843857496,0.2262791684497969
TSLA,2023-02-17,0.49336579695905436,0.49336579695905436,0.487486671227257,0.47148025775304025,0.47050135256095604,0.20836535055266298
TSLA,2023-02-21,0.4658810239871432,0.4658810239871432,0.4906454824107308,0.47076936156459326,0.4830202351535494,0.17024999542207453
TSLA,2023-02-22,0.4746490301337677,0.4746490301337677,0.4714439515803386,0.4569575977760165,0.4653435408409454,0.18359933906060066
TSLA,2023-02-23,0.47768895265693423,0.47768895265693423,0.47927875667812636,0.4685097189496859,0.48031615192899757,0.13220393086676974
TSLA,2023-02-24,0.46465001234684605,0.46465001234684605,0.46069903698096615,0.45954731317160885,0.4613375213340742,0.12753342959410646
TSLA,2023-02-27,0.49165743862764555,0.49165743862764555,0.48992416024287144,0.4810266056699981,0.47560903984871117,0.14878427255408228
TSLA,2023-02-28,0.4868337912781515,0.4868337912781515,0.49442606677509693,0.48734854542540573,0.49704136073449545,0.13987325589518113
TSLA,2023-03-01,0.4794475680966027,0.4794475680966027,0.48440247434358386,0.47406997314863264,0.4860748455625101,0.14406448793586657
TSLA,2023-03-02,0.44962631877739234,0.44962631877739234,0.4509490429661687,0.4423079837494265,0.4373263136905835,0.1719252900652688
TSLA,2023-03-03,0.46693619325094426,0.46693619325094426,0.4676881880461198,0.4597504319027275,0.4575067463171084,0.14105831689236403
TSLA,2023-03-06,0.45693717546402257,0.45693717546402257,0.46301219413180594,0.4582778501578196,0.4668708460454258,0.11156381707197698
TSLA,2023-03-07,0.4416120542498362,0.4416120542498362,0.4520682954155184,0.44253651653502046,0.44894383520832626,0.13419990636164347
TSLA,2023-03-08,0.4272666974695908,0.4272666974695908,0.4329165201024399,0.4270490522704171,0.4330698630454235,0.13846359396310665
TSLA,2023-03-09,0.4044548388573365,0.4044548388573365,0.42963333910185175,0.4080324823771172,0.42107679033174206,0.15895235363015925
TSLA,2023-03-10,0.4057612553274937,0.4057612553274937,0.41249622578807066,0.3976990735901599,0.40825746678239766,0.1832154715342335
TSLA,2023-03-13,0.4083740499328665,0.4083740499328665,0.4101582478070836,0.3861977417845044,0.3890535054699111,0.156427712522559
TSLA,2023-03-14,0.4304322052609939,0.4304322052609939,0.42620096745400193,0.41978772228190525,0.4137156812545615,0.1292174279474097
TSLA,2023-03-15,0.4233725957807198,0.4233725957807198,0.42256957373689746,0.4169695128416557,0.4224538750578469,0.13179203061173972
TSLA,2023-03-16,0.43261794861845604,0.43261794861845604,0.43120031530234515,0.4241038887806013,0.42137723128849297,0.10369283725350696
TSLA,2023-03-17,0.42256867372327483,0.42256867372327483,0.4322200946694072,0.420270124425695,0.43176792676310416,0.11732522102337094
TSLA,2023-03-20,0.4304070958743349,0.4304070958743349,0.4327672915028386,0.4177819877661304,0.4156435998711082,0.11335463368570926
TSLA,2023-03-21,0.4664086277865145,0.4664086277865145,0.4615198322311132,0.4474620004861358,0.44118211271907926,0.14015188765386632
TSLA,2023-03-22,0.45025439845834114,0.45025439845834114,0.4681359117972635,0.454850284524214,0.4687737406504425,0.1367438764877975
TSLA,2023-03-23,0.452942597893574,0.452942597893574,0.46477811649687467,0.4490107469125962,0.45865846212105227,0.12975547548142258
TSLA,2023-03-24,0.4483953071370952,0.4483953071370952,0.4474917745834922,0.44520235787122847,0.4496198273610159,0.09823956724701198
TSLA,2023-03-27,0.451912538016432,0.451912538016432,0.4600026115479334,0.45228598318309693,0.45655529901460007,0.10337046087388414
TSLA,2023-03-28,0.4453302752272696,0.4453302752272696,0.4474669158010052,0.4408354020045186,0.4504961644243366,0.07828003836866701
TSLA,2023-03-29,0.45711305617546016,0.45711305617546016,0.4547793828478485,0.4510165201693077,0.45332544411573394,0.10654494132456001
TSLA,2023-03-30,0.46063028705479697,0.46063028705479697,0.4598533829483321,0.4636603609391862,0.4594596889451852,0.09138940828561552
TSLA,2023-03-31,0.49123034904479324,0.49123034904479324,0.4858699395094499,0.4707185721965794,0.46434204551537706,0.15917650242426584
TSLA,2023-04-03,0.4593490183062403,0.4593490183062403,0.47318501516292033,0.4580239420586871,0.47030104585492283,0.15841215842741818
TSLA,2023-04-04,0.45384703416753797,0.45384703416753797,0.46336040684832225,0.4532507874706765,0.4638162738410629,0.10971422215620967
TSLA,2023-04-05,0.43611007011113384,0.43611007011113384,0.4433131840329564,0.4365954001873749,0.4467905858742163,0.11809996425827095
TSLA,2023-04-06,0.43495438663081376,0.43495438663081376,0.4326429216857242,0.4263889454499839,0.42816248246370164,0.10676863797788173
TSLA,2023-04-10,0.433572603665738,0.433572603665738,0.4294343929372764,0.41717263157277434,0.4203006257237369,0.12745034872488387
TSLA,2023-04-11,0.439300687289196,0.439300687289196,0.43960721396839086,0.44139396882986076,0.437201117223738,0.09762748165947423
TSLA,2023-04-12,0.4235986952654754,0.4235986952654754,0.44555172688399547,0.4278361131404166,0.44734141976465824,0.1366081212171359
TSLA,2023-04-13,0.4370647251584158,0.4370647251584158,0.4329165201024399,0.4294356489348907,0.4278620415069507,0.09441965582591315
TSLA,2023-04-14,0.4348036536409767,0.4348036536409767,0.43236932326900857,0.4321522796391126,0.4303407558093416,0.0757752914556017
TSLA,2023-04-17,0.4399287669701448,0.4399287669701448,0.44085083623485494,0.43387876948315307,0.43627473213735735,0.09863496436339368
TSLA,2023-04-18,0.43307014758796725,0.43307014758796725,0.4358763471689987,0.4361384120980604,0.43835283302768185,0.07083373178240002
TSLA,2023-04-19,0.42372431886865347,0.42372431886865347,0.4254547865036556,0.42108256060923305,0.41819746261728463,0.10888782183663658
TSLA,2023-04-20,0.3795075323308211,0.3795075323308211,0.3911308043587797,0.3776923240957418,0.38582361236644724,0.20523687542684915
TSLA,2023-04-21,0.3847582692631673,0.3847582692631673,0.38192800717741365,0.37962193267090094,0.3823934507615479,0.10640816873713237
TSLA,2023-04-24,0.37840210595876056,0.37840210595876056,0.3810574564099529,0.37274142609015115,0.38201786136101146,0.12502235271005274
TSLA,2023-04-25,0.3736789344908441,0.3736789344908441,0.3756352815452927,0.3730968741843747,0.3699246543966122,0.10466776582091473
TSLA,2023-04-26,0.3562936935223736,0.3562936935223736,0.36867098926262604,0.358853497620022,0.3711013942120861,0.14012102904529794
TSLA,2023-04-27,0.37247303223720596,0.37247303223720596,0.3681984067289954,0.3568985137313243,0.35194751912725725,0.1103374982281733
TSLA,2023-04-28,0.38282377311206134,0.38282377311206134,0.37944076264448556,0.3694662285605871,0.3726286994165664,0.10525159260939716
TSLA,2023-05-01,0.3765932334108326,0.3765932334108326,0.375162699011662,0.3732999929154934,0.3783122828108912,0.08999093683796698
TSLA,2023-05-02,0.37277449821688013,0.37277449821688013,0.3806595261284626,0.3735538622736892,0.37508242791202506,0.11174422124514598
TSLA,2023-05-03,0.373528201501007,0.373528201501007,0.37944076264448556,0.37604203767419053,0.37040033984326864,0.10210039740914288
TSLA,2023-05-04,0.3750104603476603,0.3750104603476603,0.374341903761515,0.37538189211282064,0.37716056700694733,0.07427169727546745
TSLA,2023-05-05,0.39726960577388426,0.39726960577388426,0.39384189179110984,0.385182148128911,0.3803153116666257,0.08839974038076132
TSLA,2023-05-08,0.4016159064322665,0.4016159064322665,0.40132852212472087,0.39960326811084373,0.40472713272218286,0.0936469472245451
TSLA,2023-05-09,0.3949833865348446,0.3949833865348446,0.39142929951032207,0.3929258802612126,0.39278410803156133,0.06732737999561876
TSLA,2023-05-10,0.39345087057993183,0.39345087057993183,0.4028954603728746,0.39323053898742233,0.4017977187800677,0.10222778807528417
TSLA,2023-05-11,0.4023445003297344,0.4023445003297344,0.4007564665088025,0.3935098224000934,0.3921581639019317,0.08419776999643487
TSLA,2023-05-12,0.3920439782281971,0.3920439782281971,0.41023286210688426,0.3946269560507778,0.41061102282254086,0.14519122277179936
TSLA,2023-05-15,0.38794892477617093,0.38794892477617093,0.39128003295838104,0.3878226528925171,0.38955425313269526,0.08612230724729682
TSLA,2023-05-16,0.3883760143590232,0.3883760143590232,0.39068311855997573,0.3873148754351888,0.38452163787953014,0.0778665556208899
TSLA,2023-05-17,0.4068164245912947,0.4068164245912947,0.4030695857073026,0.3945254160556868,0.39143208552158426,0.10859494764322745
TSLA,2023-05-18,0.41442874725759915,0.41442874725759915,0.4094369256392242,0.4078801530140123,0.4059790209814422,0.09056210368447265
TSLA,2023-05-19,0.42259378310993384,0.42259378310993384,0.4215995498871491,0.4176804090301027,0.41336515407015273,0.1207158247692217
TSLA,2023-05-22,0.4445263148348832,0.4445263148348832,0.43993056790242024,0.4273283356830882,0.42220348212415587,0.11597365918215417
TSLA,2023-05-23,0.43673814979208264,0.43673814979208264,0.44898413648418495,0.4404037892287426,0.43597425297600867,0.14417673188571417
TSLA,2023-05-24,0.42952776898702993,0.42952776898702993,0.427245605603551,0.42252976704060236,0.42603425714112164,0.12230781247280091
TSLA,2023-05-25,0.43347212778416044,0.43347212778416044,0.43361294553547264,0.428521634015325,0.43682552782320155,0.07626360350327722
TSLA,2023-05-26,0.4553292930141913,0.4553292930141913,0.46301219413180594,0.4385503840760726,0.4320182814921974,0.1499521522014396
TSLA,2023-05-30,0.47540273341789463,0.47540273341789463,0.47763716617783225,0.4715564224345927,0.470776769506177,0.11237608799202244
TSLA,2023-05-31,0.4823618286816497,0.4823618286816497,0.4763189296115675,0.46543760141030377,0.4699755426820441,0.13712288350072716
TSLA,2023-06-01,0.4913810820346304,0.4913810820346304,0.49086932531013283,0.47622803702751226,0.47701114858634597,0.13409150560846733
TSLA,2023-06-02,0.5075855301361217,0.5075855301361217,0.5093992894899794,0.5025821015908765,0.4959396929536116,0.1525936717019325
TSLA,2023-06-05,0.5167303687573389,0.5167303687573389,0.5194477407039795,0.5146927895898881,0.5150936062430381,0.13761051733722535
TSLA,2023-06-06,0.5260259403683932,0.5260259403683932,0.5209898581219858,0.5096403128482697,0.5109373280531937,0.1328274330091258
TSLA,2023-06-07,0.5342161239423284,0.5342161239423284,0.5431760748014238,0.5367306489136195,0.5406321190910092,0.17668418486137705
TSLA,2023-06-08,0.5600678667428078,0.5600678667428078,0.5541199355653716,0.5362482467698297,0.5311678469073764,0.15269687283608246
TSLA,2023-06-09,0.5840353705004407,0.5840353705004407,0.5968756751587802,0.5845132553482959,0.5933867086744048,0.1931100074354552
TSLA,2023-06-12,0.5976772811048188,0.5976772811048188,0.5932691781765024,0.5910382750938855,0.5905574289830074,0.13670035793725238
TSLA,2023-06-13,0.6199866453043608,0.6199866453043608,0.614933056804996,0.6081760257800402,0.6045034443247657,0.15031702981484157
TSLA,2023-06-14,0.6151630362898083,0.6151630362898083,0.6196339854064762,0.606043337214699,0.6211786433118013,0.15957596880771152
TSLA,2023-06-15,0.6129270358240866,0.6129270358240866,0.6131174168749532,0.59789336762016,0.5917091447869512,0.14781544788727047
TSLA,2023-06-16,0.6245842315040406,0.6245842315040406,0.6246830887721331,0.623079509164826,0.618048922663653,0.15656934562342417
TSLA,2023-06-20,0.6595305941524191,0.6595305941524191,0.6524158501333457,0.6330067192304826,0.6245086324613851,0.1539645625617031
TSLA,2023-06-21,0.6218708843472073,0.6218708843472073,0.6579872535976072,0.6245267155961953,0.658635118634266,0.20617088525322486
TSLA,2023-06-22,0.6348093104407765,0.6348093104407765,0.6281652159372966,0.6003307536526475,0.597643121114967,0.15539411868831243
TSLA,2023-06-23,0.6146856895986965,0.6146856895986965,0.6218227727402017,0.6118828748263169,0.6189753077500336,0.16735878117312902
TSLA,2023-06-26,0.5756191257766914,0.5756191257766914,0.6116747725392345,0.5811618543962427,0.5958904851929235,0.1702183455671326
TSLA,2023-06-27,0.5986319744870422,0.5986319744870422,0.5918265717931233,0.5815427165449415,0.5787896869868892,0.15323774625000086
TSLA,2023-06-28,0.6137812149897911,0.6137812149897911,0.6154305360734533,0.6019556647606602,0.5949640619019451,0.1473628549616008
TSLA,2023-06-29,0.6169467611161357,0.6169467611161357,0.6175695299375255,0.6139393987101055,0.6158205248857574,0.11516206647328604
TSLA,2023-06-30,0.6276743344655837,0.6276743344655837,0.6267972618060579,0.6298838898049601,0.6222552488765574,0.09406675994331058
TSLA,2023-07-03,0.6730217334320187,0.6730217334320187,0.6760446731961627,0.6685262695621059,0.6620402180230376,0.10205280959153375
TSLA,2023-07-05,0.6797045104377001,0.6797045104377001,0.6750497905639273,0.6748482480584502,0.6678740601003357,0.1154418285839335
TSLA,2023-07-06,0.6647813310847653,0.6647813310847653,0.6653992696314176,0.6628645141090049,0.6660462757345066,0.10278324302951507
TSLA,2023-07-07,0.6594802987092182,0.6594802987092182,0.667413931630715,0.6651241179829755,0.6668975505816995,0.09548919485255801
TSLA,2023-07-10,0.647370904059753,0.647370904059753,0.659305490163872,0.6431116727137194,0.6619901699999776,0.10175835290537756
TSLA,2023-07-11,0.6478231796991472,0.6478231796991472,0.6428399435006366,0.6463360808752696,0.6424106192869546,0.07072680048677477
TSLA,2023-07-12,0.653350234889567,0.653350234889567,0.6568182456309438,0.6592592050578192,0.6616396046109712,0.07490876364137007
TSLA,2023-07-13,0.6681980477475832,0.6681980477475832,0.6641059297999795,0.657075765865401,0.6572830579196912,0.09413537230741685
TSLA,2023-07-14,0.6769409445075486,0.6769409445075486,0.6786562495938655,0.6715730117879494,0.6633422307145524,0.10247838710530653
TSLA,2023-07-17,0.6995518130217063,0.6995518130217063,0.6958929118946136,0.6900056395423686,0.6874285485972309,0.11548557320487109
TSLA,2023-07-18,0.7069882549765731,0.7069882549765731,0.7034292597931986,0.6962006252482099,0.6962418144351064,0.09350101878622354
TSLA,2023-07-19,0.7017626657658275,0.7017626657658275,0.7134528522247117,0.7051122029173365,0.7109890948055952,0.12767732339889598
TSLA,2023-07-20,0.6305132668906537,0.6305132668906537,0.6677870031297184,0.633209876702538,0.6697268302730969,0.16475614578013614
TSLA,2023-07-21,0.623277776698942,0.623277776698942,0.6356269495360809,0.6194996529090523,0.6407831798317566,0.1496521567906685
TSLA,2023-07-24,0.6459891594296187,0.6459891594296187,0.6402283671029338,0.6152342370374334,0.6103623104135937,0.12106826851103937
TSLA,2023-07-25,0.6364925977204677,0.6364925977204677,0.6478144325664927,0.6428577646145868,0.6517497332083397,0.0942210529861525
TSLA,2023-07-26,0.63415615970811,0.63415615970811,0.6357264605707083,0.6346062550249568,0.6288902413687928,0.07511686143761327
TSLA,2023-07-27,0.6124497274679164,0.6124497274679164,0.6384375480030384,0.618230189895263,0.6415593444397617,0.08398006420851287
TSLA,2023-07-28,0.6394068966404562,0.6394068966404562,0.6337615161363849,0.625669263301355,0.6204024022946006,0.09273882245810407
TSLA,2023-07-31,0.6418940676426511,0.6418940676426511,0.6383131402335843,0.6397602717616662,0.6394812435494373,0.06237327341563652
TSLA,2023-08-01,0.6259157573608568,0.6259157573608568,0.6318214684368881,0.6307978659835891,0.6364266331404766,0.06077246896675205
TSLA,2023-08-02,0.6084300021758673,0.6084300021758673,0.614535088571166,0.6060179619011605,0.6096612560447763,0.08178220785318809
TSLA,2023-08-03,0.6215191995942151,0.6215191995942151,0.6169477188042934,0.6098517262560668,0.6008228897861754,0.07705304131368601
TSLA,2023-08-04,0.6078019224949185,0.6078019224949185,0.6275931223690385,0.6126699356963163,0.623181633962938,0.07928073896081318
TSLA,2023-08-07,0.6017472251701859,0.6017472251701859,0.5999349753076266,0.5863920358145045,0.5993456708093527,0.09234534694005812
TSLA,2023-08-08,0.597350667403544,0.597350667403544,0.593144808359388,0.592104619376556,0.589330564735278,0.07600531807991182
TSLA,2023-08-09,0.5784831675884203,0.5784831675884203,0.5935925321105318,0.5842085578811496,0.5978934758440603,0.0816051947359057
TSLA,2023-08-10,0.5863969562343989,0.5863969562343989,0.5953335956931135,0.5870013920078605,0.5841978152313952,0.09053757504689265
TSLA,2023-08-11,0.5796388127337989,0.5796388127337989,0.5754107426948619,0.574357551237982,0.5751091324482989,0.07871409352215637
TSLA,2023-08-14,0.5723782131554283,0.5723782131554283,0.5676256931143879,0.5635163262527597,0.5599111906426836,0.07821300849730785
TSLA,2023-08-15,0.5552944765015734,0.5552944765015734,0.5672277248805578,0.5606219521309578,0.5674976304374273,0.06645994789981736
TSLA,2023-08-16,0.5368038091610423,0.5368038091610423,0.5509860211167245,0.5422655277990277,0.540682205318667,0.09391269297086112
TSLA,2023-08-17,0.520775203436047,0.520775203436047,0.5330032537703093,0.5256355545702014,0.5357747865323473,0.10321989799251753
TSLA,2023-08-18,0.5114042653300742,0.5114042653300742,0.5102200847401264,0.5092087000724937,0.5058796887884985,0.12080613989100243
TSLA,2023-08-21,0.5510737611114277,0.5510737611114277,0.5464095002846983,0.5300786751184637,0.5244827681874833,0.12015743089988902
TSLA,2023-08-22,0.5558722990742626,0.5558722990742626,0.5680236613482179,0.5528528446851175,0.5713033814428631,0.11421189261385074
TSLA,2023-08-23,0.5650925041903985,0.5650925041903985,0.563447102563852,0.5521926991237476,0.5439871704567207,0.08101888117310639
TSLA,2023-08-24,0.5479584720933426,0.5479584720933426,0.5632978739642507,0.549374489683498,0.5673223859475218,0.07954919755183851
TSLA,2023-08-25,0.5694388048487806,0.5694388048487806,0.5634968580811657,0.5548839932553676,0.5489196132545704,0.08727492714316427
TSLA,2023-08-28,0.5700166657564114,0.5700166657564114,0.5768782458130677,0.5675786233932599,0.5771371853155634,0.08847479575105219
TSLA,2023-08-29,0.6161428007237493,0.6161428007237493,0.6094611643753618,0.5737228197310874,0.5671220792414886,0.11828658536723215
TSLA,2023-08-30,0.6154393545478819,0.6154393545478819,0.6169975122739467,0.6062718312593564,0.6062310562352792,0.1046554449845266
TSLA,2023-08-31,0.6184038722411885,0.6184038722411885,0.6186639236043882,0.6175954583883684,0.6106877753818746,0.0898176538821599
TSLA,2023-09-01,0.5855678864553535,0.5855678864553535,0.6134406949043033,0.5844878412938207,0.6138926444738084,0.11658427531214104
TSLA,2023-09-05,0.6144092946707399,0.6144092946707399,0.6107545042067998,0.591723795968794,0.5831963199058269,0.11311183408422613
TSLA,2023-09-06,0.602928018037165,0.602928018037165,0.6042627944577639,0.5922315734261223,0.6085846122754224,0.09897135710734793
TSLA,2023-09-07,0.6018477393867049,0.6018477393867049,0.5978456990085286,0.587686912882769,0.58337160260033,0.09710978046078118
TSLA,2023-09-08,0.594335892601978,0.594335892601978,0.6070733549723817,0.5963192458801612,0.5987698129073808,0.10056277963494605
TSLA,2023-09-11,0.6573448124600156,0.6573448124600156,0.6526645897675744,0.6317118421622181,0.6314440659103715,0.1642018211778674
TSLA,2023-09-12,0.6420197295807706,0.6420197295807706,0.66146945666745,0.6469200617550871,0.6476936274738107,0.1204933715030584
TSLA,2023-09-13,0.6516167288365576,0.6516167288365576,0.6529879437016037,0.6507284507964548,0.6459660155632971,0.09299620359989973
TSLA,2023-09-14,0.6635251717228677,0.6635251717228677,0.6572908281645745,0.6566187777760865,0.6490957362114456,0.08851560145688804
TSLA,2023-09-15,0.6593798611625821,0.6593798611625821,0.6629369218333161,0.6580913207800576,0.6646942150199318,0.11788497131505825
TSLA,2023-09-18,0.6364925977204677,0.6364925977204677,0.6441830768017279,0.639709521134589,0.6486951227993791,0.08154528608190847
TSLA,2023-09-19,0.6395576296302934,0.6395576296302934,0.6352538780370776,0.633209876702538,0.6316444108210025,0.08398763756665968
TSLA,2023-09-20,0.6297344542198678,0.6297344542198678,0.6503762913992216,0.636408870809613,0.6383795757685534,0.1052502361870425
TSLA,2023-09-21,0.6124245797463159,0.6124245797463159,0.6178679871367281,0.6154627698230273,0.615369863450631,0.10235303107269723
TSLA,2023-09-22,0.5852413110890203,0.5852413110890203,0.6102322041081951,0.5907589916812144,0.6142431334536195,0.11091273434174294
TSLA,2023-09-25,0.590542305129626,0.590542305129626,0.5836435539788193,0.5750938227399677,0.5791402141712978,0.08504180380661848
TSLA,2023-09-26,0.5833319243245734,0.5833319243245734,0.5897372954940252,0.5835992404287302,0.5781386806411317,0.08205428357049248
TSLA,2023-09-27,0.5742373428116156,0.5742373428116156,0.5792411205288814,0.5656236395045623,0.5813435115284679,0.12116853073008756
TSLA,2023-09-28,0.5890097891747132,0.5890097891747132,0.584762806428169,0.5759570482915195,0.5707275235408912,0.09908337498680315
TSLA,2023-09-29,0.5986570838737012,0.5986570838737012,0.6027207149920971,0.5955068096966231,0.5957152024984202,0.11204150381120771
TSLA,2023-10-02,0.60212409597972,0.60212409597972,0.60150195150812,0.586036587720281,0.5827205962545726,0.10671494625967666
TSLA,2023-10-03,0.589386621649306,0.589386621649306,0.5909063034606886,0.590682826999662,0.5922349546658632,0.08204490164920612
TSLA,2023-10-04,0.6261418568456124,0.6261418568456124,0.6203552316696562,0.5986804672310961,0.5910581766457916,0.11339668277870353
TSLA,2023-10-05,0.6233531431938605,0.6233531431938605,0.6246830887721331,0.6206421618732753,0.6207529676836071,0.10145745321303674
TSLA,2023-10-06,0.6245590837824402,0.6245590837824402,0.6198329315710516,0.6064241606224612,0.6056802223448372,0.10028482608743815
TSLA,2023-10-09,0.6223985264815199,0.6223985264815199,0.6191116094031922,0.609978680305633,0.6090102496990188,0.08135832586735862
TSLA,2023-10-10,0.6323221394385816,0.6323221394385816,0.6379649654694077,0.6241966428155105,0.61511947051694,0.10541006795449927
TSLA,2023-10-11,0.6307393663754094,0.6307393663754094,0.6371193114367737,0.6324481524051404,0.6362764126621011,0.08399023737617277
TSLA,2023-10-12,0.620388625500554,0.620388625500554,0.6291849953043587,0.6216069661608548,0.6280640287377277,0.09280901731495743
TSLA,2023-10-13,0.6009181553911405,0.6009181553911405,0.6147341106404207,0.605332441026252,0.6179987982313975,0.08214493779786187
TSLA,2023-10-16,0.6079526554847555,0.6079526554847555,0.6042876532402509,0.6009146957915282,0.5958403989652657,0.06727334917182502
TSLA,2023-10-17,0.6102891318320548,0.6102891318320548,0.6087149454726757,0.5973602148492931,0.5959655954321113,0.07252462528267277
TSLA,2023-10-18,0.5797141792287175,0.5797141792287175,0.6023725022755808,0.5846655847114007,0.6024753914575012,0.10822667897393883
TSLA,2023-10-19,0.5230111655668273,0.5230111655668273,0.5426288779679924,0.5204307484654782,0.5354993695871263,0.15979887421465971
TSLA,2023-10-20,0.5026111497967907,0.5026111497967907,0.5134037547060871,0.5042831773804417,0.5131156013988337,0.12276560501749671
TSLA,2023-10-23,0.5028372492815463,0.5028372492815463,0.5087277228394336,0.4842002632044712,0.49556414175767294,0.13709089454019657
TSLA,2023-10-24,0.513991950548788,0.513991950548788,0.5213380708385021,0.5136518206207561,0.5118386891280443,0.10040837355690792
TSLA,2023-10-25,0.5036914284472507,0.5036914284472507,0.5164879515897604,0.5088024626102564,0.5102863599120341,0.08778686354685004
TSLA,2023-10-26,0.4869593765463881,0.4869593765463881,0.5033055479747733,0.49021754423366914,0.49886914510032443,0.09688337096275017
TSLA,2023-10-27,0.49082836884860004,0.49082836884860004,0.49736103505916873,0.49247718684857644,0.4970664229506232,0.07401476827445669
TSLA,2023-10-30,0.4658559146004842,0.4658559146004842,0.49355555395997597,0.4642950924460808,0.4937614196079716,0.12100010828771797
TSLA,2023-10-31,0.47459877302550824,0.47459877302550824,0.47345861357963603,0.46277176007409576,0.46081171145516225,0.1002243522574598
TSLA,2023-11-01,0.4867081676749735,0.4867081676749735,0.48139292971205105,0.4723688973590674,0.48064161689727847,0.104286158998472
TSLA,2023-11-02,0.5189914402747782,0.5189914402747782,0.5142494087387212,0.5068982680895726,0.5030003610740412,0.10917594855180436
TSLA,2023-11-03,0.5226343330922345,0.5226343330922345,0.532082947485535,0.5245437962330556,0.5234812346573171,0.10188201341004353
TSLA,2023-11-06,0.5209008270392251,0.5209008270392251,0.5319586156207603,0.5159114632356635,0.5305669267892767,0.09939636944513962
TSLA,2023-11-07,0.5282116453909139,0.5282116453909139,0.5239994027535186,0.5177394930747949,0.520551820715202,0.09890387509520389
TSLA,2023-11-08,0.5280358030144178,0.5280358030144178,0.5265612615862474,0.5226142263988331,0.5284887876943545,0.08724395549939967
TSLA,2023-11-09,0.4975613646275996,0.4975613646275996,0.518229015172342,0.494787580090561,0.5199759628132301,0.1274005002033503
TSLA,2023-11-10,0.5092938884675307,0.5092938884675307,0.5047481543581525,0.4922740681174578,0.49563925199686065,0.11483494261542194
TSLA,2023-11-13,0.5320555283064669,0.5320555283064669,0.5296703172524075,0.50730450555181,0.5095853055432166,0.1255208379253882
TSLA,2023-11-14,0.5664742871554741,0.5664742871554741,0.561357826264754,0.5558233834884719,0.5582336649598277,0.1360602396210518
TSLA,2023-11-15,0.5801161594249107,0.5801161594249107,0.5826486333942442,0.5703714187790342,0.5688997391750621,0.13671855660384397
TSLA,2023-11-16,0.5568772112298042,0.5568772112298042,0.5681728899478192,0.5564327396818279,0.5694005250424441,0.12141675602098927
TSLA,2023-11-17,0.5586609743910731,0.5586609743910731,0.5594923928650579,0.5452106525479068,0.5506472251650839,0.1278778478369924
TSLA,2023-11-20,0.5619269963989952,0.5619269963989952,0.5587711086495382,0.5565850690449328,0.555754912452839,0.098248270957121
TSLA,2023-11-21,0.575995958251284,0.575995958251284,0.5749879156785449,0.5624753572836277,0.5582586889713578,0.1049940984324053
TSLA,2023-11-22,0.5584348749063175,0.5584348749063175,0.5759579395282932,0.5575498345915757,0.5757851246009885,0.10009130983150748
TSLA,2023-11-24,0.5615501255894612,0.5615501255894612,0.5628750469479337,0.5599110559425107,0.5550288340724916,0.04038001528687994
TSLA,2023-11-27,0.5631328986526334,0.5631328986526334,0.5618304087983846,0.55932711380363,0.5628906908124564,0.09340098263756778
TSLA,2023-11-28,0.5898639683404178,0.5898639683404178,0.5833948143445906,0.5641764330731929,0.5623648809335444,0.1346792886288175
TSLA,2023-11-29,0.5833821814328328,0.5833821814328328,0.5976964704089273,0.5863920358145045,0.5937372358588136,0.11981674281847836
TSLA,2023-11-30,0.5731821735478146,0.5731821735478146,0.5789675221121657,0.5715393417977325,0.5835468470902355,0.11637131700246033
TSLA,2023-12-01,0.5700417751430705,0.5700417751430705,0.5664566851477245,0.5588192976053649,0.5535015288680113,0.10391314285094207
TSLA,2023-12-04,0.5618767392907358,0.5618767392907358,0.5644171264136004,0.5623484032340614,0.560036387109529,0.08443503087330315
TSLA,2023-12-05,0.5697654185500554,0.5697654185500554,0.5825491603119566,0.5633893722031934,0.5553292750292426,0.12272152129097046
TSLA,2023-12-06,0.5713984103865457,0.5713984103865457,0.5823253174125546,0.5772773006733226,0.5779884601627563,0.10968302444205262
TSLA,2023-12-07,0.5796137033471399,0.5796137033471399,0.5761320648627213,0.5717170464743759,0.5745582985578569,0.08787412671833279
TSLA,2023-12-08,0.582628478148706,0.582628478148706,0.5790918919292801,0.5775312087724551,0.5713534676705209,0.08333519841407099
TSLA,2023-12-11,0.5723279943821101,0.5723279943821101,0.5745402298797408,0.5729103448066127,0.5775377987276298,0.07744278667025667
TSLA,2023-12-12,0.5654693366649911,0.5654693366649911,0.5634719992986787,0.5638209849789694,0.5670469690023009,0.07452014863676162
TSLA,2023-12-13,0.5711974202884491,0.5711974202884491,0.5667302835644402,0.5494252790515118,0.5561305018533755,0.13212062392715468
TSLA,2023-12-14,0.6007423130146443,0.6007423130146443,0.6005070688758847,0.5813903484409,0.573732047722194,0.1485592194784059
TSLA,2023-12-15,0.6068974862209545,0.6068974862209545,0.6011288800091167,0.6004577077022137,0.5987447888958509,0.12041752488639397
TSLA,2023-12-18,0.6033299982333582,0.6033299982333582,0.6125950408716693,0.608226815148054,0.605179474682053,0.09835723688627822
TSLA,2023-12-19,0.6162433149402683,0.6162433149402683,0.6116001582394338,0.6124160275971838,0.604428334085578,0.08741644720883321
TSLA,2023-12-20,0.5909191376042188,0.5909191376042188,0.615331025038826,0.5971570961181745,0.6117644191512285,0.10816925709425847
TSLA,2023-12-21,0.6094098049447498,0.6094098049447498,0.6027953292918978,0.6010924392091084,0.6004723626017666,0.09064563669448011
TSLA,2023-12-22,0.6044856433787368,0.6044856433787368,0.6113017010402312,0.6082521904615926,0.6126407562145492,0.07230669342435832
TSLA,2023-12-26,0.6147107606504141,0.6147107606504141,0.6106798899069992,0.612162158238988,0.6069571728202243,0.06498461251873841
TSLA,2023-12-27,0.6268453030214798,0.6268453030214798,0.6240363809040744,0.6238665700348255,0.6166217517098904,0.08714177168201571
TSLA,2023-12-28,0.6060935258285681,0.6060935258285681,0.628488569871326,0.6116543807816596,0.6299167989104889,0.09519609458875648
TSLA,2023-12-29,0.5942856354937185,0.5942856354937185,0.6037653531416461,0.5982488157143835,0.6084844780247046,0.08080863570813498
TSLA,2024-01-02,0.5941349025038815,0.5941349025038815,0.5939656036095351,0.590581287004571,0.5959155092044535,0.08506169800115342
TSLA,2024-01-03,0.569087081760847,0.569087081760847,0.5801116333440024,0.570041384739286,0.5831462336781691,0.10363157217715509
TSLA,2024-01-04,0.5677806652906898,0.5677806652906898,0.5726996552625317,0.5736212409950597,0.5687996049243444,0.08277284831287057
TSLA,2024-01-05,0.5666752772535707,0.5666752772535707,0.5662825598132966,0.5664360756881003,0.5628155805732686,0.07131062727525721
TSLA,2024-01-08,0.5741117192084376,0.5741117192084376,0.569093158280254,0.5674516693436937,0.5610128584235674,0.06303385110235314
TSLA,2024-01-09,0.5603191139491639,0.5603191139491639,0.563397384998878,0.5591747456995884,0.5659453012214171,0.07607709542951227
TSLA,2024-01-10,0.5577565381171091,0.5577565381171091,0.5547915022159173,0.5572705511789046,0.5584089476543309,0.0703380724469701
TSLA,2024-01-11,0.5408737532264094,0.5408737532264094,0.5434247764833128,0.5422401137445524,0.5470668430818092,0.08644004918387459
TSLA,2024-01-12,0.5199461336570016,0.5199461336570016,0.5295210886528062,0.5213701386985825,0.520802213648893,0.10584841844544503
TSLA,2024-01-16,0.5225087094890565,0.5225087094890565,0.524919709038293,0.5087516732422426,0.5083334172839573,0.09715736827839032
TSLA,2024-01-17,0.5115549983199112,0.5115549983199112,0.5054694385736721,0.5083200604664666,0.5077324971658576,0.08337769964785015
TSLA,2024-01-18,0.5023347932037755,0.5023347932037755,0.509896730806097,0.5000178002497595,0.5127901364305527,0.08951664115462288
TSLA,2024-01-19,0.5031136058745614,0.5031136058745614,0.4993010827586656,0.4970218473919298,0.4955391177461429,0.0823557484388144
TSLA,2024-01-22,0.49459684693429307,0.49459684693429307,0.5107672815735577,0.4937466498623657,0.5012226629358699,0.10009345750023567
TSLA,2024-01-23,0.49545102609999747,0.49545102609999747,0.5054196830563584,0.4975042495357196,0.49881905887266675,0.08726780592580234
TSLA,2024-01-24,0.4921598947054162,0.4921598947054162,0.4981569335744891,0.495016112876155,0.5002712538379593,0.10621702622032232
TSLA,2024-01-25,0.42884947053276307,0.42884947053276307,0.44908360956647264,0.42720138163352195,0.44473747079082404,0.19066211722608917
TSLA,2024-01-26,0.4304070958743349,0.4304070958743349,0.43361294553547264,0.43238081242470655,0.4342216170539651,0.08810121442754117
TSLA,2024-01-29,0.44970168527231086,0.44970168527231086,0.4453029872497668,0.43636690614271767,0.43454712022684383,0.10807442056462889
TSLA,2024-01-30,0.4513598248304017,0.4513598248304017,0.4574407527152047,0.4539870589726621,0.4588337448155555,0.09108432629101454
TSLA,2024-01-31,0.4405568466510936,0.4405568466510936,0.4514962397996001,0.4419017850281258,0.43797728183174317,0.08344212970969622
TSLA,2024-02-01,0.4445012054482242,0.4445012054482242,0.44132341876848563,0.437915652569178,0.44173294660952117,0.07058087204845322
TSLA,2024-02-02,0.4421145103276069,0.4421145103276069,0.43836359170192685,0.43212690432557405,0.4330698630454235,0.0917969001679929
TSLA,2024-02-05,0.42490511173563256,0.42490511173563256,0.42838971683538773,0.41437979744606335,0.4311169204173468,0.11856555623150604
TSLA,2024-02-06,0.4350549008473328,0.4350549008473328,0.43289166131995294,0.4197115576003528,0.41346532652546825,0.1054326749937435
TSLA,2024-02-07,0.4412854405485615,0.4412854405485615,0.44109953791674394,0.4338533554286778,0.44093171978538825,0.09283964985313338
TSLA,2024-02-08,0.44625982088789257,0.44625982088789257,0.44565119996628316,0.44121626415321735,0.44298483486878054,0.06062326250774008
TSLA,2024-02-09,0.4563342435046743,0.4563342435046743,0.4518693112986034,0.4511180601643987,0.4459392728224256,0.06225356914283828
TSLA,2024-02-12,0.4426672235136372,0.4426672235136372,0.45338653198178314,0.4455324306519134,0.45077158136955753,0.07471264757592631
TSLA,2024-02-13,0.43234159202544087,0.43234159202544087,0.434806812284623,0.43240618773824513,0.4304409282646571,0.06483438874296045
TSLA,2024-02-14,0.44412437297363144,0.44412437297363144,0.4388610330180445,0.4355544699591797,0.43372086939118093,0.058553588064930134
TSLA,2024-02-15,0.4736189702566257,0.4736189702566257,0.46868310863069484,0.44954393842439977,0.44338544828084697,0.10334807990503235
TSLA,2024-02-16,0.4723628108947281,0.4723628108947281,0.4743788819120708,0.47122634965390775,0.4756841500878989,0.09262657850825644
TSLA,2024-02-20,0.45681155186084454,0.45681155186084454,0.46301219413180594,0.45022945929930824,0.46083677367129,0.08493916784844964
TSLA,2024-02-21,0.4593490183062403,0.4593490183062403,0.465101470430904,0.45738921055179244,0.4539013020177059,0.08375738487195712
TSLA,2024-02-22,0.4659815382036622,0.4659815382036622,0.4623157686987732,0.45589125349334597,0.4555037174613739,0.07159389347698751
TSLA,2024-02-23,0.4523145182126252,0.4523145182126252,0.46045033529907714,0.45624670158756947,0.45878365858789777,0.05588471404695165
TSLA,2024-02-26,0.47098102792965235,0.47098102792965235,0.4709216135293943,0.4575161646013587,0.451222242804684,0.09307917143392606
TSLA,2024-02-27,0.47181009770869775,0.47181009770869775,0.48042290586230274,0.4734098275872627,0.48064161689727847,0.08957315875273347
TSLA,2024-02-28,0.4776135478270743,0.4776135478270743,0.47967672491195634,0.47386685441751397,0.4715779581257121,0.0795817516883502
TSLA,2024-02-29,0.47721160596582257,0.47721160596582257,0.47962696939464267,0.4738922297310525,0.4809921440816872,0.06387076369517482
TSLA,2024-03-01,0.4791209543953281,0.4791209543953281,0.4777366772124596,0.4740191837806188,0.47182835105940313,0.059729267140826714
TSLA,2024-03-04,0.44269233290029625,0.44269233290029625,0.4658725101637374,0.44411063827501934,0.4673465696966799,0.11861133548597562
TSLA,2024-03-05,0.4241011896781876,0.4241011896781876,0.4281658739359857,0.42087948061905106,0.4280873722245139,0.10202443775728225
TSLA,2024-03-06,0.4135494203702942,0.4135494203702942,0.42067928155471435,0.41105381054848544,0.4204258221905824,0.08875421875611096
TSLA,2024-03-07,0.41885041441089993,0.41885041441089993,0.4168489037206949,0.41105381054848544,0.4063045241543209,0.08220733322617597
TSLA,2024-03-08,0.41053464556872815,0.41053464556872815,0.42353959758664583,0.4135927365760639,0.42420651097989037,0.06346112414406924
TSLA,2024-03-11,0.4166396000017203,0.4166396000017203,0.4238878103031622,0.41384664467519644,0.4090586554019328,0.0632880672586546
TSLA,2024-03-12,0.4160617390940895,0.4160617390940895,0.4153316830375151,0.4077786130189214,0.41486743526310305,0.0655489972534708
TSLA,2024-03-13,0.39581245631389006,0.39581245631389006,0.4069248223238091,0.39950168937481606,0.4030496070393271,0.0871757952760783
TSLA,2024-03-14,0.3782764823555825,0.3782764823555825,0.39478705685837123,0.3775653700461756,0.38982967007791625,0.10955812055022822
TSLA,2024-03-15,0.38096468179081533,0.38096468179081533,0.37988844844328956,0.3782001015530702,0.3782872587993612,0.07657569368004392
TSLA,2024-03-18,0.4066656916014576,0.4066656916014576,0.40361678254073396,0.39125017978518606,0.39546316724458325,0.08908597705702015
TSLA,2024-03-19,0.4004351519002289,0.4004351519002289,0.3988910331091064,0.3951093581945676,0.4013219951288135,0.05410949629029789
TSLA,2024-03-20,0.41133860596111455,0.41133860596111455,0.4074222636399268,0.4037417299328964,0.4029244105724816,0.06154189954742968
TSLA,2024-03-21,0.40420362998592185,0.40420362998592185,0.412222627371355,0.406229866592461,0.411412211442076,0.04948251356817977
TSLA,2024-03-22,0.3992041019249903,0.3992041019249903,0.3948616711581719,0.39226577344077945,0.3871255868533643,0.052198297192590046
TSLA,2024-03-25,0.4037262832948101,0.4037262832948101,0.40491016032451166,0.3984353450921455,0.39230838438030713,0.05067006133967958
TSLA,2024-03-26,0.4163883527953642,0.4163883527953642,0.4273202199033517,0.42039707847526125,0.41689548813036753,0.09470586094274518
TSLA,2024-03-27,0.42181497043914795,0.42181497043914795,0.4215000768048614,0.41689334816010326,0.4239811802623272,0.05923292959421947
TSLA,2024-03-28,0.4116651813274477,0.4116651813274477,0.41567993370637113,0.41511610768898566,0.4140662084389702,0.05454287323260994
TSLA,2024-04-01,0.410233179589054,0.410233179589054,0.40866588590639086,0.40219298350643606,0.41086137755163404,0.05895949745456042
TSLA,2024-04-02,0.3886523709520383,0.3886523709520383,0.3861314565104365,0.38497902939779227,0.3822682542947024,0.09862185228063204
TSLA,2024-04-03,0.3930489287186801,0.3930489287186801,0.388942054977394,0.3845982059900302,0.38044050813347113,0.060528425978110506
TSLA,2024-04-04,0.39990754810085766,0.39990754810085766,0.40976027957325356,0.39660731525301407,0.39558836371142875,0.10598202604737848
TSLA,2024-04-05,0.3843060319587146,0.3843060319587146,0.39401601712553785,0.3775653700461756,0.39310961120444005,0.12858409174298235
TSLA,2024-04-08,0.40460557184717355,0.40460557184717355,0.4030695857073026,0.39604874842767185,0.3937605793455997,0.08480069973307869
TSLA,2024-04-09,0.4144036378709401,0.4144036378709401,0.41480938293891045,0.4065345253186707,0.4026990798549184,0.08313727378548769
TSLA,2024-04-10,0.401540539937348,0.401540539937348,0.4041390826393386,0.401685167308171,0.4030245448231993,0.06231698188791837
TSLA,2024-04-11,0.40867555424748214,0.40867555424748214,0.4065019953074921,0.3978767782668033,0.4017977187800677,0.0736019637378569
TSLA,2024-04-12,0.39975681511102057,0.39975681511102057,0.40135338090720785,0.40257380691419814,0.40127190890115577,0.03992504862208966
TSLA,2024-04-15,0.37571390652352765,0.37571390652352765,0.39359319010922084,0.37977426203400577,0.3960140011350252,0.08007808923495745
TSLA,2024-04-16,0.36473508596772347,0.36473508596772347,0.36250263344761946,0.36040224404648236,0.36221301813502293,0.07640975801199122
TSLA,2024-04-17,0.36056462768583736,0.36056462768583736,0.3628508461641358,0.36047840872803477,0.3644664017198507,0.05995149433659756
TSLA,2024-04-18,0.34669661759670367,0.34669661759670367,0.3476040250325378,0.34758065985902376,0.3484672712947002,0.07539108482364588
TSLA,2024-04-19,0.3394611657399334,0.3394611657399334,0.34447011058389065,0.34128413415809145,0.3427586638888454,0.06519044961105719
TSLA,2024-04-22,0.32689957212095694,0.32689957212095694,0.32830302111985793,0.3224453076823716,0.3217018941989998,0.08782359998562192
TSLA,2024-04-23,0.33350694429677835,0.33350694429677835,0.3353170309674986,0.328310220607528,0.32863736585258396,0.10754541584631373
TSLA,2024-04-24,0.3773469366949595,0.3773469366949595,0.3868278819434692,0.36994859196344015,0.3774860319752283,0.17156052548706302
TSLA,2024-04-25,0.39757107175355844,0.39757107175355844,0.39406577264285153,0.37210669458325657,0.3677714050625023,0.10967319037998137
TSLA,2024-04-26,0.392822790898983,0.392822790898983,0.397149931574185,0.39244347811742286,0.39253375330246815,0.09089600965411004
TSLA,2024-04-29,0.45754014575831237,0.45754014575831237,0.46368372283001197,0.4385757593896112,0.44153263990348796,0.2424242115964616
TSLA,2024-04-30,0.4304824623692534,0.4304824623692534,0.44398475068350207,0.43425959289091515,0.4379271956040854,0.11035626207074602
TSLA,2024-05-01,0.42221695063534115,0.42221695063534115,0.43132468511945954,0.4245355015563772,0.42545839923914974,0.07169585122397902
TSLA,2024-05-02,0.4222671694086592,0.4222671694086592,0.42819077067081235,0.4169441375281171,0.42761164857325973,0.06753423440470353
TSLA,2024-05-03,0.42523172543690724,0.42523172543690724,0.4286384564696164,0.42303754449793074,0.4257087921728407,0.052097582832756964
TSLA,2024-05-06,0.4342006833466869,0.4342006833466869,0.4355529932349694,0.4326346817829024,0.42996520461340293,0.06215635887408806
TSLA,2024-05-07,0.4167400758832978,0.4167400758832978,0.42485783415291056,0.4204478291023384,0.4264598945647181,0.05159389799839535
TSLA,2024-05-08,0.4089770202271563,0.4089770202271563,0.4069496811062961,0.40204061540239455,0.39939407651226677,0.05715929891954177
TSLA,2024-05-09,0.40206814373671923,0.40206814373671923,0.4058552874394334,0.4051381082553152,0.4079569876210489,0.04131266869090096
TSLA,2024-05-10,0.39327502820343574,0.39327502820343574,0.39948794750751176,0.3959472084325809,0.4030496070393271,0.04885991570739348
TSLA,2024-05-13,0.40186715363862263,0.40186715363862263,0.40530809060600204,0.399120865967054,0.3954130810169255,0.04252056279772058
TSLA,2024-05-14,0.41608688681569,0.41608688681569,0.41548094958945614,0.4119932395225264,0.4066800753502596,0.06443639181706565
TSLA,2024-05-15,0.40714303829256937,0.40714303829256937,0.4167494306384072,0.4095558534900389,0.42020045326842137,0.05681284604312384
TSLA,2024-05-16,0.4092784862068305,0.4092784862068305,0.4062781144557504,0.40529043761842004,0.4056785800246912,0.034374455311648205
TSLA,2024-05-17,0.41586078733093435,0.41586078733093435,0.4158291623059725,0.4086418385704732,0.4043014952985864,0.05430662967250764
TSLA,2024-05-20,0.4095548427998456,0.4095548427998456,0.41115313043931895,0.4105968224591709,0.4143416253841911,0.03653930538967641
TSLA,2024-05-21,0.4388233789330257,0.4388233789330257,0.4338616851697013,0.41361815063053914,0.4092088758803083,0.09705733212973457
TSLA,2024-05-22,0.4225184166150153,0.4225184166150153,0.42620096745400193,0.42227585894146985,0.4275866245617297,0.06659095569223772
TSLA,2024-05-23,0.4065149586116205,0.4065149586116205,0.42147518007003476,0.40993667689780106,0.42495765157636556,0.04812326533361999
TSLA,2024-05-24,0.4203327115924947,0.4203327115924947,0.4169484147553222,0.41112997523003786,0.4075313501974525,0.04089918594312386
TSLA,2024-05-28,0.41407702416966546,0.41407702416966546,0.412396752705783,0.4096828075396052,0.411437235453606,0.034289000703305
TSLA,2024-05-29,0.4126701318179307,0.4126701318179307,0.4121480130715543,0.4116377526873662,0.40590391074225446,0.028689237082507327
TSLA,2024-05-30,0.4192021374988336,0.4192021374988336,0.4233903689870445,0.4153192264201043,0.41689548813036753,0.05450172842118542
TSLA,2024-05-31,0.4174184126725062,0.4174184126725062,0.4175453671060672,0.4113585080156318,0.4166951814243343,0.042854807872946626
TSLA,2024-06-03,0.4129213406893454,0.4129213406893454,0.4233157546872438,0.413059583805197,0.4157687963379537,0.04427260833914899
TSLA,2024-06-04,0.4091026438303344,0.4091026438303344,0.41117798922180593,0.41181549610494633,0.40738112971907703,0.03465037422562413
TSLA,2024-06-05,0.4096804664030237,0.4096804664030237,0.4071735240056981,0.4070677168304743,0.4088083006728396,0.032273809225073655
TSLA,2024-06-06,0.4170666895845725,0.4170666895845725,0.4160778639878615,0.40859104920245937,0.4069304682839506,0.045762525260540476
TSLA,2024-06-07,0.4159110061042524,0.4159110061042524,0.4151327368729398,0.4158270038774327,0.41076124330091635,0.03034215075684976
TSLA,2024-06-10,0.40664054387985715,0.40664054387985715,0.41319268917344304,0.40970818285314375,0.4105859606064131,0.02415878641796211
TSLA,2024-06-11,0.398777012342138,0.398777012342138,0.4036913968405346,0.395083982881029,0.40522788038496704,0.039969358419008366
TSLA,2024-06-12,0.4154336594131407,0.4154336594131407,0.4181174227219856,0.4011520145373041,0.39821729849219517,0.06893745333059337
TSLA,2024-06-13,0.42844749033656987,0.42844749033656987,0.4443081046175314,0.43017192043687635,0.4414575296643002,0.10125952858445346
TSLA,2024-06-14,0.4172425319610686,0.4172425319610686,0.43167289783597584,0.41922915545656303,0.4349727576504403,0.059497658023769495
TSLA,2024-06-17,0.4409337174606278,0.4409337174606278,0.4386620489011295,0.4194322741876817,0.4152429864590418,0.09086255123602857
TSLA,2024-06-18,0.434451930553043,0.434451930553043,0.43465758368502166,0.43306629455867834,0.4368756140508593,0.04473989584032739
TSLA,2024-06-20,0.4261864188191307,0.4261864188191307,0.4297079913539921,0.42618582671886523,0.4321685019705729,0.029944492936543624
TSLA,2024-06-21,0.4298041255800451,0.4298041255800451,0.4265740389530053,0.42880091742799614,0.4262095398356249,0.036776566266544686
TSLA,2024-06-24,0.42872384692958504,0.42872384692958504,0.4386371901186425,0.4335233213889295,0.43289461855551803,0.03683850955407389
TSLA,2024-06-25,0.4407076179758722,0.4407076179758722,0.4365727726020314,0.4321522796391126,0.4314674476017555,0.03787119910675067
TSLA,2024-06-26,0.4633687052633479,0.4633687052633479,0.4609228798803682,0.4431966233554536,0.43682552782320155,0.07498223651891384
TSLA,2024-06-27,0.4660066475903213,0.4660066475903213,0.4633106513310086,0.4627209707060819,0.45843313140348907,0.04899476669648535
TSLA,2024-06-28,0.46716233107064137,0.46716233107064137,0.4744534962118714,0.4657930495045273,0.4693996847800722,0.07464426128221249
TSLA,2024-07-01,0.4972598986479254,0.4972598986479254,0.4994005558409532,0.4799856754418028,0.4730802393186625,0.12014465792271602
TSLA,2024-07-02,0.5510235040031681,0.5510235040031681,0.5443450827680872,0.5236805706815038,0.5178227134791201,0.1985419137898644
TSLA,2024-07-03,0.5890348985613723,0.5890348985613723,0.5867526096449794,0.564785789266549,0.5570568869397561,0.15503873603139307
TSLA,2024-07-05,0.6019231058816235,0.6019231058816235,0.5967513053416659,0.5856303889989803,0.5952394788471661,0.1414063522615291
TSLA,2024-07-08,0.6054905938692198,0.6054905938692198,0.6143361424065906,0.5909875244668084,0.5899815710810354,0.14447910103560585
TSLA,2024-07-09,0.6290812268173185,0.6290812268173185,0.6296823986681367,0.6055355597573707,0.598218979016939,0.14786032286017026
TSLA,2024-07-10,0.6314177414995591,0.6314177414995591,0.6346071701690189,0.6247297955863773,0.6277635113717812,0.1120377736497324
TSLA,2024-07-11,0.5755688686684318,0.5755688686684318,0.6430886831348652,0.578495974319098,0.6290153996310406,0.217372899269137
TSLA,2024-07-12,0.5936575558127697,0.5936575558127697,0.5954330687754011,0.5618406257767331,0.5601615835763745,0.1430505622257625
TSLA,2024-07-15,0.604736890585093,0.604736890585093,0.6296575778379894,0.6091662053811583,0.6106627513703446,0.13282890246667667
TSLA,2024-07-16,0.6145851753821775,0.6145851753821775,0.6122965836724665,0.5941103926332676,0.6090102496990188,0.10956580694357125
TSLA,2024-07-17,0.594335892601978,0.594335892601978,0.6119235121734632,0.5950751581799104,0.6025505016966889,0.0974171231593066
TSLA,2024-07-18,0.596169874536565,0.596169874536565,0.6086155103427278,0.5976648735755028,0.5984443097345021,0.0920866093759078
TSLA,2024-07-19,0.5709713208036935,0.5709713208036935,0.5894636970773095,0.5713362230666138,0.590181839582471,0.06556278754740978
TSLA,2024-07-22,0.6018979581600229,0.6018979581600229,0.5988406195931036,0.5889055865285444,0.5812183532662201,0.0811859471931213
TSLA,2024-07-23,0.5890097891747132,0.5890097891747132,0.6051830627901985,0.5936787798574916,0.6047288132469266,0.09328387817428264
TSLA,2024-07-24,0.5126604246919718,0.5126604246919718,0.5311378203706133,0.5151751917336779,0.5341723710886793,0.15660020423199256
TSLA,2024-07-25,0.5233628886547609,0.5233628886547609,0.5311626791531002,0.5190343314021227,0.5125898297245195,0.08052028292257474
TSLA,2024-07-26,0.5222323528960413,0.5222323528960413,0.5219101264544206,0.5167493134736768,0.5235814071126326,0.07370154774572778
TSLA,2024-07-29,0.5531338808657117,0.5531338808657117,0.5517322020670709,0.5405390379549873,0.5328703966017622,0.11280912582874579
TSLA,2024-07-30,0.5293170717629745,0.5293170717629745,0.547105925717731,0.5286060933735558,0.5512731692947136,0.08043415010305419
TSLA,2024-07-31,0.5530585143707932,0.5530585143707932,0.5527519434817932,0.5458453840548014,0.5403817261573183,0.04306098407085408
TSLA,2024-08-01,0.5148461297144925,0.5148461297144925,0.5457627924166396,0.5142103874460983,0.539855954483004,0.0615590808972553
TSLA,2024-08-02,0.491757914509223,0.491757914509223,0.5066135877578485,0.4925025621621151,0.5077825833935153,0.06044930134075567
TSLA,2024-08-05,0.4696746497944366,0.4696746497944366,0.47614484222947917,0.43212690432557405,0.4335205626851477,0.0801498665845579
TSLA,2024-08-06,0.47409631694773746,0.47409631694773746,0.4737073152615251,0.4592172403909239,0.472404208961375,0.05016739382208396
TSLA,2024-08-07,0.4517869144132539,0.4517869144132539,0.47517481837973075,0.45619591221955563,0.4724542951890328,0.04720123723804376
TSLA,2024-08-08,0.4695741355779176,0.4695741355779176,0.46823538487955113,0.4576177045964497,0.45976012990193615,0.04027681415272999
TSLA,2024-08-09,0.4724884344979061,0.4724884344979061,0.46868310863069484,0.4654122260967652,0.46314024348377547,0.0330588386628298
TSLA,2024-08-12,0.4661825283017588,0.4661825283017588,0.46465374667976034,0.4642950924460808,0.4680726862816251,0.03915889606210245
TSLA,2024-08-13,0.4921598947054162,0.4921598947054162,0.48761104104437136,0.4703631241023559,0.46669560155552026,0.05295201588099292
TSLA,2024-08-14,0.47595544660392486,0.47595544660392486,0.487486671227257,0.47465391528751333,0.48902928351615516,0.04617284302282339
TSLA,2024-08-15,0.5080126197189739,0.5080126197189739,0.5059917766246165,0.4900652148705643,0.48309534539273724,0.06832604595423296
TSLA,2024-08-16,0.512987000058305,0.512987000058305,0.515741770639414,0.5052479816680212,0.49844346947213025,0.0671014226383726
TSLA,2024-08-19,0.5295683189693305,0.5295683189693305,0.5236511900370022,0.5136010312527423,0.5132658600818069,0.05316429597949632
TSLA,2024-08-20,0.5254983749039634,0.5254983749039634,0.5366843650523878,0.5274889597228714,0.5328203485787022,0.0504130193034726
TSLA,2024-08-21,0.5309501019344063,0.5309501019344063,0.5278297805875382,0.5257117192517539,0.5272869856627529,0.04605528641875335
TSLA,2024-08-22,0.49926976129394995,0.49926976129394995,0.5281779933040545,0.5040293080222459,0.530166351581808,0.056644988776735364
TSLA,2024-08-23,0.5235387693661985,0.5235387693661985,0.5199203232376101,0.5139057287198886,0.5067310018402892,0.0589177874671548
TSLA,2024-08-26,0.5056761817066162,0.5056761817066162,0.5139758103220056,0.5057811344388882,0.5174721862947114,0.03379684545895793
TSLA,2024-08-27,0.49562690681143506,0.49562690681143506,0.5054445797911852,0.49544772565193085,0.5037014154428586,0.0377759104363362
TSLA,2024-08-28,0.4869342671597291,0.4869342671597291,0.49594328745827676,0.48440338193558985,0.4948630873888554,0.03923971622740059
TSLA,2024-08-29,0.48826579301654527,0.48826579301654527,0.5035293908741754,0.4929849643059049,0.49506339409488875,0.0371964920205064
TSLA,2024-08-30,0.5079372532240554,0.5079372532240554,0.502733492358855,0.49567621969658815,0.49213398015277354,0.038396699733982964
TSLA,2024-09-03,0.4991190283041128,0.4991190283041128,0.5159904723213029,0.5023028181782054,0.5087339924914259,0.053479664176953434
TSLA,2024-09-04,0.5212525501271588,0.5212525501271588,0.5217608978548192,0.5046640395291405,0.49704136073449545,0.05793053806335895
TSLA,2024-09-05,0.5482850857946172,0.5482850857946172,0.5535478799494533,0.5343186769356073,0.5293401007461451,0.10167877612723784
TSLA,2024-09-06,0.499445603670446,0.499445603670446,0.5500657527842898,0.5045116714250989,0.5521495063580343,0.09356510974248096
TSLA,2024-09-09,0.5133638708678392,0.5133638708678392,0.5159158580215023,0.5125346869700717,0.5110875485315691,0.04300051024087574
TSLA,2024-09-10,0.5382358108994361,0.5382358108994361,0.5321575617853357,0.5251531524264116,0.520777189637363,0.055940327363492484
TSLA,2024-09-11,0.5431599724654491,0.5431599724654491,0.5373061761856199,0.520481537833492,0.5319940977430393,0.06120494162749432
TSLA,2024-09-12,0.5473806495206532,0.5473806495206532,0.5447181542670906,0.5383301847080937,0.5322695146882602,0.04803215896546571
TSLA,2024-09-13,0.5485865517742914,0.5485865517742914,0.54775259563345,0.5446521244635013,0.5406321190910092,0.034038627743675054
TSLA,2024-09-16,0.5397683268543488,0.5397683268543488,0.5410121842025251,0.5375684991516329,0.5438870362060031,0.02816972732067475
TSLA,2024-09-17,0.5425067450628998,0.5425067450628998,0.5524783830174173,0.5452360666023821,0.5442625874019418,0.042229723237843464
TSLA,2024-09-18,0.54082349611815,0.54082349611815,0.5552391880147214,0.5460739168403954,0.5458650028456098,0.05494460031998004
TSLA,2024-09-19,0.5828294682468026,0.5828294682468026,0.5765300330965513,0.5594032784851823,0.5556547782021213,0.082846660296003
TSLA,2024-09-20,0.5685846256830762,0.5685846256830762,0.5759082219633193,0.5690257910836926,0.5744831883186692,0.07966415434639545
TSLA,2024-09-23,0.598104370687671,0.598104370687671,0.5908565479433749,0.5842593472491634,0.5772122955547511,0.06502394876702339
TSLA,2024-09-24,0.6088319823720605,0.6088319823720605,0.6087398422075024,0.6023619022228976,0.6059306152785282,0.06679159316553032
TSLA,2024-09-25,0.6157408205275561,0.6157408205275561,0.6083915915386464,0.6105626224445138,0.6020747780454347,0.04027726629351487
TSLA,2024-09-26,0.6087063587688825,0.6087063587688825,0.6200816712052802,0.60865842792383,0.6222552488765574,0.0426599351946613
TSLA,2024-09-27,0.6243832030710026,0.6243832030710026,0.6174700948075774,0.6152342370374334,0.6141930854305594,0.047007155806131976
TSLA,2024-09-30,0.6273226497125916,0.6273226497125916,0.6278169652684406,0.6194234882274998,0.6183493636204039,0.057991464034122156
TSLA,2024-10-01,0.6182531392513514,0.6182531392513514,0.6256282538393945,0.6010416498410945,0.627438084608098,0.06555566633004785
TSLA,2024-10-02,0.5956423090721352,0.5956423090721352,0.5937417607101331,0.5831930029664928,0.589580957668969,0.07300050345876397
TSLA,2024-10-03,0.5746393230078088,0.5746393230078088,0.5903342098924306,0.5738243597261784,0.5818943454189097,0.05801802730523414
TSLA,2024-10-04,0.5983053607857676,0.5983053607857676,0.5932443193940153,0.5910128997803469,0.587427708334859,0.06462380417240038
TSLA,2024-10-07,0.575066412590661,0.575066412590661,0.5904337209270579,0.5811618543962427,0.5932114259799016,0.043757619985165266
TSLA,2024-10-08,0.5842866177067968,0.5842866177067968,0.5814299078626068,0.5808064063020192,0.5795908756064243,0.030408050276246712
TSLA,2024-10-09,0.5756191257766914,0.5756191257766914,0.5844643112766267,0.5781405262248744,0.5802418819521817,0.04169608407648323
TSLA,2024-10-10,0.5698910421532334,0.5698910421532334,0.5729234981619338,0.5599364312560493,0.5752092666990166,0.06068328419693354
TSLA,2024-10-11,0.5172077154484507,0.5172077154484507,0.5245465995869499,0.5143373414956646,0.5209274101157384,0.12798647466056096
