Symbol,Date,Adj Close,Close,High,Low,Open,Volume
MSFT,2018-01-02,78.6999282836914,85.94999694824219,86.30999755859375,85.5,86.12999725341797,22483800
MSFT,2018-01-03,79.066162109375,86.3499984741211,86.51000213623047,85.97000122070312,86.05999755859375,26061400
MSFT,2018-01-04,79.76205444335938,87.11000061035156,87.66000366210938,86.56999969482422,86.58999633789062,21912000
MSFT,2018-01-05,80.75093841552734,88.19000244140625,88.41000366210938,87.43000030517578,87.66000366210938,23407100
MSFT,2018-01-08,80.83338165283203,88.27999877929688,88.58000183105469,87.5999984741211,88.19999694824219,22113000
MSFT,2018-01-09,80.77840423583984,88.22000122070312,88.7300033569336,87.86000061035156,88.6500015258789,19484300
MSFT,2018-01-10,80.41216278076172,87.81999969482422,88.19000244140625,87.41000366210938,87.86000061035156,18652200
MSFT,2018-01-11,80.65023040771484,88.08000183105469,88.12999725341797,87.23999786376953,88.12999725341797,17808900
MSFT,2018-01-12,82.04200744628906,89.5999984741211,89.77999877929688,88.44999694824219,88.66999816894531,24271500
MSFT,2018-01-16,80.89747619628906,88.3499984741211,90.79000091552734,88.01000213623047,90.0999984741211,36599700
MSFT,2018-01-17,82.53646850585938,90.13999938964844,90.27999877929688,88.75,89.08000183105469,25621200
MSFT,2018-01-18,82.4998550415039,90.0999984741211,90.66999816894531,89.66000366210938,89.80000305175781,24159700
MSFT,2018-01-19,82.4083023071289,90.0,90.61000061035156,89.66000366210938,90.13999938964844,36875000
MSFT,2018-01-22,83.88245391845703,91.61000061035156,91.62000274658203,89.73999786376953,90.0,23601600
MSFT,2018-01-23,84.14801788330078,91.9000015258789,92.30000305175781,91.54000091552734,91.9000015258789,23412800
MSFT,2018-01-24,84.07477569580078,91.81999969482422,93.43000030517578,91.58000183105469,92.55000305175781,33277500
MSFT,2018-01-25,84.54173278808594,92.33000183105469,93.23999786376953,91.93000030517578,92.47000122070312,26383200
MSFT,2018-01-26,86.12581634521484,94.05999755859375,94.05999755859375,92.58000183105469,93.12000274658203,29172200
MSFT,2018-01-29,85.99761962890625,93.91999816894531,95.44999694824219,93.72000122070312,95.13999938964844,31569900
MSFT,2018-01-30,84.91716003417969,92.73999786376953,93.66000366210938,92.0999984741211,93.30000305175781,38635100
MSFT,2018-01-31,86.99566650390625,95.01000213623047,95.4000015258789,93.51000213623047,93.75,48756300
MSFT,2018-02-01,86.3089370727539,94.26000213623047,96.06999969482422,93.58000183105469,94.79000091552734,47227900
MSFT,2018-02-02,84.03814697265625,91.77999877929688,93.97000122070312,91.5,93.63999938964844,47867800
MSFT,2018-02-05,80.57698059082031,88.0,93.23999786376953,88.0,90.55999755859375,51031500
MSFT,2018-02-06,83.62609100341797,91.33000183105469,91.4800033569336,85.25,86.88999938964844,67998600
MSFT,2018-02-07,82.0511703491211,89.61000061035156,91.7699966430664,89.19999694824219,90.48999786376953,41107600
MSFT,2018-02-08,77.83919525146484,85.01000213623047,89.87999725341797,84.76000213623047,89.70999908447266,55628700
MSFT,2018-02-09,80.74179077148438,88.18000030517578,88.93000030517578,83.83000183105469,86.30000305175781,63499100
MSFT,2018-02-12,81.61166381835938,89.12999725341797,89.77999877929688,87.93000030517578,88.73999786376953,35720300
MSFT,2018-02-13,82.25262451171875,89.83000183105469,90.0,87.80000305175781,88.93000030517578,26407700
MSFT,2018-02-14,83.54053497314453,90.80999755859375,90.98999786376953,88.41000366210938,88.51000213623047,34960900
MSFT,2018-02-15,85.2424545288086,92.66000366210938,92.72000122070312,90.62000274658203,91.20999908447266,27823900
MSFT,2018-02-16,84.63529205322266,92.0,93.5,91.80000305175781,92.44999694824219,30596900
MSFT,2018-02-20,85.29762268066406,92.72000122070312,93.05999755859375,91.01000213623047,91.4800033569336,30911700
MSFT,2018-02-21,84.16612243652344,91.48999786376953,93.36000061035156,91.48999786376953,92.9800033569336,26922500
MSFT,2018-02-22,84.38690948486328,91.7300033569336,92.7300033569336,91.36000061035156,92.05000305175781,24392800
MSFT,2018-02-23,86.53038024902344,94.05999755859375,94.06999969482422,92.36000061035156,93.5999984741211,26329200
MSFT,2018-02-26,87.78150939941406,95.41999816894531,95.44999694824219,94.25,94.4000015258789,30199800
MSFT,2018-02-27,86.65916442871094,94.19999694824219,95.83999633789062,94.19999694824219,95.73999786376953,25869100
MSFT,2018-02-28,86.26358032226562,93.7699966430664,95.70999908447266,93.62999725341797,94.83999633789062,31167300
MSFT,2018-03-01,85.417236328125,92.8499984741211,94.56999969482422,91.83999633789062,93.98999786376953,37135600
MSFT,2018-03-02,85.60124969482422,93.05000305175781,93.1500015258789,90.86000061035156,91.58000183105469,32830400
MSFT,2018-03-05,86.14399719238281,93.63999938964844,94.2699966430664,92.26000213623047,92.33999633789062,23901600
MSFT,2018-03-06,85.84962463378906,93.31999969482422,94.48999786376953,92.94000244140625,94.33999633789062,22175800
MSFT,2018-03-07,86.34639739990234,93.86000061035156,93.94000244140625,92.43000030517578,93.16000366210938,26716100
MSFT,2018-03-08,86.87077331542969,94.43000030517578,95.0999984741211,93.7699966430664,94.2699966430664,25887800
MSFT,2018-03-09,88.81185913085938,96.54000091552734,96.54000091552734,95.0,95.29000091552734,36937300
MSFT,2018-03-12,89.02344512939453,96.7699966430664,97.20999908447266,96.04000091552734,96.5,26073700
MSFT,2018-03-13,86.85238647460938,94.41000366210938,97.23999786376953,93.97000122070312,97.0,35387800
MSFT,2018-03-14,86.3371810913086,93.8499984741211,95.41000366210938,93.5,95.12000274658203,32132000
MSFT,2018-03-15,86.6407699584961,94.18000030517578,94.58000183105469,92.83000183105469,93.52999877929688,27611000
MSFT,2018-03-16,87.02715301513672,94.5999984741211,95.37999725341797,93.91999816894531,94.68000030517578,49081300
MSFT,2018-03-19,85.45403289794922,92.88999938964844,93.9000015258789,92.11000061035156,93.73999786376953,33344100
MSFT,2018-03-20,85.67483520507812,93.12999725341797,93.7699966430664,93.0,93.05000305175781,23075200
MSFT,2018-03-21,85.07687377929688,92.4800033569336,94.05000305175781,92.20999908447266,92.93000030517578,24457100
MSFT,2018-03-22,82.60221099853516,89.79000091552734,91.75,89.66000366210938,91.2699966430664,38604700
MSFT,2018-03-23,80.20114135742188,87.18000030517578,90.45999908447266,87.08000183105469,89.5,44068900
MSFT,2018-03-26,86.27278137207031,93.77999877929688,94.0,90.4000015258789,90.61000061035156,56396800
MSFT,2018-03-27,82.30783081054688,89.47000122070312,95.13999938964844,88.51000213623047,94.94000244140625,56569000
MSFT,2018-03-28,82.23419189453125,89.38999938964844,91.2300033569336,88.87000274658203,89.81999969482422,52501100
MSFT,2018-03-29,83.9637222290039,91.2699966430664,92.29000091552734,88.4000015258789,90.18000030517578,45867500
MSFT,2018-04-02,81.43385314941406,88.5199966430664,90.87999725341797,87.51000213623047,90.47000122070312,48515400
MSFT,2018-04-03,82.52861022949219,89.70999908447266,90.05000305175781,87.88999938964844,89.58000183105469,37213800
MSFT,2018-04-04,84.93888092041016,92.33000183105469,92.76000213623047,87.7300033569336,87.8499984741211,35560000
MSFT,2018-04-05,84.98487854003906,92.37999725341797,93.06999969482422,91.4000015258789,92.44000244140625,29771900
MSFT,2018-04-06,83.00699615478516,90.2300033569336,92.45999908447266,89.4800033569336,91.48999786376953,38026000
MSFT,2018-04-09,83.5037612915039,90.7699966430664,93.16999816894531,90.62000274658203,91.04000091552734,31533900
MSFT,2018-04-10,85.44485473632812,92.87999725341797,93.27999877929688,91.63999938964844,92.38999938964844,26812000
MSFT,2018-04-11,84.50650787353516,91.86000061035156,93.29000091552734,91.4800033569336,92.01000213623047,24872100
MSFT,2018-04-12,86.08881378173828,93.58000183105469,94.16000366210938,92.43000030517578,92.43000030517578,26758900
MSFT,2018-04-13,85.62883758544922,93.08000183105469,94.18000030517578,92.44000244140625,94.05000305175781,23346100
MSFT,2018-04-16,86.63156127929688,94.16999816894531,94.66000366210938,93.41999816894531,94.06999969482422,20288100
MSFT,2018-04-17,88.3794937133789,96.06999969482422,96.54000091552734,94.87999725341797,95.0,26771000
MSFT,2018-04-18,88.71989440917969,96.44000244140625,96.72000122070312,95.5199966430664,96.22000122070312,21043300
MSFT,2018-04-19,88.41627502441406,96.11000061035156,97.06999969482422,95.33999633789062,96.44000244140625,23552500
MSFT,2018-04-20,87.39513397216797,95.0,96.11000061035156,94.05000305175781,95.91000366210938,31154400
MSFT,2018-04-23,87.71710968017578,95.3499984741211,96.29000091552734,94.62999725341797,95.73999786376953,22331800
MSFT,2018-04-24,85.66564178466797,93.12000274658203,96.47000122070312,92.41000366210938,96.23999786376953,34524800
MSFT,2018-04-25,84.92048645019531,92.30999755859375,93.30000305175781,90.27999877929688,93.30000305175781,33729300
MSFT,2018-04-26,86.71434783935547,94.26000213623047,95.1500015258789,93.0999984741211,93.55000305175781,42529000
MSFT,2018-04-27,88.14949035644531,95.81999969482422,97.9000015258789,93.91000366210938,97.5999984741211,48272800
MSFT,2018-04-30,86.03361511230469,93.5199966430664,96.4000015258789,93.1500015258789,96.33000183105469,41523600
MSFT,2018-05-01,87.39513397216797,95.0,95.29000091552734,92.79000091552734,93.20999908447266,31408900
MSFT,2018-05-02,86.0243911743164,93.51000213623047,95.16999816894531,93.19000244140625,94.98999786376953,27471000
MSFT,2018-05-03,86.53958129882812,94.06999969482422,94.93000030517578,92.44999694824219,92.95999908447266,31142500
MSFT,2018-05-04,87.54232788085938,95.16000366210938,95.37000274658203,92.91999816894531,93.31999969482422,22531300
MSFT,2018-05-07,88.51747131347656,96.22000122070312,96.70999908447266,95.0999984741211,95.16999816894531,24242000
MSFT,2018-05-08,88.14028930664062,95.80999755859375,96.16000366210938,95.05999755859375,95.8499984741211,23484600
MSFT,2018-05-09,89.17986297607422,96.94000244140625,96.97000122070312,95.05000305175781,96.01000213623047,27327400
MSFT,2018-05-10,90.07221221923828,97.91000366210938,97.94999694824219,97.05000305175781,97.45999908447266,22388100
MSFT,2018-05-11,89.87896728515625,97.69999694824219,97.87000274658203,97.04000091552734,97.80000305175781,16778300
MSFT,2018-05-14,90.18258666992188,98.02999877929688,98.69000244140625,97.30999755859375,97.91999816894531,19454100
MSFT,2018-05-15,89.5293960571289,97.31999969482422,97.8499984741211,96.33999633789062,97.23999786376953,24594000
MSFT,2018-05-16,89.7603988647461,97.1500015258789,97.4000015258789,96.62000274658203,97.36000061035156,17384700
MSFT,2018-05-17,88.86418151855469,96.18000030517578,97.54000091552734,95.83000183105469,96.76000213623047,17246700
MSFT,2018-05-18,89.0304946899414,96.36000061035156,96.93000030517578,96.01000213623047,96.01000213623047,17865800
MSFT,2018-05-21,90.17617797851562,97.5999984741211,98.01000213623047,96.80000305175781,97.0,19422500
MSFT,2018-05-22,90.08379364013672,97.5,98.16999816894531,97.19999694824219,97.68000030517578,15441200
MSFT,2018-05-23,91.15557098388672,98.66000366210938,98.7300033569336,96.31999969482422,96.70999908447266,21251200
MSFT,2018-05-24,90.83216094970703,98.30999755859375,98.94000244140625,96.80999755859375,98.7300033569336,26649300
MSFT,2018-05-25,90.87834930419922,98.36000061035156,98.9800033569336,97.86000061035156,98.30000305175781,18363900
MSFT,2018-05-29,90.55498504638672,98.01000213623047,98.87999725341797,97.2300033569336,97.83999633789062,28671000
MSFT,2018-05-30,91.42347717285156,98.94999694824219,99.25,97.91000366210938,98.30999755859375,22158500
MSFT,2018-05-31,91.32183837890625,98.83999633789062,99.98999786376953,98.61000061035156,99.29000091552734,34140900
MSFT,2018-06-01,93.12352752685547,100.79000091552734,100.86000061035156,99.16999816894531,99.27999877929688,28655600
MSFT,2018-06-04,93.93658447265625,101.66999816894531,101.86000061035156,100.8499984741211,101.26000213623047,27281600
MSFT,2018-06-05,94.41704559326172,102.19000244140625,102.33000183105469,101.52999877929688,102.0,23514400
MSFT,2018-06-06,94.6942138671875,102.48999786376953,102.5999984741211,101.9000015258789,102.4800033569336,21122900
MSFT,2018-06-07,93.20665740966797,100.87999725341797,102.69000244140625,100.37999725341797,102.6500015258789,28232200
MSFT,2018-06-08,93.89965057373047,101.62999725341797,101.94999694824219,100.54000091552734,101.08999633789062,22165100
MSFT,2018-06-11,93.36376953125,101.05000305175781,101.58999633789062,100.66999816894531,101.01000213623047,23490900
MSFT,2018-06-12,93.60396575927734,101.30999755859375,101.44999694824219,100.75,101.0999984741211,18325200
MSFT,2018-06-13,93.17896270751953,100.8499984741211,102.01000213623047,100.55999755859375,101.72000122070312,29492900
MSFT,2018-06-14,93.70559692382812,101.41999816894531,102.02999877929688,101.0,101.6500015258789,25691800
MSFT,2018-06-15,92.51374816894531,100.12999725341797,101.52999877929688,100.06999969482422,101.51000213623047,65738600
MSFT,2018-06-18,93.18821716308594,100.86000061035156,101.11000061035156,99.41999816894531,100.01000213623047,23586000
MSFT,2018-06-19,93.18821716308594,100.86000061035156,101.0,99.5,99.6500015258789,28653100
MSFT,2018-06-20,94.1213607788086,101.87000274658203,102.5199966430664,101.12000274658203,101.37000274658203,26180800
MSFT,2018-06-21,93.4469223022461,101.13999938964844,102.45999908447266,100.87999725341797,102.08000183105469,23198200
MSFT,2018-06-22,92.77242279052734,100.41000366210938,100.7699966430664,99.62999725341797,100.41000366210938,38923100
MSFT,2018-06-25,90.90608215332031,98.38999938964844,100.11000061035156,97.30000305175781,100.0,35433300
MSFT,2018-06-26,91.54360961914062,99.08000183105469,100.08000183105469,98.75,98.81999969482422,26897200
MSFT,2018-06-27,90.12073516845703,97.54000091552734,100.0199966430664,97.4000015258789,99.58000183105469,31298400
MSFT,2018-06-28,91.12782287597656,98.62999725341797,99.11000061035156,97.26000213623047,97.37999725341797,26650700
MSFT,2018-06-29,91.10934448242188,98.61000061035156,99.91000366210938,98.33000183105469,98.93000030517578,28053200
MSFT,2018-07-02,92.40284729003906,100.01000213623047,100.05999755859375,98.0,98.0999984741211,19564500
MSFT,2018-07-03,91.5158920288086,99.05000305175781,100.62999725341797,98.94000244140625,100.4800033569336,14670300
MSFT,2018-07-05,92.171875,99.76000213623047,99.91999816894531,99.02999877929688,99.5,18977400
MSFT,2018-07-06,93.46539306640625,101.16000366210938,101.43000030517578,99.66999816894531,99.88999938964844,19234600
MSFT,2018-07-09,94.1029052734375,101.8499984741211,102.25,101.25,101.6500015258789,18212000
MSFT,2018-07-10,94.35234832763672,102.12000274658203,102.51000213623047,101.86000061035156,102.0,19293100
MSFT,2018-07-11,94.22301483154297,101.9800033569336,102.33999633789062,101.0999984741211,101.1500015258789,19644600
MSFT,2018-07-12,96.26490783691406,104.19000244140625,104.41000366210938,102.7300033569336,102.7699966430664,24335900
MSFT,2018-07-13,97.41059112548828,105.43000030517578,105.5999984741211,104.08999633789062,104.37000274658203,24635200
MSFT,2018-07-16,96.93013763427734,104.91000366210938,105.81999969482422,104.5199966430664,105.4000015258789,21786900
MSFT,2018-07-17,97.89102172851562,105.94999694824219,106.5,104.31999969482422,104.61000061035156,25901700
MSFT,2018-07-18,97.1241683959961,105.12000274658203,106.05000305175781,104.72000122070312,105.94000244140625,29493900
MSFT,2018-07-19,96.45893859863281,104.4000015258789,105.30999755859375,103.88999938964844,104.93000030517578,40171600
MSFT,2018-07-20,98.18669891357422,106.2699966430664,108.19999694824219,106.08000183105469,108.08000183105469,56004000
MSFT,2018-07-23,99.75740051269531,107.97000122070312,108.13999938964844,106.12999725341797,106.30000305175781,29707000
MSFT,2018-07-24,99.4709701538086,107.66000366210938,108.81999969482422,107.26000213623047,108.56999969482422,26316600
MSFT,2018-07-25,102.39987182617188,110.83000183105469,111.1500015258789,107.5999984741211,107.95999908447266,30702100
MSFT,2018-07-26,101.28187561035156,109.62000274658203,111.0,109.5,110.73999786376953,31372100
MSFT,2018-07-27,99.48945617675781,107.68000030517578,110.18000030517578,106.13999938964844,110.18000030517578,37005300
MSFT,2018-07-30,97.35514831542969,105.37000274658203,107.52999877929688,104.76000213623047,107.19000244140625,34668300
MSFT,2018-07-31,98.01115417480469,106.08000183105469,106.72000122070312,105.37999725341797,106.48999786376953,27655200
MSFT,2018-08-01,98.1959457397461,106.27999877929688,106.44999694824219,105.41999816894531,106.02999877929688,23628700
MSFT,2018-08-02,99.38780975341797,107.56999969482422,108.08999633789062,104.83999633789062,105.4000015258789,26104300
MSFT,2018-08-03,99.82205963134766,108.04000091552734,108.05000305175781,106.81999969482422,107.80000305175781,18659600
MSFT,2018-08-06,99.90522003173828,108.12999725341797,108.41999816894531,107.55999755859375,108.12000274658203,20265900
MSFT,2018-08-07,100.59815216064453,108.87999725341797,109.0999984741211,108.16999816894531,108.55999755859375,16080200
MSFT,2018-08-08,101.16178131103516,109.48999786376953,109.75,108.76000213623047,109.33000183105469,15487500
MSFT,2018-08-09,101.32808685302734,109.66999816894531,110.16000366210938,109.5999984741211,109.70999908447266,13677200
MSFT,2018-08-10,100.70904541015625,109.0,109.69000244140625,108.37999725341797,109.41999816894531,18183700
MSFT,2018-08-13,99.97914123535156,108.20999908447266,109.58000183105469,108.0999984741211,109.23999786376953,18472500
MSFT,2018-08-14,101.22642517089844,109.55999755859375,109.75,108.04000091552734,108.55999755859375,16788300
MSFT,2018-08-15,99.853759765625,107.66000366210938,108.98999786376953,106.81999969482422,108.48999786376953,29982800
MSFT,2018-08-16,99.83519744873047,107.63999938964844,108.86000061035156,107.30000305175781,108.30000305175781,21384300
MSFT,2018-08-17,99.7795639038086,107.58000183105469,107.9000015258789,106.69000244140625,107.36000061035156,18061500
MSFT,2018-08-20,99.12105560302734,106.87000274658203,107.9000015258789,106.4800033569336,107.51000213623047,17914200
MSFT,2018-08-21,98.29558563232422,105.9800033569336,107.3499984741211,105.8499984741211,106.91999816894531,22881900
MSFT,2018-08-22,99.29725646972656,107.05999755859375,107.33999633789062,105.77999877929688,105.8499984741211,18000600
MSFT,2018-08-23,99.7610092163086,107.55999755859375,108.18000030517578,106.87000274658203,107.1500015258789,18167700
MSFT,2018-08-24,100.54010772705078,108.4000015258789,108.55999755859375,107.55999755859375,107.66999816894531,17234000
MSFT,2018-08-27,101.6530990600586,109.5999984741211,109.63999938964844,108.51000213623047,109.2699966430664,19662300
MSFT,2018-08-28,102.26524353027344,110.26000213623047,110.5,109.79000091552734,109.94000244140625,19151500
MSFT,2018-08-29,103.89762115478516,112.0199966430664,112.02999877929688,110.2699966430664,110.44999694824219,20818000
MSFT,2018-08-30,103.83270263671875,111.94999694824219,112.61000061035156,111.44000244140625,111.66999816894531,22798700
MSFT,2018-08-31,104.18514251708984,112.33000183105469,112.77999877929688,111.5199966430664,111.69000244140625,23222700
MSFT,2018-09-04,103.610107421875,111.70999908447266,111.95999908447266,110.22000122070312,110.8499984741211,22634600
MSFT,2018-09-05,100.62359619140625,108.48999786376953,111.41999816894531,108.0999984741211,111.01000213623047,32872400
MSFT,2018-09-06,100.8554458618164,108.73999786376953,108.98999786376953,107.51000213623047,108.25,23477600
MSFT,2018-09-07,100.36388397216797,108.20999908447266,108.72000122070312,107.2300033569336,108.2300033569336,22498600
MSFT,2018-09-10,101.44905090332031,109.37999725341797,109.63999938964844,108.36000061035156,108.83999633789062,20727900
MSFT,2018-09-11,103.17417907714844,111.23999786376953,111.58999633789062,108.88999938964844,108.9000015258789,24301800
MSFT,2018-09-12,103.610107421875,111.70999908447266,111.8499984741211,110.51000213623047,111.43000030517578,18891100
MSFT,2018-09-13,104.72311401367188,112.91000366210938,113.7300033569336,112.12000274658203,112.12000274658203,26055600
MSFT,2018-09-14,105.14974212646484,113.37000274658203,113.7300033569336,112.44000244140625,113.36000061035156,19122300
MSFT,2018-09-17,104.00891876220703,112.13999938964844,113.69999694824219,111.86000061035156,113.69000244140625,20736500
MSFT,2018-09-18,105.00135040283203,113.20999908447266,113.69999694824219,111.72000122070312,112.19000244140625,22170900
MSFT,2018-09-19,103.60081481933594,111.69999694824219,113.31999969482422,111.04000091552734,113.05000305175781,21728400
MSFT,2018-09-20,105.33524322509766,113.56999969482422,113.80000305175781,111.93000030517578,112.27999877929688,23714500
MSFT,2018-09-21,105.97521209716797,114.26000213623047,115.29000091552734,113.51000213623047,114.0,71229700
MSFT,2018-09-24,106.35548400878906,114.66999816894531,114.9000015258789,112.22000122070312,113.02999877929688,27334500
MSFT,2018-09-25,106.15145111083984,114.44999694824219,115.0999984741211,113.75,114.80000305175781,22668000
MSFT,2018-09-26,105.71550750732422,113.9800033569336,115.05999755859375,113.73999786376953,114.47000122070312,19352000
MSFT,2018-09-27,106.11433410644531,114.41000366210938,114.91000366210938,114.19999694824219,114.77999877929688,19091300
MSFT,2018-09-28,106.07722473144531,114.37000274658203,114.56999969482422,113.68000030517578,114.19000244140625,21647800
MSFT,2018-10-01,107.22733306884766,115.61000061035156,115.68000030517578,114.7300033569336,114.75,18883100
MSFT,2018-10-02,106.8006820678711,115.1500015258789,115.83999633789062,114.44000244140625,115.30000305175781,20787200
MSFT,2018-10-03,106.81920623779297,115.16999816894531,116.18000030517578,114.93000030517578,115.41999816894531,16648000
MSFT,2018-10-04,104.6117935180664,112.79000091552734,114.76000213623047,111.62999725341797,114.61000061035156,34821700
MSFT,2018-10-05,103.9996566772461,112.12999725341797,113.16999816894531,110.63999938964844,112.62999725341797,29068900
MSFT,2018-10-08,102.81246948242188,110.8499984741211,112.02999877929688,109.33999633789062,111.66000366210938,29640600
MSFT,2018-10-09,104.12022399902344,112.26000213623047,113.08000183105469,110.80000305175781,111.13999938964844,26198600
MSFT,2018-10-10,98.46253204345703,106.16000366210938,111.5,105.79000091552734,111.23999786376953,61376300
MSFT,2018-10-11,98.23062896728516,105.91000366210938,108.93000030517578,104.19999694824219,105.3499984741211,63904300
MSFT,2018-10-12,101.62528228759766,109.56999969482422,111.23999786376953,107.12000274658203,109.01000213623047,47742100
MSFT,2018-10-15,99.79811096191406,107.5999984741211,109.4800033569336,106.94999694824219,108.91000366210938,32068100
MSFT,2018-10-16,102.95159149169922,111.0,111.41000366210938,108.94999694824219,109.54000091552734,31610200
MSFT,2018-10-17,102.6826171875,110.70999908447266,111.80999755859375,109.55000305175781,111.68000030517578,26548200
MSFT,2018-10-18,100.6328353881836,108.5,110.52999877929688,107.83000183105469,110.0999984741211,32506200
MSFT,2018-10-19,100.78125,108.66000366210938,110.86000061035156,108.20999908447266,108.93000030517578,32785500
MSFT,2018-10-22,101.6809310913086,109.62999725341797,110.54000091552734,108.23999786376953,109.31999969482422,26545600
MSFT,2018-10-23,100.26187896728516,108.0999984741211,108.97000122070312,105.11000061035156,107.7699966430664,43770400
MSFT,2018-10-24,94.90093994140625,102.31999969482422,108.48999786376953,101.58999633789062,108.41000366210938,63897800
MSFT,2018-10-25,100.44735717773438,108.30000305175781,109.2699966430664,106.1500015258789,106.55000305175781,61646800
MSFT,2018-10-26,99.20451354980469,106.95999908447266,108.75,104.76000213623047,105.69000244140625,55523100
MSFT,2018-10-29,96.32003021240234,103.8499984741211,108.69999694824219,101.62999725341797,108.11000061035156,55162000
MSFT,2018-10-30,96.20870971679688,103.7300033569336,104.37999725341797,100.11000061035156,103.66000366210938,65350900
MSFT,2018-10-31,99.06539916992188,106.80999755859375,108.13999938964844,105.38999938964844,105.44000244140625,51062400
MSFT,2018-11-01,98.23993682861328,105.91999816894531,107.31999969482422,105.52999877929688,107.05000305175781,33384200
MSFT,2018-11-02,98.46253204345703,106.16000366210938,107.31999969482422,104.9800033569336,106.4800033569336,37680200
MSFT,2018-11-05,99.71463775634766,107.51000213623047,107.73999786376953,105.9000015258789,106.37000274658203,27922100
MSFT,2018-11-06,99.909423828125,107.72000122070312,108.83999633789062,106.27999877929688,107.37999725341797,24340200
MSFT,2018-11-07,103.84197235107422,111.95999908447266,112.23999786376953,109.4000015258789,109.44000244140625,37901700
MSFT,2018-11-08,103.647216796875,111.75,112.20999908447266,110.91000366210938,111.80000305175781,25644100
MSFT,2018-11-09,101.62528228759766,109.56999969482422,111.44999694824219,108.76000213623047,110.8499984741211,32039200
MSFT,2018-11-12,99.12105560302734,106.87000274658203,109.95999908447266,106.0999984741211,109.41999816894531,33621800
MSFT,2018-11-13,99.18596649169922,106.94000244140625,108.73999786376953,106.63999938964844,107.55000305175781,35374600
MSFT,2018-11-14,97.77938842773438,104.97000122070312,108.26000213623047,104.47000122070312,108.0999984741211,39495100
MSFT,2018-11-15,99.93116760253906,107.27999877929688,107.80000305175781,103.91000366210938,104.98999786376953,38505200
MSFT,2018-11-16,100.87199401855469,108.29000091552734,108.87999725341797,106.80000305175781,107.08000183105469,33502100
MSFT,2018-11-19,97.45337677001953,104.62000274658203,108.55999755859375,103.55000305175781,108.2699966430664,44773900
MSFT,2018-11-20,94.74273681640625,101.70999908447266,102.97000122070312,99.3499984741211,101.80000305175781,64052500
MSFT,2018-11-21,96.04682159423828,103.11000061035156,104.43000030517578,102.23999786376953,103.5999984741211,28130600
MSFT,2018-11-23,96.00955200195312,103.06999969482422,103.80999755859375,102.0,102.16999816894531,13823100
MSFT,2018-11-26,99.17667388916016,106.47000122070312,106.62999725341797,104.58000183105469,104.79000091552734,32336200
MSFT,2018-11-27,99.8007583618164,107.13999938964844,107.33000183105469,105.36000061035156,106.2699966430664,29124500
MSFT,2018-11-28,103.50812530517578,111.12000274658203,111.33000183105469,107.86000061035156,107.88999938964844,46788500
MSFT,2018-11-29,102.64183044433594,110.19000244140625,111.12000274658203,109.02999877929688,110.33000183105469,28123200
MSFT,2018-11-30,103.29386901855469,110.88999938964844,110.97000122070312,109.36000061035156,110.69999694824219,33665600
MSFT,2018-12-03,104.41168212890625,112.08999633789062,113.41999816894531,110.7300033569336,113.0,34732800
MSFT,2018-12-04,101.08621215820312,108.5199966430664,112.63999938964844,108.20999908447266,111.94000244140625,45197000
MSFT,2018-12-06,101.71034240722656,109.19000244140625,109.23999786376953,105.0,105.81999969482422,49107400
MSFT,2018-12-07,97.63970947265625,104.81999969482422,109.44999694824219,104.30000305175781,108.37999725341797,45044900
MSFT,2018-12-10,100.21993255615234,107.58999633789062,107.9800033569336,103.88999938964844,104.80000305175781,40801500
MSFT,2018-12-11,101.15142822265625,108.58999633789062,110.94999694824219,107.44000244140625,109.80000305175781,42381900
MSFT,2018-12-12,101.60785675048828,109.08000183105469,111.2699966430664,109.04000091552734,110.88999938964844,36183000
MSFT,2018-12-13,101.95252990722656,109.44999694824219,110.87000274658203,108.62999725341797,109.58000183105469,31333400
MSFT,2018-12-14,98.76678466796875,106.02999877929688,109.26000213623047,105.5,108.25,47043100
MSFT,2018-12-17,95.84191131591797,102.88999938964844,105.80000305175781,101.70999908447266,105.41000366210938,56957300
MSFT,2018-12-18,96.84790802001953,103.97000122070312,104.51000213623047,102.5199966430664,103.75,49319200
MSFT,2018-12-19,96.58709716796875,103.69000244140625,106.87999725341797,101.3499984741211,103.6500015258789,68198200
MSFT,2018-12-20,94.55641174316406,101.51000213623047,104.30999755859375,98.77999877929688,103.05000305175781,70334200
MSFT,2018-12-21,91.50109100341797,98.2300033569336,103.0,97.45999908447266,101.62999725341797,111242100
MSFT,2018-12-24,87.68195343017578,94.12999725341797,97.97000122070312,93.9800033569336,97.68000030517578,43935200
MSFT,2018-12-26,93.67149353027344,100.55999755859375,100.69000244140625,93.95999908447266,95.13999938964844,51634800
MSFT,2018-12-27,94.2490005493164,101.18000030517578,101.19000244140625,96.4000015258789,99.30000305175781,49498500
MSFT,2018-12-28,93.51312255859375,100.38999938964844,102.41000366210938,99.5199966430664,102.08999633789062,38196300
MSFT,2018-12-31,94.6123046875,101.56999969482422,102.4000015258789,100.44000244140625,101.29000091552734,33173800
MSFT,2019-01-02,94.19316101074219,101.12000274658203,101.75,98.94000244140625,99.55000305175781,35329300
MSFT,2019-01-03,90.72795867919922,97.4000015258789,100.19000244140625,97.19999694824219,100.0999984741211,42579100
MSFT,2019-01-04,94.94763946533203,101.93000030517578,102.51000213623047,98.93000030517578,99.72000122070312,44060600
MSFT,2019-01-07,95.0687484741211,102.05999755859375,103.2699966430664,100.9800033569336,101.63999938964844,35656100
MSFT,2019-01-08,95.75806427001953,102.80000305175781,103.97000122070312,101.70999908447266,103.04000091552734,31514400
MSFT,2019-01-09,97.12735748291016,104.2699966430664,104.87999725341797,103.23999786376953,103.86000061035156,32280800
MSFT,2019-01-10,96.5032730102539,103.5999984741211,103.75,102.37999725341797,103.22000122070312,30067600
MSFT,2019-01-11,95.75806427001953,102.80000305175781,103.44000244140625,101.63999938964844,103.19000244140625,28314200
MSFT,2019-01-14,95.0594482421875,102.05000305175781,102.87000274658203,101.26000213623047,101.9000015258789,28437100
MSFT,2019-01-15,97.81668090820312,105.01000213623047,105.05000305175781,101.87999725341797,102.51000213623047,31587600
MSFT,2019-01-16,98.16130828857422,105.37999725341797,106.26000213623047,104.95999908447266,105.26000213623047,29853900
MSFT,2019-01-17,98.85063171386719,106.12000274658203,106.62999725341797,104.76000213623047,105.0,28393000
MSFT,2019-01-18,100.33170318603516,107.70999908447266,107.9000015258789,105.91000366210938,107.45999908447266,37427600
MSFT,2019-01-22,98.4407730102539,105.68000030517578,107.0999984741211,104.86000061035156,106.75,32371300
MSFT,2019-01-23,99.40021514892578,106.70999908447266,107.04000091552734,105.33999633789062,106.12000274658203,25874300
MSFT,2019-01-24,98.92516326904297,106.19999694824219,107.0,105.33999633789062,106.86000061035156,23164800
MSFT,2019-01-25,99.82869720458984,107.16999816894531,107.87999725341797,106.19999694824219,107.23999786376953,31225600
MSFT,2019-01-28,97.88186645507812,105.08000183105469,106.4800033569336,104.66000366210938,106.26000213623047,29476700
MSFT,2019-01-29,95.8884506225586,102.94000244140625,104.97000122070312,102.16999816894531,104.87999725341797,31490500
MSFT,2019-01-30,99.09283447265625,106.37999725341797,106.37999725341797,104.33000183105469,104.62000274658203,49471900
MSFT,2019-01-31,97.27640533447266,104.43000030517578,105.22000122070312,103.18000030517578,103.80000305175781,55636400
MSFT,2019-02-01,95.7394027709961,102.77999877929688,104.0999984741211,102.3499984741211,103.77999877929688,35535700
MSFT,2019-02-04,98.49665832519531,105.73999786376953,105.80000305175781,102.7699966430664,102.87000274658203,31315100
MSFT,2019-02-05,99.87530517578125,107.22000122070312,107.2699966430664,105.95999908447266,106.05999755859375,27325400
MSFT,2019-02-06,98.76678466796875,106.02999877929688,107.0,105.52999877929688,107.0,20609800
MSFT,2019-02-07,98.05886840820312,105.2699966430664,105.58999633789062,104.29000091552734,105.19000244140625,29760700
MSFT,2019-02-08,98.43144226074219,105.66999816894531,105.77999877929688,104.26000213623047,104.38999938964844,21461100
MSFT,2019-02-11,98.04022216796875,105.25,106.58000183105469,104.97000122070312,106.19999694824219,18914100
MSFT,2019-02-12,99.56786346435547,106.88999938964844,107.13999938964844,105.4800033569336,106.13999938964844,25056600
MSFT,2019-02-13,99.49336242675781,106.80999755859375,107.77999877929688,106.70999908447266,107.5,18394900
MSFT,2019-02-14,99.57719421386719,106.9000015258789,107.29000091552734,105.66000366210938,106.30999755859375,21784700
MSFT,2019-02-15,100.8067626953125,108.22000122070312,108.30000305175781,107.36000061035156,107.91000366210938,26606900
MSFT,2019-02-19,100.76019287109375,108.16999816894531,108.66000366210938,107.77999877929688,107.79000091552734,18038500
MSFT,2019-02-20,100.23633575439453,107.1500015258789,107.94000244140625,106.29000091552734,107.86000061035156,21607700
MSFT,2019-02-21,102.35052490234375,109.41000366210938,109.4800033569336,106.87000274658203,106.9000015258789,29063200
MSFT,2019-02-22,103.80986022949219,110.97000122070312,111.19999694824219,109.81999969482422,110.05000305175781,27763200
MSFT,2019-02-25,104.38983154296875,111.58999633789062,112.18000030517578,111.26000213623047,111.76000213623047,23750600
MSFT,2019-02-26,105.11016082763672,112.36000061035156,113.23999786376953,111.16999816894531,111.26000213623047,21536700
MSFT,2019-02-27,104.93241119384766,112.16999816894531,112.36000061035156,110.87999725341797,111.69000244140625,21487100
MSFT,2019-02-28,104.80147552490234,112.02999877929688,112.87999725341797,111.7300033569336,112.04000091552734,29083900
MSFT,2019-03-01,105.26918029785156,112.52999877929688,113.0199966430664,111.66999816894531,112.88999938964844,23501200
MSFT,2019-03-04,105.01661682128906,112.26000213623047,113.25,110.80000305175781,113.0199966430664,26608000
MSFT,2019-03-05,104.49275207519531,111.69999694824219,112.38999938964844,111.2300033569336,112.25,19538300
MSFT,2019-03-06,104.5395278930664,111.75,112.66000366210938,111.43000030517578,111.87000274658203,17687000
MSFT,2019-03-07,103.26727294921875,110.38999938964844,111.55000305175781,109.87000274658203,111.4000015258789,25339000
MSFT,2019-03-08,103.37953186035156,110.51000213623047,110.70999908447266,108.80000305175781,109.16000366210938,22818400
MSFT,2019-03-11,105.54985809326172,112.83000183105469,112.94999694824219,110.9800033569336,110.98999786376953,26491600
MSFT,2019-03-12,106.28887176513672,113.62000274658203,113.98999786376953,112.6500015258789,112.81999969482422,26132700
MSFT,2019-03-13,107.1120834350586,114.5,115.0,113.77999877929688,114.12999725341797,35513800
MSFT,2019-03-14,107.1962890625,114.58999633789062,115.19999694824219,114.33000183105469,114.54000091552734,30763400
MSFT,2019-03-15,108.43110656738281,115.91000366210938,117.25,114.58999633789062,115.33999633789062,54681100
MSFT,2019-03-18,109.98399353027344,117.56999969482422,117.61000061035156,116.05000305175781,116.16999816894531,31207600
MSFT,2019-03-19,110.05883026123047,117.6500015258789,118.44000244140625,116.98999786376953,118.08999633789062,37588700
MSFT,2019-03-20,109.93724060058594,117.5199966430664,118.75,116.70999908447266,117.38999938964844,28113300
MSFT,2019-03-21,112.46302795410156,120.22000122070312,120.81999969482422,117.08999633789062,117.13999938964844,29854400
MSFT,2019-03-22,109.49754333496094,117.05000305175781,119.58999633789062,117.04000091552734,119.5,33624500
MSFT,2019-03-25,110.06819152832031,117.66000366210938,118.01000213623047,116.31999969482422,116.55999755859375,27067100
MSFT,2019-03-26,110.30204772949219,117.91000366210938,118.70999908447266,116.8499984741211,118.62000274658203,26097700
MSFT,2019-03-27,109.23561096191406,116.7699966430664,118.20999908447266,115.5199966430664,117.87999725341797,22733400
MSFT,2019-03-28,109.38529968261719,116.93000030517578,117.58000183105469,116.12999725341797,117.44000244140625,18334800
MSFT,2019-03-29,110.33012390136719,117.94000244140625,118.31999969482422,116.95999908447266,118.06999969482422,25399800
MSFT,2019-04-01,111.34044647216797,119.0199966430664,119.11000061035156,118.0999984741211,118.94999694824219,22789100
MSFT,2019-04-02,111.49948120117188,119.19000244140625,119.4800033569336,118.5199966430664,119.05999755859375,18142300
MSFT,2019-04-03,112.22914123535156,119.97000122070312,120.43000030517578,119.1500015258789,119.86000061035156,22860700
MSFT,2019-04-04,111.65850067138672,119.36000061035156,120.2300033569336,118.37999725341797,120.0999984741211,20112800
MSFT,2019-04-05,112.154296875,119.88999938964844,120.2300033569336,119.37000274658203,119.38999938964844,15826200
MSFT,2019-04-08,112.1917495727539,119.93000030517578,120.0199966430664,118.63999938964844,119.80999755859375,15116200
MSFT,2019-04-09,111.58368682861328,119.27999877929688,119.54000091552734,118.58000183105469,118.62999725341797,17612000
MSFT,2019-04-10,112.43495178222656,120.19000244140625,120.3499984741211,119.54000091552734,119.76000213623047,16477200
MSFT,2019-04-11,112.56591033935547,120.33000183105469,120.8499984741211,119.91999816894531,120.54000091552734,14209100
MSFT,2019-04-12,113.14591217041016,120.94999694824219,120.9800033569336,120.37000274658203,120.63999938964844,19745100
MSFT,2019-04-15,113.23945617675781,121.05000305175781,121.58000183105469,120.56999969482422,120.94000244140625,15792600
MSFT,2019-04-16,112.97752380371094,120.7699966430664,121.6500015258789,120.0999984741211,121.63999938964844,14071800
MSFT,2019-04-17,113.9129867553711,121.7699966430664,121.8499984741211,120.54000091552734,121.23999786376953,19300900
MSFT,2019-04-18,115.40975952148438,123.37000274658203,123.5199966430664,121.30000305175781,122.19000244140625,27991000
MSFT,2019-04-22,115.77462005615234,123.76000213623047,124.0,122.56999969482422,122.62000274658203,15648700
MSFT,2019-04-23,117.34619140625,125.44000244140625,125.58000183105469,123.83000183105469,124.0999984741211,24025500
MSFT,2019-04-24,116.94393157958984,125.01000213623047,125.8499984741211,124.5199966430664,125.79000091552734,31257000
MSFT,2019-04-25,120.81680297851562,129.14999389648438,131.3699951171875,128.8300018310547,130.05999755859375,38033900
MSFT,2019-04-26,121.50909423828125,129.88999938964844,130.52000427246094,129.02000427246094,129.6999969482422,23654900
MSFT,2019-04-29,121.39680480957031,129.77000427246094,130.17999267578125,129.35000610351562,129.89999389648438,16324200
MSFT,2019-04-30,122.17328643798828,130.60000610351562,130.6999969482422,129.38999938964844,129.80999755859375,24166500
MSFT,2019-05-01,119.62877655029297,127.87999725341797,130.64999389648438,127.69999694824219,130.52999877929688,26821700
MSFT,2019-05-02,118.0665054321289,126.20999908447266,128.0,125.5199966430664,127.9800033569336,27350200
MSFT,2019-05-03,120.58294677734375,128.89999389648438,129.42999267578125,127.25,127.36000061035156,24911100
MSFT,2019-05-06,119.88134765625,128.14999389648438,128.55999755859375,126.11000061035156,126.38999938964844,24239800
MSFT,2019-05-07,117.42102813720703,125.5199966430664,127.18000030517578,124.22000122070312,126.45999908447266,36017700
MSFT,2019-05-08,117.41168975830078,125.51000213623047,126.37000274658203,124.75,125.44000244140625,28419000
MSFT,2019-05-09,117.40232849121094,125.5,125.79000091552734,123.56999969482422,124.29000091552734,27235800
MSFT,2019-05-10,118.92713928222656,127.12999725341797,127.93000030517578,123.81999969482422,124.91000366210938,30915100
MSFT,2019-05-13,115.39105224609375,123.3499984741211,125.55000305175781,123.04000091552734,124.11000061035156,33944900
MSFT,2019-05-14,116.68202209472656,124.7300033569336,125.87999725341797,123.69999694824219,123.87000274658203,25266300
MSFT,2019-05-15,118.32514953613281,126.0199966430664,126.70999908447266,123.69999694824219,124.26000213623047,24722700
MSFT,2019-05-16,121.05746459960938,128.92999267578125,129.3800048828125,126.45999908447266,126.75,30112200
MSFT,2019-05-17,120.25000762939453,128.07000732421875,130.4600067138672,127.91999816894531,128.30999755859375,25770500
MSFT,2019-05-20,118.51295471191406,126.22000122070312,127.58999633789062,125.76000213623047,126.5199966430664,23706900
MSFT,2019-05-21,119.15144348144531,126.9000015258789,127.52999877929688,126.58000183105469,127.43000030517578,15293300
MSFT,2019-05-22,119.8744125366211,127.66999816894531,128.24000549316406,126.5199966430664,126.62000274658203,15396500
MSFT,2019-05-23,118.47538757324219,126.18000030517578,126.29000091552734,124.73999786376953,126.19999694824219,23603800
MSFT,2019-05-24,118.53173065185547,126.23999786376953,127.41999816894531,125.97000122070312,126.91000366210938,14123400
MSFT,2019-05-28,118.45660400390625,126.16000366210938,128.0,126.05000305175781,126.9800033569336,23128400
MSFT,2019-05-29,117.31109619140625,124.94000244140625,125.38999938964844,124.04000091552734,125.37999725341797,22763100
MSFT,2019-05-30,118.05284881591797,125.7300033569336,125.76000213623047,124.77999877929688,125.26000213623047,16829600
MSFT,2019-05-31,116.1280517578125,123.68000030517578,124.62000274658203,123.31999969482422,124.2300033569336,26646800
MSFT,2019-06-03,112.5224838256836,119.83999633789062,124.37000274658203,119.01000213623047,123.8499984741211,37983600
MSFT,2019-06-04,115.63980102539062,123.16000366210938,123.27999877929688,120.6500015258789,121.27999877929688,29382600
MSFT,2019-06-05,118.1467514038086,125.83000183105469,125.87000274658203,124.20999908447266,124.94999694824219,24926100
MSFT,2019-06-06,120.01526641845703,127.81999969482422,127.97000122070312,125.5999984741211,126.44000244140625,21459000
MSFT,2019-06-07,123.37663269042969,131.39999389648438,132.25,128.25999450683594,129.19000244140625,33885600
MSFT,2019-06-10,124.50338745117188,132.60000610351562,134.0800018310547,132.0,132.39999389648438,26477100
MSFT,2019-06-11,124.03394317626953,132.10000610351562,134.24000549316406,131.27999877929688,133.8800048828125,23913700
MSFT,2019-06-12,123.4611587524414,131.49000549316406,131.97000122070312,130.7100067138672,131.39999389648438,17092500
MSFT,2019-06-13,124.24050903320312,132.32000732421875,133.0,131.55999755859375,131.97999572753906,17200800
MSFT,2019-06-14,124.36254119873047,132.4499969482422,133.7899932861328,131.63999938964844,132.25999450683594,17821700
MSFT,2019-06-17,124.73812866210938,132.85000610351562,133.72999572753906,132.52999877929688,132.6300048828125,14517800
MSFT,2019-06-18,126.9071044921875,135.16000366210938,135.24000549316406,133.57000732421875,134.19000244140625,25934500
MSFT,2019-06-19,127.40471649169922,135.69000244140625,135.92999267578125,133.80999755859375,135.0,23744400
MSFT,2019-06-20,128.5877685546875,136.9499969482422,137.66000366210938,135.72000122070312,137.4499969482422,33042600
MSFT,2019-06-21,128.60655212402344,136.97000122070312,137.72999572753906,136.4600067138672,136.5800018310547,36727900
MSFT,2019-06-24,129.36709594726562,137.77999877929688,138.39999389648438,137.0,137.0,20628800
MSFT,2019-06-25,125.28268432617188,133.42999267578125,137.58999633789062,132.72999572753906,137.25,33327400
MSFT,2019-06-26,125.75216674804688,133.92999267578125,135.74000549316406,133.60000610351562,134.35000610351562,23657700
MSFT,2019-06-27,125.95868682861328,134.14999389648438,134.7100067138672,133.50999450683594,134.13999938964844,16557500
MSFT,2019-06-28,125.78033447265625,133.9600067138672,134.60000610351562,133.16000366210938,134.57000732421875,30043000
MSFT,2019-07-01,127.39529418945312,135.67999267578125,136.6999969482422,134.97000122070312,136.6300048828125,22613500
MSFT,2019-07-02,128.24034118652344,136.5800018310547,136.58999633789062,135.33999633789062,136.1199951171875,15237800
MSFT,2019-07-03,129.0666046142578,137.4600067138672,137.74000549316406,136.2899932861328,136.8000030517578,13629300
MSFT,2019-07-05,128.69100952148438,137.05999755859375,137.3300018310547,135.72000122070312,135.94000244140625,18141100
MSFT,2019-07-08,128.59718322753906,136.9600067138672,137.10000610351562,135.3699951171875,136.39999389648438,16779700
MSFT,2019-07-09,128.12767028808594,136.4600067138672,136.97000122070312,135.8000030517578,136.0,19953100
MSFT,2019-07-10,129.4328155517578,137.85000610351562,138.5800018310547,137.02000427246094,137.1300048828125,24204400
MSFT,2019-07-11,129.94920349121094,138.39999389648438,139.22000122070312,137.8699951171875,138.1999969482422,22327900
MSFT,2019-07-12,130.41868591308594,138.89999389648438,139.1300048828125,138.00999450683594,138.85000610351562,18936800
MSFT,2019-07-15,130.41868591308594,138.89999389648438,139.5399932861328,138.4600067138672,139.44000244140625,16651500
MSFT,2019-07-16,128.7098388671875,137.0800018310547,139.0500030517578,136.52000427246094,138.9600067138672,22726100
MSFT,2019-07-17,127.94930267333984,136.27000427246094,137.92999267578125,136.22000122070312,137.6999969482422,20211000
MSFT,2019-07-18,128.09011840820312,136.4199981689453,136.6199951171875,134.6699981689453,135.5500030517578,30381800
MSFT,2019-07-19,128.27793884277344,136.6199951171875,140.6699981689453,136.4499969482422,140.22000122070312,48992400
MSFT,2019-07-22,129.97738647460938,138.42999267578125,139.19000244140625,137.3300018310547,137.41000366210938,25074900
MSFT,2019-07-23,130.78488159179688,139.2899932861328,139.99000549316406,138.02999877929688,139.75999450683594,18034600
MSFT,2019-07-24,132.12753295898438,140.72000122070312,140.74000549316406,138.85000610351562,138.89999389648438,20738300
MSFT,2019-07-25,131.62994384765625,140.19000244140625,140.61000061035156,139.32000732421875,140.42999267578125,18356900
MSFT,2019-07-26,132.70968627929688,141.33999633789062,141.67999267578125,140.3000030517578,140.3699951171875,19037600
MSFT,2019-07-29,132.41867065429688,141.02999877929688,141.50999450683594,139.3699951171875,141.5,16605900
MSFT,2019-07-30,131.78018188476562,140.35000610351562,141.22000122070312,139.8000030517578,140.13999938964844,16846500
MSFT,2019-07-31,127.94930267333984,136.27000427246094,140.49000549316406,135.0800018310547,140.3300018310547,38598800
MSFT,2019-08-01,129.62997436523438,138.05999755859375,140.94000244140625,136.92999267578125,137.0,40557500
MSFT,2019-08-02,128.540771484375,136.89999389648438,138.32000732421875,135.25999450683594,138.08999633789062,30791600
MSFT,2019-08-05,124.13719177246094,132.2100067138672,133.92999267578125,130.77999877929688,133.3000030517578,42749600
MSFT,2019-08-06,126.46576690673828,134.69000244140625,135.67999267578125,133.2100067138672,133.8000030517578,32696700
MSFT,2019-08-07,127.01976776123047,135.27999877929688,135.64999389648438,131.8300018310547,133.7899932861328,33414500
MSFT,2019-08-08,130.40933227539062,138.88999938964844,138.99000549316406,135.92999267578125,136.60000610351562,27496500
MSFT,2019-08-09,129.30137634277344,137.7100067138672,139.3800048828125,136.4600067138672,138.61000061035156,23466700
MSFT,2019-08-12,127.49859619140625,135.7899932861328,137.86000061035156,135.24000549316406,137.07000732421875,20484300
MSFT,2019-08-13,130.1370086669922,138.60000610351562,138.8000030517578,135.0,136.0500030517578,25154600
MSFT,2019-08-14,126.21802520751953,133.97999572753906,136.9199981689453,133.6699981689453,136.36000061035156,32527300
MSFT,2019-08-15,125.93539428710938,133.67999267578125,134.5800018310547,132.25,134.38999938964844,28074400
MSFT,2019-08-16,128.24346923828125,136.1300048828125,136.4600067138672,134.72000122070312,134.8800048828125,24449100
MSFT,2019-08-19,130.39137268066406,138.41000366210938,138.5500030517578,136.88999938964844,137.85000610351562,24355700
MSFT,2019-08-20,129.30795288085938,137.25999450683594,138.7100067138672,137.24000549316406,138.2100067138672,21170800
MSFT,2019-08-21,130.7493438720703,138.7899932861328,139.49000549316406,138.0,138.5500030517578,14970300
MSFT,2019-08-22,129.79788208007812,137.77999877929688,139.1999969482422,136.2899932861328,138.66000366210938,18697000
MSFT,2019-08-23,125.66221618652344,133.38999938964844,138.35000610351562,132.8000030517578,137.19000244140625,38508600
MSFT,2019-08-26,127.60285949707031,135.4499969482422,135.55999755859375,133.89999389648438,134.99000549316406,20312600
MSFT,2019-08-27,127.87602996826172,135.74000549316406,136.72000122070312,134.66000366210938,136.38999938964844,23102100
MSFT,2019-08-28,127.70648956298828,135.55999755859375,135.75999450683594,133.5500030517578,134.8800048828125,17393300
MSFT,2019-08-29,130.11819458007812,138.1199951171875,138.44000244140625,136.91000366210938,137.25,20168700
MSFT,2019-08-30,129.8732452392578,137.86000061035156,139.17999267578125,136.27000427246094,139.14999389648438,23940100
MSFT,2019-09-03,128.15866088867188,136.0399932861328,137.1999969482422,135.6999969482422,136.61000061035156,18869300
MSFT,2019-09-04,129.6565704345703,137.6300048828125,137.69000244140625,136.47999572753906,137.3000030517578,17995900
MSFT,2019-09-05,131.93634033203125,140.0500030517578,140.3800048828125,138.75999450683594,139.11000061035156,26101800
MSFT,2019-09-06,131.04141235351562,139.10000610351562,140.17999267578125,138.1999969482422,140.02999877929688,20824500
MSFT,2019-09-09,129.55296325683594,137.52000427246094,139.75,136.4600067138672,139.58999633789062,25773900
MSFT,2019-09-10,128.1963348388672,136.0800018310547,136.88999938964844,134.50999450683594,136.8000030517578,28903400
MSFT,2019-09-11,128.2340545654297,136.1199951171875,136.27000427246094,135.08999633789062,135.91000366210938,24726100
MSFT,2019-09-12,129.55296325683594,137.52000427246094,138.4199981689453,136.8699951171875,137.85000610351562,27010000
MSFT,2019-09-13,129.36453247070312,137.32000732421875,138.05999755859375,136.57000732421875,137.77999877929688,23363100
MSFT,2019-09-16,128.43190002441406,136.3300018310547,136.6999969482422,135.66000366210938,135.8300018310547,16731400
MSFT,2019-09-17,129.43051147460938,137.38999938964844,137.52000427246094,136.42999267578125,136.9600067138672,17814200
MSFT,2019-09-18,130.49496459960938,138.52000427246094,138.6699981689453,136.52999877929688,137.36000061035156,23982100
MSFT,2019-09-19,132.8972625732422,141.07000732421875,142.3699951171875,140.07000732421875,140.3000030517578,35772100
MSFT,2019-09-20,131.3617401123047,139.44000244140625,141.64999389648438,138.25,141.00999450683594,39167300
MSFT,2019-09-23,131.0790557861328,139.13999938964844,139.6300048828125,138.44000244140625,139.22999572753906,17139300
MSFT,2019-09-24,129.42105102539062,137.3800048828125,140.69000244140625,136.8800048828125,140.36000061035156,29773200
MSFT,2019-09-25,131.2863311767578,139.36000061035156,139.9600067138672,136.02999877929688,137.5,21382000
MSFT,2019-09-26,131.45591735839844,139.5399932861328,140.17999267578125,138.44000244140625,139.44000244140625,17456600
MSFT,2019-09-27,129.75079345703125,137.72999572753906,140.36000061035156,136.64999389648438,140.14999389648438,22477700
MSFT,2019-09-30,130.9754638671875,139.02999877929688,139.22000122070312,137.77999877929688,138.0500030517578,17280900
MSFT,2019-10-01,129.1290283203125,137.07000732421875,140.25,137.0,139.66000366210938,21466600
MSFT,2019-10-02,126.84921264648438,134.64999389648438,136.3699951171875,133.5800018310547,136.25,30521700
MSFT,2019-10-03,128.38479614257812,136.27999877929688,136.75,133.22000122070312,134.9499969482422,24132900
MSFT,2019-10-04,130.11819458007812,138.1199951171875,138.25,136.4199981689453,136.75,22897700
MSFT,2019-10-07,129.17608642578125,137.1199951171875,138.17999267578125,137.02000427246094,137.13999938964844,15303700
MSFT,2019-10-08,127.81011962890625,135.6699981689453,137.75999450683594,135.6199951171875,137.0800018310547,25550500
MSFT,2019-10-09,130.23123168945312,138.24000549316406,138.6999969482422,136.97000122070312,137.4600067138672,19749900
MSFT,2019-10-10,131.04141235351562,139.10000610351562,139.6699981689453,138.25,138.49000549316406,17654600
MSFT,2019-10-11,131.58778381347656,139.67999267578125,141.02999877929688,139.5,140.1199951171875,25446000
MSFT,2019-10-14,131.46531677246094,139.5500030517578,140.2899932861328,139.52000427246094,139.69000244140625,13304300
MSFT,2019-10-15,133.36831665039062,141.57000732421875,141.7899932861328,139.80999755859375,140.05999755859375,19695700
MSFT,2019-10-16,132.2755126953125,140.41000366210938,140.99000549316406,139.52999877929688,140.7899932861328,20751600
MSFT,2019-10-17,131.5972442626953,139.69000244140625,141.4199981689453,139.02000427246094,140.9499969482422,21460600
MSFT,2019-10-18,129.44932556152344,137.41000366210938,140.0,136.55999755859375,139.75999450683594,32273500
MSFT,2019-10-21,130.4102020263672,138.42999267578125,138.5,137.00999450683594,138.4499969482422,20078200
MSFT,2019-10-22,128.46957397460938,136.3699951171875,140.00999450683594,136.25999450683594,138.97000122070312,27431000
MSFT,2019-10-23,129.2891845703125,137.24000549316406,137.4499969482422,135.61000061035156,136.8800048828125,29844600
MSFT,2019-10-24,131.8327178955078,139.94000244140625,140.4199981689453,138.6699981689453,139.38999938964844,37029300
MSFT,2019-10-25,132.5769500732422,140.72999572753906,141.13999938964844,139.1999969482422,139.33999633789062,25959700
MSFT,2019-10-28,135.83653259277344,144.19000244140625,145.6699981689453,143.50999450683594,144.39999389648438,35280100
MSFT,2019-10-29,134.55528259277344,142.8300018310547,144.5,142.64999389648438,144.0800018310547,20589500
MSFT,2019-10-30,136.23219299316406,144.61000061035156,145.0,142.7899932861328,143.52000427246094,18496600
MSFT,2019-10-31,135.0640106201172,143.3699951171875,144.92999267578125,142.99000549316406,144.89999389648438,24605100
MSFT,2019-11-01,135.39376831054688,143.72000122070312,144.4199981689453,142.97000122070312,144.25999450683594,33128400
MSFT,2019-11-04,136.1756591796875,144.5500030517578,145.0,144.16000366210938,144.8300018310547,16912000
MSFT,2019-11-05,136.0909423828125,144.4600067138672,145.02000427246094,143.91000366210938,144.97000122070312,18250200
MSFT,2019-11-06,135.71405029296875,144.05999755859375,144.52000427246094,143.1999969482422,144.3699951171875,16575800
MSFT,2019-11-07,135.90248107910156,144.25999450683594,144.8800048828125,143.77000427246094,143.83999633789062,17786700
MSFT,2019-11-08,137.50399780273438,145.9600067138672,145.99000549316406,143.75999450683594,143.97999572753906,16732700
MSFT,2019-11-11,137.64524841308594,146.11000061035156,146.4199981689453,144.72999572753906,145.33999633789062,14362600
MSFT,2019-11-12,138.54969787597656,147.07000732421875,147.57000732421875,146.05999755859375,146.27999877929688,18641600
MSFT,2019-11-13,138.7757568359375,147.30999755859375,147.4600067138672,146.27999877929688,146.74000549316406,16919200
MSFT,2019-11-14,139.48231506347656,148.05999755859375,148.41000366210938,147.0,147.02000427246094,19729800
MSFT,2019-11-15,141.28164672851562,149.97000122070312,149.99000549316406,148.27000427246094,148.92999267578125,23485700
MSFT,2019-11-18,141.63021850585938,150.33999633789062,150.5500030517578,148.97999572753906,150.07000732421875,21534000
MSFT,2019-11-19,141.6773681640625,150.38999938964844,151.3300018310547,150.1999969482422,150.8800048828125,23935700
MSFT,2019-11-20,141.4315643310547,149.6199951171875,150.83999633789062,148.4600067138672,150.30999755859375,25696800
MSFT,2019-11-21,141.2991943359375,149.47999572753906,149.8000030517578,148.5,149.39999389648438,18576100
MSFT,2019-11-22,141.40316772460938,149.58999633789062,150.3000030517578,148.82000732421875,150.07000732421875,15901800
MSFT,2019-11-25,142.9534454345703,151.22999572753906,151.35000610351562,149.9199981689453,150.0,22420900
MSFT,2019-11-26,143.70968627929688,152.02999877929688,152.4199981689453,151.32000732421875,151.36000061035156,24620100
MSFT,2019-11-27,143.9838104248047,152.32000732421875,152.5,151.52000427246094,152.3300018310547,15184400
MSFT,2019-11-29,143.0952606201172,151.3800048828125,152.3000030517578,151.27999877929688,152.10000610351562,11977300
MSFT,2019-12-02,141.3654022216797,149.5500030517578,151.8300018310547,148.32000732421875,151.80999755859375,27418400
MSFT,2019-12-03,141.13853454589844,149.30999755859375,149.42999267578125,146.64999389648438,147.49000549316406,24066000
MSFT,2019-12-04,141.64901733398438,149.85000610351562,150.17999267578125,149.1999969482422,150.13999938964844,17574700
MSFT,2019-12-05,141.72457885742188,149.92999267578125,150.32000732421875,149.47999572753906,150.0500030517578,17869100
MSFT,2019-12-06,143.44500732421875,151.75,151.8699951171875,150.27000427246094,150.99000549316406,16403500
MSFT,2019-12-09,143.0763397216797,151.36000061035156,152.2100067138672,150.91000366210938,151.07000732421875,16687400
MSFT,2019-12-10,142.8589324951172,151.1300048828125,151.88999938964844,150.75999450683594,151.2899932861328,16476100
MSFT,2019-12-11,143.39768981933594,151.6999969482422,151.8699951171875,150.3300018310547,151.5399932861328,18856600
MSFT,2019-12-12,144.85348510742188,153.24000549316406,153.44000244140625,151.02000427246094,151.64999389648438,24612100
MSFT,2019-12-13,146.0728302001953,154.52999877929688,154.88999938964844,152.8300018310547,153.0,23845400
MSFT,2019-12-16,147.0181121826172,155.52999877929688,155.89999389648438,154.82000732421875,155.11000061035156,24144200
MSFT,2019-12-17,146.22410583496094,154.69000244140625,155.7100067138672,154.4499969482422,155.4499969482422,25425600
MSFT,2019-12-18,145.92160034179688,154.3699951171875,155.47999572753906,154.17999267578125,154.3000030517578,24129200
MSFT,2019-12-19,147.18826293945312,155.7100067138672,155.77000427246094,153.75,154.0,24958900
MSFT,2019-12-20,148.79522705078125,157.41000366210938,158.49000549316406,156.2899932861328,157.35000610351562,53477500
MSFT,2019-12-23,148.79522705078125,157.41000366210938,158.1199951171875,157.27000427246094,158.1199951171875,17718200
MSFT,2019-12-24,148.76686096191406,157.3800048828125,157.7100067138672,157.1199951171875,157.47999572753906,8989200
MSFT,2019-12-26,149.98626708984375,158.6699981689453,158.72999572753906,157.39999389648438,157.55999755859375,14520600
MSFT,2019-12-27,150.2604217529297,158.9600067138672,159.5500030517578,158.22000122070312,159.4499969482422,18412800
MSFT,2019-12-30,148.96539306640625,157.58999633789062,159.02000427246094,156.72999572753906,158.99000549316406,16348400
MSFT,2019-12-31,149.0693817138672,157.6999969482422,157.77000427246094,156.4499969482422,156.77000427246094,18369400
MSFT,2020-01-02,151.8295440673828,160.6199951171875,160.72999572753906,158.3300018310547,158.77999877929688,22622100
MSFT,2020-01-03,149.93899536132812,158.6199951171875,159.9499969482422,158.05999755859375,158.32000732421875,21116200
MSFT,2020-01-06,150.3265838623047,159.02999877929688,159.10000610351562,156.50999450683594,157.0800018310547,20813700
MSFT,2020-01-07,148.9559326171875,157.5800018310547,159.6699981689453,157.32000732421875,159.32000732421875,21634100
MSFT,2020-01-08,151.3285369873047,160.08999633789062,160.8000030517578,157.9499969482422,158.92999267578125,27746500
MSFT,2020-01-09,153.21910095214844,162.08999633789062,162.22000122070312,161.02999877929688,161.83999633789062,21385000
MSFT,2020-01-10,152.51014709472656,161.33999633789062,163.22000122070312,161.17999267578125,162.82000732421875,20725900
MSFT,2020-01-13,154.343994140625,163.27999877929688,163.30999755859375,161.25999450683594,161.75999450683594,21626500
MSFT,2020-01-14,153.25694274902344,162.1300048828125,163.60000610351562,161.72000122070312,163.38999938964844,23477400
MSFT,2020-01-15,154.24942016601562,163.17999267578125,163.94000244140625,162.57000732421875,162.6199951171875,21417900
MSFT,2020-01-16,157.07582092285156,166.1699981689453,166.24000549316406,164.02999877929688,164.35000610351562,23865400
MSFT,2020-01-17,157.9549102783203,167.10000610351562,167.47000122070312,165.42999267578125,167.4199981689453,34371700
MSFT,2020-01-21,157.38775634765625,166.5,168.19000244140625,166.42999267578125,166.67999267578125,29517200
MSFT,2020-01-22,156.63156127929688,165.6999969482422,167.49000549316406,165.67999267578125,167.39999389648438,24138800
MSFT,2020-01-23,157.59571838378906,166.72000122070312,166.8000030517578,165.27000427246094,166.19000244140625,19680800
MSFT,2020-01-24,156.00767517089844,165.0399932861328,167.52999877929688,164.4499969482422,167.50999450683594,24918100
MSFT,2020-01-27,153.398681640625,162.27999877929688,163.3800048828125,160.1999969482422,161.14999389648438,32078100
MSFT,2020-01-28,156.40467834472656,165.4600067138672,165.75999450683594,163.07000732421875,163.77999877929688,24899900
MSFT,2020-01-29,158.8434295654297,168.0399932861328,168.75,165.69000244140625,167.83999633789062,34754500
MSFT,2020-01-30,163.32406616210938,172.77999877929688,174.0500030517578,170.7899932861328,174.0500030517578,51597500
MSFT,2020-01-31,160.91358947753906,170.22999572753906,172.39999389648438,169.5800018310547,172.2100067138672,36142700
MSFT,2020-02-03,164.8365020751953,174.3800048828125,174.5,170.39999389648438,170.42999267578125,30107000
MSFT,2020-02-04,170.2623291015625,180.1199951171875,180.63999938964844,176.30999755859375,177.13999938964844,36433300
MSFT,2020-02-05,170.0543975830078,179.89999389648438,184.1999969482422,178.41000366210938,184.02999877929688,39186300
MSFT,2020-02-06,173.5802459716797,183.6300048828125,183.82000732421875,180.05999755859375,180.97000122070312,27751400
MSFT,2020-02-07,173.82601928710938,183.88999938964844,185.6300048828125,182.47999572753906,182.85000610351562,33529100
MSFT,2020-02-10,178.37277221679688,188.6999969482422,188.83999633789062,183.25,183.5800018310547,35844300
MSFT,2020-02-11,174.345947265625,184.44000244140625,190.6999969482422,183.5,190.64999389648438,53159900
MSFT,2020-02-12,174.60118103027344,184.7100067138672,185.85000610351562,181.85000610351562,185.5800018310547,47062900
MSFT,2020-02-13,173.65589904785156,183.7100067138672,186.22999572753906,182.8699951171875,183.0800018310547,35295800
MSFT,2020-02-14,175.2061309814453,185.35000610351562,185.41000366210938,182.64999389648438,183.25,23149500
MSFT,2020-02-18,176.98321533203125,187.22999572753906,187.6999969482422,185.5,185.61000061035156,27792200
MSFT,2020-02-19,177.5140380859375,187.27999877929688,188.17999267578125,186.47000122070312,188.05999755859375,29997500
MSFT,2020-02-20,174.8031768798828,184.4199981689453,187.25,181.10000610351562,186.9499969482422,36862400
MSFT,2020-02-21,169.27716064453125,178.58999633789062,183.5,177.25,183.1699981689453,48572600
MSFT,2020-02-24,161.9787139892578,170.88999938964844,174.5500030517578,163.22999572753906,167.77000427246094,68311100
MSFT,2020-02-25,159.3057861328125,168.07000732421875,174.83999633789062,167.64999389648438,174.1999969482422,68073300
MSFT,2020-02-26,161.2962188720703,170.1699981689453,173.25999450683594,168.2100067138672,169.7100067138672,56206100
MSFT,2020-02-27,149.9314727783203,158.17999267578125,167.02999877929688,157.97999572753906,163.32000732421875,93174900
MSFT,2020-02-28,153.561767578125,162.00999450683594,163.7100067138672,152.0,152.41000366210938,97012700
MSFT,2020-03-02,163.7796173095703,172.7899932861328,172.9199981689453,162.30999755859375,165.30999755859375,71030800
MSFT,2020-03-03,155.931396484375,164.50999450683594,175.0,162.25999450683594,173.8000030517578,71677000
MSFT,2020-03-04,161.65647888183594,170.5500030517578,170.6999969482422,165.6199951171875,168.49000549316406,49814400
MSFT,2020-03-05,157.599609375,166.27000427246094,170.8699951171875,165.69000244140625,166.0500030517578,47817300
MSFT,2020-03-06,153.1446990966797,161.57000732421875,163.11000061035156,156.0,162.61000061035156,72821100
MSFT,2020-03-09,142.7657012939453,150.6199951171875,157.75,150.0,151.0,70419300
MSFT,2020-03-10,152.52862548828125,160.9199981689453,161.02999877929688,152.5800018310547,158.16000366210938,65354400
MSFT,2020-03-11,145.61875915527344,153.6300048828125,157.6999969482422,151.14999389648438,157.1300048828125,56371600
MSFT,2020-03-12,131.8085479736328,139.05999755859375,153.47000122070312,138.5800018310547,145.3000030517578,93226400
MSFT,2020-03-13,150.54759216308594,158.8300018310547,161.91000366210938,140.72999572753906,147.5,92727400
MSFT,2020-03-16,128.35833740234375,135.4199981689453,149.35000610351562,135.0,140.0,87905900
MSFT,2020-03-17,138.92691040039062,146.57000732421875,147.5,135.0,140.0,81059800
MSFT,2020-03-18,133.07862854003906,140.39999389648438,146.0,135.02000427246094,138.0,81593200
MSFT,2020-03-19,135.2681884765625,142.7100067138672,150.14999389648438,139.0,142.77000427246094,85922700
MSFT,2020-03-20,130.1876983642578,137.35000610351562,147.10000610351562,135.86000061035156,146.0,84866200
MSFT,2020-03-23,128.88912963867188,135.97999572753906,140.57000732421875,132.52000427246094,137.00999450683594,78975200
MSFT,2020-03-24,140.60462951660156,148.33999633789062,149.60000610351562,141.27000427246094,143.75,82516700
MSFT,2020-03-25,139.25863647460938,146.9199981689453,154.3300018310547,144.44000244140625,148.91000366210938,75638200
MSFT,2020-03-26,147.9694366455078,156.11000061035156,156.66000366210938,148.3699951171875,148.39999389648438,64568100
MSFT,2020-03-27,141.8937225341797,149.6999969482422,154.88999938964844,149.1999969482422,151.75,57042300
MSFT,2020-03-30,151.87460327148438,160.22999572753906,160.60000610351562,150.00999450683594,152.44000244140625,63420300
MSFT,2020-03-31,149.48602294921875,157.7100067138672,164.77999877929688,156.55999755859375,159.39999389648438,77927200
MSFT,2020-04-01,144.1780242919922,152.11000061035156,157.75,150.82000732421875,153.0,57969900
MSFT,2020-04-02,147.16372680664062,155.25999450683594,155.47999572753906,150.36000061035156,151.86000061035156,49630700
MSFT,2020-04-03,145.80831909179688,153.8300018310547,157.3800048828125,152.19000244140625,155.10000610351562,41243300
MSFT,2020-04-06,156.65176391601562,165.27000427246094,166.5,157.5800018310547,160.32000732421875,67111700
MSFT,2020-04-07,154.96461486816406,163.49000549316406,170.0,163.25999450683594,169.58999633789062,62769000
MSFT,2020-04-08,156.51905822753906,165.1300048828125,166.6699981689453,163.5,165.6699981689453,48318200
MSFT,2020-04-09,156.528564453125,165.13999938964844,167.3699951171875,163.3300018310547,166.36000061035156,51385100
MSFT,2020-04-13,156.8792266845703,165.50999450683594,165.57000732421875,162.3000030517578,164.35000610351562,41905300
MSFT,2020-04-14,164.6421661376953,173.6999969482422,173.75,168.0,169.0,52874300
MSFT,2020-04-15,162.9170684814453,171.8800048828125,173.57000732421875,169.24000549316406,171.1999969482422,40940800
MSFT,2020-04-16,167.8079833984375,177.0399932861328,177.27999877929688,172.89999389648438,174.3000030517578,50479600
MSFT,2020-04-17,169.28668212890625,178.60000610351562,180.0,175.8699951171875,179.5,52765600
MSFT,2020-04-20,165.93128967285156,175.05999755859375,178.75,174.99000549316406,176.6300048828125,36669600
MSFT,2020-04-21,159.0688018798828,167.82000732421875,173.6699981689453,166.11000061035156,173.5,56203700
MSFT,2020-04-22,164.47157287597656,173.52000427246094,174.0,170.82000732421875,171.38999938964844,34620200
MSFT,2020-04-23,162.48106384277344,171.4199981689453,175.05999755859375,170.91000366210938,174.11000061035156,32790800
MSFT,2020-04-24,165.44786071777344,174.5500030517578,174.55999755859375,170.7100067138672,172.05999755859375,34277600
MSFT,2020-04-27,164.9739227294922,174.0500030517578,176.89999389648438,173.3000030517578,176.58999633789062,33194400
MSFT,2020-04-28,160.9550323486328,169.80999755859375,175.6699981689453,169.38999938964844,175.58999633789062,34392700
MSFT,2020-04-29,168.17764282226562,177.42999267578125,177.67999267578125,171.8800048828125,173.22000122070312,51286600
MSFT,2020-04-30,169.8649139404297,179.2100067138672,180.39999389648438,176.22999572753906,180.0,53875900
MSFT,2020-05-01,165.46682739257812,174.57000732421875,178.63999938964844,174.00999450683594,175.8000030517578,39370500
MSFT,2020-05-04,169.51414489746094,178.83999633789062,179.0,173.8000030517578,174.49000549316406,30372900
MSFT,2020-05-05,171.3340301513672,180.75999450683594,183.64999389648438,179.89999389648438,180.6199951171875,36839200
MSFT,2020-05-06,173.02125549316406,182.5399932861328,184.1999969482422,181.6300048828125,182.0800018310547,32139300
MSFT,2020-05-07,174.0259552001953,183.60000610351562,184.5500030517578,182.5800018310547,184.1699981689453,28316000
MSFT,2020-05-08,175.04957580566406,184.67999267578125,185.0,183.36000061035156,184.97999572753906,30877800
MSFT,2020-05-11,177.002197265625,186.74000549316406,187.50999450683594,182.85000610351562,183.14999389648438,30892700
MSFT,2020-05-12,172.9927978515625,182.50999450683594,187.0399932861328,182.3000030517578,186.8000030517578,32038200
MSFT,2020-05-13,170.37669372558594,179.75,184.0500030517578,176.5399932861328,182.5500030517578,44711500
MSFT,2020-05-14,171.11602783203125,180.52999877929688,180.69000244140625,175.67999267578125,177.5399932861328,41873900
MSFT,2020-05-15,173.60887145996094,183.16000366210938,187.05999755859375,177.0,179.05999755859375,46610400
MSFT,2020-05-18,175.26763916015625,184.91000366210938,186.1999969482422,183.9600067138672,185.75,35264500
MSFT,2020-05-19,174.0543670654297,183.6300048828125,186.60000610351562,183.49000549316406,185.02999877929688,26799100
MSFT,2020-05-20,176.46861267089844,185.66000366210938,185.85000610351562,183.94000244140625,184.80999755859375,31261300
MSFT,2020-05-21,174.34901428222656,183.42999267578125,186.6699981689453,183.2899932861328,185.39999389648438,29119500
MSFT,2020-05-22,174.42503356933594,183.50999450683594,184.4600067138672,182.5399932861328,183.19000244140625,20826900
MSFT,2020-05-26,172.5811004638672,181.57000732421875,186.5,181.10000610351562,186.33999633789062,36073600
MSFT,2020-05-27,172.80921936035156,181.80999755859375,181.99000549316406,176.60000610351562,180.1999969482422,39517100
MSFT,2020-05-28,172.41952514648438,181.39999389648438,184.14999389648438,180.3800048828125,180.74000549316406,33810200
MSFT,2020-05-29,174.17794799804688,183.25,184.27000427246094,180.41000366210938,182.72999572753906,42130400
MSFT,2020-06-01,173.7787322998047,182.8300018310547,183.0,181.4600067138672,182.5399932861328,22622400
MSFT,2020-06-02,175.75576782226562,184.91000366210938,185.0,181.35000610351562,184.25,30794600
MSFT,2020-06-03,176.18345642089844,185.36000061035156,185.94000244140625,183.5800018310547,184.82000732421875,27311000
MSFT,2020-06-04,173.86428833007812,182.9199981689453,185.83999633789062,182.3000030517578,184.3000030517578,28761800
MSFT,2020-06-05,177.932373046875,187.1999969482422,187.72999572753906,182.00999450683594,182.6199951171875,39893600
MSFT,2020-06-08,179.03492736816406,188.36000061035156,188.5500030517578,184.44000244140625,185.94000244140625,33211600
MSFT,2020-06-09,180.40367126464844,189.8000030517578,190.6999969482422,187.25999450683594,188.0,29783900
MSFT,2020-06-10,187.09515380859375,196.83999633789062,198.52000427246094,191.00999450683594,191.1300048828125,43872300
MSFT,2020-06-11,177.0484161376953,186.27000427246094,195.75999450683594,186.07000732421875,193.1300048828125,52854700
MSFT,2020-06-12,178.44566345214844,187.74000549316406,191.72000122070312,185.17999267578125,190.5399932861328,43373600
MSFT,2020-06-15,179.58627319335938,188.94000244140625,190.82000732421875,184.00999450683594,184.5800018310547,32770200
MSFT,2020-06-16,183.98703002929688,193.57000732421875,195.5800018310547,191.4600067138672,192.88999938964844,42556700
MSFT,2020-06-17,184.6238555908203,194.24000549316406,196.32000732421875,193.69000244140625,195.02999877929688,25687800
MSFT,2020-06-18,186.6009063720703,196.32000732421875,196.49000549316406,194.0,194.0,23061600
MSFT,2020-06-19,185.4888153076172,195.14999389648438,199.2899932861328,194.3699951171875,198.58999633789062,44441100
MSFT,2020-06-22,190.64047241210938,200.57000732421875,200.75999450683594,195.22999572753906,195.7899932861328,32818900
MSFT,2020-06-23,191.91412353515625,201.91000366210938,203.9499969482422,201.42999267578125,202.08999633789062,30917400
MSFT,2020-06-24,188.04559326171875,197.83999633789062,203.25,196.55999755859375,201.60000610351562,36740600
MSFT,2020-06-25,190.42184448242188,200.33999633789062,200.61000061035156,195.47000122070312,197.8000030517578,27803900
MSFT,2020-06-26,186.61036682128906,196.3300018310547,199.88999938964844,194.8800048828125,199.72999572753906,54675800
MSFT,2020-06-29,188.615966796875,198.44000244140625,198.52999877929688,193.5500030517578,195.77999877929688,26701600
MSFT,2020-06-30,193.4349365234375,203.50999450683594,204.39999389648438,197.74000549316406,197.8800048828125,34310300
MSFT,2020-07-01,194.56597900390625,204.6999969482422,206.35000610351562,201.77000427246094,203.13999938964844,32061200
MSFT,2020-07-02,196.04879760742188,206.25999450683594,208.02000427246094,205.0,205.67999267578125,29315800
MSFT,2020-07-06,200.2689971923828,210.6999969482422,211.1300048828125,208.08999633789062,208.8300018310547,31897600
MSFT,2020-07-07,197.9403076171875,208.25,214.6699981689453,207.99000549316406,210.4499969482422,33600700
MSFT,2020-07-08,202.29354858398438,212.8300018310547,213.25999450683594,208.69000244140625,210.07000732421875,33600000
MSFT,2020-07-09,203.7097930908203,214.32000732421875,216.3800048828125,211.47000122070312,216.3300018310547,33121700
MSFT,2020-07-10,203.09190368652344,213.6699981689453,214.0800018310547,211.0800018310547,213.6199951171875,26177600
MSFT,2020-07-13,196.8186798095703,207.07000732421875,215.8000030517578,206.5,214.47999572753906,38135600
MSFT,2020-07-14,198.0353240966797,208.35000610351562,208.85000610351562,202.02999877929688,206.1300048828125,37591800
MSFT,2020-07-15,197.74066162109375,208.0399932861328,211.3300018310547,205.02999877929688,209.55999755859375,32179400
MSFT,2020-07-16,193.82461547851562,203.9199981689453,205.6999969482422,202.30999755859375,205.39999389648438,29940700
MSFT,2020-07-17,192.83607482910156,202.8800048828125,205.0399932861328,201.38999938964844,204.47000122070312,31635300
MSFT,2020-07-20,201.1243896484375,211.60000610351562,212.3000030517578,203.00999450683594,205.0,36884800
MSFT,2020-07-21,198.4154815673828,208.75,213.94000244140625,208.02999877929688,213.66000366210938,37990400
MSFT,2020-07-22,201.2670440673828,211.75,212.3000030517578,208.38999938964844,209.1999969482422,49605700
MSFT,2020-07-23,192.512939453125,202.5399932861328,210.9199981689453,202.14999389648438,207.19000244140625,67457000
MSFT,2020-07-24,191.3343505859375,201.3000030517578,202.86000061035156,197.50999450683594,200.4199981689453,39827000
MSFT,2020-07-27,193.7581024169922,203.85000610351562,203.97000122070312,200.86000061035156,201.47000122070312,30160900
MSFT,2020-07-28,192.01873779296875,202.02000427246094,204.6999969482422,201.74000549316406,203.61000061035156,23251400
MSFT,2020-07-29,193.9577178955078,204.05999755859375,204.64999389648438,202.00999450683594,202.5,19632600
MSFT,2020-07-30,193.80563354492188,203.89999389648438,204.4600067138672,199.57000732421875,201.0,25079600
MSFT,2020-07-31,194.86068725585938,205.00999450683594,205.10000610351562,199.00999450683594,204.39999389648438,51044000
MSFT,2020-08-03,205.8198699951172,216.5399932861328,217.63999938964844,210.44000244140625,211.52000427246094,78983000
MSFT,2020-08-04,202.730712890625,213.2899932861328,214.77000427246094,210.30999755859375,214.1699981689453,49280100
MSFT,2020-08-05,202.39805603027344,212.94000244140625,215.0,211.57000732421875,214.89999389648438,28806400
MSFT,2020-08-06,205.63925170898438,216.35000610351562,216.3699951171875,211.5500030517578,212.33999633789062,32656800
MSFT,2020-08-07,201.96084594726562,212.47999572753906,215.6999969482422,210.92999267578125,214.85000610351562,27820400
MSFT,2020-08-10,197.9403076171875,208.25,211.8800048828125,206.35000610351562,211.6699981689453,36716500
MSFT,2020-08-11,193.31137084960938,203.3800048828125,207.64999389648438,203.13999938964844,207.16000366210938,36446500
MSFT,2020-08-12,198.833740234375,209.19000244140625,210.27999877929688,204.75,205.2899932861328,28013100
MSFT,2020-08-13,198.36801147460938,208.6999969482422,211.35000610351562,208.14999389648438,209.44000244140625,22588900
MSFT,2020-08-14,198.55810546875,208.89999389648438,209.58999633789062,207.50999450683594,208.75999450683594,17958900
MSFT,2020-08-17,199.86973571777344,210.27999877929688,211.19000244140625,208.9199981689453,209.60000610351562,20184800
MSFT,2020-08-18,201.0198974609375,211.49000549316406,212.36000061035156,209.2100067138672,210.52999877929688,21336200
MSFT,2020-08-19,199.80029296875,209.6999969482422,212.10000610351562,209.25,211.49000549316406,27627600
MSFT,2020-08-20,204.44993591308594,214.5800018310547,215.0,208.91000366210938,209.5399932861328,26981500
MSFT,2020-08-21,202.9635467529297,213.02000427246094,216.25,212.85000610351562,213.86000061035156,36249300
MSFT,2020-08-24,203.60195922851562,213.69000244140625,215.52000427246094,212.42999267578125,214.7899932861328,25460100
MSFT,2020-08-25,206.2506866455078,216.47000122070312,216.61000061035156,213.10000610351562,213.10000610351562,23043700
MSFT,2020-08-26,210.7097930908203,221.14999389648438,222.08999633789062,217.36000061035156,217.8800048828125,39600800
MSFT,2020-08-27,215.8834228515625,226.5800018310547,231.14999389648438,219.39999389648438,222.88999938964844,57602200
MSFT,2020-08-28,218.10340881347656,228.91000366210938,230.63999938964844,226.5800018310547,228.17999267578125,26292900
MSFT,2020-08-31,214.8830108642578,225.52999877929688,228.6999969482422,224.30999755859375,227.0,28774200
MSFT,2020-09-01,216.5408172607422,227.27000427246094,227.4499969482422,224.42999267578125,225.50999450683594,25725500
MSFT,2020-09-02,220.71409606933594,231.64999389648438,232.86000061035156,227.35000610351562,227.97000122070312,34080800
MSFT,2020-09-03,207.04148864746094,217.3000030517578,229.30999755859375,214.9600067138672,229.27000427246094,58400300
MSFT,2020-09-04,204.135498046875,214.25,218.36000061035156,205.19000244140625,215.10000610351562,59664100
MSFT,2020-09-08,193.0926513671875,202.66000366210938,210.02999877929688,202.1999969482422,206.5,52924300
MSFT,2020-09-09,201.3152313232422,211.2899932861328,214.83999633789062,206.6999969482422,207.60000610351562,45679000
MSFT,2020-09-10,195.67471313476562,205.3699951171875,214.74000549316406,204.11000061035156,213.39999389648438,35461500
MSFT,2020-09-11,194.39797973632812,204.02999877929688,208.6300048828125,201.24000549316406,207.1999969482422,33620100
MSFT,2020-09-14,195.71286010742188,205.41000366210938,209.1999969482422,204.02999877929688,204.24000549316406,30375800
MSFT,2020-09-15,198.92372131347656,208.77999877929688,209.77999877929688,206.92999267578125,208.4199981689453,21823900
MSFT,2020-09-16,195.36984252929688,205.0500030517578,210.64999389648438,204.63999938964844,210.6199951171875,26328100
MSFT,2020-09-17,193.3308563232422,202.91000366210938,204.3300018310547,199.9600067138672,200.0500030517578,34011300
MSFT,2020-09-18,190.92984008789062,200.38999938964844,203.64999389648438,196.25,202.8000030517578,55225300
MSFT,2020-09-21,192.97830200195312,202.5399932861328,202.7100067138672,196.3800048828125,197.19000244140625,39839700
MSFT,2020-09-22,197.62794494628906,207.4199981689453,208.10000610351562,202.0800018310547,205.05999755859375,33517100
MSFT,2020-09-23,191.1204071044922,200.58999633789062,208.10000610351562,200.02999877929688,207.89999389648438,30803800
MSFT,2020-09-24,193.59764099121094,203.19000244140625,205.57000732421875,199.1999969482422,199.85000610351562,31202500
MSFT,2020-09-25,198.00904846191406,207.82000732421875,209.0399932861328,202.5399932861328,203.5500030517578,29437300
MSFT,2020-09-28,199.55255126953125,209.44000244140625,212.57000732421875,208.05999755859375,210.8800048828125,32004900
MSFT,2020-09-29,197.47547912597656,207.25999450683594,210.07000732421875,206.80999755859375,209.35000610351562,24221900
MSFT,2020-09-30,200.40057373046875,210.3300018310547,211.97999572753906,206.5399932861328,207.72999572753906,33829100
MSFT,2020-10-01,202.43002319335938,212.4600067138672,213.99000549316406,211.32000732421875,213.49000549316406,27158400
MSFT,2020-10-02,196.4559783935547,206.19000244140625,210.99000549316406,205.5399932861328,208.0,33154800
MSFT,2020-10-05,200.4481964111328,210.3800048828125,210.41000366210938,206.97999572753906,207.22000122070312,21331600
MSFT,2020-10-06,196.18923950195312,205.91000366210938,210.17999267578125,204.82000732421875,208.82000732421875,28554300
MSFT,2020-10-07,199.9241943359375,209.8300018310547,210.11000061035156,206.72000122070312,207.05999755859375,25681100
MSFT,2020-10-08,200.6387481689453,210.5800018310547,211.19000244140625,208.32000732421875,210.50999450683594,19925800
MSFT,2020-10-09,205.62185668945312,215.80999755859375,215.86000061035156,211.22999572753906,211.22999572753906,26458000
MSFT,2020-10-12,210.94793701171875,221.39999389648438,223.86000061035156,216.80999755859375,218.7899932861328,40461400
MSFT,2020-10-13,212.3390350341797,222.86000061035156,225.2100067138672,220.42999267578125,222.72000122070312,28950800
MSFT,2020-10-14,210.4334716796875,220.86000061035156,224.22000122070312,219.1300048828125,223.0,23421700
MSFT,2020-10-15,209.29006958007812,219.66000366210938,220.36000061035156,216.00999450683594,217.10000610351562,22733100
MSFT,2020-10-16,209.29006958007812,219.66000366210938,222.2899932861328,219.32000732421875,220.14999389648438,26057900
MSFT,2020-10-19,204.10691833496094,214.22000122070312,222.3000030517578,213.72000122070312,220.4199981689453,27625800
MSFT,2020-10-20,204.51658630371094,214.64999389648438,217.3699951171875,213.08999633789062,215.8000030517578,22753500
MSFT,2020-10-21,204.65953063964844,214.8000030517578,216.9199981689453,213.1199951171875,213.1199951171875,22724900
MSFT,2020-10-22,204.74526977539062,214.88999938964844,216.05999755859375,211.6999969482422,213.92999267578125,22351500
MSFT,2020-10-23,206.0220184326172,216.22999572753906,216.27999877929688,213.16000366210938,215.02999877929688,18879600
MSFT,2020-10-26,200.16241455078125,210.0800018310547,216.33999633789062,208.10000610351562,213.85000610351562,37111600
MSFT,2020-10-27,203.1827392578125,213.25,214.6699981689453,210.3300018310547,211.58999633789062,36700300
MSFT,2020-10-28,193.1116943359375,202.67999267578125,208.83999633789062,202.10000610351562,207.6699981689453,51195600
MSFT,2020-10-29,195.05543518066406,204.72000122070312,207.36000061035156,203.3699951171875,204.07000732421875,31432600
MSFT,2020-10-30,192.91163635253906,202.47000122070312,204.2899932861328,199.6199951171875,203.5,36953700
MSFT,2020-11-02,192.7782440185547,202.3300018310547,205.27999877929688,200.1199951171875,204.2899932861328,30842200
MSFT,2020-11-03,196.68466186523438,206.42999267578125,208.1199951171875,203.1199951171875,203.88999938964844,27512000
MSFT,2020-11-04,206.17445373535156,216.38999938964844,218.32000732421875,212.4199981689453,214.02000427246094,42311800
MSFT,2020-11-05,212.74871826171875,223.2899932861328,224.1199951171875,221.14999389648438,222.0399932861328,36080100
MSFT,2020-11-06,213.15843200683594,223.72000122070312,224.36000061035156,218.02999877929688,222.25999450683594,25231900
MSFT,2020-11-09,208.08004760742188,218.38999938964844,228.1199951171875,217.8800048828125,224.44000244140625,44395000
MSFT,2020-11-10,201.04844665527344,211.00999450683594,216.5,209.72000122070312,214.5,44045100
MSFT,2020-11-11,206.32693481445312,216.5500030517578,218.0399932861328,212.1999969482422,212.38999938964844,29440800
MSFT,2020-11-12,205.26934814453125,215.44000244140625,219.11000061035156,214.4600067138672,217.2100067138672,21593900
MSFT,2020-11-13,206.28880310058594,216.50999450683594,217.4199981689453,214.16000366210938,216.36000061035156,18621100
MSFT,2020-11-16,206.9748077392578,217.22999572753906,217.74000549316406,214.52000427246094,214.8699951171875,24953300
MSFT,2020-11-17,204.33558654785156,214.4600067138672,217.67999267578125,214.0800018310547,216.10000610351562,24154100
MSFT,2020-11-18,201.6416778564453,211.0800018310547,215.1699981689453,210.92999267578125,213.64999389648438,28372800
MSFT,2020-11-19,202.92176818847656,212.4199981689453,213.02999877929688,209.92999267578125,211.3800048828125,24792700
MSFT,2020-11-20,200.9825439453125,210.38999938964844,213.2899932861328,210.0,212.1999969482422,22843100
MSFT,2020-11-23,200.7150421142578,210.11000061035156,212.2899932861328,208.16000366210938,210.9499969482422,25683500
MSFT,2020-11-24,204.29736328125,213.86000061035156,214.25,208.86000061035156,209.58999633789062,33979700
MSFT,2020-11-25,204.30690002441406,213.8699951171875,215.2899932861328,212.4600067138672,215.11000061035156,21012900
MSFT,2020-11-27,205.60609436035156,215.22999572753906,216.27000427246094,214.0399932861328,214.85000610351562,14512200
MSFT,2020-11-30,204.49803161621094,214.07000732421875,214.75999450683594,210.83999633789062,214.10000610351562,33064800
MSFT,2020-12-01,206.5422821044922,216.2100067138672,217.32000732421875,213.35000610351562,214.50999450683594,30904500
MSFT,2020-12-02,205.73985290527344,215.3699951171875,215.47000122070312,212.8000030517578,214.8800048828125,23724500
MSFT,2020-12-03,204.66036987304688,214.24000549316406,216.3800048828125,213.64999389648438,214.61000061035156,25120900
MSFT,2020-12-04,204.77505493164062,214.36000061035156,215.3800048828125,213.17999267578125,214.22000122070312,24666000
MSFT,2020-12-07,204.70816040039062,214.2899932861328,215.5399932861328,212.99000549316406,214.3699951171875,24620000
MSFT,2020-12-08,206.35121154785156,216.00999450683594,216.9499969482422,212.88999938964844,213.97000122070312,23284100
MSFT,2020-12-09,202.32948303222656,211.8000030517578,215.22999572753906,211.2100067138672,215.16000366210938,32440600
MSFT,2020-12-10,201.10671997070312,210.52000427246094,213.0800018310547,210.36000061035156,211.77000427246094,26733300
MSFT,2020-12-11,203.72418212890625,213.25999450683594,213.32000732421875,209.11000061035156,210.0500030517578,30979400
MSFT,2020-12-14,204.62220764160156,214.1999969482422,216.2100067138672,212.8800048828125,213.10000610351562,28798400
MSFT,2020-12-15,204.55532836914062,214.1300048828125,215.4199981689453,212.24000549316406,215.1699981689453,27000600
MSFT,2020-12-16,209.47500610351562,219.27999877929688,220.11000061035156,214.72000122070312,214.75,35023300
MSFT,2020-12-17,209.60882568359375,219.4199981689453,220.88999938964844,217.9199981689453,219.8699951171875,32515800
MSFT,2020-12-18,208.81591796875,218.58999633789062,219.69000244140625,216.02000427246094,218.58999633789062,63354900
MSFT,2020-12-21,212.63702392578125,222.58999633789062,224.0,217.27999877929688,217.5500030517578,37181900
MSFT,2020-12-22,213.9266357421875,223.94000244140625,225.6300048828125,221.85000610351562,222.69000244140625,22612200
MSFT,2020-12-23,211.13722229003906,221.02000427246094,223.55999755859375,220.8000030517578,223.11000061035156,18699600
MSFT,2020-12-24,212.78988647460938,222.75,223.61000061035156,221.1999969482422,221.4199981689453,10550600
MSFT,2020-12-28,214.9010772705078,224.9600067138672,226.02999877929688,223.02000427246094,224.4499969482422,17933500
MSFT,2020-12-29,214.12730407714844,224.14999389648438,227.17999267578125,223.5800018310547,226.30999755859375,17403200
MSFT,2020-12-30,211.76773071289062,221.67999267578125,225.6300048828125,221.47000122070312,225.22999572753906,20272300
MSFT,2020-12-31,212.47462463378906,222.4199981689453,223.0,219.67999267578125,221.6999969482422,20942100
MSFT,2021-01-04,207.9561309814453,217.69000244140625,223.0,214.80999755859375,222.52999877929688,37130100
MSFT,2021-01-05,208.15670776367188,217.89999389648438,218.52000427246094,215.6999969482422,217.25999450683594,23823000
MSFT,2021-01-06,202.7593536376953,212.25,216.49000549316406,211.94000244140625,212.1699981689453,35930700
MSFT,2021-01-07,208.52932739257812,218.2899932861328,219.33999633789062,213.7100067138672,214.0399932861328,27694500
MSFT,2021-01-08,209.7998046875,219.6199951171875,220.5800018310547,217.02999877929688,218.67999267578125,22956200
MSFT,2021-01-11,207.76507568359375,217.49000549316406,218.91000366210938,216.72999572753906,218.47000122070312,23031300
MSFT,2021-01-12,205.31948852539062,214.92999267578125,217.10000610351562,213.32000732421875,216.5,23249300
MSFT,2021-01-13,206.66653442382812,216.33999633789062,216.75999450683594,213.92999267578125,214.02000427246094,20087100
MSFT,2021-01-14,203.4949493408203,213.02000427246094,217.4600067138672,212.74000549316406,215.91000366210938,29480800
MSFT,2021-01-15,203.14149475097656,212.64999389648438,214.50999450683594,212.02999877929688,213.52000427246094,31746500
MSFT,2021-01-19,206.7620086669922,216.44000244140625,216.97999572753906,212.6300048828125,213.75,30480900
MSFT,2021-01-20,214.3087615966797,224.33999633789062,225.7899932861328,217.2899932861328,217.6999969482422,37777300
MSFT,2021-01-21,214.91058349609375,224.97000122070312,226.3000030517578,222.4199981689453,224.6999969482422,30709400
MSFT,2021-01-22,215.8467559814453,225.9499969482422,230.07000732421875,225.8000030517578,227.0800018310547,30172700
MSFT,2021-01-25,219.26670837402344,229.52999877929688,229.77999877929688,224.22000122070312,229.1199951171875,33152100
MSFT,2021-01-26,221.94151306152344,232.3300018310547,234.17999267578125,230.0800018310547,231.86000061035156,49169600
MSFT,2021-01-27,222.48599243164062,232.89999389648438,240.44000244140625,230.13999938964844,238.0,69870600
MSFT,2021-01-28,228.2463836669922,238.92999267578125,242.63999938964844,235.08999633789062,235.61000061035156,49111200
MSFT,2021-01-29,221.5880889892578,231.9600067138672,238.02000427246094,231.35000610351562,235.99000549316406,42503100
MSFT,2021-02-01,228.93417358398438,239.64999389648438,242.5,232.42999267578125,235.05999755859375,33314200
MSFT,2021-02-02,228.8004913330078,239.50999450683594,242.30999755859375,238.69000244140625,241.3000030517578,25916300
MSFT,2021-02-03,232.13441467285156,243.0,245.08999633789062,239.25999450683594,239.57000732421875,27158100
MSFT,2021-02-04,231.18869018554688,242.00999450683594,243.24000549316406,240.3699951171875,242.66000366210938,25296100
MSFT,2021-02-05,231.37014770507812,242.1999969482422,243.27999877929688,240.4199981689453,242.22999572753906,18054800
MSFT,2021-02-08,231.62811279296875,242.47000122070312,243.67999267578125,240.80999755859375,243.14999389648438,22211900
MSFT,2021-02-09,232.86996459960938,243.77000427246094,244.75999450683594,241.3800048828125,241.8699951171875,23565000
MSFT,2021-02-10,231.9624481201172,242.82000732421875,245.9199981689453,240.88999938964844,245.0,22186700
MSFT,2021-02-11,233.5577850341797,244.49000549316406,245.14999389648438,242.14999389648438,244.77999877929688,15751100
MSFT,2021-02-12,234.03541564941406,244.99000549316406,245.3000030517578,242.72999572753906,243.92999267578125,16561100
MSFT,2021-02-16,232.80313110351562,243.6999969482422,246.1300048828125,242.9199981689453,245.02999877929688,26728500
MSFT,2021-02-17,233.81805419921875,244.1999969482422,244.30999755859375,240.94000244140625,241.32000732421875,21653500
MSFT,2021-02-18,233.4254608154297,243.7899932861328,243.92999267578125,240.86000061035156,241.8000030517578,16925600
MSFT,2021-02-19,230.725341796875,240.97000122070312,243.86000061035156,240.17999267578125,243.75,25262600
MSFT,2021-02-22,224.5399932861328,234.50999450683594,237.92999267578125,232.39999389648438,237.4199981689453,36446900
MSFT,2021-02-23,223.3527374267578,233.27000427246094,234.8300018310547,228.72999572753906,230.3300018310547,30228700
MSFT,2021-02-24,224.5782928466797,234.5500030517578,235.1999969482422,229.0,230.00999450683594,26339700
MSFT,2021-02-25,219.2546844482422,228.99000549316406,234.58999633789062,227.8800048828125,232.0800018310547,39542200
MSFT,2021-02-26,222.5005645751953,232.3800048828125,235.3699951171875,229.5399932861328,231.52999877929688,37819200
MSFT,2021-03-01,226.86668395996094,236.94000244140625,237.47000122070312,233.14999389648438,235.89999389648438,25324000
MSFT,2021-03-02,223.9272003173828,233.8699951171875,237.3000030517578,233.4499969482422,237.00999450683594,22812500
MSFT,2021-03-03,217.88548278808594,227.55999755859375,233.5800018310547,227.25999450683594,232.16000366210938,34029500
MSFT,2021-03-04,217.0907440185547,226.72999572753906,232.49000549316406,224.25999450683594,226.74000549316406,44727800
MSFT,2021-03-05,221.75372314453125,231.60000610351562,233.27000427246094,226.4600067138672,229.52000427246094,41872800
MSFT,2021-03-08,217.7227020263672,227.38999938964844,233.3699951171875,227.1300048828125,231.3699951171875,35267400
MSFT,2021-03-09,223.841064453125,233.77999877929688,235.3800048828125,231.6699981689453,232.8800048828125,33080500
MSFT,2021-03-10,222.53884887695312,232.4199981689453,237.0,232.0399932861328,237.0,29746800
MSFT,2021-03-11,227.04859924316406,237.1300048828125,239.1699981689453,234.30999755859375,234.9600067138672,29907600
MSFT,2021-03-12,225.72731018066406,235.75,235.82000732421875,233.22999572753906,234.00999450683594,22653700
MSFT,2021-03-15,224.8272705078125,234.80999755859375,235.19000244140625,231.80999755859375,234.9600067138672,26034900
MSFT,2021-03-16,227.6039276123047,237.7100067138672,240.05999755859375,235.94000244140625,236.27999877929688,28092200
MSFT,2021-03-17,226.96241760253906,237.0399932861328,238.5500030517578,233.22999572753906,236.14999389648438,29562100
MSFT,2021-03-18,220.9111328125,230.72000122070312,234.19000244140625,230.3300018310547,232.55999755859375,34833000
MSFT,2021-03-19,220.556884765625,230.35000610351562,232.47000122070312,229.35000610351562,231.02000427246094,46430700
MSFT,2021-03-22,225.9570770263672,235.99000549316406,236.89999389648438,230.13999938964844,230.27000427246094,30127000
MSFT,2021-03-23,227.47947692871094,237.5800018310547,241.0500030517578,237.07000732421875,237.49000549316406,31638400
MSFT,2021-03-24,225.44961547851562,235.4600067138672,238.0,235.32000732421875,237.85000610351562,25620100
MSFT,2021-03-25,222.46224975585938,232.33999633789062,236.94000244140625,231.57000732421875,235.3000030517578,34061900
MSFT,2021-03-26,226.4262237548828,236.47999572753906,236.7100067138672,231.5500030517578,231.5500030517578,25479900
MSFT,2021-03-29,225.2389373779297,235.24000549316406,236.8000030517578,231.8800048828125,236.58999633789062,25227500
MSFT,2021-03-30,221.99310302734375,231.85000610351562,233.85000610351562,231.10000610351562,233.52999877929688,24792000
MSFT,2021-03-31,225.7464141845703,235.77000427246094,239.10000610351562,232.38999938964844,232.91000366210938,43623500
MSFT,2021-04-01,232.04669189453125,242.35000610351562,242.83999633789062,238.0500030517578,238.47000122070312,30338000
MSFT,2021-04-05,238.4810028076172,249.07000732421875,249.9600067138672,242.6999969482422,242.75999450683594,36910600
MSFT,2021-04-06,237.32244873046875,247.86000061035156,249.39999389648438,246.8800048828125,247.61000061035156,22931900
MSFT,2021-04-07,239.2757110595703,249.89999389648438,250.92999267578125,247.19000244140625,247.80999755859375,22719800
MSFT,2021-04-08,242.48324584960938,253.25,254.13999938964844,252.0,252.77000427246094,23625200
MSFT,2021-04-09,244.97274780273438,255.85000610351562,255.99000549316406,252.44000244140625,252.8699951171875,24326800
MSFT,2021-04-12,245.0301971435547,255.91000366210938,257.6700134277344,254.6199951171875,254.7100067138672,27148700
MSFT,2021-04-13,247.50050354003906,258.489990234375,259.19000244140625,256.8299865722656,257.260009765625,23837500
MSFT,2021-04-14,244.72373962402344,255.58999633789062,258.8299865722656,255.16000366210938,257.4800109863281,23070900
MSFT,2021-04-15,248.46759033203125,259.5,259.92999267578125,257.7300109863281,257.92999267578125,25627500
MSFT,2021-04-16,249.65484619140625,260.739990234375,261.0,257.6000061035156,259.4700012207031,24878600
MSFT,2021-04-19,247.73985290527344,258.739990234375,261.4800109863281,257.82000732421875,260.19000244140625,23209300
MSFT,2021-04-20,247.2803192138672,258.260009765625,260.20001220703125,256.8399963378906,257.82000732421875,19722900
MSFT,2021-04-21,249.50164794921875,260.5799865722656,260.67999267578125,257.25,258.94000244140625,24030400
MSFT,2021-04-22,246.2366485595703,257.1700134277344,261.7799987792969,255.63999938964844,260.2099914550781,25606200
MSFT,2021-04-23,250.04739379882812,261.1499938964844,261.510009765625,257.2699890136719,257.8800048828125,21462600
MSFT,2021-04-26,250.43038940429688,261.54998779296875,262.44000244140625,260.1700134277344,261.6600036621094,19763300
MSFT,2021-04-27,250.83261108398438,261.9700012207031,263.19000244140625,260.1199951171875,261.5799865722656,31014200
MSFT,2021-04-28,243.737548828125,254.55999755859375,256.5400085449219,252.9499969482422,256.0799865722656,46903100
MSFT,2021-04-29,241.77471923828125,252.50999450683594,256.1000061035156,249.0,255.4600067138672,40589000
MSFT,2021-04-30,241.4587860107422,252.17999267578125,253.0800018310547,249.60000610351562,249.74000549316406,30945100
MSFT,2021-05-03,241.1523895263672,251.86000061035156,254.35000610351562,251.1199951171875,253.39999389648438,19626600
MSFT,2021-05-04,237.25537109375,247.7899932861328,251.2100067138672,245.75999450683594,250.97000122070312,32756100
MSFT,2021-05-05,235.9915008544922,246.47000122070312,249.5,245.82000732421875,249.05999755859375,21901300
MSFT,2021-05-06,239.11289978027344,249.72999572753906,249.86000061035156,244.69000244140625,246.4499969482422,26491100
MSFT,2021-05-07,241.7268524169922,252.4600067138672,254.3000030517578,251.1699981689453,252.14999389648438,27032900
MSFT,2021-05-10,236.6713409423828,247.17999267578125,251.72999572753906,247.1199951171875,250.8699951171875,29299900
MSFT,2021-05-11,235.76173400878906,246.22999572753906,246.60000610351562,242.57000732421875,244.5500030517578,33641600
MSFT,2021-05-12,228.83909606933594,239.0,244.3800048828125,238.07000732421875,242.1699981689453,36684400
MSFT,2021-05-13,232.69775390625,243.02999877929688,245.60000610351562,241.4199981689453,241.8000030517578,29624300
MSFT,2021-05-14,237.60008239746094,248.14999389648438,249.17999267578125,245.49000549316406,245.5800018310547,23901100
MSFT,2021-05-17,234.75636291503906,245.17999267578125,246.58999633789062,243.52000427246094,246.5500030517578,24970200
MSFT,2021-05-18,232.7456512451172,243.0800018310547,246.41000366210938,242.89999389648438,246.27000427246094,20168000
MSFT,2021-05-19,233.3214569091797,243.1199951171875,243.22999572753906,238.60000610351562,239.30999755859375,25739800
MSFT,2021-05-20,236.54600524902344,246.47999572753906,247.9499969482422,243.86000061035156,243.9600067138672,21800700
MSFT,2021-05-21,235.28884887695312,245.1699981689453,248.3300018310547,244.74000549316406,247.57000732421875,21863100
MSFT,2021-05-24,240.67276000976562,250.77999877929688,251.16000366210938,247.50999450683594,247.7899932861328,21411500
MSFT,2021-05-25,241.57485961914062,251.72000122070312,252.75,250.82000732421875,251.77000427246094,17704300
MSFT,2021-05-26,241.3541259765625,251.49000549316406,252.94000244140625,250.75,251.42999267578125,17771600
MSFT,2021-05-27,239.2620086669922,249.30999755859375,251.47999572753906,249.25,251.1699981689453,24426200
MSFT,2021-05-28,239.61709594726562,249.67999267578125,252.0800018310547,249.55999755859375,251.0,18270200
MSFT,2021-06-01,237.42893981933594,247.39999389648438,251.2899932861328,246.9600067138672,251.22999572753906,23213300
MSFT,2021-06-02,237.3330078125,247.3000030517578,249.27000427246094,245.83999633789062,248.1300048828125,19406700
MSFT,2021-06-03,235.8070831298828,245.7100067138672,246.33999633789062,243.0,245.22000122070312,25307700
MSFT,2021-06-04,240.68234252929688,250.7899932861328,251.64999389648438,247.50999450683594,247.75999450683594,25281100
MSFT,2021-06-07,243.5806121826172,253.80999755859375,254.08999633789062,249.80999755859375,249.97999572753906,23079200
MSFT,2021-06-08,242.39059448242188,252.57000732421875,256.010009765625,252.50999450683594,255.16000366210938,22455000
MSFT,2021-06-09,243.3694610595703,253.58999633789062,255.52999877929688,253.2100067138672,253.80999755859375,17937600
MSFT,2021-06-10,246.8723907470703,257.239990234375,257.4599914550781,253.6699981689453,254.2899932861328,24563600
MSFT,2021-06-11,247.49620056152344,257.8900146484375,258.489990234375,256.6099853515625,257.989990234375,18999700
MSFT,2021-06-14,249.4155731201172,259.8900146484375,259.95001220703125,256.79998779296875,257.8999938964844,19150500
MSFT,2021-06-15,247.94723510742188,258.3599853515625,259.989990234375,257.67999267578125,259.7699890136719,18038900
MSFT,2021-06-16,247.00669860839844,257.3800048828125,260.5799865722656,254.4199981689453,259.3999938964844,27220000
MSFT,2021-06-17,250.3848876953125,260.8999938964844,261.75,256.010009765625,256.07000732421875,27565500
MSFT,2021-06-18,248.97409057617188,259.42999267578125,262.29998779296875,258.75,259.6300048828125,37202200
MSFT,2021-06-21,252.045166015625,262.6300048828125,263.5199890136719,257.9200134277344,259.82000732421875,26696100
MSFT,2021-06-22,254.80905151367188,265.510009765625,265.7900085449219,262.3999938964844,262.7200012207031,24694100
MSFT,2021-06-23,254.57870483398438,265.2699890136719,266.8299865722656,264.42999267578125,265.989990234375,19518700
MSFT,2021-06-24,255.94154357910156,266.69000244140625,267.8500061035156,265.4700012207031,266.1600036621094,21446900
MSFT,2021-06-25,254.3388214111328,265.0199890136719,267.25,264.760009765625,266.2300109863281,25611100
MSFT,2021-06-28,257.88970947265625,268.7200012207031,268.8999938964844,265.9100036621094,266.19000244140625,19590000
MSFT,2021-06-29,260.46160888671875,271.3999938964844,271.6499938964844,267.9800109863281,268.8699951171875,19937800
MSFT,2021-06-30,259.9818420410156,270.8999938964844,271.3599853515625,269.6000061035156,270.69000244140625,21656500
MSFT,2021-07-01,260.6536865234375,271.6000061035156,271.8399963378906,269.6000061035156,269.6099853515625,16725300
MSFT,2021-07-02,266.4598693847656,277.6499938964844,278.0,272.5,272.82000732421875,26458000
MSFT,2021-07-06,266.4693603515625,277.6600036621094,279.3699951171875,274.29998779296875,278.0299987792969,31565600
MSFT,2021-07-07,268.64794921875,279.92999267578125,280.69000244140625,277.1499938964844,279.3999938964844,23260000
MSFT,2021-07-08,266.2391052246094,277.4200134277344,278.7300109863281,274.8699951171875,276.8999938964844,24618600
MSFT,2021-07-09,266.7381286621094,277.94000244140625,278.04998779296875,275.32000732421875,275.7200012207031,23916700
MSFT,2021-07-12,266.14306640625,277.32000732421875,279.7699890136719,276.5799865722656,279.1600036621094,18931700
MSFT,2021-07-13,269.6555480957031,280.9800109863281,282.8500061035156,277.3900146484375,277.5199890136719,26120100
MSFT,2021-07-14,271.1239318847656,282.510009765625,283.6600036621094,280.54998779296875,282.3500061035156,23113700
MSFT,2021-07-15,269.7035217285156,281.0299987792969,282.510009765625,279.8299865722656,282.0,22604200
MSFT,2021-07-16,269.4348449707031,280.75,284.1000061035156,279.4599914550781,282.07000732421875,26186800
MSFT,2021-07-19,265.8455505371094,277.010009765625,280.3699951171875,274.45001220703125,278.92999267578125,32935600
MSFT,2021-07-20,268.0625,279.32000732421875,280.9700012207031,276.260009765625,278.0299987792969,26259700
MSFT,2021-07-21,270.05859375,281.3999938964844,281.5199890136719,277.2900085449219,278.8999938964844,24364300
MSFT,2021-07-22,274.607666015625,286.1400146484375,286.4200134277344,283.4200134277344,283.8399963378906,23384100
MSFT,2021-07-23,277.9953918457031,289.6700134277344,289.989990234375,286.5,287.3699951171875,22768100
MSFT,2021-07-26,277.40032958984375,289.04998779296875,289.69000244140625,286.6400146484375,289.0,23176100
MSFT,2021-07-27,274.99151611328125,286.5400085449219,289.5799865722656,282.95001220703125,289.42999267578125,33604100
MSFT,2021-07-28,274.68438720703125,286.2200012207031,290.1499938964844,283.8299865722656,288.989990234375,33566900
MSFT,2021-07-29,274.9531555175781,286.5,288.6199951171875,286.0799865722656,286.239990234375,18168300
MSFT,2021-07-30,273.4272766113281,284.9100036621094,286.6600036621094,283.9100036621094,285.1700134277344,20944800
MSFT,2021-08-02,273.3407897949219,284.82000732421875,286.7699890136719,283.739990234375,286.3599853515625,16267400
MSFT,2021-08-03,275.548095703125,287.1199951171875,287.2300109863281,284.0,285.4200134277344,17879000
MSFT,2021-08-04,274.9627380371094,286.510009765625,287.5899963378906,284.6499938964844,286.2200012207031,16191300
MSFT,2021-08-05,277.85137939453125,289.5199890136719,289.6300048828125,286.1000061035156,286.8800048828125,13900200
MSFT,2021-08-06,277.7937316894531,289.4599914550781,289.5,287.6199951171875,288.510009765625,16589300
MSFT,2021-08-09,276.7093200683594,288.3299865722656,291.54998779296875,287.80999755859375,289.75,16117600
MSFT,2021-08-10,274.8955383300781,286.44000244140625,289.25,285.20001220703125,288.79998779296875,18616600
MSFT,2021-08-11,275.3850402832031,286.95001220703125,288.6600036621094,285.8599853515625,287.2099914550781,13955900
MSFT,2021-08-12,278.1296691894531,289.80999755859375,289.9700012207031,286.3399963378906,286.6300048828125,14561300
MSFT,2021-08-13,281.0472412109375,292.8500061035156,292.8999938964844,289.29998779296875,289.4800109863281,18249000
MSFT,2021-08-16,282.7266540527344,294.6000061035156,294.82000732421875,290.0199890136719,293.19000244140625,22507600
MSFT,2021-08-17,281.26788330078125,293.0799865722656,293.42999267578125,291.0799865722656,292.3900146484375,20075300
MSFT,2021-08-18,279.5467834472656,290.7300109863281,294.82000732421875,290.2699890136719,292.0400085449219,21813000
MSFT,2021-08-19,285.35443115234375,296.7699890136719,297.4700012207031,288.6400146484375,288.69000244140625,29850500
MSFT,2021-08-20,292.6524963378906,304.3599853515625,305.8399963378906,298.05999755859375,299.7200012207031,40817600
MSFT,2021-08-23,292.931396484375,304.6499938964844,305.3999938964844,301.8500061035156,303.25,22830200
MSFT,2021-08-24,290.97943115234375,302.6199951171875,305.6499938964844,302.0,305.0199890136719,18175800
MSFT,2021-08-25,290.39288330078125,302.010009765625,304.5899963378906,300.4200134277344,304.29998779296875,20006100
MSFT,2021-08-26,287.58514404296875,299.0899963378906,302.42999267578125,298.95001220703125,300.989990234375,17666100
MSFT,2021-08-27,288.19097900390625,299.7200012207031,300.8699951171875,296.8299865722656,298.989990234375,22605700
MSFT,2021-08-30,291.9120178222656,303.5899963378906,304.2200012207031,301.05999755859375,301.1199951171875,16348100
MSFT,2021-08-31,290.267822265625,301.8800048828125,304.5,301.5,304.4200134277344,26285300
MSFT,2021-09-01,290.2198181152344,301.8299865722656,305.19000244140625,301.489990234375,302.8699951171875,18983800
MSFT,2021-09-02,289.56597900390625,301.1499938964844,303.3599853515625,300.17999267578125,302.20001220703125,16285600
MSFT,2021-09-03,289.5562744140625,301.1400146484375,302.6000061035156,300.260009765625,300.989990234375,14747900
MSFT,2021-09-07,288.6332702636719,300.17999267578125,301.0899963378906,298.20001220703125,301.010009765625,17180400
MSFT,2021-09-08,288.6621398925781,300.2099914550781,300.6099853515625,297.4700012207031,299.7799987792969,15046800
MSFT,2021-09-09,285.8160095214844,297.25,302.1400146484375,297.0,300.82000732421875,19927000
MSFT,2021-09-10,284.3352355957031,295.7099914550781,299.9200134277344,295.3800048828125,298.4200134277344,19633400
MSFT,2021-09-13,285.56591796875,296.989990234375,298.5400085449219,294.0799865722656,297.54998779296875,23652900
MSFT,2021-09-14,288.2582702636719,299.7900085449219,301.3900146484375,298.1000061035156,299.55999755859375,21853400
MSFT,2021-09-15,293.09478759765625,304.82000732421875,305.32000732421875,301.82000732421875,303.260009765625,28356300
MSFT,2021-09-16,293.4794006347656,305.2200012207031,305.30999755859375,300.760009765625,303.760009765625,19550800
MSFT,2021-09-17,288.335205078125,299.8699951171875,304.5,299.5299987792969,304.1700134277344,41372500
MSFT,2021-09-20,282.9794006347656,294.29998779296875,298.7200012207031,289.5199890136719,296.3299865722656,38278700
MSFT,2021-09-21,283.4602966308594,294.79998779296875,297.5400085449219,294.07000732421875,295.69000244140625,22364100
MSFT,2021-09-22,287.0948181152344,298.5799865722656,300.2200012207031,294.510009765625,296.7300109863281,26626300
MSFT,2021-09-23,288.03717041015625,299.55999755859375,300.8999938964844,297.5299987792969,298.8500061035156,18604600
MSFT,2021-09-24,287.8351745605469,299.3500061035156,299.79998779296875,296.92999267578125,298.2300109863281,14999000
MSFT,2021-09-27,282.8544921875,294.1700134277344,296.4700012207031,292.94000244140625,296.1400146484375,23571700
MSFT,2021-09-28,272.6141357421875,283.5199890136719,290.7799987792969,282.75,289.79998779296875,43186200
MSFT,2021-09-29,273.0757141113281,284.0,286.7699890136719,283.010009765625,285.1000061035156,26353700
MSFT,2021-09-30,271.0756530761719,281.9200134277344,287.8299865722656,281.6199951171875,285.7099914550781,32343600
MSFT,2021-10-01,277.9795227050781,289.1000061035156,289.9800109863281,281.2900085449219,282.1199951171875,30086300
MSFT,2021-10-04,272.2198486328125,283.1099853515625,287.75,280.25,287.3999938964844,31350700
MSFT,2021-10-05,277.6525573730469,288.760009765625,290.3999938964844,284.04998779296875,284.04998779296875,24993000
MSFT,2021-10-06,281.8352355957031,293.1099853515625,293.6300048828125,285.510009765625,285.7799987792969,28002600
MSFT,2021-10-07,283.50830078125,294.8500061035156,296.6400146484375,293.9200134277344,295.17999267578125,20430500
MSFT,2021-10-08,283.50830078125,294.8500061035156,296.6400146484375,293.760009765625,296.2200012207031,17685700
MSFT,2021-10-11,282.91217041015625,294.2300109863281,297.9700012207031,292.75,292.9200134277344,19298600
MSFT,2021-10-12,281.61407470703125,292.8800048828125,295.44000244140625,292.3500061035156,295.3399963378906,17974100
MSFT,2021-10-13,284.91217041015625,296.30999755859375,297.2799987792969,293.489990234375,294.9100036621094,23416300
MSFT,2021-10-14,291.1044006347656,302.75,303.2699890136719,297.8299865722656,299.2099914550781,27262900
MSFT,2021-10-15,292.50830078125,304.2099914550781,304.45001220703125,300.5199890136719,302.3399963378906,25384800
MSFT,2021-10-18,295.4697570800781,307.2900085449219,308.2099914550781,302.69000244140625,303.57000732421875,22729300
MSFT,2021-10-19,296.3736267089844,308.2300109863281,309.29998779296875,307.2200012207031,308.3500061035156,17682100
MSFT,2021-10-20,295.58514404296875,307.4100036621094,309.70001220703125,306.1099853515625,309.2099914550781,16537100
MSFT,2021-10-21,298.806396484375,310.760009765625,311.0199890136719,306.3599853515625,307.1700134277344,16918100
MSFT,2021-10-22,297.267822265625,309.1600036621094,311.0899963378906,307.79998779296875,310.3999938964844,17449300
MSFT,2021-10-25,296.2774963378906,308.1300048828125,309.3999938964844,306.4599914550781,309.3599853515625,17554500
MSFT,2021-10-26,298.18133544921875,310.1099853515625,312.3999938964844,308.6000061035156,311.0,28107300
MSFT,2021-10-27,310.7389221191406,323.1700134277344,326.1000061035156,316.0,316.0,52588700
MSFT,2021-10-28,311.87353515625,324.3500061035156,324.8699951171875,321.3599853515625,324.3299865722656,26297900
MSFT,2021-10-29,318.8638916015625,331.6199951171875,332.0,323.8999938964844,324.1300048828125,34766000
MSFT,2021-11-01,316.7004089355469,329.3699951171875,331.489990234375,326.3699951171875,331.3599853515625,27073200
MSFT,2021-11-02,320.3157958984375,333.1300048828125,333.45001220703125,330.0,330.30999755859375,26487100
MSFT,2021-11-03,321.15234375,334.0,334.8999938964844,330.6499938964844,333.8999938964844,21500100
MSFT,2021-11-04,323.49853515625,336.44000244140625,336.5400085449219,329.510009765625,332.8900146484375,23992200
MSFT,2021-11-05,323.13311767578125,336.05999755859375,338.7900085449219,334.4200134277344,338.510009765625,22570100
MSFT,2021-11-08,324.0273132324219,336.989990234375,337.6499938964844,334.44000244140625,337.29998779296875,20897000
MSFT,2021-11-09,323.0273742675781,335.95001220703125,338.7200012207031,334.5299987792969,337.1099853515625,21307400
MSFT,2021-11-10,318.07537841796875,330.79998779296875,334.6300048828125,329.9200134277344,334.57000732421875,25500900
MSFT,2021-11-11,319.6427001953125,332.42999267578125,333.7699890136719,330.510009765625,331.25,16849800
MSFT,2021-11-12,323.7676696777344,336.7200012207031,337.2300109863281,333.7900085449219,333.9200134277344,23831000
MSFT,2021-11-15,323.1427307128906,336.07000732421875,337.8800048828125,334.0299987792969,337.5400085449219,16723000
MSFT,2021-11-16,326.450439453125,339.510009765625,340.6700134277344,335.510009765625,335.67999267578125,20886800
MSFT,2021-11-17,326.6719970703125,339.1199951171875,342.19000244140625,338.0,338.94000244140625,19053400
MSFT,2021-11-18,328.7430419921875,341.2699890136719,342.45001220703125,337.1199951171875,338.17999267578125,22463500
MSFT,2021-11-19,330.5155029296875,343.1099853515625,345.1000061035156,342.20001220703125,342.6400146484375,21963400
MSFT,2021-11-22,327.3558349609375,339.8299865722656,349.6700134277344,339.54998779296875,344.6199951171875,31031100
MSFT,2021-11-23,325.2847900390625,337.67999267578125,339.45001220703125,333.55999755859375,337.04998779296875,30427600
MSFT,2021-11-24,325.50640869140625,337.9100036621094,338.1600036621094,333.9100036621094,336.2799987792969,21661300
MSFT,2021-11-26,317.57843017578125,329.67999267578125,337.92999267578125,328.1199951171875,334.3500061035156,24217200
MSFT,2021-11-29,324.27337646484375,336.6300048828125,339.0299987792969,334.739990234375,334.94000244140625,28563500
MSFT,2021-11-30,318.4550476074219,330.5899963378906,337.7799987792969,328.989990234375,335.32000732421875,42885600
MSFT,2021-12-01,317.96380615234375,330.0799865722656,339.2799987792969,329.3900146484375,335.1300048828125,33337600
MSFT,2021-12-02,317.39544677734375,329.489990234375,333.489990234375,327.79998779296875,330.29998779296875,30766000
MSFT,2021-12-03,311.15325927734375,323.010009765625,332.70001220703125,318.0299987792969,331.989990234375,41779300
MSFT,2021-12-06,314.21661376953125,326.19000244140625,327.45001220703125,319.2300109863281,323.95001220703125,30032600
MSFT,2021-12-07,322.6260986328125,334.9200134277344,335.79998779296875,330.1000061035156,331.6400146484375,31021900
MSFT,2021-12-08,322.67431640625,334.9700012207031,335.5,330.79998779296875,335.30999755859375,24761000
MSFT,2021-12-09,320.8729553222656,333.1000061035156,336.489990234375,332.1199951171875,334.4100036621094,22214200
MSFT,2021-12-10,329.9664611816406,342.5400085449219,343.0,334.7900085449219,334.9800109863281,38095700
MSFT,2021-12-13,326.9416809082031,339.3999938964844,343.7900085449219,339.0799865722656,340.67999267578125,28899400
MSFT,2021-12-14,316.28765869140625,328.3399963378906,334.6400146484375,324.1099853515625,333.2200012207031,44438700
MSFT,2021-12-15,322.36602783203125,334.6499938964844,335.19000244140625,324.5,328.6099853515625,35381100
MSFT,2021-12-16,312.9739074707031,324.8999938964844,336.760009765625,323.0199890136719,335.7099914550781,35034800
MSFT,2021-12-17,311.9142761230469,323.79998779296875,324.9200134277344,317.25,320.8800048828125,47750300
MSFT,2021-12-20,308.1671142578125,319.9100036621094,322.79998779296875,317.57000732421875,320.04998779296875,28326500
MSFT,2021-12-21,315.27618408203125,327.2900085449219,327.7300109863281,319.79998779296875,323.2900085449219,24740600
MSFT,2021-12-22,320.96929931640625,333.20001220703125,333.6099853515625,325.75,328.29998779296875,24831500
MSFT,2021-12-23,322.4045715332031,334.69000244140625,336.3900146484375,332.7300109863281,332.75,19617800
MSFT,2021-12-27,329.8797302246094,342.45001220703125,342.4800109863281,335.42999267578125,335.4599914550781,19947000
MSFT,2021-12-28,328.72369384765625,341.25,343.80999755859375,340.32000732421875,343.1499938964844,15661500
MSFT,2021-12-29,329.3980712890625,341.95001220703125,344.29998779296875,339.67999267578125,341.29998779296875,15042000
MSFT,2021-12-30,326.8645935058594,339.32000732421875,343.1300048828125,338.82000732421875,341.9100036621094,15994500
MSFT,2021-12-31,323.9747619628906,336.32000732421875,339.3599853515625,335.8500061035156,338.510009765625,18000800
MSFT,2022-01-03,322.46234130859375,334.75,338.0,329.7799987792969,335.3500061035156,28865100
MSFT,2022-01-04,316.9330749511719,329.010009765625,335.20001220703125,326.1199951171875,334.8299865722656,32674300
MSFT,2022-01-05,304.7666320800781,316.3800048828125,326.07000732421875,315.9800109863281,325.8599853515625,40054300
MSFT,2022-01-06,302.3584289550781,313.8800048828125,318.70001220703125,311.489990234375,313.1499938964844,39646100
MSFT,2022-01-07,302.5125732421875,314.0400085449219,316.5,310.0899963378906,314.1499938964844,32720000
MSFT,2022-01-10,302.73406982421875,314.2699890136719,314.7200012207031,304.69000244140625,309.489990234375,44289500
MSFT,2022-01-11,303.41815185546875,314.9800109863281,316.6099853515625,309.8900146484375,313.3800048828125,29386800
MSFT,2022-01-12,306.5872802734375,318.2699890136719,323.4100036621094,317.0799865722656,319.6700134277344,34372200
MSFT,2022-01-13,293.6117248535156,304.79998779296875,320.8800048828125,304.0,320.4700012207031,45366000
MSFT,2022-01-14,298.8134765625,310.20001220703125,310.82000732421875,303.75,304.25,39846400
MSFT,2022-01-18,291.5406494140625,302.6499938964844,309.79998779296875,301.739990234375,304.07000732421875,42333200
MSFT,2022-01-19,292.1956787109375,303.3299865722656,313.9100036621094,302.70001220703125,306.2900085449219,45933900
MSFT,2022-01-20,290.52911376953125,301.6000061035156,311.6499938964844,301.1400146484375,309.07000732421875,35380700
MSFT,2022-01-21,285.1636657714844,296.0299987792969,304.1099853515625,295.6099853515625,302.69000244140625,57984400
MSFT,2022-01-24,285.49114990234375,296.3699951171875,297.1099853515625,276.04998779296875,292.20001220703125,85731500
MSFT,2022-01-25,277.90045166015625,288.489990234375,294.989990234375,285.1700134277344,291.5199890136719,72848600
MSFT,2022-01-26,285.8187255859375,296.7099914550781,308.5,293.0299987792969,307.989990234375,90428900
MSFT,2022-01-27,288.8337707519531,299.8399963378906,307.29998779296875,297.92999267578125,302.6600036621094,53481300
MSFT,2022-01-28,296.9447326660156,308.260009765625,308.4800109863281,294.45001220703125,300.2300109863281,49743700
MSFT,2022-01-31,299.5649108886719,310.9800109863281,312.3800048828125,306.3699951171875,308.95001220703125,46444500
MSFT,2022-02-01,297.4263916015625,308.760009765625,310.6300048828125,305.1300048828125,310.4100036621094,40950400
MSFT,2022-02-02,301.9538269042969,313.4599914550781,315.1199951171875,308.8800048828125,309.6300048828125,36636000
MSFT,2022-02-03,290.1920471191406,301.25,311.2300109863281,299.9599914550781,309.489990234375,43730000
MSFT,2022-02-04,294.7099304199219,305.94000244140625,308.79998779296875,299.9700012207031,300.2099914550781,35096500
MSFT,2022-02-07,289.903076171875,300.95001220703125,307.8399963378906,299.8999938964844,306.1700134277344,28533300
MSFT,2022-02-08,293.3804931640625,304.55999755859375,305.55999755859375,299.95001220703125,301.25,32421200
MSFT,2022-02-09,299.7864990234375,311.2099914550781,311.92999267578125,307.3900146484375,309.8699951171875,31284700
MSFT,2022-02-10,291.2806091308594,302.3800048828125,309.1199951171875,300.70001220703125,304.0400085449219,45386200
MSFT,2022-02-11,284.2100524902344,295.0400085449219,304.2900085449219,294.2200012207031,303.19000244140625,39175600
MSFT,2022-02-14,284.1714172363281,295.0,296.760009765625,291.3500061035156,293.7699890136719,36359500
MSFT,2022-02-15,289.4406433105469,300.4700012207031,300.79998779296875,297.0199890136719,300.010009765625,27058300
MSFT,2022-02-16,289.1028747558594,299.5,300.8699951171875,293.67999267578125,298.3699951171875,29982100
MSFT,2022-02-17,280.6372985839844,290.7300109863281,296.79998779296875,290.0,296.3599853515625,32461600
MSFT,2022-02-18,277.9344787597656,287.92999267578125,293.8599853515625,286.30999755859375,293.04998779296875,34264000
MSFT,2022-02-22,277.73175048828125,287.7200012207031,291.5400085449219,284.5,285.0,41736100
MSFT,2022-02-23,270.5404052734375,280.2699890136719,291.70001220703125,280.1000061035156,290.17999267578125,37811200
MSFT,2022-02-24,284.36328125,294.5899963378906,295.1600036621094,271.5199890136719,272.510009765625,56989700
MSFT,2022-02-25,286.9888610839844,297.30999755859375,297.6300048828125,291.6499938964844,295.1400146484375,32546700
MSFT,2022-02-28,288.41748046875,298.7900085449219,299.1400146484375,293.0,294.30999755859375,34627500
MSFT,2022-03-01,284.7108459472656,294.95001220703125,299.9700012207031,292.1499938964844,296.3999938964844,31217800
MSFT,2022-03-02,289.7689514160156,300.19000244140625,301.4700012207031,293.70001220703125,295.3599853515625,31873000
MSFT,2022-03-03,285.64715576171875,295.9200134277344,303.1300048828125,294.04998779296875,302.8900146484375,27314500
MSFT,2022-03-04,279.7974548339844,289.8599853515625,295.6600036621094,287.1700134277344,294.2900085449219,32356500
MSFT,2022-03-07,269.2276611328125,278.9100036621094,289.69000244140625,278.5299987792969,288.5299987792969,43157200
MSFT,2022-03-08,266.2738342285156,275.8500061035156,283.9599914550781,270.0,277.79998779296875,48159500
MSFT,2022-03-09,278.4847717285156,288.5,289.6000061035156,280.7799987792969,283.44000244140625,35204500
MSFT,2022-03-10,275.6756896972656,285.5899963378906,286.6000061035156,280.5799865722656,283.0199890136719,30628000
MSFT,2022-03-11,270.3473815917969,280.07000732421875,289.510009765625,279.42999267578125,287.9599914550781,27209300
MSFT,2022-03-14,266.8433837890625,276.44000244140625,285.3999938964844,275.82000732421875,280.3399963378906,30660700
MSFT,2022-03-15,277.18157958984375,287.1499938964844,287.82000732421875,278.7300109863281,280.3500061035156,34245100
MSFT,2022-03-16,284.170166015625,294.3900146484375,294.57000732421875,283.20001220703125,289.1099853515625,37826300
MSFT,2022-03-17,284.971435546875,295.2200012207031,295.6099853515625,289.3699951171875,293.2900085449219,30816600
MSFT,2022-03-18,290.0005187988281,300.42999267578125,301.0,292.7300109863281,295.3699951171875,43390600
MSFT,2022-03-21,288.7746276855469,299.1600036621094,300.1400146484375,294.8999938964844,298.8900146484375,28351200
MSFT,2022-03-22,293.5045166015625,304.05999755859375,305.0,298.7699890136719,299.79998779296875,27599700
MSFT,2022-03-23,289.09320068359375,299.489990234375,303.2300109863281,297.7200012207031,300.510009765625,25715400
MSFT,2022-03-24,293.5431823730469,304.1000061035156,304.20001220703125,298.32000732421875,299.1400146484375,24484500
MSFT,2022-03-25,293.1377258300781,303.67999267578125,305.5,299.2900085449219,305.2300109863281,22566500
MSFT,2022-03-28,299.9140625,310.70001220703125,310.79998779296875,304.3299865722656,304.3299865722656,29578200
MSFT,2022-03-29,304.4605712890625,315.4100036621094,315.82000732421875,309.04998779296875,313.9100036621094,30393400
MSFT,2022-03-30,302.9643249511719,313.8599853515625,315.95001220703125,311.5799865722656,313.760009765625,28163600
MSFT,2022-03-31,297.6070251464844,308.30999755859375,315.1400146484375,307.8900146484375,313.8999938964844,33422100
MSFT,2022-04-01,298.6784973144531,309.4200134277344,310.1300048828125,305.5400085449219,309.3699951171875,27110500
MSFT,2022-04-04,304.0357971191406,314.9700012207031,315.1099853515625,309.7099914550781,310.0899963378906,24289600
MSFT,2022-04-05,300.08782958984375,310.8800048828125,314.8699951171875,309.8699951171875,313.2699890136719,23156700
MSFT,2022-04-06,289.1028747558594,299.5,307.0,296.7099914550781,305.19000244140625,40110400
MSFT,2022-04-07,290.9078674316406,301.3699951171875,303.6499938964844,296.3500061035156,296.6600036621094,31411200
MSFT,2022-04-08,286.66064453125,296.9700012207031,301.1199951171875,296.2799987792969,300.44000244140625,24361900
MSFT,2022-04-11,275.3572692871094,285.260009765625,292.6099853515625,285.0,291.7900085449219,34569300
MSFT,2022-04-12,272.2682800292969,282.05999755859375,290.739990234375,280.489990234375,289.239990234375,30966700
MSFT,2022-04-13,277.63525390625,287.6199951171875,288.5799865722656,281.29998779296875,282.7300109863281,21907200
MSFT,2022-04-14,270.11566162109375,279.8299865722656,288.30999755859375,279.32000732421875,288.0899963378906,28221600
MSFT,2022-04-18,270.7816467285156,280.5199890136719,282.4599914550781,278.3399963378906,278.9100036621094,20778000
MSFT,2022-04-19,275.395751953125,285.29998779296875,286.1700134277344,278.4100036621094,279.3800048828125,22297700
MSFT,2022-04-20,276.4190368652344,286.3599853515625,289.70001220703125,285.3699951171875,289.3999938964844,22906700
MSFT,2022-04-21,271.0616760253906,280.80999755859375,293.29998779296875,280.05999755859375,288.5799865722656,29454600
MSFT,2022-04-22,264.51708984375,274.0299987792969,283.20001220703125,273.3800048828125,281.67999267578125,29405800
MSFT,2022-04-25,270.9747619628906,280.7200012207031,281.1099853515625,270.7699890136719,273.2900085449219,35678900
MSFT,2022-04-26,260.8392639160156,270.2200012207031,278.3599853515625,270.0,277.5,46518400
MSFT,2022-04-27,273.38800048828125,283.2200012207031,290.9700012207031,279.1600036621094,282.1000061035156,63477700
MSFT,2022-04-28,279.57550048828125,289.6300048828125,290.9800109863281,281.4599914550781,285.19000244140625,33646600
MSFT,2022-04-29,267.8858947753906,277.5199890136719,289.8800048828125,276.5,288.6099853515625,37073900
MSFT,2022-05-02,274.59454345703125,284.4700012207031,284.94000244140625,276.2200012207031,277.7099914550781,35151100
MSFT,2022-05-03,271.9980163574219,281.7799987792969,284.1300048828125,280.1499938964844,283.9599914550781,25978600
MSFT,2022-05-04,279.9132995605469,289.9800109863281,290.8800048828125,276.7300109863281,282.5899963378906,33599300
MSFT,2022-05-05,267.7218017578125,277.3500061035156,286.3500061035156,274.3399963378906,285.5400085449219,43260400
MSFT,2022-05-06,265.1927185058594,274.7300109863281,279.25,271.2699890136719,274.80999755859375,37780300
MSFT,2022-05-09,255.39498901367188,264.5799865722656,272.3599853515625,263.32000732421875,270.05999755859375,47726000
MSFT,2022-05-10,260.1443176269531,269.5,273.75,265.07000732421875,271.69000244140625,39336400
MSFT,2022-05-11,251.50497436523438,260.54998779296875,271.3599853515625,259.29998779296875,265.67999267578125,48975900
MSFT,2022-05-12,246.48550415039062,255.35000610351562,259.8800048828125,250.02000427246094,257.69000244140625,51033800
MSFT,2022-05-13,252.05523681640625,261.1199951171875,263.0400085449219,255.35000610351562,257.3500061035156,34925100
MSFT,2022-05-16,252.4220428466797,261.5,265.82000732421875,255.77999877929688,259.9599914550781,32550900
MSFT,2022-05-17,257.557373046875,266.82000732421875,268.3299865722656,262.4599914550781,266.1099853515625,28828800
MSFT,2022-05-18,245.83082580566406,254.0800018310547,263.6000061035156,252.77000427246094,263.0,31356000
MSFT,2022-05-19,244.92135620117188,253.13999938964844,257.6700134277344,251.8800048828125,253.89999389648438,32692300
MSFT,2022-05-20,244.36016845703125,252.55999755859375,258.5400085449219,246.44000244140625,257.239990234375,39199300
MSFT,2022-05-23,252.1875457763672,260.6499938964844,261.5,253.42999267578125,255.49000549316406,33175400
MSFT,2022-05-24,251.19102478027344,259.6199951171875,261.3299865722656,253.5,257.8900146484375,29043900
MSFT,2022-05-25,253.99681091308594,262.5199890136719,264.5799865722656,257.1300048828125,258.1400146484375,28547900
MSFT,2022-05-26,257.26715087890625,265.8999938964844,267.1099853515625,261.42999267578125,262.2699890136719,25002100
MSFT,2022-05-27,264.3687744140625,273.239990234375,273.3399963378906,267.55999755859375,268.4800109863281,26910800
MSFT,2022-05-31,263.043212890625,271.8699951171875,274.7699890136719,268.92999267578125,272.5299987792969,37827700
MSFT,2022-06-01,263.575439453125,272.4200134277344,277.69000244140625,270.0400085449219,275.20001220703125,25292200
MSFT,2022-06-02,265.665283203125,274.5799865722656,274.6499938964844,261.6000061035156,264.45001220703125,44008200
MSFT,2022-06-03,261.2532958984375,270.0199890136719,273.45001220703125,268.4100036621094,270.30999755859375,28059000
MSFT,2022-06-06,260.0244445800781,268.75,274.17999267578125,267.2200012207031,272.05999755859375,22400300
MSFT,2022-06-07,263.6528015136719,272.5,273.1300048828125,265.94000244140625,266.6400146484375,22860700
MSFT,2022-06-08,261.630615234375,270.4100036621094,273.0,269.6099853515625,271.7099914550781,17372300
MSFT,2022-06-09,256.1930847167969,264.7900085449219,272.7099914550781,264.6300048828125,267.7799987792969,26439700
MSFT,2022-06-10,244.7761993408203,252.99000549316406,260.5799865722656,252.52999877929688,260.5799865722656,31422800
MSFT,2022-06-13,234.3945770263672,242.25999450683594,249.02000427246094,241.52999877929688,245.11000061035156,46135800
MSFT,2022-06-14,236.55218505859375,244.49000549316406,245.74000549316406,241.50999450683594,243.86000061035156,28651500
MSFT,2022-06-15,243.5861053466797,251.75999450683594,255.3000030517578,246.4199981689453,248.30999755859375,33111700
MSFT,2022-06-16,237.01661682128906,244.97000122070312,247.4199981689453,243.02000427246094,245.97999572753906,33169200
MSFT,2022-06-17,239.60960388183594,247.64999389648438,250.5,244.02999877929688,244.6999969482422,43084800
MSFT,2022-06-21,245.5018768310547,253.74000549316406,254.75,249.50999450683594,250.25999450683594,29928300
MSFT,2022-06-22,244.91171264648438,253.1300048828125,257.1700134277344,250.3699951171875,251.88999938964844,25939900
MSFT,2022-06-23,250.45555114746094,258.8599853515625,259.3699951171875,253.6300048828125,255.57000732421875,25861400
MSFT,2022-06-24,259.0086669921875,267.70001220703125,267.9800109863281,261.7200012207031,261.80999755859375,33923200
MSFT,2022-06-27,256.2898864746094,264.8900146484375,268.29998779296875,263.2799987792969,268.2099914550781,24615100
MSFT,2022-06-28,248.1529083251953,256.4800109863281,266.9100036621094,256.32000732421875,263.9800109863281,27295500
MSFT,2022-06-29,251.8101806640625,260.260009765625,261.9700012207031,255.75999450683594,257.5899963378906,20069800
MSFT,2022-06-30,248.4915313720703,256.8299865722656,259.5299987792969,252.89999389648438,257.04998779296875,31730900
MSFT,2022-07-01,251.15231323242188,259.5799865722656,259.7699890136719,254.61000061035156,256.3900146484375,22837700
MSFT,2022-07-05,254.31613159179688,262.8500061035156,262.9800109863281,254.74000549316406,256.1600036621094,22941000
MSFT,2022-07-06,257.56695556640625,266.2099914550781,267.989990234375,262.3999938964844,263.75,23824400
MSFT,2022-07-07,259.68597412109375,268.3999938964844,269.05999755859375,265.0199890136719,265.1199951171875,20859900
MSFT,2022-07-08,258.969970703125,267.6600036621094,268.1000061035156,263.2900085449219,264.7900085449219,19658800
MSFT,2022-07-11,255.9222412109375,264.510009765625,266.5299987792969,262.17999267578125,265.6499938964844,19455200
MSFT,2022-07-12,245.4341583251953,253.6699981689453,265.94000244140625,252.0399932861328,265.8800048828125,35868500
MSFT,2022-07-13,244.5149688720703,252.72000122070312,253.5500030517578,248.11000061035156,250.19000244140625,29497400
MSFT,2022-07-14,245.83082580566406,254.0800018310547,255.13999938964844,245.94000244140625,250.57000732421875,25102800
MSFT,2022-07-15,248.38511657714844,256.7200012207031,260.3699951171875,254.77000427246094,255.72000122070312,29774100
MSFT,2022-07-18,245.99530029296875,254.25,260.8399963378906,253.3000030517578,259.75,20975000
MSFT,2022-07-19,251.1038818359375,259.5299987792969,259.7200012207031,253.67999267578125,257.5799865722656,25012600
MSFT,2022-07-20,253.75491333007812,262.2699890136719,264.8699951171875,258.9100036621094,259.8999938964844,22788300
MSFT,2022-07-21,256.2415466308594,264.8399963378906,264.8900146484375,257.0299987792969,259.7900085449219,22404700
MSFT,2022-07-22,251.90687561035156,260.3599853515625,265.3299865722656,259.07000732421875,265.239990234375,21881300
MSFT,2022-07-25,250.42657470703125,258.8299865722656,261.5,256.80999755859375,261.0,21056000
MSFT,2022-07-26,243.72161865234375,251.89999389648438,259.8800048828125,249.57000732421875,259.8599853515625,39348000
MSFT,2022-07-27,260.014892578125,268.739990234375,270.04998779296875,258.8500061035156,261.1600036621094,45994000
MSFT,2022-07-28,267.4358825683594,276.4100036621094,277.8399963378906,267.8699951171875,269.75,33459300
MSFT,2022-07-29,271.6252746582031,280.739990234375,282.0,276.6300048828125,277.70001220703125,32152800
MSFT,2022-08-01,268.9838562011719,278.010009765625,281.2799987792969,275.8399963378906,277.82000732421875,21539600
MSFT,2022-08-02,265.8974914550781,274.82000732421875,277.8900146484375,272.3800048828125,276.0,22754200
MSFT,2022-08-03,273.299072265625,282.4700012207031,283.5,276.6099853515625,276.760009765625,23518900
MSFT,2022-08-04,274.4407653808594,283.6499938964844,283.79998779296875,280.1700134277344,281.79998779296875,18098700
MSFT,2022-08-05,273.724853515625,282.9100036621094,283.6499938964844,278.67999267578125,279.1499938964844,16774600
MSFT,2022-08-08,271.21893310546875,280.32000732421875,285.9200134277344,279.32000732421875,284.04998779296875,18739200
MSFT,2022-08-09,273.1346435546875,282.29998779296875,283.0799865722656,277.6099853515625,279.6400146484375,23405200
MSFT,2022-08-10,279.7718811035156,289.1600036621094,289.80999755859375,286.94000244140625,288.1700134277344,24687800
MSFT,2022-08-11,277.701416015625,287.0199890136719,291.2099914550781,286.510009765625,290.8500061035156,20065900
MSFT,2022-08-12,282.4326477050781,291.9100036621094,291.9100036621094,286.94000244140625,288.4800109863281,22619700
MSFT,2022-08-15,283.9419860839844,293.4700012207031,294.17999267578125,290.1099853515625,291.0,18085700
MSFT,2022-08-16,283.20660400390625,292.7099914550781,294.0400085449219,290.4200134277344,291.989990234375,18102900
MSFT,2022-08-17,282.4600524902344,291.32000732421875,293.3500061035156,289.4700012207031,289.739990234375,18253400
MSFT,2022-08-18,281.3450012207031,290.1700134277344,291.9100036621094,289.0799865722656,290.19000244140625,17186200
MSFT,2022-08-19,277.4472961425781,286.1499938964844,289.25,285.55999755859375,288.8999938964844,20570000
MSFT,2022-08-22,269.3027648925781,277.75,282.4599914550781,277.2200012207031,282.0799865722656,25061100
MSFT,2022-08-23,268.0326232910156,276.44000244140625,278.8599853515625,275.3999938964844,276.44000244140625,17527400
MSFT,2022-08-24,267.4023742675781,275.7900085449219,277.2300109863281,275.1099853515625,275.4100036621094,18137000
MSFT,2022-08-25,270.3692932128906,278.8500061035156,279.0199890136719,274.5199890136719,277.3299865722656,16583400
MSFT,2022-08-26,259.9365539550781,268.0899963378906,280.3399963378906,267.9800109863281,279.0799865722656,27549300
MSFT,2022-08-29,257.16351318359375,265.2300109863281,267.3999938964844,263.8500061035156,265.8500061035156,20338500
MSFT,2022-08-30,254.97230529785156,262.9700012207031,267.04998779296875,260.6600036621094,266.6700134277344,22767100
MSFT,2022-08-31,253.51783752441406,261.4700012207031,267.1099853515625,261.3299865722656,265.3900146484375,24791800
MSFT,2022-09-01,252.4803924560547,260.3999938964844,260.8900146484375,255.41000366210938,258.8699951171875,23263400
MSFT,2022-09-02,248.2724151611328,256.05999755859375,264.739990234375,254.47000122070312,261.70001220703125,22855400
MSFT,2022-09-06,245.54786682128906,253.25,257.8299865722656,251.94000244140625,256.20001220703125,21328200
MSFT,2022-09-07,250.24072265625,258.0899963378906,258.8299865722656,253.22000122070312,254.6999969482422,24126700
MSFT,2022-09-08,250.65757751464844,258.5199890136719,260.42999267578125,254.7899932861328,257.510009765625,20319900
MSFT,2022-09-09,256.4169006347656,264.4599914550781,265.2300109863281,260.2900085449219,260.5,22084700
MSFT,2022-09-12,258.540283203125,266.6499938964844,267.45001220703125,265.1600036621094,265.7799987792969,18747700
MSFT,2022-09-13,244.32618713378906,251.99000549316406,260.3999938964844,251.58999633789062,258.8399963378906,33353300
MSFT,2022-09-14,244.54917907714844,252.22000122070312,254.22999572753906,249.86000061035156,253.52999877929688,23913000
MSFT,2022-09-15,237.91722106933594,245.3800048828125,251.39999389648438,244.02000427246094,249.77000427246094,31530900
MSFT,2022-09-16,237.2967071533203,244.74000549316406,245.3000030517578,242.05999755859375,244.25999450683594,39791800
MSFT,2022-09-19,237.0833740234375,244.52000427246094,245.13999938964844,240.85000610351562,242.47000122070312,26826900
MSFT,2022-09-20,235.07635498046875,242.4499969482422,243.50999450683594,239.63999938964844,242.07000732421875,26660300
MSFT,2022-09-21,231.6827850341797,238.9499969482422,247.66000366210938,238.89999389648438,244.27000427246094,28625600
MSFT,2022-09-22,233.6510467529297,240.97999572753906,243.86000061035156,237.57000732421875,237.8699951171875,31061200
MSFT,2022-09-23,230.68408203125,237.9199981689453,241.1300048828125,235.1999969482422,239.5399932861328,34176000
MSFT,2022-09-26,230.2283935546875,237.4499969482422,241.4499969482422,236.89999389648438,237.0500030517578,27694200
MSFT,2022-09-27,229.22003173828125,236.41000366210938,241.8000030517578,234.5,239.97999572753906,27018700
MSFT,2022-09-28,233.73831176757812,241.07000732421875,242.3300018310547,234.72999572753906,236.80999755859375,29029700
MSFT,2022-09-29,230.27685546875,237.5,239.9499969482422,234.41000366210938,238.88999938964844,27484200
MSFT,2022-09-30,225.8167724609375,232.89999389648438,240.5399932861328,232.72999572753906,238.2899932861328,35694800
MSFT,2022-10-03,233.4183349609375,240.74000549316406,241.61000061035156,234.66000366210938,235.41000366210938,28880400
MSFT,2022-10-04,241.310791015625,248.8800048828125,250.36000061035156,244.97999572753906,245.08999633789062,34888400
MSFT,2022-10-05,241.62103271484375,249.1999969482422,250.5800018310547,244.10000610351562,245.99000549316406,20347100
MSFT,2022-10-06,239.28433227539062,246.7899932861328,250.33999633789062,246.0800018310547,247.92999267578125,20239900
MSFT,2022-10-07,227.11602783203125,234.24000549316406,241.32000732421875,233.1699981689453,240.89999389648438,37769600
MSFT,2022-10-10,222.27780151367188,229.25,234.55999755859375,226.72999572753906,233.0500030517578,29743600
MSFT,2022-10-11,218.5545654296875,225.41000366210938,229.05999755859375,224.11000061035156,227.6199951171875,30474000
MSFT,2022-10-12,218.8842315673828,225.75,227.86000061035156,223.9600067138672,225.39999389648438,21903900
MSFT,2022-10-13,227.11602783203125,234.24000549316406,236.10000610351562,219.1300048828125,219.85000610351562,42551800
MSFT,2022-10-14,221.6087646484375,228.55999755859375,237.24000549316406,228.33999633789062,235.5399932861328,30198600
MSFT,2022-10-17,230.3059539794922,237.52999877929688,238.9600067138672,235.13999938964844,235.82000732421875,28142300
MSFT,2022-10-18,231.24644470214844,238.5,243.92999267578125,235.3699951171875,243.24000549316406,26329600
MSFT,2022-10-19,229.2879180908203,236.47999572753906,239.61000061035156,234.2899932861328,237.0399932861328,19985700
MSFT,2022-10-20,228.9679412841797,236.14999389648438,241.30999755859375,234.8699951171875,235.77000427246094,21811000
MSFT,2022-10-21,234.75636291503906,242.1199951171875,243.0,234.5,234.74000549316406,26299700
MSFT,2022-10-24,239.73036193847656,247.25,247.83999633789062,241.3000030517578,243.75999450683594,24911200
MSFT,2022-10-25,243.03662109375,250.66000366210938,251.0399932861328,245.8300018310547,247.25999450683594,34775500
MSFT,2022-10-26,224.28482055664062,231.32000732421875,238.3000030517578,230.05999755859375,231.1699981689453,82543200
MSFT,2022-10-27,219.85382080078125,226.75,233.69000244140625,225.77999877929688,231.0399932861328,40424600
MSFT,2022-10-28,228.69642639160156,235.8699951171875,236.60000610351562,226.0500030517578,226.24000549316406,40647700
MSFT,2022-10-31,225.07022094726562,232.1300048828125,234.9199981689453,231.14999389648438,233.75999450683594,28357300
MSFT,2022-11-01,221.23060607910156,228.1699981689453,235.74000549316406,227.3300018310547,234.60000610351562,30592300
MSFT,2022-11-02,213.40606689453125,220.10000610351562,231.3000030517578,220.0399932861328,229.4600067138672,38407000
MSFT,2022-11-03,207.73399353027344,214.25,220.41000366210938,213.97999572753906,220.08999633789062,36633900
MSFT,2022-11-04,214.6568145751953,221.38999938964844,221.58999633789062,213.42999267578125,217.5500030517578,36789100
MSFT,2022-11-07,220.9397430419922,227.8699951171875,228.41000366210938,221.27999877929688,221.99000549316406,33498000
MSFT,2022-11-08,221.90933227539062,228.8699951171875,231.64999389648438,225.83999633789062,228.6999969482422,28192500
MSFT,2022-11-09,217.6819610595703,224.50999450683594,228.6300048828125,224.3300018310547,227.3699951171875,27852900
MSFT,2022-11-10,235.5902099609375,242.97999572753906,243.3300018310547,235.0,235.42999267578125,46268000
MSFT,2022-11-11,239.5945587158203,247.11000061035156,247.99000549316406,241.92999267578125,242.99000549316406,34620200
MSFT,2022-11-14,234.20370483398438,241.5500030517578,243.91000366210938,239.2100067138672,241.99000549316406,31123300
MSFT,2022-11-15,234.6109161376953,241.97000122070312,247.0,240.02999877929688,245.66000366210938,31390100
MSFT,2022-11-16,235.03871154785156,241.72999572753906,243.8000030517578,240.4199981689453,242.7899932861328,24093300
MSFT,2022-11-17,234.9901123046875,241.67999267578125,243.25,237.6300048828125,237.77999877929688,23123500
MSFT,2022-11-18,234.54286193847656,241.22000122070312,243.74000549316406,239.02999877929688,243.50999450683594,27613500
MSFT,2022-11-21,235.34986877441406,242.0500030517578,244.6699981689453,241.19000244140625,241.42999267578125,26394700
MSFT,2022-11-22,238.2473907470703,245.02999877929688,245.30999755859375,240.7100067138672,243.58999633789062,19665700
MSFT,2022-11-23,240.72679138183594,247.5800018310547,248.27999877929688,244.27000427246094,245.11000061035156,19508500
MSFT,2022-11-25,240.63931274414062,247.49000549316406,248.6999969482422,246.72999572753906,247.30999755859375,9200800
MSFT,2022-11-28,235.0679168701172,241.75999450683594,246.64999389648438,240.8000030517578,246.0800018310547,24778200
MSFT,2022-11-29,233.67747497558594,240.3300018310547,242.7899932861328,238.2100067138672,241.39999389648438,17956300
MSFT,2022-11-30,248.07754516601562,255.13999938964844,255.3300018310547,239.86000061035156,240.57000732421875,47594200
MSFT,2022-12-01,247.63999938964844,254.69000244140625,256.1199951171875,250.9199981689453,253.8699951171875,26041500
MSFT,2022-12-02,247.96084594726562,255.02000427246094,256.05999755859375,249.69000244140625,249.82000732421875,21528500
MSFT,2022-12-05,243.2742919921875,250.1999969482422,253.82000732421875,248.05999755859375,252.00999450683594,23435300
MSFT,2022-12-06,238.3348846435547,245.1199951171875,251.86000061035156,243.77999877929688,250.82000732421875,22463700
MSFT,2022-12-07,237.6056671142578,244.3699951171875,246.16000366210938,242.2100067138672,244.8300018310547,20481500
MSFT,2022-12-08,240.55177307128906,247.39999389648438,248.74000549316406,243.05999755859375,244.83999633789062,22611800
MSFT,2022-12-09,238.62660217285156,245.4199981689453,248.30999755859375,244.16000366210938,244.6999969482422,20609700
MSFT,2022-12-12,245.52035522460938,252.50999450683594,252.5399932861328,247.1699981689453,247.4499969482422,30665100
MSFT,2022-12-13,249.80825805664062,256.9200134277344,263.9200134277344,253.07000732421875,261.69000244140625,42196900
MSFT,2022-12-14,250.10000610351562,257.2200012207031,262.5899963378906,254.30999755859375,257.1300048828125,35410900
MSFT,2022-12-15,242.11720275878906,249.00999450683594,254.1999969482422,247.33999633789062,253.72000122070312,35560400
MSFT,2022-12-16,237.9168243408203,244.69000244140625,249.83999633789062,243.50999450683594,248.5500030517578,86102000
MSFT,2022-12-19,233.79415893554688,240.4499969482422,245.2100067138672,238.7100067138672,244.86000061035156,29696400
MSFT,2022-12-20,235.10679626464844,241.8000030517578,242.91000366210938,238.4199981689453,239.39999389648438,25150800
MSFT,2022-12-21,237.6639862060547,244.42999267578125,245.6199951171875,240.11000061035156,241.69000244140625,23690600
MSFT,2022-12-22,231.5967254638672,238.19000244140625,241.99000549316406,233.8699951171875,241.25999450683594,28651700
MSFT,2022-12-23,232.1217803955078,238.72999572753906,238.8699951171875,233.94000244140625,236.11000061035156,21207000
MSFT,2022-12-27,230.40077209472656,236.9600067138672,238.92999267578125,235.8300018310547,238.6999969482422,16688600
MSFT,2022-12-28,228.0380401611328,234.52999877929688,239.72000122070312,234.1699981689453,236.88999938964844,17457100
MSFT,2022-12-29,234.3386688232422,241.00999450683594,241.9199981689453,235.64999389648438,235.64999389648438,19770700
MSFT,2022-12-30,233.181640625,239.82000732421875,239.9600067138672,236.66000366210938,238.2100067138672,21938500
MSFT,2023-01-03,232.94825744628906,239.5800018310547,245.75,237.39999389648438,243.0800018310547,25740000
MSFT,2023-01-04,222.7583465576172,229.10000610351562,232.8699951171875,225.9600067138672,232.27999877929688,50623400
MSFT,2023-01-05,216.1562957763672,222.30999755859375,227.5500030517578,221.75999450683594,227.1999969482422,39585600
MSFT,2023-01-06,218.7037811279297,224.92999267578125,225.75999450683594,219.35000610351562,223.0,43613600
MSFT,2023-01-09,220.83314514160156,227.1199951171875,231.24000549316406,226.41000366210938,226.4499969482422,27369800
MSFT,2023-01-10,222.51524353027344,228.85000610351562,231.30999755859375,227.3300018310547,227.75999450683594,27033900
MSFT,2023-01-11,229.24371337890625,235.77000427246094,235.9499969482422,231.11000061035156,231.2899932861328,28669300
MSFT,2023-01-12,231.90786743164062,238.50999450683594,239.89999389648438,233.55999755859375,235.25999450683594,27269500
MSFT,2023-01-13,232.60792541503906,239.22999572753906,239.3699951171875,234.9199981689453,237.0,21333300
MSFT,2023-01-17,233.6969451904297,240.35000610351562,240.91000366210938,237.08999633789062,237.97000122070312,29831300
MSFT,2023-01-18,229.28260803222656,235.80999755859375,242.3800048828125,235.52000427246094,241.57000732421875,30028700
MSFT,2023-01-19,225.51002502441406,231.92999267578125,235.52000427246094,230.67999267578125,233.77999877929688,28623000
MSFT,2023-01-20,233.57054138183594,240.22000122070312,240.74000549316406,234.50999450683594,234.86000061035156,35389800
MSFT,2023-01-23,235.865234375,242.5800018310547,245.1699981689453,239.64999389648438,241.10000610351562,31934000
MSFT,2023-01-24,235.3401641845703,242.0399932861328,243.9499969482422,240.44000244140625,242.5,40234400
MSFT,2023-01-25,233.94976806640625,240.61000061035156,243.3000030517578,230.89999389648438,234.47999572753906,66526600
MSFT,2023-01-26,241.1351776123047,248.0,248.30999755859375,242.0,243.64999389648438,33454500
MSFT,2023-01-27,241.290771484375,248.16000366210938,249.8300018310547,246.8300018310547,248.99000549316406,26498900
MSFT,2023-01-30,235.99160766601562,242.7100067138672,245.60000610351562,242.1999969482422,244.50999450683594,25867400
MSFT,2023-01-31,240.95045471191406,247.80999755859375,247.9499969482422,242.9499969482422,243.4499969482422,26541100
MSFT,2023-02-01,245.75372314453125,252.75,255.17999267578125,245.47000122070312,248.0,31259900
MSFT,2023-02-02,257.2757263183594,264.6000061035156,264.69000244140625,257.25,258.82000732421875,39940400
MSFT,2023-02-03,251.19871520996094,258.3500061035156,264.20001220703125,257.1000061035156,259.5400085449219,29077300
MSFT,2023-02-06,249.66238403320312,256.7699890136719,258.29998779296875,254.77999877929688,257.44000244140625,22518000
MSFT,2023-02-07,260.1537780761719,267.55999755859375,268.7699890136719,260.0799865722656,260.5299987792969,50841400
MSFT,2023-02-08,259.34674072265625,266.7300109863281,276.760009765625,266.2099914550781,273.20001220703125,54686000
MSFT,2023-02-09,256.32281494140625,263.6199951171875,273.9800109863281,262.79998779296875,273.79998779296875,42375100
MSFT,2023-02-10,255.81723022460938,263.1000061035156,264.0899963378906,260.6600036621094,261.5299987792969,25818500
MSFT,2023-02-13,263.80975341796875,271.32000732421875,274.6000061035156,267.1499938964844,267.6400146484375,44630900
MSFT,2023-02-14,264.6361389160156,272.1700134277344,274.9700012207031,269.2799987792969,272.6700134277344,37047900
MSFT,2023-02-15,262.52093505859375,269.32000732421875,270.7300109863281,266.17999267578125,268.32000732421875,28922400
MSFT,2023-02-16,255.53192138671875,262.1499938964844,266.739990234375,261.8999938964844,264.0199890136719,29603600
MSFT,2023-02-17,251.54519653320312,258.05999755859375,260.0899963378906,256.0,259.3900146484375,30000100
MSFT,2023-02-21,246.291259765625,252.6699981689453,255.49000549316406,251.58999633789062,254.47999572753906,28397400
MSFT,2023-02-22,245.16055297851562,251.50999450683594,254.33999633789062,250.33999633789062,254.08999633789062,22491100
MSFT,2023-02-23,248.3382568359375,254.77000427246094,256.8399963378906,250.47999572753906,255.55999755859375,29219100
MSFT,2023-02-24,242.92837524414062,249.22000122070312,251.0,248.10000610351562,249.9600067138672,24990900
MSFT,2023-02-27,243.8446502685547,250.16000366210938,252.82000732421875,249.38999938964844,252.4600067138672,21190000
MSFT,2023-02-28,243.12330627441406,249.4199981689453,251.49000549316406,248.72999572753906,249.07000732421875,22491000
MSFT,2023-03-01,240.0528564453125,246.27000427246094,250.92999267578125,245.7899932861328,250.75999450683594,27565300
MSFT,2023-03-02,244.77066040039062,251.11000061035156,251.39999389648438,245.61000061035156,246.5500030517578,24808200
MSFT,2023-03-03,248.84510803222656,255.2899932861328,255.6199951171875,251.38999938964844,252.19000244140625,30760100
MSFT,2023-03-06,250.38526916503906,256.8699951171875,260.1199951171875,255.97999572753906,256.42999267578125,24109800
MSFT,2023-03-07,247.73390197753906,254.14999389648438,257.69000244140625,253.38999938964844,256.29998779296875,21473200
MSFT,2023-03-08,247.29527282714844,253.6999969482422,254.5399932861328,250.80999755859375,254.0399932861328,17340200
MSFT,2023-03-09,245.95010375976562,252.32000732421875,259.55999755859375,251.5800018310547,255.82000732421875,26653400
MSFT,2023-03-10,242.31427001953125,248.58999633789062,252.7899932861328,247.60000610351562,251.0800018310547,28333900
MSFT,2023-03-13,247.50970458984375,253.9199981689453,257.9100036621094,245.72999572753906,247.39999389648438,33339700
MSFT,2023-03-14,254.20626831054688,260.7900085449219,261.07000732421875,255.86000061035156,256.75,33620300
MSFT,2023-03-15,258.7388916015625,265.44000244140625,266.4800109863281,259.2099914550781,259.9800109863281,46028000
MSFT,2023-03-16,269.2272644042969,276.20001220703125,276.55999755859375,263.2799987792969,265.2099914550781,54768800
MSFT,2023-03-17,272.3757019042969,279.42999267578125,283.3299865722656,276.32000732421875,278.260009765625,69527400
MSFT,2023-03-20,265.35748291015625,272.2300109863281,277.4800109863281,269.8500061035156,276.9800109863281,43466600
MSFT,2023-03-21,266.8682861328125,273.7799987792969,275.0,269.5199890136719,274.8800048828125,34558700
MSFT,2023-03-22,265.4159851074219,272.2900085449219,281.0400085449219,272.17999267578125,273.3999938964844,34873300
MSFT,2023-03-23,270.650390625,277.6600036621094,281.05999755859375,275.20001220703125,277.94000244140625,36610900
MSFT,2023-03-24,273.4869079589844,280.57000732421875,280.6300048828125,275.2799987792969,277.239990234375,28172000
MSFT,2023-03-27,269.4027099609375,276.3800048828125,281.4599914550781,275.5199890136719,280.5,26840200
MSFT,2023-03-28,268.2818298339844,275.2300109863281,276.1400146484375,272.04998779296875,275.7900085449219,21878600
MSFT,2023-03-29,273.42840576171875,280.510009765625,281.1400146484375,278.4100036621094,278.9599914550781,25087000
MSFT,2023-03-30,276.8789978027344,284.04998779296875,284.4599914550781,281.4800109863281,284.2300109863281,25053400
MSFT,2023-03-31,281.0217590332031,288.29998779296875,289.2699890136719,283.0,283.7300109863281,32766000
MSFT,2023-04-03,279.97882080078125,287.2300109863281,288.2699890136719,283.95001220703125,286.5199890136719,24883300
MSFT,2023-04-04,279.9300231933594,287.17999267578125,290.45001220703125,285.6700134277344,287.2300109863281,25824300
MSFT,2023-04-05,277.1617736816406,284.3399963378906,287.1499938964844,282.9200134277344,285.8500061035156,22064800
MSFT,2023-04-06,284.2384338378906,291.6000061035156,292.0799865722656,282.0299987792969,283.2099914550781,29770300
MSFT,2023-04-10,282.0842590332031,289.3900146484375,289.6000061035156,284.7099914550781,289.2099914550781,23103000
MSFT,2023-04-11,275.6898193359375,282.8299865722656,285.9800109863281,281.6400146484375,285.75,27276600
MSFT,2023-04-12,276.3332214355469,283.489990234375,287.010009765625,281.9599914550781,284.7900085449219,27403400
MSFT,2023-04-13,282.5228576660156,289.8399963378906,289.8999938964844,283.1700134277344,283.5899963378906,24222700
MSFT,2023-04-14,278.9163513183594,286.1400146484375,288.4800109863281,283.69000244140625,287.0,20987900
MSFT,2023-04-17,281.5091247558594,288.79998779296875,291.6000061035156,286.1600036621094,289.92999267578125,23836200
MSFT,2023-04-18,281.0899658203125,288.3699951171875,291.760009765625,287.010009765625,291.57000732421875,20161800
MSFT,2023-04-19,281.16802978515625,288.45001220703125,289.04998779296875,284.5400085449219,285.989990234375,17150300
MSFT,2023-04-20,278.8871154785156,286.1099853515625,289.0299987792969,285.0799865722656,285.25,23244400
MSFT,2023-04-21,278.5458984375,285.760009765625,286.2699890136719,283.05999755859375,285.010009765625,21676400
MSFT,2023-04-24,274.65667724609375,281.7699890136719,284.95001220703125,278.7200012207031,282.0899963378906,26611000
MSFT,2023-04-25,268.4668884277344,275.4200134277344,281.6000061035156,275.3699951171875,279.510009765625,45772200
MSFT,2023-04-26,287.913330078125,295.3699951171875,299.57000732421875,292.7300109863281,296.70001220703125,64599200
MSFT,2023-04-27,297.134521484375,304.8299865722656,305.20001220703125,295.25,295.9700012207031,46462600
MSFT,2023-04-28,299.5031433105469,307.260009765625,308.92999267578125,303.30999755859375,304.010009765625,36469600
MSFT,2023-05-01,297.8460388183594,305.55999755859375,308.6000061035156,305.1499938964844,306.9700012207031,21294100
MSFT,2023-05-02,297.69989013671875,305.4100036621094,309.17999267578125,303.9100036621094,307.760009765625,26404400
MSFT,2023-05-03,296.7153625488281,304.3999938964844,308.6099853515625,304.0899963378906,306.6199951171875,22360800
MSFT,2023-05-04,297.69989013671875,305.4100036621094,307.760009765625,303.3999938964844,306.239990234375,22519900
MSFT,2023-05-05,302.8074951171875,310.6499938964844,311.9700012207031,304.2699890136719,305.7200012207031,28197100
MSFT,2023-05-08,300.8580017089844,308.6499938964844,310.20001220703125,306.0899963378906,310.1300048828125,21318600
MSFT,2023-05-09,299.2496643066406,307.0,310.0400085449219,306.30999755859375,308.0,21340800
MSFT,2023-05-10,304.4256286621094,312.30999755859375,313.0,307.6700134277344,308.6199951171875,30078000
MSFT,2023-05-11,302.28118896484375,310.1099853515625,311.1199951171875,306.260009765625,310.1000061035156,31680200
MSFT,2023-05-12,301.169921875,308.9700012207031,310.6499938964844,306.6000061035156,310.54998779296875,19774700
MSFT,2023-05-15,301.6475830078125,309.4599914550781,309.8999938964844,307.5899963378906,309.1000061035156,16336500
MSFT,2023-05-16,303.8699951171875,311.739990234375,313.7099914550781,309.8299865722656,309.8299865722656,26730300
MSFT,2023-05-17,306.7420349121094,314.0,314.42999267578125,310.739990234375,312.2900085449219,24315000
MSFT,2023-05-18,311.15753173828125,318.5199890136719,319.0400085449219,313.7200012207031,314.5299987792969,27276000
MSFT,2023-05-19,310.9817810058594,318.3399963378906,318.75,316.3699951171875,316.739990234375,27546700
MSFT,2023-05-22,313.756103515625,321.17999267578125,322.5899963378906,318.010009765625,318.6000061035156,24115700
MSFT,2023-05-23,307.97296142578125,315.260009765625,322.7200012207031,315.25,320.0299987792969,30797200
MSFT,2023-05-24,306.59552001953125,313.8500061035156,316.5,312.6099853515625,314.7300109863281,23384900
MSFT,2023-05-25,318.38653564453125,325.9200134277344,326.8999938964844,320.0,323.239990234375,43301700
MSFT,2023-05-26,325.1954345703125,332.8900146484375,333.3999938964844,323.8800048828125,324.0199890136719,36630600
MSFT,2023-05-30,323.55426025390625,331.2099914550781,335.739990234375,330.5199890136719,335.2300109863281,29503100
MSFT,2023-05-31,320.7994689941406,328.3900146484375,335.94000244140625,327.3299865722656,332.2900085449219,45950600
MSFT,2023-06-01,324.8926086425781,332.5799865722656,333.5299987792969,324.7200012207031,325.92999267578125,26773900
MSFT,2023-06-02,327.64739990234375,335.3999938964844,337.5,332.54998779296875,334.25,25873800
MSFT,2023-06-05,328.17498779296875,335.94000244140625,338.55999755859375,334.6600036621094,335.2200012207031,21307100
MSFT,2023-06-06,325.9671630859375,333.67999267578125,335.3699951171875,332.1700134277344,335.3299865722656,20396200
MSFT,2023-06-07,315.90521240234375,323.3800048828125,334.489990234375,322.5,331.6499938964844,40717100
MSFT,2023-06-08,317.7418212890625,325.260009765625,326.6400146484375,323.3500061035156,323.94000244140625,23277700
MSFT,2023-06-09,319.2364501953125,326.7900085449219,329.989990234375,324.4100036621094,324.989990234375,22529000
MSFT,2023-06-12,324.17950439453125,331.8500061035156,332.1000061035156,325.1600036621094,328.5799865722656,24260300
MSFT,2023-06-13,326.5631103515625,334.2900085449219,336.9800109863281,330.3900146484375,334.4700012207031,22951300
MSFT,2023-06-14,329.5425109863281,337.3399963378906,339.0400085449219,332.80999755859375,334.3399963378906,26003800
MSFT,2023-06-15,340.0539245605469,348.1000061035156,349.8399963378906,337.20001220703125,337.4800109863281,38899100
MSFT,2023-06-16,334.4172058105469,342.3299865722656,351.4700012207031,341.95001220703125,351.32000732421875,46552000
MSFT,2023-06-20,330.23614501953125,338.04998779296875,342.0799865722656,335.8599853515625,339.30999755859375,26375400
MSFT,2023-06-21,325.84991455078125,333.55999755859375,337.7300109863281,332.07000732421875,336.3699951171875,25117800
MSFT,2023-06-22,331.8577575683594,339.7099914550781,340.1199951171875,333.3399963378906,334.1199951171875,23556800
MSFT,2023-06-23,327.27618408203125,335.0199890136719,337.9599914550781,333.45001220703125,334.3599853515625,23146900
MSFT,2023-06-26,321.00457763671875,328.6000061035156,336.1099853515625,328.489990234375,333.7200012207031,21520600
MSFT,2023-06-27,326.8365783691406,334.57000732421875,336.1499938964844,329.29998779296875,331.8599853515625,24354100
MSFT,2023-06-28,328.08697509765625,335.8500061035156,337.9800109863281,333.80999755859375,334.6600036621094,20259500
MSFT,2023-06-29,327.3055419921875,335.04998779296875,336.1099853515625,332.6199951171875,334.7099914550781,16997000
MSFT,2023-06-30,332.6686096191406,340.5400085449219,342.7300109863281,337.20001220703125,337.75,26832800
MSFT,2023-07-03,330.177490234375,337.989990234375,340.8999938964844,336.57000732421875,339.19000244140625,12508700
MSFT,2023-07-05,330.3338317871094,338.1499938964844,341.6499938964844,334.7300109863281,335.0899963378906,18172400
MSFT,2023-07-06,333.3816833496094,341.2699890136719,342.989990234375,335.5,337.29998779296875,28161200
MSFT,2023-07-07,329.42529296875,337.2200012207031,341.7900085449219,337.0,339.32000732421875,21214800
MSFT,2023-07-10,324.1599426269531,331.8299865722656,335.2300109863281,327.5899963378906,334.6000061035156,32791400
MSFT,2023-07-11,324.78509521484375,332.4700012207031,332.8599853515625,327.0,331.05999755859375,26698200
MSFT,2023-07-12,329.4058532714844,337.20001220703125,341.6499938964844,335.6700134277344,336.6000061035156,29995300
MSFT,2023-07-13,334.7396240234375,342.6600036621094,343.739990234375,339.0199890136719,339.55999755859375,20567200
MSFT,2023-07-14,337.25994873046875,345.239990234375,351.42999267578125,344.30999755859375,347.5899963378906,28352700
MSFT,2023-07-17,337.73870849609375,345.7300109863281,346.989990234375,342.20001220703125,345.67999267578125,20363900
MSFT,2023-07-18,351.1805419921875,359.489990234375,366.7799987792969,342.1700134277344,345.8299865722656,64738600
MSFT,2023-07-19,346.8724670410156,355.0799865722656,362.4599914550781,352.44000244140625,361.75,39732900
MSFT,2023-07-20,338.85223388671875,346.8699951171875,357.9700012207031,345.3699951171875,353.57000732421875,33778400
MSFT,2023-07-21,335.82403564453125,343.7699890136719,350.29998779296875,339.8299865722656,349.1499938964844,69405400
MSFT,2023-07-24,337.1329650878906,345.1099853515625,346.9200134277344,342.30999755859375,345.8500061035156,26678100
MSFT,2023-07-25,342.8673400878906,350.9800109863281,351.8900146484375,345.07000732421875,347.1099853515625,41637700
MSFT,2023-07-26,329.962646484375,337.7699890136719,344.6700134277344,333.1099853515625,341.44000244140625,58383700
MSFT,2023-07-27,323.0755920410156,330.7200012207031,341.3299865722656,329.04998779296875,340.4800109863281,39635300
MSFT,2023-07-28,330.5487976074219,338.3699951171875,340.010009765625,333.1700134277344,333.6700134277344,28484900
MSFT,2023-07-31,328.1554260253906,335.9200134277344,337.70001220703125,333.3599853515625,336.9200134277344,25446000
MSFT,2023-08-01,328.5657653808594,336.3399963378906,338.5400085449219,333.70001220703125,335.19000244140625,18311900
MSFT,2023-08-02,319.9299621582031,327.5,333.6300048828125,326.3599853515625,333.6300048828125,27761300
MSFT,2023-08-03,319.10943603515625,326.6600036621094,329.8800048828125,325.95001220703125,326.0,18253700
MSFT,2023-08-04,320.2035827636719,327.7799987792969,335.1400146484375,327.239990234375,331.8800048828125,23741500
MSFT,2023-08-07,322.47967529296875,330.1099853515625,331.1099853515625,327.5199890136719,328.3699951171875,17741500
MSFT,2023-08-08,318.5135192871094,326.04998779296875,328.75,323.0,326.9599914550781,22327600
MSFT,2023-08-09,314.7818603515625,322.2300109863281,327.1099853515625,321.04998779296875,326.4700012207031,22373300
MSFT,2023-08-10,315.46563720703125,322.92999267578125,328.260009765625,321.17999267578125,326.0199890136719,20113700
MSFT,2023-08-11,313.59002685546875,321.010009765625,322.4100036621094,319.2099914550781,320.260009765625,24355500
MSFT,2023-08-14,316.54998779296875,324.0400085449219,324.05999755859375,320.0799865722656,321.3900146484375,18836100
MSFT,2023-08-15,314.4203796386719,321.8599853515625,325.0899963378906,320.8999938964844,323.0,16966300
MSFT,2023-08-16,313.6568298339844,320.3999938964844,324.4200134277344,319.79998779296875,320.79998779296875,20698900
MSFT,2023-08-17,310.2109069824219,316.8800048828125,321.8699951171875,316.2099914550781,320.5400085449219,21257200
MSFT,2023-08-18,309.8193054199219,316.4800109863281,318.3800048828125,311.54998779296875,314.489990234375,24755000
MSFT,2023-08-21,315.1056823730469,321.8800048828125,322.7699890136719,317.0400085449219,317.92999267578125,24040000
MSFT,2023-08-22,315.6734313964844,322.4599914550781,326.0799865722656,321.4599914550781,325.5,16084600
MSFT,2023-08-23,320.11785888671875,327.0,329.20001220703125,323.4599914550781,323.82000732421875,21166400
MSFT,2023-08-24,313.23583984375,319.9700012207031,332.9800109863281,319.9599914550781,332.8500061035156,23281400
MSFT,2023-08-25,316.18255615234375,322.9800109863281,325.3599853515625,318.79998779296875,321.4700012207031,21684100
MSFT,2023-08-28,316.8873596191406,323.70001220703125,326.1499938964844,321.7200012207031,325.6600036621094,14808500
MSFT,2023-08-29,321.49822998046875,328.4100036621094,328.9800109863281,321.8800048828125,321.8800048828125,19284600
MSFT,2023-08-30,321.8702392578125,328.7900085449219,329.80999755859375,326.45001220703125,328.6700134277344,15222100
MSFT,2023-08-31,320.8619079589844,327.760009765625,330.9100036621094,326.7799987792969,329.20001220703125,26411000
MSFT,2023-09-01,321.74298095703125,328.6600036621094,331.989990234375,326.7799987792969,331.30999755859375,14942000
MSFT,2023-09-05,326.5300598144531,333.54998779296875,334.8500061035156,328.6600036621094,329.0,18553900
MSFT,2023-09-06,325.8741760253906,332.8800048828125,334.4599914550781,330.17999267578125,333.3800048828125,17535800
MSFT,2023-09-07,322.9666442871094,329.9100036621094,333.0799865722656,329.0299987792969,331.2900085449219,18381000
MSFT,2023-09-08,327.2348937988281,334.2699890136719,336.1600036621094,329.4599914550781,330.0899963378906,19530100
MSFT,2023-09-11,330.8276672363281,337.94000244140625,338.4200134277344,335.42999267578125,337.239990234375,16583300
MSFT,2023-09-12,324.7875061035156,331.7699890136719,336.7900085449219,331.4800109863281,335.82000732421875,17565500
MSFT,2023-09-13,328.9872131347656,336.05999755859375,336.8500061035156,331.1700134277344,331.30999755859375,16544400
MSFT,2023-09-14,331.5716247558594,338.70001220703125,340.8599853515625,336.57000732421875,339.1499938964844,20267000
MSFT,2023-09-15,323.2701416015625,330.2200012207031,337.3999938964844,329.6499938964844,336.9200134277344,37679800
MSFT,2023-09-18,322.13458251953125,329.05999755859375,330.3999938964844,326.3599853515625,327.79998779296875,16834200
MSFT,2023-09-19,321.733154296875,328.6499938964844,329.3900146484375,324.510009765625,326.1700134277344,16505900
MSFT,2023-09-20,314.01904296875,320.7699890136719,329.5899963378906,320.510009765625,329.510009765625,21436500
MSFT,2023-09-21,312.80511474609375,319.5299987792969,325.3500061035156,315.0,319.260009765625,35560400
MSFT,2023-09-22,310.3381652832031,317.010009765625,321.45001220703125,316.1499938964844,321.32000732421875,21447900
MSFT,2023-09-25,310.8569641113281,317.5400085449219,317.6700134277344,315.0,316.5899963378906,17836000
MSFT,2023-09-26,305.5707092285156,312.1400146484375,315.8800048828125,310.0199890136719,315.1300048828125,26297600
MSFT,2023-09-27,306.20697021484375,312.7900085449219,314.29998779296875,309.69000244140625,312.29998779296875,19410100
MSFT,2023-09-28,307.0390625,313.6400146484375,315.4800109863281,309.45001220703125,310.989990234375,19683600
MSFT,2023-09-29,309.10467529296875,315.75,319.4700012207031,314.9800109863281,317.75,24147300
MSFT,2023-10-02,315.0273132324219,321.79998779296875,321.8900146484375,315.17999267578125,316.2799987792969,20570000
MSFT,2023-10-03,306.7943115234375,313.3900146484375,321.3900146484375,311.2099914550781,320.8299865722656,21033500
MSFT,2023-10-04,312.2471008300781,318.9599914550781,320.0400085449219,314.0,314.0299987792969,20720100
MSFT,2023-10-05,312.6387023925781,319.3599853515625,319.9800109863281,314.8999938964844,319.0899963378906,16965600
MSFT,2023-10-06,320.3724670410156,327.260009765625,329.19000244140625,316.29998779296875,316.54998779296875,25673600
MSFT,2023-10-09,322.8785705566406,329.82000732421875,330.29998779296875,323.17999267578125,324.75,19891200
MSFT,2023-10-10,321.4786682128906,328.3900146484375,331.1000061035156,327.6700134277344,330.9599914550781,20557100
MSFT,2023-10-11,325.423828125,332.4200134277344,332.82000732421875,329.1400146484375,331.2099914550781,20063200
MSFT,2023-10-12,324.1903991699219,331.1600036621094,333.6300048828125,328.7200012207031,330.57000732421875,19313100
MSFT,2023-10-13,320.8326110839844,327.7300109863281,333.8299865722656,326.3599853515625,332.3800048828125,21072400
MSFT,2023-10-16,325.63922119140625,332.6400146484375,336.1400146484375,330.6000061035156,331.04998779296875,22158000
MSFT,2023-10-17,325.0714111328125,332.05999755859375,333.4599914550781,327.4100036621094,329.5899963378906,18338500
MSFT,2023-10-18,323.1624450683594,330.1099853515625,335.5899963378906,328.29998779296875,332.489990234375,23153600
MSFT,2023-10-19,324.3470153808594,331.32000732421875,336.8800048828125,330.9100036621094,332.1499938964844,25052100
MSFT,2023-10-20,319.7948303222656,326.6700134277344,331.9200134277344,325.45001220703125,331.7200012207031,25027700
MSFT,2023-10-23,322.3891296386719,329.32000732421875,332.7300109863281,324.3900146484375,325.4700012207031,24374700
MSFT,2023-10-24,323.5736389160156,330.5299987792969,331.8399963378906,327.6000061035156,331.29998779296875,31153600
MSFT,2023-10-25,333.50018310546875,340.6700134277344,346.20001220703125,337.6199951171875,345.0199890136719,55053800
MSFT,2023-10-26,320.9891357421875,327.8900146484375,341.6300048828125,326.94000244140625,340.5400085449219,37828500
MSFT,2023-10-27,322.8687438964844,329.80999755859375,336.7200012207031,328.3999938964844,330.42999267578125,29856500
MSFT,2023-10-30,330.2109069824219,337.30999755859375,339.45001220703125,331.8299865722656,333.4100036621094,22828100
MSFT,2023-10-31,330.9940185546875,338.1099853515625,339.0,334.69000244140625,338.8500061035156,20265300
MSFT,2023-11-01,338.78656005859375,346.07000732421875,347.4200134277344,339.6499938964844,339.7900085449219,28158800
MSFT,2023-11-02,340.9891662597656,348.32000732421875,348.8299865722656,344.7699890136719,347.239990234375,24348100
MSFT,2023-11-03,345.3748779296875,352.79998779296875,354.3900146484375,347.3299865722656,349.6300048828125,23637700
MSFT,2023-11-06,349.0263671875,356.5299987792969,357.5400085449219,353.3500061035156,353.45001220703125,23828300
MSFT,2023-11-07,352.9422302246094,360.5299987792969,362.4599914550781,357.6300048828125,359.3999938964844,25833900
MSFT,2023-11-08,355.5560607910156,363.20001220703125,363.8699951171875,360.54998779296875,361.67999267578125,26767800
MSFT,2023-11-09,353.0988464355469,360.69000244140625,364.7900085449219,360.3599853515625,362.29998779296875,24847300
MSFT,2023-11-10,361.889892578125,369.6700134277344,370.1000061035156,361.07000732421875,361.489990234375,28042100
MSFT,2023-11-13,358.9627990722656,366.67999267578125,368.4700012207031,365.8999938964844,368.2200012207031,19986500
MSFT,2023-11-14,362.4772033691406,370.2699890136719,371.95001220703125,367.3500061035156,371.010009765625,27683900
MSFT,2023-11-15,362.6243591308594,369.6700134277344,373.1300048828125,367.1099853515625,371.2799987792969,26860100
MSFT,2023-11-16,369.00048828125,376.1700134277344,376.3500061035156,370.17999267578125,370.9599914550781,27182300
MSFT,2023-11-17,362.8009948730469,369.8500061035156,374.3699951171875,367.0,373.6099853515625,40157000
MSFT,2023-11-20,370.2462463378906,377.44000244140625,378.8699951171875,371.0,371.2200012207031,52465100
MSFT,2023-11-21,365.9595947265625,373.07000732421875,376.2200012207031,371.1199951171875,375.6700134277344,28423100
MSFT,2023-11-22,370.6484375,377.8500061035156,379.7900085449219,374.9700012207031,378.0,23345300
MSFT,2023-11-24,370.23651123046875,377.42999267578125,377.9700012207031,375.1400146484375,377.3299865722656,10176600
MSFT,2023-11-27,371.39404296875,378.6099853515625,380.6400146484375,376.20001220703125,376.7799987792969,22179200
MSFT,2023-11-28,375.4061279296875,382.70001220703125,383.0,378.1600036621094,378.3500061035156,20453100
MSFT,2023-11-29,371.6294250488281,378.8500061035156,384.29998779296875,377.44000244140625,383.760009765625,28963400
MSFT,2023-11-30,371.6883544921875,378.9100036621094,380.0899963378906,375.4700012207031,378.489990234375,30554400
MSFT,2023-12-01,367.37213134765625,374.510009765625,378.1600036621094,371.30999755859375,376.760009765625,33040500
MSFT,2023-12-04,362.1044921875,369.1400146484375,369.5199890136719,362.8999938964844,369.1000061035156,32063300
MSFT,2023-12-05,365.4200439453125,372.5199890136719,373.0799865722656,365.6199951171875,366.45001220703125,23065000
MSFT,2023-12-06,361.7709655761719,368.79998779296875,374.17999267578125,368.0299987792969,373.5400085449219,21182100
MSFT,2023-12-07,363.8800354003906,370.95001220703125,371.45001220703125,366.32000732421875,368.2300109863281,23118900
MSFT,2023-12-08,367.09747314453125,374.2300109863281,374.4599914550781,368.2300109863281,369.20001220703125,20154400
MSFT,2023-12-11,364.2232666015625,371.29998779296875,371.6000061035156,366.1000061035156,368.4800109863281,27708800
MSFT,2023-12-12,367.2445983886719,374.3800048828125,374.4200134277344,370.4599914550781,370.8500061035156,24838300
MSFT,2023-12-13,367.23480224609375,374.3699951171875,377.6400146484375,370.7699890136719,376.0199890136719,30955500
MSFT,2023-12-14,358.9556579589844,365.92999267578125,373.760009765625,364.1300048828125,373.30999755859375,43277500
MSFT,2023-12-15,363.6641845703125,370.7300109863281,372.3999938964844,366.2799987792969,366.8500061035156,78502300
MSFT,2023-12-18,365.547607421875,372.6499938964844,373.0,368.67999267578125,369.45001220703125,21802900
MSFT,2023-12-19,366.1459045410156,373.260009765625,373.260009765625,369.8399963378906,371.489990234375,20603700
MSFT,2023-12-20,363.5562744140625,370.6199951171875,376.0299987792969,370.5299987792969,375.0,26316700
MSFT,2023-12-21,366.420654296875,373.5400085449219,374.4100036621094,370.0400085449219,372.55999755859375,17708000
MSFT,2023-12-22,367.4407653808594,374.5799865722656,375.17999267578125,372.7099914550781,373.67999267578125,17107500
MSFT,2023-12-26,367.51922607421875,374.6600036621094,376.94000244140625,373.5,375.0,12673100
MSFT,2023-12-27,366.9405212402344,374.07000732421875,375.05999755859375,372.80999755859375,373.69000244140625,14905400
MSFT,2023-12-28,368.1274719238281,375.2799987792969,376.4599914550781,374.1600036621094,375.3699951171875,14327000
MSFT,2023-12-29,368.87298583984375,376.0400085449219,377.1600036621094,373.4800109863281,376.0,18730800
MSFT,2024-01-02,363.801513671875,370.8699951171875,375.8999938964844,366.7699890136719,373.8599853515625,25258600
MSFT,2024-01-03,363.53668212890625,370.6000061035156,373.260009765625,368.510009765625,369.010009765625,23083500
MSFT,2024-01-04,360.9273681640625,367.94000244140625,373.1000061035156,367.1700134277344,370.6700134277344,20901500
MSFT,2024-01-05,360.740966796875,367.75,372.05999755859375,366.5,368.9700012207031,21004600
MSFT,2024-01-08,367.5486755371094,374.69000244140625,375.20001220703125,369.010009765625,369.29998779296875,23134000
MSFT,2024-01-09,368.6277770996094,375.7900085449219,375.989990234375,371.19000244140625,372.010009765625,20830000
MSFT,2024-01-10,375.47467041015625,382.7699890136719,384.1700134277344,376.32000732421875,376.3699951171875,25514200
MSFT,2024-01-11,377.29925537109375,384.6300048828125,390.67999267578125,380.3800048828125,386.0,27850800
MSFT,2024-01-12,381.0660400390625,388.4700012207031,388.67999267578125,384.6499938964844,385.489990234375,21661200
MSFT,2024-01-16,382.83172607421875,390.2699890136719,394.0299987792969,387.6199951171875,393.6600036621094,27202300
MSFT,2024-01-17,382.0469970703125,389.4700012207031,390.1099853515625,384.80999755859375,387.9800109863281,22234100
MSFT,2024-01-18,386.3631591796875,393.8699951171875,393.989990234375,390.1199951171875,391.7200012207031,23392100
MSFT,2024-01-19,391.0716552734375,398.6700134277344,398.6700134277344,393.5,395.760009765625,29331100
MSFT,2024-01-22,388.95281982421875,396.510009765625,400.6199951171875,393.5899963378906,400.0199890136719,27016900
MSFT,2024-01-23,391.2972717285156,398.8999938964844,399.3800048828125,393.92999267578125,395.75,20525900
MSFT,2024-01-24,394.8875732421875,402.55999755859375,405.6300048828125,400.45001220703125,401.5400085449219,24867000
MSFT,2024-01-25,397.1535339355469,404.8699951171875,407.010009765625,402.5299987792969,404.32000732421875,21021200
MSFT,2024-01-26,396.2314147949219,403.92999267578125,406.1700134277344,402.42999267578125,404.3699951171875,17803300
MSFT,2024-01-29,401.9110412597656,409.7200012207031,409.9800109863281,404.3299865722656,406.05999755859375,24510200
MSFT,2024-01-30,400.80255126953125,408.5899963378906,413.04998779296875,406.45001220703125,412.260009765625,33477600
MSFT,2024-01-31,390.00238037109375,397.5799865722656,415.32000732421875,397.2099914550781,406.9599914550781,47871100
MSFT,2024-02-01,396.0842590332031,403.7799987792969,408.0,401.79998779296875,401.8299865722656,30657700
MSFT,2024-02-02,403.3824768066406,411.2200012207031,412.6499938964844,403.55999755859375,403.80999755859375,28256700
MSFT,2024-02-05,397.9186096191406,405.6499938964844,411.1600036621094,403.989990234375,409.8999938964844,25352300
MSFT,2024-02-06,397.7616882324219,405.489990234375,407.9700012207031,402.9100036621094,405.8800048828125,18382600
MSFT,2024-02-07,406.1585693359375,414.04998779296875,414.29998779296875,407.3999938964844,407.44000244140625,22340500
MSFT,2024-02-08,406.2173767089844,414.1099853515625,415.55999755859375,412.5299987792969,414.04998779296875,21225300
MSFT,2024-02-09,412.5346374511719,420.54998779296875,420.82000732421875,415.0899963378906,415.25,22032800
MSFT,2024-02-12,407.3454895019531,415.260009765625,420.739990234375,414.75,420.55999755859375,21202900
MSFT,2024-02-13,398.5758972167969,406.32000732421875,410.07000732421875,403.3900146484375,404.94000244140625,27824900
MSFT,2024-02-14,402.4282531738281,409.489990234375,409.8399963378906,404.57000732421875,408.07000732421875,20401200
MSFT,2024-02-15,399.5487976074219,406.55999755859375,409.1300048828125,404.2900085449219,408.1400146484375,21825500
MSFT,2024-02-16,397.0919189453125,404.05999755859375,408.2900085449219,403.44000244140625,407.9599914550781,22296500
MSFT,2024-02-20,395.8437805175781,402.7900085449219,404.489990234375,398.010009765625,403.239990234375,24307900
MSFT,2024-02-21,395.2442932128906,402.17999267578125,402.2900085449219,397.2200012207031,400.1700134277344,18518900
MSFT,2024-02-22,404.551025390625,411.6499938964844,412.8299865722656,408.57000732421875,410.19000244140625,27009900
MSFT,2024-02-23,403.26361083984375,410.3399963378906,415.8599853515625,408.9700012207031,415.6700134277344,16295900
MSFT,2024-02-26,400.51190185546875,407.5400085449219,412.1600036621094,407.3599853515625,411.4599914550781,16193500
MSFT,2024-02-27,400.452880859375,407.4800109863281,408.32000732421875,403.8500061035156,407.989990234375,14835800
MSFT,2024-02-28,400.6887512207031,407.7200012207031,409.29998779296875,405.32000732421875,408.17999267578125,13183100
MSFT,2024-02-29,406.5066833496094,413.6400146484375,414.20001220703125,405.9200134277344,408.6400146484375,31947300
MSFT,2024-03-01,408.3345947265625,415.5,415.8699951171875,410.8800048828125,411.2699890136719,17823400
MSFT,2024-03-04,407.7646484375,414.9200134277344,417.3500061035156,412.32000732421875,413.44000244140625,17596000
MSFT,2024-03-05,395.7062072753906,402.6499938964844,414.25,400.6400146484375,413.9599914550781,26919200
MSFT,2024-03-06,395.1559143066406,402.0899963378906,405.1600036621094,398.3900146484375,402.9700012207031,22344100
MSFT,2024-03-07,402.08428955078125,409.1400146484375,409.7799987792969,402.239990234375,406.1199951171875,18718500
MSFT,2024-03-08,399.2146301269531,406.2200012207031,410.4200134277344,404.3299865722656,407.9599914550781,18002200
MSFT,2024-03-11,397.54400634765625,404.5199890136719,405.67999267578125,401.260009765625,403.760009765625,16120800
MSFT,2024-03-12,408.1183776855469,415.2799987792969,415.57000732421875,406.7900085449219,407.6199951171875,22457000
MSFT,2024-03-13,407.9415283203125,415.1000061035156,418.17999267578125,411.45001220703125,418.1000061035156,17115900
MSFT,2024-03-14,417.8869934082031,425.2200012207031,427.82000732421875,417.989990234375,420.239990234375,34157300
MSFT,2024-03-15,409.2388000488281,416.4200134277344,422.6000061035156,412.7900085449219,419.2900085449219,45079900
MSFT,2024-03-18,410.1231994628906,417.32000732421875,420.7300109863281,413.7799987792969,414.25,20106000
MSFT,2024-03-19,414.1426696777344,421.4100036621094,421.6700134277344,415.54998779296875,417.8299865722656,19837900
MSFT,2024-03-20,417.8968200683594,425.2300109863281,425.9599914550781,420.6600036621094,422.0,17860100
MSFT,2024-03-21,421.9654235839844,429.3699951171875,430.82000732421875,427.1600036621094,429.8299865722656,21296200
MSFT,2024-03-22,421.3462829589844,428.739990234375,429.8599853515625,426.07000732421875,429.70001220703125,17648500
MSFT,2024-03-25,415.5676574707031,422.8599853515625,427.4100036621094,421.6099853515625,425.239990234375,18060500
MSFT,2024-03-26,414.3785095214844,421.6499938964844,425.989990234375,421.3500061035156,425.6099853515625,16725600
MSFT,2024-03-27,414.162353515625,421.42999267578125,424.45001220703125,419.010009765625,424.44000244140625,16705000
MSFT,2024-03-28,413.464599609375,420.7200012207031,421.8699951171875,419.1199951171875,420.9599914550781,21871200
MSFT,2024-04-01,417.2481689453125,424.57000732421875,427.8900146484375,422.2200012207031,423.95001220703125,16316000
MSFT,2024-04-02,414.1722106933594,421.44000244140625,422.3800048828125,417.8399963378906,420.1099853515625,17912000
MSFT,2024-04-03,413.19927978515625,420.45001220703125,423.260009765625,419.0899963378906,419.7300109863281,16502300
MSFT,2024-04-04,410.6736145019531,417.8800048828125,428.6700134277344,417.57000732421875,424.989990234375,19370900
MSFT,2024-04-05,418.1817932128906,425.5199890136719,426.510009765625,418.32000732421875,420.010009765625,16554800
MSFT,2024-04-08,417.267822265625,424.5899963378906,427.2799987792969,423.29998779296875,425.1700134277344,14272400
MSFT,2024-04-09,418.9287109375,426.2799987792969,427.739990234375,421.6199951171875,426.44000244140625,12496900
MSFT,2024-04-10,415.9608154296875,423.260009765625,424.0299987792969,419.70001220703125,422.19000244140625,16216600
MSFT,2024-04-11,420.5502624511719,427.92999267578125,429.3699951171875,422.3599853515625,425.82000732421875,17966400
MSFT,2024-04-12,414.62420654296875,421.8999938964844,425.17999267578125,419.7699890136719,424.04998779296875,19253800
MSFT,2024-04-15,406.5066833496094,413.6400146484375,426.82000732421875,413.42999267578125,426.6000061035156,20273500
MSFT,2024-04-16,407.4304504394531,414.5799865722656,418.3999938964844,413.7300109863281,414.57000732421875,16765600
MSFT,2024-04-17,404.73773193359375,411.8399963378906,418.8800048828125,410.3299865722656,417.25,15855500
MSFT,2024-04-18,397.29827880859375,404.2699890136719,411.8900146484375,403.95001220703125,410.6300048828125,21029900
MSFT,2024-04-19,392.2370910644531,399.1199951171875,405.4800109863281,397.7699890136719,404.0299987792969,30565800
MSFT,2024-04-22,394.04541015625,400.9599914550781,402.8500061035156,395.75,400.0799865722656,20286900
MSFT,2024-04-23,400.5413513183594,407.57000732421875,408.20001220703125,403.05999755859375,404.239990234375,15734500
MSFT,2024-04-24,402.00567626953125,409.05999755859375,412.4700012207031,406.7799987792969,409.55999755859375,15065300
MSFT,2024-04-25,392.158447265625,399.0400085449219,399.8900146484375,388.0299987792969,394.0299987792969,40586500
MSFT,2024-04-26,399.31292724609375,406.32000732421875,413.0,405.760009765625,412.1700134277344,29694700
MSFT,2024-04-29,395.3131408691406,402.25,406.32000732421875,399.19000244140625,405.25,19582100
MSFT,2024-04-30,382.6159362792969,389.3299865722656,402.1600036621094,389.1700134277344,401.489990234375,28781400
MSFT,2024-05-01,388.12921142578125,394.94000244140625,401.7200012207031,390.30999755859375,392.6099853515625,23562500
MSFT,2024-05-02,390.97918701171875,397.8399963378906,399.92999267578125,394.6499938964844,397.6600036621094,17709400
MSFT,2024-05-03,399.6470642089844,406.6600036621094,407.1499938964844,401.8599853515625,402.2799987792969,17446700
MSFT,2024-05-06,406.40838623046875,413.5400085449219,413.92999267578125,406.3699951171875,408.760009765625,16996600
MSFT,2024-05-07,402.28082275390625,409.3399963378906,414.6700134277344,409.0899963378906,414.6600036621094,20018200
MSFT,2024-05-08,403.4601745605469,410.5400085449219,412.2300109863281,406.7099914550781,408.1700134277344,11792300
MSFT,2024-05-09,405.20947265625,412.32000732421875,412.7200012207031,409.1000061035156,410.57000732421875,14689700
MSFT,2024-05-10,407.58770751953125,414.739990234375,415.3800048828125,411.79998779296875,412.94000244140625,13402300
MSFT,2024-05-13,406.5852966308594,413.7200012207031,418.3500061035156,410.82000732421875,418.010009765625,15440200
MSFT,2024-05-14,409.3763122558594,416.55999755859375,417.489990234375,411.54998779296875,412.0199890136719,15109300
MSFT,2024-05-15,416.5338439941406,423.0799865722656,423.80999755859375,417.2699890136719,417.8999938964844,22239500
MSFT,2024-05-16,414.4761657714844,420.989990234375,425.4200134277344,420.3500061035156,421.79998779296875,17530100
MSFT,2024-05-17,413.708251953125,420.2099914550781,422.9200134277344,418.0299987792969,422.5400085449219,15352200
MSFT,2024-05-20,418.7588806152344,425.3399963378906,426.7699890136719,419.989990234375,420.2099914550781,16272100
MSFT,2024-05-21,422.40167236328125,429.0400085449219,432.9700012207031,424.8500061035156,426.8299865722656,21453300
MSFT,2024-05-22,423.85870361328125,430.5199890136719,432.4100036621094,427.1300048828125,430.0899963378906,18073700
MSFT,2024-05-23,420.3931884765625,427.0,433.6000061035156,425.4200134277344,432.9700012207031,17211700
MSFT,2024-05-24,423.5043029785156,430.1600036621094,431.05999755859375,424.4100036621094,427.19000244140625,11855300
MSFT,2024-05-28,423.6618347167969,430.32000732421875,430.82000732421875,426.6000061035156,429.6300048828125,15718000
MSFT,2024-05-29,422.5296630859375,429.1700134277344,430.94000244140625,425.69000244140625,425.69000244140625,15517100
MSFT,2024-05-30,408.2540283203125,414.6700134277344,424.29998779296875,414.239990234375,424.29998779296875,28394500
MSFT,2024-05-31,408.70684814453125,415.1300048828125,416.75,404.510009765625,416.75,47995300
MSFT,2024-06-03,407.1217041015625,413.5199890136719,416.42999267578125,408.9200134277344,415.5299987792969,17484700
MSFT,2024-06-04,409.6322937011719,416.07000732421875,416.44000244140625,409.67999267578125,412.42999267578125,14348900
MSFT,2024-06-05,417.449462890625,424.010009765625,424.0799865722656,416.29998779296875,417.80999755859375,16988000
MSFT,2024-06-06,417.9515075683594,424.5199890136719,425.30999755859375,420.5799865722656,424.010009765625,14861300
MSFT,2024-06-07,417.2919616699219,423.8500061035156,426.2799987792969,423.0,426.20001220703125,13621700
MSFT,2024-06-10,421.249755859375,427.8699951171875,428.0799865722656,423.8900146484375,424.70001220703125,13982900
MSFT,2024-06-11,425.98529052734375,432.67999267578125,432.82000732421875,425.25,425.4800109863281,14551100
MSFT,2024-06-12,434.2356262207031,441.05999755859375,443.3999938964844,433.25,435.32000732421875,22366200
MSFT,2024-06-13,434.74761962890625,441.5799865722656,443.3900146484375,439.3699951171875,440.8500061035156,15960600
MSFT,2024-06-14,435.7222900390625,442.57000732421875,443.1400146484375,436.7200012207031,438.2799987792969,13582000
MSFT,2024-06-17,441.4325866699219,448.3699951171875,450.94000244140625,440.7200012207031,442.5899963378906,20790000
MSFT,2024-06-18,439.4339599609375,446.3399963378906,450.1400146484375,444.8900146484375,449.7099914550781,17112500
MSFT,2024-06-20,438.8038635253906,445.70001220703125,446.5299987792969,441.2699890136719,446.29998779296875,19877400
MSFT,2024-06-21,442.8207092285156,449.7799987792969,450.5799865722656,446.510009765625,447.3800048828125,34187100
MSFT,2024-06-24,440.7433776855469,447.6700134277344,452.75,446.4100036621094,449.79998779296875,15913700
MSFT,2024-06-25,443.9726257324219,450.95001220703125,451.4200134277344,446.75,448.25,16413400
MSFT,2024-06-26,445.1639404296875,452.1600036621094,453.6000061035156,448.19000244140625,449.0,16507000
MSFT,2024-06-27,445.84326171875,452.8500061035156,456.1700134277344,451.7699890136719,452.17999267578125,14806300
MSFT,2024-06-28,440.0345458984375,446.95001220703125,455.3800048828125,446.4100036621094,453.07000732421875,28362300
MSFT,2024-07-01,449.6632080078125,456.7300109863281,457.3699951171875,445.6600036621094,448.6600036621094,17662800
MSFT,2024-07-02,452.1737365722656,459.2799987792969,459.5899963378906,453.1099853515625,453.20001220703125,13979800
MSFT,2024-07-03,453.6406555175781,460.7699890136719,461.0199890136719,457.8800048828125,458.19000244140625,9932800
MSFT,2024-07-05,460.32562255859375,467.55999755859375,468.3500061035156,458.9700012207031,459.6099853515625,16000300
MSFT,2024-07-08,459.0260314941406,466.239990234375,467.70001220703125,464.4599914550781,466.54998779296875,12962300
MSFT,2024-07-09,452.42974853515625,459.5400085449219,467.3299865722656,458.0,467.0,17207200
MSFT,2024-07-10,459.035888671875,466.25,466.4599914550781,458.8599853515625,461.2200012207031,18196100
MSFT,2024-07-11,447.6646728515625,454.70001220703125,464.7799987792969,451.54998779296875,462.9800109863281,23111200
MSFT,2024-07-12,446.5323791503906,453.54998779296875,456.3599853515625,450.6499938964844,454.3299865722656,16324300
MSFT,2024-07-15,446.93609619140625,453.9599914550781,457.260009765625,451.42999267578125,453.29998779296875,14429400
MSFT,2024-07-16,442.56475830078125,449.5199890136719,454.29998779296875,446.6600036621094,454.2200012207031,17175700
MSFT,2024-07-17,436.6575622558594,443.5199890136719,444.8500061035156,439.17999267578125,442.5899963378906,21778000
MSFT,2024-07-18,433.55633544921875,440.3699951171875,444.6499938964844,434.3999938964844,444.3399963378906,20794800
MSFT,2024-07-19,430.3468017578125,437.1099853515625,441.1400146484375,432.0,433.1000061035156,20940400
MSFT,2024-07-22,436.0865783691406,442.94000244140625,444.6000061035156,438.9100036621094,441.7900085449219,15808800
MSFT,2024-07-23,437.967041015625,444.8500061035156,448.3900146484375,443.1000061035156,443.8999938964844,13107100
MSFT,2024-07-24,422.26385498046875,428.8999938964844,441.4800109863281,427.5899963378906,440.45001220703125,26805800
MSFT,2024-07-25,411.9263000488281,418.3999938964844,429.79998779296875,417.510009765625,428.79998779296875,29943800
MSFT,2024-07-26,418.68994140625,425.2699890136719,428.9200134277344,417.2699890136719,418.20001220703125,23583800
MSFT,2024-07-29,420.1274108886719,426.7300109863281,432.1499938964844,424.70001220703125,431.5799865722656,15125800
MSFT,2024-07-30,416.3763427734375,422.9200134277344,429.04998779296875,417.3599853515625,427.7200012207031,32687600
MSFT,2024-07-31,411.8770751953125,418.3500061035156,421.7799987792969,412.2099914550781,420.5,42891400
MSFT,2024-08-01,410.6562194824219,417.1099853515625,427.4599914550781,413.0899963378906,420.7900085449219,30296400
MSFT,2024-08-02,402.16961669921875,408.489990234375,415.0,404.3399963378906,412.489990234375,29437900
MSFT,2024-08-05,389.0360107421875,395.1499938964844,401.0400085449219,385.5799865722656,389.1700134277344,40709200
MSFT,2024-08-06,393.42694091796875,399.6099853515625,405.6700134277344,398.5,400.0,24946500
MSFT,2024-08-07,392.2652587890625,398.42999267578125,410.0799865722656,397.4700012207031,408.6400146484375,20650900
MSFT,2024-08-08,396.45928955078125,402.69000244140625,405.8599853515625,399.94000244140625,402.44000244140625,20203000
MSFT,2024-08-09,399.73779296875,406.0199890136719,408.04998779296875,402.260009765625,404.0299987792969,19276700
MSFT,2024-08-12,400.515625,406.80999755859375,408.760009765625,404.239990234375,407.05999755859375,16762900
MSFT,2024-08-13,407.60418701171875,414.010009765625,414.95001220703125,409.57000732421875,409.5899963378906,19414300
MSFT,2024-08-14,410.41009521484375,416.8599853515625,417.7200012207031,412.45001220703125,414.79998779296875,18267000
MSFT,2024-08-15,415.2627258300781,421.0299987792969,421.1099853515625,417.6600036621094,419.79998779296875,20752100
MSFT,2024-08-16,412.73779296875,418.4700012207031,421.3399963378906,417.29998779296875,420.6000061035156,22775600
MSFT,2024-08-19,415.755859375,421.5299987792969,421.75,416.4599914550781,418.9599914550781,15234000
MSFT,2024-08-20,418.9810485839844,424.79998779296875,425.8599853515625,421.6400146484375,421.70001220703125,16387600
MSFT,2024-08-21,418.330078125,424.1400146484375,426.3999938964844,421.7200012207031,424.0799865722656,16067300
MSFT,2024-08-22,409.8577575683594,415.54998779296875,426.7900085449219,414.6099853515625,424.3599853515625,19361900
MSFT,2024-08-23,411.080810546875,416.7900085449219,419.260009765625,412.0899963378906,416.9800109863281,18493800
MSFT,2024-08-26,407.82598876953125,413.489990234375,417.2799987792969,411.3399963378906,416.3699951171875,13152800
MSFT,2024-08-27,408.171142578125,413.8399963378906,414.3599853515625,410.25,412.8599853515625,13492900
MSFT,2024-08-28,404.9756164550781,410.6000061035156,415.0,407.30999755859375,414.8800048828125,14882700
MSFT,2024-08-29,407.4610900878906,413.1199951171875,422.04998779296875,410.6000061035156,414.94000244140625,17045200
MSFT,2024-08-30,411.42596435546875,417.1400146484375,417.489990234375,412.1300048828125,415.6000061035156,24308300
MSFT,2024-09-03,403.8314514160156,409.44000244140625,419.8800048828125,407.0299987792969,417.9100036621094,20313600
MSFT,2024-09-04,403.2988586425781,408.8999938964844,411.239990234375,404.3699951171875,405.9100036621094,15135800
MSFT,2024-09-05,402.79583740234375,408.3900146484375,413.1000061035156,406.1300048828125,407.6199951171875,14195500
MSFT,2024-09-06,396.197509765625,401.70001220703125,410.6499938964844,400.79998779296875,409.05999755859375,19609500
MSFT,2024-09-09,400.1624450683594,405.7200012207031,408.6499938964844,402.1499938964844,407.239990234375,15295100
MSFT,2024-09-10,408.5262756347656,414.20001220703125,416.3299865722656,407.70001220703125,408.20001220703125,19594300
MSFT,2024-09-11,417.2451477050781,423.0400085449219,423.989990234375,409.5799865722656,415.5,19266900
MSFT,2024-09-12,421.15087890625,427.0,427.3699951171875,419.75,423.30999755859375,17395700
MSFT,2024-09-13,424.6917419433594,430.5899963378906,431.8299865722656,425.4599914550781,425.8299865722656,15874600
MSFT,2024-09-16,425.43145751953125,431.3399963378906,433.5299987792969,428.2200012207031,430.6000061035156,13834700
MSFT,2024-09-17,429.18927001953125,435.1499938964844,441.8500061035156,432.2699890136719,440.2300109863281,18874200
MSFT,2024-09-18,424.90875244140625,430.80999755859375,436.0299987792969,430.4100036621094,435.0,18898000
MSFT,2024-09-19,432.6808166503906,438.69000244140625,441.5,436.8999938964844,441.2300109863281,21706600
MSFT,2024-09-20,429.3076477050781,435.2699890136719,439.239990234375,434.2200012207031,437.2200012207031,55167100
MSFT,2024-09-23,427.57177734375,433.510009765625,436.4599914550781,430.3900146484375,434.2799987792969,15128900
MSFT,2024-09-24,423.2912292480469,429.1700134277344,433.3500061035156,426.1000061035156,433.0,17015800
MSFT,2024-09-25,426.19091796875,432.1099853515625,433.1199951171875,428.57000732421875,429.8299865722656,13396400
MSFT,2024-09-26,425.40185546875,431.30999755859375,435.29998779296875,429.1300048828125,435.0899963378906,14492000
MSFT,2024-09-27,422.15692138671875,428.0199890136719,431.8500061035156,427.4700012207031,431.5199890136719,14896100
MSFT,2024-09-30,424.40570068359375,430.29998779296875,430.4200134277344,425.3699951171875,428.2099914550781,16807300
MSFT,2024-10-01,414.9273681640625,420.69000244140625,428.4800109863281,418.80999755859375,428.45001220703125,19092900
MSFT,2024-10-02,411.4161376953125,417.1300048828125,422.82000732421875,416.7099914550781,422.5799865722656,16582300
MSFT,2024-10-03,410.8341979980469,416.5400085449219,419.54998779296875,414.2900085449219,417.6300048828125,13686400
MSFT,2024-10-04,410.3607482910156,416.05999755859375,419.75,414.9700012207031,418.239990234375,19169700
MSFT,2024-10-07,403.93011474609375,409.5400085449219,417.1099853515625,409.0,416.0,20919800
MSFT,2024-10-08,409.0292663574219,414.7099914550781,415.6600036621094,408.1700134277344,410.8999938964844,19229300
MSFT,2024-10-09,411.7415771484375,417.4599914550781,420.3800048828125,414.29998779296875,415.8599853515625,14974300
MSFT,2024-10-10,410.1438293457031,415.8399963378906,417.3500061035156,413.1499938964844,415.2300109863281,13848400
MSFT,2024-10-11,410.6172180175781,416.32000732421875,417.1300048828125,413.25,416.1400146484375,14144900
MSFT,2024-10-14,413.3986511230469,419.1400146484375,424.0400085449219,417.5199890136719,417.7699890136719,16653100
MSFT,2024-10-15,413.00408935546875,418.739990234375,422.4800109863281,415.260009765625,422.17999267578125,18900200
MSFT,2024-10-16,410.4199523925781,416.1199951171875,416.3599853515625,410.4800109863281,415.1700134277344,15508900
MSFT,2024-10-17,411.0117492675781,416.7200012207031,422.5,415.5899963378906,422.3599853515625,14820000
MSFT,2024-10-18,412.4320373535156,418.1600036621094,419.6499938964844,416.260009765625,417.1400146484375,17145300
MSFT,2024-10-21,413.04351806640625,418.7799987792969,418.9599914550781,413.75,416.1199951171875,14206100
MSFT,2024-10-22,421.6539306640625,427.510009765625,430.5799865722656,418.0400085449219,418.489990234375,25482200
MSFT,2024-10-23,418.7838134765625,424.6000061035156,431.0799865722656,422.5299987792969,430.8599853515625,19654400
MSFT,2024-10-24,418.9120178222656,424.7300109863281,425.9800109863281,422.3999938964844,425.3299865722656,13581600
MSFT,2024-10-25,422.28515625,428.1499938964844,432.5199890136719,426.57000732421875,426.760009765625,16899100
MSFT,2024-10-28,420.7465515136719,426.5899963378906,431.94000244140625,426.29998779296875,431.6600036621094,14882400
MSFT,2024-10-29,426.03314208984375,431.95001220703125,433.1700134277344,425.79998779296875,428.0,17644100
MSFT,2024-10-30,426.6051940917969,432.5299987792969,438.5,432.1000061035156,437.44000244140625,29749100
MSFT,2024-10-31,400.7837829589844,406.3500061035156,416.1600036621094,406.29998779296875,415.3599853515625,53971000
MSFT,2024-11-01,404.7487487792969,410.3699951171875,415.5,407.5,409.010009765625,24230400
MSFT,2024-11-04,402.8648986816406,408.4599914550781,410.4200134277344,405.57000732421875,409.79998779296875,19672300
MSFT,2024-11-05,405.8237609863281,411.4599914550781,414.8999938964844,408.0799865722656,408.3699951171875,17626000
MSFT,2024-11-06,414.42431640625,420.17999267578125,420.45001220703125,410.5199890136719,412.4200134277344,26681800
MSFT,2024-11-07,419.6024169921875,425.42999267578125,426.8500061035156,419.8800048828125,421.2799987792969,19901800
MSFT,2024-11-08,416.7520751953125,422.5400085449219,426.5,421.7799987792969,425.32000732421875,16891400
MSFT,2024-11-11,412.2840881347656,418.010009765625,424.80999755859375,416.0,422.5199890136719,24503300
MSFT,2024-11-12,417.23529052734375,423.0299987792969,424.44000244140625,417.20001220703125,418.25,19401200
MSFT,2024-11-13,419.3756103515625,425.20001220703125,429.3299865722656,418.2099914550781,421.6400146484375,21502200
MSFT,2024-11-14,421.0424499511719,426.8900146484375,428.1700134277344,420.0,425.0,30246900
MSFT,2024-11-15,409.3153076171875,415.0,422.79998779296875,413.6400146484375,419.82000732421875,28247600
MSFT,2024-11-18,410.0649108886719,415.760009765625,418.3999938964844,412.1000061035156,414.8699951171875,24727000
MSFT,2024-11-19,412.0670471191406,417.7900085449219,417.94000244140625,411.54998779296875,413.1099853515625,18133500
MSFT,2024-11-20,409.7985534667969,415.489990234375,417.2900085449219,410.5799865722656,416.8699951171875,19191700
MSFT,2024-11-21,408.0295715332031,412.8699951171875,419.7799987792969,410.2900085449219,419.5,20780200
MSFT,2024-11-22,412.1111145019531,417.0,417.3999938964844,411.05999755859375,411.3699951171875,24814600
MSFT,2024-11-25,413.8801574707031,418.7900085449219,421.0799865722656,414.8500061035156,418.3800048828125,27691100
MSFT,2024-11-26,422.9722595214844,427.989990234375,429.0400085449219,418.8500061035156,419.5899963378906,23458900
MSFT,2024-11-27,418.0308837890625,422.989990234375,427.2300109863281,422.0199890136719,425.1099853515625,18332400
MSFT,2024-11-29,418.4953918457031,423.4599914550781,424.8800048828125,417.79998779296875,420.0899963378906,16271900
MSFT,2024-12-02,425.9272766113281,430.9800109863281,433.0,421.30999755859375,421.57000732421875,20207200
MSFT,2024-12-03,426.1446533203125,431.20001220703125,432.4700012207031,427.739990234375,429.8399963378906,18302000
MSFT,2024-12-04,432.291748046875,437.4200134277344,439.6700134277344,432.6300048828125,433.0299987792969,26009400
MSFT,2024-12-05,437.4307556152344,442.6199951171875,444.6600036621094,436.1700134277344,437.9200134277344,21697800
MSFT,2024-12-06,438.36962890625,443.57000732421875,446.1000061035156,441.7699890136719,442.29998779296875,18821000
MSFT,2024-12-09,440.79095458984375,446.0199890136719,448.3299865722656,440.5,442.6000061035156,19144400
MSFT,2024-12-10,438.1324462890625,443.3299865722656,449.6199951171875,441.6000061035156,444.3900146484375,18469500
MSFT,2024-12-11,443.72613525390625,448.989990234375,450.3500061035156,444.04998779296875,444.04998779296875,19200200
MSFT,2024-12-12,444.2894287109375,449.55999755859375,456.1600036621094,449.1099853515625,449.1099853515625,20834800
MSFT,2024-12-13,442.0262756347656,447.2699890136719,451.42999267578125,445.5799865722656,448.44000244140625,20177800
MSFT,2024-12-16,446.295654296875,451.5899963378906,452.17999267578125,445.2799987792969,447.2699890136719,23598800
MSFT,2024-12-17,449.1319885253906,454.4599914550781,455.2900085449219,449.57000732421875,451.010009765625,22733500
MSFT,2024-12-18,432.26214599609375,437.3900146484375,452.6499938964844,437.0199890136719,451.32000732421875,24444500
MSFT,2024-12-19,431.9062805175781,437.0299987792969,443.17999267578125,436.32000732421875,441.6199951171875,22963700
MSFT,2024-12-20,431.4813537597656,436.6000061035156,443.739990234375,428.6300048828125,433.1099853515625,64263700
MSFT,2024-12-23,430.1471862792969,435.25,437.6499938964844,432.8299865722656,436.739990234375,19152500
MSFT,2024-12-24,434.1793518066406,439.3299865722656,439.6000061035156,434.19000244140625,434.6499938964844,7164500
MSFT,2024-12-26,432.9736633300781,438.1099853515625,440.94000244140625,436.6300048828125,439.0799865722656,8194200
MSFT,2024-12-27,425.4825134277344,430.5299987792969,435.2200012207031,426.3500061035156,434.6000061035156,18117700
MSFT,2024-12-30,419.849365234375,424.8299865722656,427.54998779296875,421.8999938964844,426.05999755859375,13158700
MSFT,2024-12-31,416.5583801269531,421.5,426.7300109863281,420.6600036621094,426.1000061035156,13246500
MSFT,2025-01-02,413.672607421875,418.5799865722656,426.07000732421875,414.8500061035156,425.5299987792969,16896500
MSFT,2025-01-03,418.38671875,423.3500061035156,424.0299987792969,419.5400085449219,421.0799865722656,16662900
MSFT,2025-01-06,422.8339538574219,427.8500061035156,434.32000732421875,425.4800109863281,428.0,20573600
MSFT,2025-01-07,417.4181823730469,422.3699951171875,430.6499938964844,420.79998779296875,429.0,18139100
MSFT,2025-01-08,419.5824890136719,424.55999755859375,426.9700012207031,421.5400085449219,423.4599914550781,15054600
MSFT,2025-01-10,414.03826904296875,418.95001220703125,424.7099914550781,415.0199890136719,424.6300048828125,20201100
MSFT,2025-01-13,412.2989501953125,417.19000244140625,418.5,412.2900085449219,415.239990234375,17604800
MSFT,2025-01-14,410.7967529296875,415.6700134277344,419.739990234375,410.7200012207031,417.80999755859375,16935900
MSFT,2025-01-15,421.31201171875,426.30999755859375,428.1499938964844,418.2699890136719,419.1300048828125,19637800
MSFT,2025-01-16,419.6022644042969,424.5799865722656,429.489990234375,424.3900146484375,428.70001220703125,15300000
MSFT,2025-01-17,424.0000915527344,429.0299987792969,434.4800109863281,428.1700134277344,434.0899963378906,26197500
MSFT,2025-01-21,423.4763488769531,428.5,430.8999938964844,425.6000061035156,430.20001220703125,26085700
MSFT,2025-01-22,440.96881103515625,446.20001220703125,447.2699890136719,436.0,437.55999755859375,27803800
MSFT,2025-01-23,441.4728088378906,446.7099914550781,446.75,441.5,442.0,18389300
MSFT,2025-01-24,438.8539123535156,444.05999755859375,446.6499938964844,441.3999938964844,445.1600036621094,15549500
MSFT,2025-01-27,429.4653015136719,434.55999755859375,435.20001220703125,423.5,424.010009765625,35647800
MSFT,2025-01-28,441.95709228515625,447.20001220703125,448.3800048828125,431.3800048828125,434.6000061035156,23491700
